PART_NUMBER,PART_SEG,PART_DESCRIPTION,PART_CATEGORY
PAN-PA-200,PALO,Palo Alto Networks PA-200,
PAN-PA-200-AUS,PALO,Palo Alto Networks PA-200 with Australia power cord,
PAN-PA-200-EU,PALO,Palo Alto Networks PA-200 with EU power cord,
PAN-PA-200-JP,PALO,Palo Alto Networks PA-200 with Japan power cord,
PAN-PA-200-SUI,PALO,Palo Alto Networks PA-200 with Suise power cord,
PAN-PA-200-TW,PALO,Palo Alto Networks PA-200 with Taiwan power cord,
PAN-PA-200-UK,PALO,Palo Alto Networks PA-200 with UK power cord,
PAN-PA-200E,PALO,"Palo Alto Networks PA-200, Enterprise",
PAN-PA-200E-AUS,PALO,"Palo Alto Networks PA-200 with Australia power cord, Enterprise",
PAN-PA-200E-EU,PALO,"Palo Alto Networks PA-200 with EU power cord, Enterprise",
PAN-PA-200E-JP,PALO,"Palo Alto Networks PA-200 with Japan power cord, Enterprise",
PAN-PA-200E-SUI,PALO,"Palo Alto Networks PA-200 with Suise power cord, Enterprise",
PAN-PA-200E-TW,PALO,"Palo Alto Networks PA-200 with Taiwan power cord, Enterprise",
PAN-PA-200E-UK,PALO,"Palo Alto Networks PA-200 with UK power cord, Enterprise, Enterprise",
PAN-PA-220,PALO,Palo Alto Networks PA-220,
PAN-PA-500-2GB,PALO,Palo Alto Networks PA-500 2GB Memory,
PAN-PA-500-UPG-2GB,PALO,2GB Memory Upgrade Kit for PA-500 Only. Cannot be installed on a PA-500-2GB (this unit already has 2GB memory).,
PAN-PA-820,PALO,Palo Alto Networks PA-820,
PAN-PA-850,PALO,Palo Alto Networks PA-850,
PAN-PA-3020,PALO,Palo Alto Networks PA-3020,
PAN-PA-3050,PALO,Palo Alto Networks PA-3050,
PAN-PA-3060,PALO,Palo Alto Networks PA-3060,
PAN-PA-5020-SSD2-D,PALO,Redundant AC power supply and dual 240GB SSD drive,
PAN-PA-5020-NEBS-D,PALO,AC version of NEBS Compliant Palo Alto Networks PA-5020 with redundant AC power supplies and dual 240GB SSD drive,
PAN-PA-5020-DC-NEBS-D,PALO,DC Version of NEBS Compliant Palo Alto Networks PA-5020 with redundant DC power supplies and dual 240GB SSD drive,
PAN-PA-5050-DC-NEBS-D,PALO,DC version of NEBS Compliant Palo Alto Networks PA-5050 with redundant DC power supplies and dual 240GB SSD drive,
PAN-PA-5050-NEBS-D,PALO,AC version of NEBS Compliant Palo Alto Networks PA-5050 with redundant AC power supplies and dual 240GB SSD drive,
PAN-PA-5050-SSD2-D,PALO,Redundant AC power supply and dual 240GB SSD drive,
PAN-PA-5060-DC-NEBS-D,PALO,DC version of NEBS Compliant Palo Alto Networks PA-5060 with redundant DC power supplies and dual 240GB SSD drive,
PAN-PA-5060-NEBS-D,PALO,AC version of NEBS Compliant Palo Alto Networks PA-5060 with redundant AC power supplies and dual 240GB SSD drive,
PAN-PA-5060-SSD2-D,PALO,Redundant AC power supply and dual 240GB SSD drive,
PAN-PA-5220-AC,PALO,Palo Alto Networks PA-5220 with redundant AC power supplies,
PAN-PA-5220-DC,PALO,Palo Alto Networks PA-5220 with redundant DC power supplies,
PAN-PA-5250-AC,PALO,Palo Alto Networks PA-5250 with redundant AC power supplies,
PAN-PA-5250-DC,PALO,Palo Alto Networks PA-5250 with redundant DC power supplies,
PAN-PA-5260-AC,PALO,Palo Alto Networks PA-5260 with redundant AC power supplies,
PAN-PA-5260-DC,PALO,Palo Alto Networks PA-5260 with redundant DC power supplies,
PAN-PA-7000-20G-NPC,PALO,"PA-7000 Network Processing Card with 12x10/100/1000 RJ-45 Ethernet, 8x1GbE SFP and 4x10GbE SFP+, 4M sessions.",
PAN-PA-7000-20GQ-NPC,PALO,"PA-7000 Network Processing Card with 12x10GbE SFP+ and 2x40GbE QSFP+ interfaces, 4M sessions.",
PAN-PA-7000-20GXM-NPC,PALO,"PA-7000 Network Processing Card with 12x10/100/1000 RJ-45 Ethernet, 8x1GbE SFP and 4x10GbE SFP+, 8M sessions, Extended
memory.",
PAN-PA-7000-20GQXM-NPC,PALO,"PA-7000 Network Processing Card with 12x10GbE SFP+ and 2x40GbE QSFP+ interfaces, 8M sessions, Extended memory.",
PAN-PA-7050-AC,PALO,"PA-7050 Base AC Hardware Bundle. Includes AC Chassis, 4xAC power supplies, 2xFan Trays, Fan Filter, Switch Management Card, Log
Processing Card, and 4xAMC cards",
PAN-PA-7050-DC,PALO,"A-7050 Base DC Hardware Bundle. Includes DC Chassis, 4xDC power supplies, 2xFan Trays, Fan Filter, Switch Management Card, Log
Processing Card, and 4xAMC cards",
PAN-PA-7080-AC,PALO,"PA-7080 Base AC Hardware Bundle. Includes AC Chassis, 4xAC power supplies, 2xFan Trays, Fan Filter, Switch Management Card, Log
Processing Card, and 4xAMC cards",
PAN-PA-7080-DC,PALO,"PA-7080 Base DC Hardware Bundle. Includes DC Chassis, 4xDC power supplies, 2xFan Trays, Fan Filter, Switch Management Card, Log
Processing Card, and 4xAMC cards",
PAN-PRA-25,PALO,"Panorama central management software, 25 devices",
PAN-PRA-100,PALO,"Panorama central management software, 100 devices",
PAN-PRA-1000,PALO,"Panorama central management software, 1000 devices",
PAN-PRA-UPG-100,PALO,"Panorama upgrade, 25 to 100 devices",
PAN-PRA-UPG-1K,PALO,"Panorama upgrade, 100 to 1000 devices",
PAN-M-100,PALO,"Palo Alto Networks M-100, 1TB RAID storage (2 1TB RAID certified drives preinstalled). Rack mount rails included.",
PAN-M-100-4TB,PALO,"Palo Alto Networks M-100, 4TB RAID storage (8 1TB RAID certified drives preinstalled). Rack mount rails included.",
PAN-M-100-UPG-32GB,PALO,32GB Memory Upgrade Kit for M-100 Only. One per system. Replaces the existing memory.,
PAN-M-P-25,PALO,"Panorama central management software license, 25 devices or log collector for the M-100",
PAN-M-P-100,PALO,"Panorama central management software license, 100 devices for the M-100",
PAN-M-P-1K,PALO,"Panorama central management software license, 1000 devices for the M-100",
PAN-M-P-MIG-25,PALO,"Panorama license migration from PRA-25 to M-100, 25 devices or log collector",
PAN-M-P-MIG-100,PALO,"Panorama license migration from PRA-100 to M-100, 100 devices",
PAN-M-P-MIG-1K,PALO,"Panorama license migration from PRA-1K to M-100, 1K devices",
PAN-M-P-UPG-100,PALO,"Panorama license upgrade, 25 to 100 devices for the M-100",
PAN-M-P-UPG-1K,PALO,"Panorama license upgrade, 100 to 1000 devices for the M-100",
PAN-M-500,PALO,Palo Alto Networks M-500 chassis with 4TB storage (4x2TB RAID certified drives) and 4 post rack mount rails,
PAN-M-500-P-25,PALO,"Panorama central management software license, 25 devices or log collector for the M-500",
PAN-M-500-P-100,PALO,"Panorama central management software license, 100 devices for the M-500",
PAN-M-500-P-1K,PALO,"Panorama central management software license, 1000 devices for the M-500",
PAN-M-500-P-MIG-25,PALO,"Panorama license migration from PRA-25 to M-500, 25 devices or log collector",
PAN-M-500-P-MIG-100,PALO,"Panorama license migration from PRA-100 to M-500, 100 devices",
PAN-M-500-P-MIG-1K,PALO,"Panorama license migration from PRA-1K to M-500, 1K devices",
PAN-M-MIG-M100-M500-25,PALO,"Panorama license migration from M-100 to M-500, 25 devices or log collector",
PAN-M-MIG-M100-M500-100,PALO,"Panorama license migration from M-100 to M-500, 100 devices",
PAN-M-MIG-M100-M500-1K,PALO,"Panorama license migration from M-100 to M-500, 1K devices",
PAN-M-500-P-UPG-100,PALO,"Panorama license upgrade, 25 to 100 devices for the M-500",
PAN-M-500-P-UPG-1K,PALO,"Panorama license upgrade, 100 to 1K devices for the M-500",
PAN-VM-100,PALO,Palo Alto Networks VM-100,
PAN-VM-100-ENT,PALO,"Palo Alto Networks VM-100 Enterprise, quantity 25",
PAN-VM-200,PALO,Palo Alto Networks VM-200,
PAN-VM-200-ENT,PALO,"Palo Alto Networks VM-200, quanity 25",
PAN-VM-300,PALO,Palo Alto Networks VM-300,
PAN-VM-300-ENT,PALO,"Palo Alto Networks VM-300, quantity 25",
PAN-VM-1000-HV,PALO,Palo Alto Networks VM-1000-HV,
PAN-VM-1000-HV-ENT,PALO,"Palo Alto Networks VM-1000-HV-ENT, quantity 25",
PAN-VM-50-PERP-BASC-PREM-1YR,PALO,Palo Alto Networks Perpetual Bundle (Basic) for VM-Series that includes VM-50 and Premium Support,
PAN-VM-50-PERP-BASC-PREM-1YR-R,PALO,"Palo Alto Networks Perpetual Bundle (Basic) for VM-Series that includes Premium Support, 1 year, Renewal",
PAN-VM-50-PERP-BASC-PREM-3YR,PALO,"Palo Alto Networks Perpetual Bundle (Basic) for VM-Series that includes VM-50 and Premium Support, 3 year",
PAN-VM-50-PERP-BASC-PREM-3YR-R,PALO,"Palo Alto Networks Perpetual Bundle (Basic) for VM-Series that includes Premium Support, 3 year, Renewal",
PAN-VM-50-PERP-BASC-PREM-5YR,PALO,"Palo Alto Networks Perpetual Bundle (Basic) for VM-Series that includes VM-50 and Premium Support, 5 year",
PAN-VM-50-PERP-BASC-PREM-5YR-R,PALO,"Palo Alto Networks Perpetual Bundle (Basic) for VM-Series that includes Premium Support, 5 year, Renewal",
PAN-VM-50-PERP-BASC-PREMUSG-1YR,PALO,Palo Alto Networks Perpetual Bundle (Basic) for VM-Series that includes VM-50 and US Government Premium Support,
,PALO,,
PAN-VM-50-PERP-BASC-PREMUSG-1YR-R,PALO,"Palo Alto Networks Perpetual Bundle (Basic) for VM-Series that includes US Government Premium Support, 1 year, Renewal",
PAN-VM-50-PERP-BASC-PREMUSG-3YR,PALO,"Palo Alto Networks Perpetual Bundle (Basic) for VM-Series that includes VM-50 and US Government Premium Support, 3 year",
PAN-VM-50-PERP-BASC-PREMUSG-3YR-R,PALO,"Palo Alto Networks Perpetual Bundle (Basic) for VM-Series that includes US Government Premium Support, 3 year, Renewal",
PAN-VM-50-PERP-BASC-PREMUSG-5YR,PALO,"Palo Alto Networks Perpetual Bundle (Basic) for VM-Series that includes VM-50 and US Government Premium Support, 5 year",
PAN-VM-50-PERP-BASC-PREMUSG-5YR-R,PALO,"Palo Alto Networks Perpetual Bundle (Basic) for VM-Series that includes US Government Premium Support, 5 year, Renewal",
PAN-VM-50-PERP-BND1-PREM-1YR,PALO,"Palo Alto Networks Perpetual Bundle (BND1) for VM-Series that includes VM-50, Threat Prevention subscription, and Premium
Support",
PAN-VM-50-PERP-BND1-PREM-1YR-R,PALO,"Palo Alto Networks Perpetual Bundle (BND1) for VM-Series that includes Threat Prevention subscription, and Premium Support, 1
year, Renewal",
PAN-VM-50-PERP-BND1-PREM-3YR,PALO,"Palo Alto Networks Perpetual Bundle (BND1) for VM-Series that includes VM-50, Threat Prevention subscription, and Premium
Support, 3 year",
PAN-VM-50-PERP-BND1-PREM-3YR-R,PALO,"Palo Alto Networks Perpetual Bundle (BND1) for VM-Series that includes Threat Prevention subscription, and Premium Support, 3
year, Renewal",
PAN-VM-50-PERP-BND1-PREM-5YR,PALO,"Palo Alto Networks Perpetual Bundle (BND1) for VM-Series that includes VM-50, Threat Prevention subscription, and Premium
Support, 5 year",
PAN-VM-50-PERP-BND1-PREM-5YR-R,PALO,"Palo Alto Networks Perpetual Bundle (BND1) for VM-Series that includes Threat Prevention subscription, and Premium Support, 5
year, Renewal",
PAN-VM-50-PERP-BND1-PREMUSG-1YR,PALO,"Palo Alto Networks Perpetual Bundle (BND1) for VM-Series that includes VM-50, Threat Prevention subscription, and US Government
Premium Support",
PAN-VM-50-PERP-BND1-PREMUSG-1YR-R,PALO,"Palo Alto Networks Perpetual Bundle (BND1) for VM-Series that includes Threat Prevention subscription, and US Government
Premium Support, 1 year, Renewal",
PAN-VM-50-PERP-BND1-PREMUSG-3YR,PALO,"Palo Alto Networks Perpetual Bundle (BND1) for VM-Series that includes VM-50, Threat Prevention subscription, and US Government
Premium Support, 3 year",
PAN-VM-50-PERP-BND1-PREMUSG-3YR-R,PALO,"Palo Alto Networks Perpetual Bundle (BND1) for VM-Series that includes Threat Prevention subscription, and US Government
Premium Support, 3 year, Renewal",
PAN-VM-50-PERP-BND1-PREMUSG-5YR,PALO,"Palo Alto Networks Perpetual Bundle (BND1) for VM-Series that includes VM-50, Threat Prevention subscription, and US Government
Premium Support, 5 year",
PAN-VM-50-PERP-BND1-PREMUSG-5YR-R,PALO,"Palo Alto Networks Perpetual Bundle (BND1) for VM-Series that includes Threat Prevention subscription, and US Government
Premium Support, 5 year, Renewal",
PAN-VM-50-PERP-BND2-PREM-1YR,PALO,"Palo Alto Networks Perpetual Bundle (BND2) for VM-Series that includes VM-50, Threat Prevention, PANDB URL filtering, Global
Protect and WildFire subscriptions, and Premium Support",
PAN-VM-50-PERP-BND2-PREM-1YR-R,PALO,"Palo Alto Networks Perpetual Bundle (BND2) for VM-Series that includes Threat Prevention, PANDB URL filtering, Global Protect and
WildFire subscriptions, and Premium Support, 1 year, Renewal",
PAN-VM-50-PERP-BND2-PREM-3YR,PALO,"Palo Alto Networks Perpetual Bundle (BND2) for VM-Series that includes VM-50, Threat Prevention, PANDB URL filtering, Global
Protect and WildFire subscriptions, and Premium Support, 3 year",
PAN-VM-50-PERP-BND2-PREM-3YR-R,PALO,"Palo Alto Networks Perpetual Bundle (BND2) for VM-Series that includes Threat Prevention, PANDB URL filtering, Global Protect and
WildFire subscriptions, and Premium Support, 3 year, Renewal",
PAN-VM-50-PERP-BND2-PREM-5YR,PALO,"Palo Alto Networks Perpetual Bundle (BND2) for VM-Series that includes VM-50, Threat Prevention, PANDB URL filtering, Global
Protect and WildFire subscriptions, and Premium Support, 5 year",
PAN-VM-50-PERP-BND2-PREM-5YR-R,PALO,"Palo Alto Networks Perpetual Bundle (BND2) for VM-Series that includes Threat Prevention, PANDB URL filtering, Global Protect and
WildFire subscriptions, and Premium Support, 5 year, Renewal",
PAN-VM-50-PERP-BND2-PREMUSG-1YR,PALO,"Palo Alto Networks Perpetual Bundle (BND2) for VM-Series that includes VM-50, Threat Prevention, PANDB URL filtering, Global
Protect and WildFire subscriptions, and US Government Premium Support",
PAN-VM-50-PERP-BND2-PREMUSG-1YR-R,PALO,"Palo Alto Networks Perpetual Bundle (BND2) for VM-Series that includes Threat Prevention, PANDB URL filtering, Global Protect and
WildFire subscriptions, and US Government Premium Support, 1 year, Renewal",
PAN-VM-50-PERP-BND2-PREMUSG-3YR,PALO,"Palo Alto Networks Perpetual Bundle (BND2) for VM-Series that includes VM-50, Threat Prevention, PANDB URL filtering, Global
Protect and WildFire subscriptions, and US Government Premium Support, 3 year",
PAN-VM-50-PERP-BND2-PREMUSG-3YR-R,PALO,"Palo Alto Networks Perpetual Bundle (BND2) for VM-Series that includes Threat Prevention, PANDB URL filtering, Global Protect and
WildFire subscriptions, and US Government Premium Support, 3 year, Renewal",
PAN-VM-50-PERP-BND2-PREMUSG-5YR,PALO,"Palo Alto Networks Perpetual Bundle (BND2) for VM-Series that includes VM-50, Threat Prevention, PANDB URL filtering, Global
Protect and WildFire subscriptions, and US Government Premium Support, 5 year",
PAN-VM-50-PERP-BND2-PREMUSG-5YR-R,PALO,"Palo Alto Networks Perpetual Bundle (BND2) for VM-Series that includes Threat Prevention, PANDB URL filtering, Global Protect and
WildFire subscriptions, and US Government Premium Support, 5 year, Renewal",
PAN-VM-100-PERP-BASC-PREM-1YR,PALO,Palo Alto Networks Perpetual Bundle (Basic) for VM-Series that includes VM-100 and Premium Support,
PAN-VM-100-PERP-BASC-PREM-1YR-R,PALO,"Palo Alto Networks Perpetual Bundle (Basic) for VM-Series that includes Premium Support, 1 year, Renewal",
PAN-VM-100-PERP-BASC-PREM-3YR,PALO,"Palo Alto Networks Perpetual Bundle (Basic) for VM-Series that includes VM-100 and Premium Support, 3 year",
PAN-VM-100-PERP-BASC-PREM-3YR-R,PALO,"Palo Alto Networks Perpetual Bundle (Basic) for VM-Series that includes Premium Support, 3 year, Renewal",
PAN-VM-100-PERP-BASC-PREM-5YR,PALO,"Palo Alto Networks Perpetual Bundle (Basic) for VM-Series that includes VM-100 and Premium Support, 5 year",
PAN-VM-100-PERP-BASC-PREM-5YR-R,PALO,"Palo Alto Networks Perpetual Bundle (Basic) for VM-Series that includes Premium Support, 5 year, Renewal",
PAN-VM-100-PERP-BASC-PREMUSG-1YR,PALO,Palo Alto Networks Perpetual Bundle (Basic) for VM-Series that includes VM-100 and US Government Premium Support,
PAN-VM-100-PERP-BASC-PREMUSG-1YR-R,PALO,"Palo Alto Networks Perpetual Bundle (Basic) for VM-Series that includes US Government Premium Support, 1 year, Renewal",
PAN-VM-100-PERP-BASC-PREMUSG-3YR,PALO,"Palo Alto Networks Perpetual Bundle (Basic) for VM-Series that includes VM-100 and US Government Premium Support, 3 year",
PAN-VM-100-PERP-BASC-PREMUSG-3YR-R,PALO,"Palo Alto Networks Perpetual Bundle (Basic) for VM-Series that includes US Government Premium Support, 3 year, Renewal",
PAN-VM-100-PERP-BASC-PREMUSG-5YR,PALO,"Palo Alto Networks Perpetual Bundle (Basic) for VM-Series that includes VM-100 and US Government Premium Support, 5 year",
PAN-VM-100-PERP-BASC-PREMUSG-5YR-R,PALO,"Palo Alto Networks Perpetual Bundle (Basic) for VM-Series that includes US Government Premium Support, 5 year, Renewal",
PAN-VM-100-PERP-BND1-PREM-1YR,PALO,"Palo Alto Networks Perpetual Bundle (BND1) for VM-Series that includes VM-100, Threat Prevention subscription, and Premium
Support",
PAN-VM-100-PERP-BND1-PREM-1YR-R,PALO,"Palo Alto Networks Perpetual Bundle (BND1) for VM-Series that includes Threat Prevention subscription, and Premium Support, 1
year, Renewal",
PAN-VM-100-PERP-BND1-PREM-3YR,PALO,"Palo Alto Networks Perpetual Bundle (BND1) for VM-Series that includes VM-100, Threat Prevention subscription, and Premium
Support, 3 year",
PAN-VM-100-PERP-BND1-PREM-3YR-R,PALO,"Palo Alto Networks Perpetual Bundle (BND1) for VM-Series that includes Threat Prevention subscription, and Premium Support, 3
year, Renewal",
PAN-VM-100-PERP-BND1-PREM-5YR,PALO,"Palo Alto Networks Perpetual Bundle (BND1) for VM-Series that includes VM-100, Threat Prevention subscription, and Premium
Support, 5 year",
PAN-VM-100-PERP-BND1-PREM-5YR-R,PALO,"Palo Alto Networks Perpetual Bundle (BND1) for VM-Series that includes Threat Prevention subscription, and Premium Support, 5
year, Renewal",
PAN-VM-100-PERP-BND1-PREMUSG-1YR,PALO,"Palo Alto Networks Perpetual Bundle (BND1) for VM-Series that includes VM-100, Threat Prevention subscription, and US
Government Premium Support",
PAN-VM-100-PERP-BND1-PREMUSG-1YR-R,PALO,"Palo Alto Networks Perpetual Bundle (BND1) for VM-Series that includes Threat Prevention subscription, and US Government
Premium Support, 1 year, Renewal",
PAN-VM-100-PERP-BND1-PREMUSG-3YR,PALO,"Palo Alto Networks Perpetual Bundle (BND1) for VM-Series that includes VM-100, Threat Prevention subscription, and US
Government Premium Support, 3 year",
,PALO,,
PAN-VM-100-PERP-BND1-PREMUSG-3YR-R,PALO,"Palo Alto Networks Perpetual Bundle (BND1) for VM-Series that includes Threat Prevention subscription, and US Government
Premium Support, 3 year, Renewal",
PAN-VM-100-PERP-BND1-PREMUSG-5YR,PALO,"Palo Alto Networks Perpetual Bundle (BND1) for VM-Series that includes VM-100, Threat Prevention subscription, and US
Government Premium Support, 5 year",
PAN-VM-100-PERP-BND1-PREMUSG-5YR-R,PALO,"Palo Alto Networks Perpetual Bundle (BND1) for VM-Series that includes Threat Prevention subscription, and US Government
Premium Support, 5 year, Renewal",
PAN-VM-100-PERP-BND2-PREM-1YR,PALO,"Palo Alto Networks Perpetual Bundle (BND2) for VM-Series that includes VM-100, Threat Prevention, PANDB URL filtering, Global
Protect and WildFire subscriptions, and Premium Support",
PAN-VM-100-PERP-BND2-PREM-1YR-R,PALO,"Palo Alto Networks Perpetual Bundle (BND2) for VM-Series that includes Threat Prevention, PANDB URL filtering, Global Protect and
WildFire subscriptions, and Premium Support, 1 year, Renewal",
PAN-VM-100-PERP-BND2-PREM-3YR,PALO,"Palo Alto Networks Perpetual Bundle (BND2) for VM-Series that includes VM-100, Threat Prevention, PANDB URL filtering, Global
Protect and WildFire subscriptions, and Premium Support, 3 year",
PAN-VM-100-PERP-BND2-PREM-3YR-R,PALO,"Palo Alto Networks Perpetual Bundle (BND2) for VM-Series that includes Threat Prevention, PANDB URL filtering, Global Protect and
WildFire subscriptions, and Premium Support, 3 year, Renewal",
PAN-VM-100-PERP-BND2-PREM-5YR,PALO,"Palo Alto Networks Perpetual Bundle (BND2) for VM-Series that includes VM-100, Threat Prevention, PANDB URL filtering, Global
Protect and WildFire subscriptions, and Premium Support, 5 year",
PAN-VM-100-PERP-BND2-PREM-5YR-R,PALO,"Palo Alto Networks Perpetual Bundle (BND2) for VM-Series that includes Threat Prevention, PANDB URL filtering, Global Protect and
WildFire subscriptions, and Premium Support, 5 year, Renewal",
PAN-VM-100-PERP-BND2-PREMUSG-1YR,PALO,"Palo Alto Networks Perpetual Bundle (BND2) for VM-Series that includes VM-100, Threat Prevention, PANDB URL filtering, Global
Protect and WildFire subscriptions, and US Government Premium Support",
PAN-VM-100-PERP-BND2-PREMUSG-1YR-R,PALO,"Palo Alto Networks Perpetual Bundle (BND2) for VM-Series that includes Threat Prevention, PANDB URL filtering, Global Protect and
WildFire subscriptions, and US Government Premium Support, 1 year, Renewal",
PAN-VM-100-PERP-BND2-PREMUSG-3YR,PALO,"Palo Alto Networks Perpetual Bundle (BND2) for VM-Series that includes VM-100, Threat Prevention, PANDB URL filtering, Global
Protect and WildFire subscriptions, and US Government Premium Support, 3 year",
PAN-VM-100-PERP-BND2-PREMUSG-3YR-R,PALO,"Palo Alto Networks Perpetual Bundle (BND2) for VM-Series that includes Threat Prevention, PANDB URL filtering, Global Protect and
WildFire subscriptions, and US Government Premium Support, 3 year, Renewal",
PAN-VM-100-PERP-BND2-PREMUSG-5YR,PALO,"Palo Alto Networks Perpetual Bundle (BND2) for VM-Series that includes VM-100, Threat Prevention, PANDB URL filtering, Global
Protect and WildFire subscriptions, and US Government Premium Support, 5 year",
PAN-VM-100-PERP-BND2-PREMUSG-5YR-R,PALO,"Palo Alto Networks Perpetual Bundle (BND2) for VM-Series that includes Threat Prevention, PANDB URL filtering, Global Protect and
WildFire subscriptions, and US Government Premium Support, 5 year, Renewal",
PAN-VM-300-PERP-BASC-PREM-1YR,PALO,Palo Alto Networks Perpetual Bundle (Basic) for VM-Series that includes VM-300 and Premium Support,
PAN-VM-300-PERP-BASC-PREM-1YR-R,PALO,"Palo Alto Networks Perpetual Bundle (Basic) for VM-Series that includes Premium Support, 1 year, Renewal",
PAN-VM-300-PERP-BASC-PREM-3YR,PALO,"Palo Alto Networks Perpetual Bundle (Basic) for VM-Series that includes VM-300 and Premium Support, 3 year",
PAN-VM-300-PERP-BASC-PREM-3YR-R,PALO,"Palo Alto Networks Perpetual Bundle (Basic) for VM-Series that includes Premium Support, 3 year, Renewal",
PAN-VM-300-PERP-BASC-PREM-5YR,PALO,"Palo Alto Networks Perpetual Bundle (Basic) for VM-Series that includes VM-300 and Premium Support, 5 year",
PAN-VM-300-PERP-BASC-PREM-5YR-R,PALO,"Palo Alto Networks Perpetual Bundle (Basic) for VM-Series that includes Premium Support, 5 year, Renewal",
PAN-VM-300-PERP-BASC-PREMUSG-1YR,PALO,Palo Alto Networks Perpetual Bundle (Basic) for VM-Series that includes VM-300 and US Government Premium Support,
PAN-VM-300-PERP-BASC-PREMUSG-1YR-R,PALO,"Palo Alto Networks Perpetual Bundle (Basic) for VM-Series that includes US Government Premium Support, 1 year, Renewal",
PAN-VM-300-PERP-BASC-PREMUSG-3YR,PALO,"Palo Alto Networks Perpetual Bundle (Basic) for VM-Series that includes VM-300 and US Government Premium Support, 3 year",
PAN-VM-300-PERP-BASC-PREMUSG-3YR-R,PALO,"Palo Alto Networks Perpetual Bundle (Basic) for VM-Series that includes US Government Premium Support, 3 year, Renewal",
PAN-VM-300-PERP-BASC-PREMUSG-5YR,PALO,"Palo Alto Networks Perpetual Bundle (Basic) for VM-Series that includes VM-300 and US Government Premium Support, 5 year",
PAN-VM-300-PERP-BASC-PREMUSG-5YR-R,PALO,"Palo Alto Networks Perpetual Bundle (Basic) for VM-Series that includes US Government Premium Support, 5 year, Renewal",
PAN-VM-300-PERP-BND1-PREM-1YR,PALO,"Palo Alto Networks Perpetual Bundle (BND1) for VM-Series that includes VM-300, Threat Prevention subscription, and Premium
Support",
PAN-VM-300-PERP-BND1-PREM-1YR-R,PALO,"Palo Alto Networks Perpetual Bundle (BND1) for VM-Series that includes Threat Prevention subscription, and Premium Support, 1
year, Renewal",
PAN-VM-300-PERP-BND1-PREM-3YR,PALO,"Palo Alto Networks Perpetual Bundle (BND1) for VM-Series that includes VM-300, Threat Prevention subscription, and Premium
Support, 3 year",
PAN-VM-300-PERP-BND1-PREM-3YR-R,PALO,"Palo Alto Networks Perpetual Bundle (BND1) for VM-Series that includes Threat Prevention subscription, and Premium Support, 3
year, Renewal",
PAN-VM-300-PERP-BND1-PREM-5YR,PALO,"Palo Alto Networks Perpetual Bundle (BND1) for VM-Series that includes VM-300, Threat Prevention subscription, and Premium
Support, 5 year",
PAN-VM-300-PERP-BND1-PREM-5YR-R,PALO,"Palo Alto Networks Perpetual Bundle (BND1) for VM-Series that includes Threat Prevention subscription, and Premium Support, 5
year, Renewal",
PAN-VM-300-PERP-BND1-PREMUSG-1YR,PALO,"Palo Alto Networks Perpetual Bundle (BND1) for VM-Series that includes VM-300, Threat Prevention subscription, and US
Government Premium Support",
PAN-VM-300-PERP-BND1-PREMUSG-1YR-R,PALO,"Palo Alto Networks Perpetual Bundle (BND1) for VM-Series that includes Threat Prevention subscription, and US Government
Premium Support, 1 year, Renewal",
PAN-VM-300-PERP-BND1-PREMUSG-3YR,PALO,"Palo Alto Networks Perpetual Bundle (BND1) for VM-Series that includes VM-300, Threat Prevention subscription, and US
Government Premium Support, 3 year",
PAN-VM-300-PERP-BND1-PREMUSG-3YR-R,PALO,"Palo Alto Networks Perpetual Bundle (BND1) for VM-Series that includes Threat Prevention subscription, and US Government
Premium Support, 3 year, Renewal",
PAN-VM-300-PERP-BND1-PREMUSG-5YR,PALO,"Palo Alto Networks Perpetual Bundle (BND1) for VM-Series that includes VM-300, Threat Prevention subscription, and US
Government Premium Support, 5 year",
PAN-VM-300-PERP-BND1-PREMUSG-5YR-R,PALO,"Palo Alto Networks Perpetual Bundle (BND1) for VM-Series that includes Threat Prevention subscription, and US Government
Premium Support, 5 year, Renewal",
PAN-VM-300-PERP-BND2-PREM-1YR,PALO,"Palo Alto Networks Perpetual Bundle (BND2) for VM-Series that includes VM-300, Threat Prevention, PANDB URL filtering, Global
Protect and WildFire subscriptions, and Premium Support",
PAN-VM-300-PERP-BND2-PREM-1YR-R,PALO,"Palo Alto Networks Perpetual Bundle (BND2) for VM-Series that includes Threat Prevention, PANDB URL filtering, Global Protect and
WildFire subscriptions, and Premium Support, 1 year, Renewal",
PAN-VM-300-PERP-BND2-PREM-3YR,PALO,"Palo Alto Networks Perpetual Bundle (BND2) for VM-Series that includes VM-300, Threat Prevention, PANDB URL filtering, Global
Protect and WildFire subscriptions, and Premium Support, 3 year",
PAN-VM-300-PERP-BND2-PREM-3YR-R,PALO,"Palo Alto Networks Perpetual Bundle (BND2) for VM-Series that includes Threat Prevention, PANDB URL filtering, Global Protect and
WildFire subscriptions, and Premium Support, 3 year, Renewal",
PAN-VM-300-PERP-BND2-PREM-5YR,PALO,"Palo Alto Networks Perpetual Bundle (BND2) for VM-Series that includes VM-300, Threat Prevention, PANDB URL filtering, Global
Protect and WildFire subscriptions, and Premium Support, 5 year",
PAN-VM-300-PERP-BND2-PREM-5YR-R,PALO,"Palo Alto Networks Perpetual Bundle (BND2) for VM-Series that includes Threat Prevention, PANDB URL filtering, Global Protect and
WildFire subscriptions, and Premium Support, 5 year, Renewal",
PAN-VM-300-PERP-BND2-PREMUSG-1YR,PALO,"Palo Alto Networks Perpetual Bundle (BND2) for VM-Series that includes VM-300, Threat Prevention, PANDB URL filtering, Global
Protect and WildFire subscriptions, and US Government Premium Support",
PAN-VM-300-PERP-BND2-PREMUSG-1YR-R,PALO,"Palo Alto Networks Perpetual Bundle (BND2) for VM-Series that includes Threat Prevention, PANDB URL filtering, Global Protect and
WildFire subscriptions, and US Government Premium Support, 1 year, Renewal",
PAN-VM-300-PERP-BND2-PREMUSG-3YR,PALO,"Palo Alto Networks Perpetual Bundle (BND2) for VM-Series that includes VM-300, Threat Prevention, PANDB URL filtering, Global
Protect and WildFire subscriptions, and US Government Premium Support, 3 year",
PAN-VM-300-PERP-BND2-PREMUSG-3YR-R,PALO,"Palo Alto Networks Perpetual Bundle (BND2) for VM-Series that includes Threat Prevention, PANDB URL filtering, Global Protect and
WildFire subscriptions, and US Government Premium Support, 3 year, Renewal",
PAN-VM-300-PERP-BND2-PREMUSG-5YR,PALO,"Palo Alto Networks Perpetual Bundle (BND2) for VM-Series that includes VM-300, Threat Prevention, PANDB URL filtering, Global
Protect and WildFire subscriptions, and US Government Premium Support, 5 year",
,PALO,,
PAN-VM-300-PERP-BND2-PREMUSG-5YR-R,PALO,"Palo Alto Networks Perpetual Bundle (BND2) for VM-Series that includes Threat Prevention, PANDB URL filtering, Global Protect and
WildFire subscriptions, and US Government Premium Support, 5 year, Renewal",
PAN-VM-500-PERP-BASC-PREM-1YR,PALO,Palo Alto Networks Perpetual Bundle (Basic) for VM-Series that includes VM-500 and Premium Support,
PAN-VM-500-PERP-BASC-PREM-1YR-R,PALO,"Palo Alto Networks Perpetual Bundle (Basic) for VM-Series that includes Premium Support, 1 year, Renewal",
PAN-VM-500-PERP-BASC-PREM-3YR,PALO,"Palo Alto Networks Perpetual Bundle (Basic) for VM-Series that includes VM-500 and Premium Support, 3 year",
PAN-VM-500-PERP-BASC-PREM-3YR-R,PALO,"Palo Alto Networks Perpetual Bundle (Basic) for VM-Series that includes Premium Support, 3 year, Renewal",
PAN-VM-500-PERP-BASC-PREM-5YR,PALO,"Palo Alto Networks Perpetual Bundle (Basic) for VM-Series that includes VM-500 and Premium Support, 5 year",
PAN-VM-500-PERP-BASC-PREM-5YR-R,PALO,"Palo Alto Networks Perpetual Bundle (Basic) for VM-Series that includes Premium Support, 5 year, Renewal",
PAN-VM-500-PERP-BASC-PREMUSG-1YR,PALO,Palo Alto Networks Perpetual Bundle (Basic) for VM-Series that includes VM-500 and US Government Premium Support,
PAN-VM-500-PERP-BASC-PREMUSG-1YR-R,PALO,"Palo Alto Networks Perpetual Bundle (Basic) for VM-Series that includes US Government Premium Support, 1 year, Renewal",
PAN-VM-500-PERP-BASC-PREMUSG-3YR,PALO,"Palo Alto Networks Perpetual Bundle (Basic) for VM-Series that includes VM-500 and US Government Premium Support, 3 year",
PAN-VM-500-PERP-BASC-PREMUSG-3YR-R,PALO,"Palo Alto Networks Perpetual Bundle (Basic) for VM-Series that includes US Government Premium Support, 3 year, Renewal",
PAN-VM-500-PERP-BASC-PREMUSG-5YR,PALO,"Palo Alto Networks Perpetual Bundle (Basic) for VM-Series that includes VM-500 and US Government Premium Support, 5 year",
PAN-VM-500-PERP-BASC-PREMUSG-5YR-R,PALO,"Palo Alto Networks Perpetual Bundle (Basic) for VM-Series that includes US Government Premium Support, 5 year, Renewal",
PAN-VM-500-PERP-BND1-PREM-1YR,PALO,"Palo Alto Networks Perpetual Bundle (BND1) for VM-Series that includes VM-500, Threat Prevention subscription, and Premium
Support",
PAN-VM-500-PERP-BND1-PREM-1YR-R,PALO,"Palo Alto Networks Perpetual Bundle (BND1) for VM-Series that includes Threat Prevention subscription, and Premium Support, 1
year, Renewal",
PAN-VM-500-PERP-BND1-PREM-3YR,PALO,"Palo Alto Networks Perpetual Bundle (BND1) for VM-Series that includes VM-500, Threat Prevention subscription, and Premium
Support, 3 year",
PAN-VM-500-PERP-BND1-PREM-3YR-R,PALO,"Palo Alto Networks Perpetual Bundle (BND1) for VM-Series that includes Threat Prevention subscription, and Premium Support, 3
year, Renewal",
PAN-VM-500-PERP-BND1-PREM-5YR,PALO,"Palo Alto Networks Perpetual Bundle (BND1) for VM-Series that includes VM-500, Threat Prevention subscription, and Premium
Support, 5 year",
PAN-VM-500-PERP-BND1-PREM-5YR-R,PALO,"Palo Alto Networks Perpetual Bundle (BND1) for VM-Series that includes Threat Prevention subscription, and Premium Support, 5
year, Renewal",
PAN-VM-500-PERP-BND1-PREMUSG-1YR,PALO,"Palo Alto Networks Perpetual Bundle (BND1) for VM-Series that includes VM-500, Threat Prevention subscription, and US
Government Premium Support",
PAN-VM-500-PERP-BND1-PREMUSG-1YR-R,PALO,"Palo Alto Networks Perpetual Bundle (BND1) for VM-Series that includes Threat Prevention subscription, and US Government
Premium Support, 1 year, Renewal",
PAN-VM-500-PERP-BND1-PREMUSG-3YR,PALO,"Palo Alto Networks Perpetual Bundle (BND1) for VM-Series that includes VM-500, Threat Prevention subscription, and US
Government Premium Support, 3 year",
PAN-VM-500-PERP-BND1-PREMUSG-3YR-R,PALO,"Palo Alto Networks Perpetual Bundle (BND1) for VM-Series that includes Threat Prevention subscription, and US Government
Premium Support, 3 year, Renewal",
PAN-VM-500-PERP-BND1-PREMUSG-5YR,PALO,"Palo Alto Networks Perpetual Bundle (BND1) for VM-Series that includes VM-500, Threat Prevention subscription, and US
Government Premium Support, 5 year",
PAN-VM-500-PERP-BND1-PREMUSG-5YR-R,PALO,"Palo Alto Networks Perpetual Bundle (BND1) for VM-Series that includes Threat Prevention subscription, and US Government
Premium Support, 5 year, Renewal",
PAN-VM-500-PERP-BND2-PREM-1YR,PALO,"Palo Alto Networks Perpetual Bundle (BND2) for VM-Series that includes VM-500, Threat Prevention, PANDB URL filtering, Global
Protect and WildFire subscriptions, and Premium Support",
PAN-VM-500-PERP-BND2-PREM-1YR-R,PALO,"Palo Alto Networks Perpetual Bundle (BND2) for VM-Series that includes Threat Prevention, PANDB URL filtering, Global Protect and
WildFire subscriptions, and Premium Support, 1 year, Renewal",
PAN-VM-500-PERP-BND2-PREM-3YR,PALO,"Palo Alto Networks Perpetual Bundle (BND2) for VM-Series that includes VM-500, Threat Prevention, PANDB URL filtering, Global
Protect and WildFire subscriptions, and Premium Support, 3 year",
PAN-VM-500-PERP-BND2-PREM-3YR-R,PALO,"Palo Alto Networks Perpetual Bundle (BND2) for VM-Series that includes Threat Prevention, PANDB URL filtering, Global Protect and
WildFire subscriptions, and Premium Support, 3 year, Renewal",
PAN-VM-500-PERP-BND2-PREM-5YR,PALO,"Palo Alto Networks Perpetual Bundle (BND2) for VM-Series that includes VM-500, Threat Prevention, PANDB URL filtering, Global
Protect and WildFire subscriptions, and Premium Support, 5 year",
PAN-VM-500-PERP-BND2-PREM-5YR-R,PALO,"Palo Alto Networks Perpetual Bundle (BND2) for VM-Series that includes Threat Prevention, PANDB URL filtering, Global Protect and
WildFire subscriptions, and Premium Support, 5 year, Renewal",
PAN-VM-500-PERP-BND2-PREMUSG-1YR,PALO,"Palo Alto Networks Perpetual Bundle (BND2) for VM-Series that includes VM-500, Threat Prevention, PANDB URL filtering, Global
Protect and WildFire subscriptions, and US Government Premium Support",
PAN-VM-500-PERP-BND2-PREMUSG-1YR-R,PALO,"Palo Alto Networks Perpetual Bundle (BND2) for VM-Series that includes Threat Prevention, PANDB URL filtering, Global Protect and
WildFire subscriptions, and US Government Premium Support, 1 year, Renewal",
PAN-VM-500-PERP-BND2-PREMUSG-3YR,PALO,"Palo Alto Networks Perpetual Bundle (BND2) for VM-Series that includes VM-500, Threat Prevention, PANDB URL filtering, Global
Protect and WildFire subscriptions, and US Government Premium Support, 3 year",
PAN-VM-500-PERP-BND2-PREMUSG-3YR-R,PALO,"Palo Alto Networks Perpetual Bundle (BND2) for VM-Series that includes Threat Prevention, PANDB URL filtering, Global Protect and
WildFire subscriptions, and US Government Premium Support, 3 year, Renewal",
PAN-VM-500-PERP-BND2-PREMUSG-5YR,PALO,"Palo Alto Networks Perpetual Bundle (BND2) for VM-Series that includes VM-500, Threat Prevention, PANDB URL filtering, Global
Protect and WildFire subscriptions, and US Government Premium Support, 5 year",
PAN-VM-500-PERP-BND2-PREMUSG-5YR-R,PALO,"Palo Alto Networks Perpetual Bundle (BND2) for VM-Series that includes Threat Prevention, PANDB URL filtering, Global Protect and
WildFire subscriptions, and US Government Premium Support, 5 year, Renewal",
PAN-VM-700-PERP-BASC-PREM-1YR,PALO,Palo Alto Networks Perpetual Bundle (Basic) for VM-Series that includes VM-700 and Premium Support,
PAN-VM-700-PERP-BASC-PREM-1YR-R,PALO,"Palo Alto Networks Perpetual Bundle (Basic) for VM-Series that includes Premium Support, 1 year, Renewal",
PAN-VM-700-PERP-BASC-PREM-3YR,PALO,"Palo Alto Networks Perpetual Bundle (Basic) for VM-Series that includes VM-700 and Premium Support, 3 year",
PAN-VM-700-PERP-BASC-PREM-3YR-R,PALO,"Palo Alto Networks Perpetual Bundle (Basic) for VM-Series that includes Premium Support, 3 year, Renewal",
PAN-VM-700-PERP-BASC-PREM-5YR,PALO,"Palo Alto Networks Perpetual Bundle (Basic) for VM-Series that includes VM-700 and Premium Support, 5 year",
PAN-VM-700-PERP-BASC-PREM-5YR-R,PALO,"Palo Alto Networks Perpetual Bundle (Basic) for VM-Series that includes Premium Support, 5 year, Renewal",
PAN-VM-700-PERP-BASC-PREMUSG-1YR,PALO,Palo Alto Networks Perpetual Bundle (Basic) for VM-Series that includes VM-700 and US Government Premium Support,
PAN-VM-700-PERP-BASC-PREMUSG-1YR-R,PALO,"Palo Alto Networks Perpetual Bundle (Basic) for VM-Series that includes US Government Premium Support, 1 year, Renewal",
PAN-VM-700-PERP-BASC-PREMUSG-3YR,PALO,"Palo Alto Networks Perpetual Bundle (Basic) for VM-Series that includes VM-700 and US Government Premium Support, 3 year",
PAN-VM-700-PERP-BASC-PREMUSG-3YR-R,PALO,"Palo Alto Networks Perpetual Bundle (Basic) for VM-Series that includes US Government Premium Support, 3 year, Renewal",
PAN-VM-700-PERP-BASC-PREMUSG-5YR,PALO,"Palo Alto Networks Perpetual Bundle (Basic) for VM-Series that includes VM-700 and US Government Premium Support, 5 year",
PAN-VM-700-PERP-BASC-PREMUSG-5YR-R,PALO,"Palo Alto Networks Perpetual Bundle (Basic) for VM-Series that includes US Government Premium Support, 5 year, Renewal",
PAN-VM-700-PERP-BND1-PREM-1YR,PALO,"Palo Alto Networks Perpetual Bundle (BND1) for VM-Series that includes VM-700, Threat Prevention subscription, and Premium
Support",
PAN-VM-700-PERP-BND1-PREM-1YR-R,PALO,"Palo Alto Networks Perpetual Bundle (BND1) for VM-Series that includes Threat Prevention subscription, and Premium Support, 1
year, Renewal",
PAN-VM-700-PERP-BND1-PREM-3YR,PALO,"Palo Alto Networks Perpetual Bundle (BND1) for VM-Series that includes VM-700, Threat Prevention subscription, and Premium
Support, 3 year",
PAN-VM-700-PERP-BND1-PREM-3YR-R,PALO,"Palo Alto Networks Perpetual Bundle (BND1) for VM-Series that includes Threat Prevention subscription, and Premium Support, 3
year, Renewal",
,PALO,,
PAN-VM-700-PERP-BND1-PREM-5YR,PALO,"Palo Alto Networks Perpetual Bundle (BND1) for VM-Series that includes VM-700, Threat Prevention subscription, and Premium
Support, 5 year",
PAN-VM-700-PERP-BND1-PREM-5YR-R,PALO,"Palo Alto Networks Perpetual Bundle (BND1) for VM-Series that includes Threat Prevention subscription, and Premium Support, 5
year, Renewal",
PAN-VM-700-PERP-BND1-PREMUSG-1YR,PALO,"Palo Alto Networks Perpetual Bundle (BND1) for VM-Series that includes VM-700, Threat Prevention subscription, and US
Government Premium Support",
PAN-VM-700-PERP-BND1-PREMUSG-1YR-R,PALO,"Palo Alto Networks Perpetual Bundle (BND1) for VM-Series that includes Threat Prevention subscription, and US Government
Premium Support, 1 year, Renewal",
PAN-VM-700-PERP-BND1-PREMUSG-3YR,PALO,"Palo Alto Networks Perpetual Bundle (BND1) for VM-Series that includes VM-700, Threat Prevention subscription, and US
Government Premium Support, 3 year",
PAN-VM-700-PERP-BND1-PREMUSG-3YR-R,PALO,"Palo Alto Networks Perpetual Bundle (BND1) for VM-Series that includes Threat Prevention subscription, and US Government
Premium Support, 3 year, Renewal",
PAN-VM-700-PERP-BND1-PREMUSG-5YR,PALO,"Palo Alto Networks Perpetual Bundle (BND1) for VM-Series that includes VM-700, Threat Prevention subscription, and US
Government Premium Support, 5 year",
PAN-VM-700-PERP-BND1-PREMUSG-5YR-R,PALO,"Palo Alto Networks Perpetual Bundle (BND1) for VM-Series that includes Threat Prevention subscription, and US Government
Premium Support, 5 year, Renewal",
PAN-VM-700-PERP-BND2-PREM-1YR,PALO,"Palo Alto Networks Perpetual Bundle (BND2) for VM-Series that includes VM-700, Threat Prevention, PANDB URL filtering, Global
Protect and WildFire subscriptions, and Premium Support",
PAN-VM-700-PERP-BND2-PREM-1YR-R,PALO,"Palo Alto Networks Perpetual Bundle (BND2) for VM-Series that includes Threat Prevention, PANDB URL filtering, Global Protect and
WildFire subscriptions, and Premium Support, 1 year, Renewal",
PAN-VM-700-PERP-BND2-PREM-3YR,PALO,"Palo Alto Networks Perpetual Bundle (BND2) for VM-Series that includes VM-700, Threat Prevention, PANDB URL filtering, Global
Protect and WildFire subscriptions, and Premium Support, 3 year",
PAN-VM-700-PERP-BND2-PREM-3YR-R,PALO,"Palo Alto Networks Perpetual Bundle (BND2) for VM-Series that includes Threat Prevention, PANDB URL filtering, Global Protect and
WildFire subscriptions, and Premium Support, 3 year, Renewal",
PAN-VM-700-PERP-BND2-PREM-5YR,PALO,"Palo Alto Networks Perpetual Bundle (BND2) for VM-Series that includes VM-700, Threat Prevention, PANDB URL filtering, Global
Protect and WildFire subscriptions, and Premium Support, 5 year",
PAN-VM-700-PERP-BND2-PREM-5YR-R,PALO,"Palo Alto Networks Perpetual Bundle (BND2) for VM-Series that includes Threat Prevention, PANDB URL filtering, Global Protect and
WildFire subscriptions, and Premium Support, 5 year, Renewal",
PAN-VM-700-PERP-BND2-PREMUSG-1YR,PALO,"Palo Alto Networks Perpetual Bundle (BND2) for VM-Series that includes VM-700, Threat Prevention, PANDB URL filtering, Global
Protect and WildFire subscriptions, and US Government Premium Support",
PAN-VM-700-PERP-BND2-PREMUSG-1YR-R,PALO,"Palo Alto Networks Perpetual Bundle (BND2) for VM-Series that includes Threat Prevention, PANDB URL filtering, Global Protect and
WildFire subscriptions, and US Government Premium Support, 1 year, Renewal",
PAN-VM-700-PERP-BND2-PREMUSG-3YR,PALO,"Palo Alto Networks Perpetual Bundle (BND2) for VM-Series that includes VM-700, Threat Prevention, PANDB URL filtering, Global
Protect and WildFire subscriptions, and US Government Premium Support, 3 year",
PAN-VM-700-PERP-BND2-PREMUSG-3YR-R,PALO,"Palo Alto Networks Perpetual Bundle (BND2) for VM-Series that includes Threat Prevention, PANDB URL filtering, Global Protect and
WildFire subscriptions, and US Government Premium Support, 3 year, Renewal",
PAN-VM-700-PERP-BND2-PREMUSG-5YR,PALO,"Palo Alto Networks Perpetual Bundle (BND2) for VM-Series that includes VM-700, Threat Prevention, PANDB URL filtering, Global
Protect and WildFire subscriptions, and US Government Premium Support, 5 year",
PAN-VM-700-PERP-BND2-PREMUSG-5YR-R,PALO,"Palo Alto Networks Perpetual Bundle (BND2) for VM-Series that includes Threat Prevention, PANDB URL filtering, Global Protect and
WildFire subscriptions, and US Government Premium Support, 5 year, Renewal",
PAN-VM-1000-HV-PERP-BND-NSX,PALO,"Palo Alto Networks Perpetual Bundle for VMware NSX includes VM-1000-HV, Threat Prevention subscription, and Premium Support",
PAN-VM-1000-HV-PERP-BND-NSX-R,PALO,"Palo Alto Networks Perpetual Bundle for VMware NSX includes Threat Prevention subscription, and Premium Support, Renewal",
PAN-VM-1000-HV-PERP-BND-NSX-3YR,PALO,"Palo Alto Networks Perpetual Bundle for VMware NSX includes VM-1000-HV, Threat Prevention subscription, and Premium Support, 3
year",
PAN-VM-1000-HV-PERP-BND-NSX-3YR-R,PALO,"Palo Alto Networks Perpetual Bundle for VMware NSX includes Threat Prevention subscription, and Premium Support, 3 year,
Renewal",
PAN-VM-1000-HV-PERP-BND-NSX2,PALO,"Palo Alto Networks Perpetual Bundle for VMware NSX includes VM-1000-HV, Threat Prevention, PANDB URL filtering and WildFire
subscriptions, and Premium Support",
PAN-VM-1000-HV-PERP-BND-NSX2-R,PALO,"Palo Alto Networks Perpetual Bundle for VMware NSX includes Threat Prevention, PANDB URL filtering and WildFire subscriptions,
and Premium Support, Renewal",
PAN-VM-1000-HV-PERP-BND-NSX2-3YR,PALO,"Palo Alto Networks Perpetual Bundle for VMware NSX includes VM-1000-HV, Threat Prevention, PANDB URL filtering and WildFire
subscriptions, and Premium Support, 3 year",
PAN-VM-1000-HV-PERP-BND-NSX2-3YR-R,PALO,"Palo Alto Networks Perpetual Bundle for VMware NSX includes Threat Prevention, PANDB URL filtering and WildFire subscriptions,
and Premium Support, 3 year, Renewal",
PAN-VM-1000-HV-PERP-USG-BND-NSX,PALO,"Palo Alto Networks Perpetual Bundle for VMware NSX includes VM-1000-HV, Threat Prevention subscription, and US Government
Support",
PAN-VM-1000-HV-PERP-USG-BND-NSX-R,PALO,"Palo Alto Networks Perpetual Bundle for VMware NSX includes Threat Prevention subscription, and US Government Support, Renewal",
PAN-VM-1000-HV-PERP-USG-BND-NSX-3YR,PALO,"Palo Alto Networks Perpetual Bundle for VMware NSX includes VM-1000-HV, Threat Prevention subscription, and US Government
Support, 3 year",
PAN-VM-1000-HV-PERP-USG-BND-NSX-3YR-R,PALO,"Palo Alto Networks Perpetual Bundle for VMware NSX includes Threat Prevention subscription, and US Government Support, 3 year,
Renewal",
PAN-VM-1000-HV-PERP-USG-BND-NSX2,PALO,"Palo Alto Networks Perpetual Bundle for VMware NSX includes VM-1000-HV, Threat Prevention, PANDB URL filtering and WildFire
subscriptions, and US Government Support",
PAN-VM-1000-HV-PERP-USG-BND-NSX2-R,PALO,"Palo Alto Networks Perpetual Bundle for VMware NSX includes Threat Prevention, PANDB URL filtering and WildFire subscriptions,
and US Government Support, Renewal",
PAN-VM-1000-HV-PERP-USG-BND-NSX2-3YR,PALO,"Palo Alto Networks Perpetual Bundle for VMware NSX includes VM-1000-HV, Threat Prevention, PANDB URL filtering and WildFire
subscriptions, and US Government Support, 3 year",
PAN-VM-1000-HV-PERP-USG-BND-NSX2-3YR-R,PALO,"Palo Alto Networks Perpetual Bundle for VMware NSX includes Threat Prevention, PANDB URL filtering and WildFire subscriptions,
and US Government Support, 3 year, Renewal",
PAN-WF-500,PALO,"Palo Alto Networks WF-500, 2TB RAID storage (4 1TB RAID certified drives preinstalled). 4 post rack mount rails included.",
PAN-GP-100-UPG-2K,PALO,"GP-100 software license upgrade, 1K to 2K devices",
PAN-GP-100-UPG-5K,PALO,"GP-100 software license upgrade, 2K to 5K devices",
PAN-GP-100-UPG-10K,PALO,"GP-100 software license upgrade, 5K to 10K devices",
PAN-GP-100-UPG-25K,PALO,"GP-100 software license upgrade, 10K to 25K devices",
PAN-GP-100-UPG-50K,PALO,"GP-100 software license upgrade, 25K to 50K devices",
PAN-GP-100-UPG-100K,PALO,"GP-100 software license upgrade, 50K to 100K devices",
PAN-TRAPS-A-1YR,PALO,"Traps Advanced Endpoint Protection for agents, tier A, 1-year, includes Premium Support",
PAN-TRAPS-A-1YR-R,PALO,"Traps Advanced Endpoint Protection for agents, tier A, 1-year renewal, includes Premium Support",
PAN-TRAPS-A-3YR,PALO,"Traps Advanced Endpoint Protection for agents, tier A, 3-year prepaid, includes Premium Support",
PAN-TRAPS-A-3YR-R,PALO,"Traps Advanced Endpoint Protection for agents, tier A, 3-year prepaid renewal, includes Premium Support",
PAN-TRAPS-A-5YR,PALO,"Traps Advanced Endpoint Protection for agents, tier A, 5-year prepaid, includes Premium Support",
PAN-TRAPS-A-5YR-R,PALO,"Traps Advanced Endpoint Protection for agents, tier A, 5-year prepaid renewal, includes Premium Support",
PAN-TRAPS-A-USG-1YR,PALO,"Traps Advanced Endpoint Protection for agents, tier A, 1-year, includes US Government Premium Support",
PAN-TRAPS-A-USG-1YR-R,PALO,"Traps Advanced Endpoint Protection for agents, tier A, 1-year renewal, includes US Government Premium Support",
PAN-TRAPS-A-USG-3YR,PALO,"Traps Advanced Endpoint Protection for agents, tier A, 3-year prepaid, includes US Government Premium Support",
PAN-TRAPS-A-USG-3YR-R,PALO,"Traps Advanced Endpoint Protection for agents, tier A, 3-year prepaid renewal, includes US Government Premium Support",
PAN-TRAPS-A-USG-5YR,PALO,"Traps Advanced Endpoint Protection for agents, tier A, 5-year prepaid, includes US Government Premium Support",
PAN-TRAPS-A-USG-5YR-R,PALO,"Traps Advanced Endpoint Protection for agents, tier A, 5-year prepaid renewal, includes US Government Premium Support",
PAN-TRAPS-B-1YR,PALO,"Traps Advanced Endpoint Protection for agents, tier B, 1-year, includes Premium Support",
,PALO,,
PAN-TRAPS-B-1YR-R,PALO,"Traps Advanced Endpoint Protection for agents, tier B, 1-year renewal, includes Premium Support",
PAN-TRAPS-B-3YR,PALO,"Traps Advanced Endpoint Protection for agents, tier B, 3-year prepaid, includes Premium Support",
PAN-TRAPS-B-3YR-R,PALO,"Traps Advanced Endpoint Protection for agents, tier B, 3-year prepaid renewal, includes Premium Support",
PAN-TRAPS-B-5YR,PALO,"Traps Advanced Endpoint Protection for agents, tier B, 5-year prepaid, includes Premium Support",
PAN-TRAPS-B-5YR-R,PALO,"Traps Advanced Endpoint Protection for agents, tier B, 5-year prepaid renewal, includes Premium Support",
PAN-TRAPS-B-USG-1YR,PALO,"Traps Advanced Endpoint Protection for agents, tier B, 1-year, includes US Government Premium Support",
PAN-TRAPS-B-USG-1YR-R,PALO,"Traps Advanced Endpoint Protection for agents, tier B, 1-year renewal, includes US Government Premium Support",
PAN-TRAPS-B-USG-3YR,PALO,"Traps Advanced Endpoint Protection for agents, tier B, 3-year prepaid, includes US Government Premium Support",
PAN-TRAPS-B-USG-3YR-R,PALO,"Traps Advanced Endpoint Protection for agents, tier B, 3-year prepaid renewal, includes US Government Premium Support",
PAN-TRAPS-B-USG-5YR,PALO,"Traps Advanced Endpoint Protection for agents, tier B, 5-year prepaid, includes US Government Premium Support",
PAN-TRAPS-B-USG-5YR-R,PALO,"Traps Advanced Endpoint Protection for agents, tier B, 5-year prepaid renewal, includes US Government Premium Support",
PAN-TRAPS-C-1YR,PALO,"Traps Advanced Endpoint Protection for agents, tier C, 1-year, includes Premium Support",
PAN-TRAPS-C-1YR-R,PALO,"Traps Advanced Endpoint Protection for agents, tier C, 1-year renewal, includes Premium Support",
PAN-TRAPS-C-3YR,PALO,"Traps Advanced Endpoint Protection for agents, tier C, 3-year prepaid, includes Premium Support",
PAN-TRAPS-C-3YR-R,PALO,"Traps Advanced Endpoint Protection for agents, tier C, 3-year prepaid renewal, includes Premium Support",
PAN-TRAPS-C-5YR,PALO,"Traps Advanced Endpoint Protection for agents, tier C, 5-year prepaid, includes Premium Support",
PAN-TRAPS-C-5YR-R,PALO,"Traps Advanced Endpoint Protection for agents, tier C, 5-year prepaid renewal, includes Premium Support",
PAN-TRAPS-C-USG-1YR,PALO,"Traps Advanced Endpoint Protection for agents, tier C, 1-year, includes US Government Premium Support",
PAN-TRAPS-C-USG-1YR-R,PALO,"Traps Advanced Endpoint Protection for agents, tier C, 1-year renewal, includes US Government Premium Support",
PAN-TRAPS-C-USG-3YR,PALO,"Traps Advanced Endpoint Protection for agents, tier C, 3-year prepaid, includes US Government Premium Support",
PAN-TRAPS-C-USG-3YR-R,PALO,"Traps Advanced Endpoint Protection for agents, tier C, 3-year prepaid renewal, includes US Government Premium Support",
PAN-TRAPS-C-USG-5YR,PALO,"Traps Advanced Endpoint Protection for agents, tier C, 5-year prepaid, includes US Government Premium Support",
PAN-TRAPS-C-USG-5YR-R,PALO,"Traps Advanced Endpoint Protection for agents, tier C, 5-year prepaid renewal, includes US Government Premium Support",
PAN-TRAPS-D-1YR,PALO,"Traps Advanced Endpoint Protection for agents, tier D, 1-year, includes Premium Support",
PAN-TRAPS-D-1YR-R,PALO,"Traps Advanced Endpoint Protection for agents, tier D, 1-year renewal, includes Premium Support",
PAN-TRAPS-D-3YR,PALO,"Traps Advanced Endpoint Protection for agents, tier D, 3-year prepaid, includes Premium Support",
PAN-TRAPS-D-3YR-R,PALO,"Traps Advanced Endpoint Protection for agents, tier D, 3-year prepaid renewal, includes Premium Support",
PAN-TRAPS-D-5YR,PALO,"Traps Advanced Endpoint Protection for agents, tier D, 5-year prepaid, includes Premium Support",
PAN-TRAPS-D-5YR-R,PALO,"Traps Advanced Endpoint Protection for agents, tier D, 5-year prepaid renewal, includes Premium Support",
PAN-TRAPS-D-USG-1YR,PALO,"Traps Advanced Endpoint Protection for agents, tier D, 1-year, includes US Government Premium Support",
PAN-TRAPS-D-USG-1YR-R,PALO,"Traps Advanced Endpoint Protection for agents, tier D, 1-year renewal, includes US Government Premium Support",
PAN-TRAPS-D-USG-3YR,PALO,"Traps Advanced Endpoint Protection for agents, tier D, 3-year prepaid, includes US Government Premium Support",
PAN-TRAPS-D-USG-3YR-R,PALO,"Traps Advanced Endpoint Protection for agents, tier D, 3-year prepaid renewal, includes US Government Premium Support",
PAN-TRAPS-D-USG-5YR,PALO,"Traps Advanced Endpoint Protection for agents, tier D, 5-year prepaid, includes US Government Premium Support",
PAN-TRAPS-D-USG-5YR-R,PALO,"Traps Advanced Endpoint Protection for agents, tier D, 5-year prepaid renewal, includes US Government Premium Support",
PAN-TRAPS-E-1YR,PALO,"Traps Advanced Endpoint Protection for agents, tier E, 1-year, includes Premium Support",
PAN-TRAPS-E-1YR-R,PALO,"Traps Advanced Endpoint Protection for agents, tier E, 1-year renewal, includes Premium Support",
PAN-TRAPS-E-3YR,PALO,"Traps Advanced Endpoint Protection for agents, tier E, 3-year prepaid, includes Premium Support",
PAN-TRAPS-E-3YR-R,PALO,"Traps Advanced Endpoint Protection for agents, tier E, 3-year prepaid renewal, includes Premium Support",
PAN-TRAPS-E-5YR,PALO,"Traps Advanced Endpoint Protection for agents, tier E, 5-year prepaid, includes Premium Support",
PAN-TRAPS-E-5YR-R,PALO,"Traps Advanced Endpoint Protection for agents, tier E, 5-year prepaid renewal, includes Premium Support",
PAN-TRAPS-E-USG-1YR,PALO,"Traps Advanced Endpoint Protection for agents, tier E, 1-year, includes US Government Premium Support",
PAN-TRAPS-E-USG-1YR-R,PALO,"Traps Advanced Endpoint Protection for agents, tier E, 1-year renewal, includes US Government Premium Support",
PAN-TRAPS-E-USG-3YR,PALO,"Traps Advanced Endpoint Protection for agents, tier E, 3-year prepaid, includes US Government Premium Support",
PAN-TRAPS-E-USG-3YR-R,PALO,"Traps Advanced Endpoint Protection for agents, tier E, 3-year prepaid renewal, includes US Government Premium Support",
PAN-TRAPS-E-USG-5YR,PALO,"Traps Advanced Endpoint Protection for agents, tier E, 5-year prepaid, includes US Government Premium Support",
PAN-TRAPS-E-USG-5YR-R,PALO,"Traps Advanced Endpoint Protection for agents, tier E, 5-year prepaid renewal, includes US Government Premium Support",
PAN-TRAPS-F-1YR,PALO,"Traps Advanced Endpoint Protection for agents, tier F, 1-year, includes Premium Support",
PAN-TRAPS-F-1YR-R,PALO,"Traps Advanced Endpoint Protection for agents, tier F, 1-year renewal, includes Premium Support",
PAN-TRAPS-F-3YR,PALO,"Traps Advanced Endpoint Protection for agents, tier F, 3-year prepaid, includes Premium Support",
PAN-TRAPS-F-3YR-R,PALO,"Traps Advanced Endpoint Protection for agents, tier F, 3-year prepaid renewal, includes Premium Support",
PAN-TRAPS-F-5YR,PALO,"Traps Advanced Endpoint Protection for agents, tier F, 5-year prepaid, includes Premium Support",
PAN-TRAPS-F-5YR-R,PALO,"Traps Advanced Endpoint Protection for agents, tier F, 5-year prepaid renewal, includes Premium Support",
PAN-TRAPS-F-USG-1YR,PALO,"Traps Advanced Endpoint Protection for agents, tier F, 1-year, includes US Government Premium Support",
PAN-TRAPS-F-USG-1YR-R,PALO,"Traps Advanced Endpoint Protection for agents, tier F, 1-year renewal, includes US Government Premium Support",
PAN-TRAPS-F-USG-3YR,PALO,"Traps Advanced Endpoint Protection for agents, tier F, 3-year prepaid, includes US Government Premium Support",
PAN-TRAPS-F-USG-3YR-R,PALO,"Traps Advanced Endpoint Protection for agents, tier F, 3-year prepaid renewal, includes US Government Premium Support",
PAN-TRAPS-F-USG-5YR,PALO,"Traps Advanced Endpoint Protection for agents, tier F, 5-year prepaid, includes US Government Premium Support",
PAN-TRAPS-F-USG-5YR-R,PALO,"Traps Advanced Endpoint Protection for agents, tier F, 5-year prepaid renewal, includes US Government Premium Support",
PAN-GPCS-NET-A-1YR,PALO,"GlobalProtect cloud service for remote networks, tier A, 1-year, TP, URL, WF, GP, includes Premium support, per Mbps",
PAN-GPCS-NET-A-1YR-R,PALO,"GlobalProtect cloud service for remote networks, tier A, 1-year Renewal, TP, URL, WF, GP, includes Premium support, per Mbps",
PAN-GPCS-NET-A-3YR,PALO,"GlobalProtect cloud service for remote networks, tier A, 3-year, TP, URL, WF, GP, includes Premium support, per Mbps",
PAN-GPCS-NET-A-3YR-R,PALO,"GlobalProtect cloud service for remote networks, tier A, 3-year Renewal, TP, URL, WF, GP, includes Premium support, per Mbps",
PAN-GPCS-NET-A-USG-1YR,PALO,"GlobalProtect cloud service for remote networks, tier A, 1-year, TP, URL, WF, GP, includes US Government Premium support, per
Mbps",
PAN-GPCS-NET-A-USG-1YR-R,PALO,"GlobalProtect cloud service for remote networks, tier A, 1-year Renewal, TP, URL, WF, GP, includes US Government Premium support,
per Mbps",
PAN-GPCS-NET-A-USG-3YR,PALO,"GlobalProtect cloud service for remote networks, tier A, 3-year, TP, URL, WF, GP, includes US Government Premium support, per
Mbps",
PAN-GPCS-NET-A-USG-3YR-R,PALO,"GlobalProtect cloud service for remote networks, tier A, 3-year Renewal, TP, URL, WF, GP, includes US Government Premium support,
per Mbps",
PAN-GPCS-NET-B-1YR,PALO,"GlobalProtect cloud service for remote networks, tier B, 1-year, TP, URL, WF, GP, includes Premium support, per Mbps",
PAN-GPCS-NET-B-1YR-R,PALO,"GlobalProtect cloud service for remote networks, tier B, 1-year Renewal, TP, URL, WF, GP, includes Premium support, per Mbps",
PAN-GPCS-NET-B-3YR,PALO,"GlobalProtect cloud service for remote networks, tier B, 3-year, TP, URL, WF, GP, includes Premium support, per Mbps",
PAN-GPCS-NET-B-3YR-R,PALO,"GlobalProtect cloud service for remote networks, tier B, 3-year Renewal, TP, URL, WF, GP, includes Premium support, per Mbps",
PAN-GPCS-NET-B-USG-1YR,PALO,"GlobalProtect cloud service for remote networks, tier B, 1-year, TP, URL, WF, GP, includes US Government Premium support, per
Mbps",
,PALO,,
PAN-GPCS-NET-B-USG-1YR-R,PALO,"GlobalProtect cloud service for remote networks, tier B, 1-year Renewal, TP, URL, WF, GP, includes US Government Premium support,
per Mbps",
PAN-GPCS-NET-B-USG-3YR,PALO,"GlobalProtect cloud service for remote networks, tier B, 3-year, TP, URL, WF, GP, includes US Government Premium support, per
Mbps",
PAN-GPCS-NET-B-USG-3YR-R,PALO,"GlobalProtect cloud service for remote networks, tier B, 3-year Renewal, TP, URL, WF, GP, includes US Government Premium support,
per Mbps",
PAN-GPCS-NET-C-1YR,PALO,"GlobalProtect cloud service for remote networks, tier C, 1-year, TP, URL, WF, GP, includes Premium support, per Mbps",
PAN-GPCS-NET-C-1YR-R,PALO,"GlobalProtect cloud service for remote networks, tier C, 1-year Renewal, TP, URL, WF, GP, includes Premium support, per Mbps",
PAN-GPCS-NET-C-3YR,PALO,"GlobalProtect cloud service for remote networks, tier C, 3-year, TP, URL, WF, GP, includes Premium support, per Mbps",
PAN-GPCS-NET-C-3YR-R,PALO,"GlobalProtect cloud service for remote networks, tier C, 3-year Renewal, TP, URL, WF, GP, includes Premium support, per Mbps",
PAN-GPCS-NET-C-USG-1YR,PALO,"GlobalProtect cloud service for remote networks, tier C, 1-year, TP, URL, WF, GP, includes US Government Premium support, per
Mbps",
PAN-GPCS-NET-C-USG-1YR-R,PALO,"GlobalProtect cloud service for remote networks, tier C, 1-year Renewal, TP, URL, WF, GP, includes US Government Premium support,
per Mbps",
PAN-GPCS-NET-C-USG-3YR,PALO,"GlobalProtect cloud service for remote networks, tier C, 3-year, TP, URL, WF, GP, includes US Government Premium support, per
Mbps",
PAN-GPCS-NET-C-USG-3YR-R,PALO,"GlobalProtect cloud service for remote networks, tier C, 3-year Renewal, TP, URL, WF, GP, includes US Government Premium support,
per Mbps",
PAN-GPCS-NET-D-1YR,PALO,"GlobalProtect cloud service for remote networks, tier D, 1-year, TP, URL, WF, GP, includes Premium support, per Mbps",
PAN-GPCS-NET-D-1YR-R,PALO,"GlobalProtect cloud service for remote networks, tier D, 1-year Renewal, TP, URL, WF, GP, includes Premium support, per Mbps",
PAN-GPCS-NET-D-3YR,PALO,"GlobalProtect cloud service for remote networks, tier D, 3-year, TP, URL, WF, GP, includes Premium support, per Mbps",
PAN-GPCS-NET-D-3YR-R,PALO,"GlobalProtect cloud service for remote networks, tier D, 3-year Renewal, TP, URL, WF, GP, includes Premium support, per Mbps",
PAN-GPCS-NET-D-USG-1YR,PALO,"GlobalProtect cloud service for remote networks, tier D, 1-year, TP, URL, WF, GP, includes US Government Premium support, per
Mbps",
PAN-GPCS-NET-D-USG-1YR-R,PALO,"GlobalProtect cloud service for remote networks, tier D, 1-year Renewal, TP, URL, WF, GP, includes US Government Premium support,
per Mbps",
PAN-GPCS-NET-D-USG-3YR,PALO,"GlobalProtect cloud service for remote networks, tier D, 3-year, TP, URL, WF, GP, includes US Government Premium support, per
Mbps",
PAN-GPCS-NET-D-USG-3YR-R,PALO,"GlobalProtect cloud service for remote networks, tier D, 3-year Renewal, TP, URL, WF, GP, includes US Government Premium support,
per Mbps",
PAN-GPCS-USER-A-1YR,PALO,"GlobalProtect cloud service for mobile users, tier A, 1-year, TP, URL, WF, GP, includes Premium support, per user",
PAN-GPCS-USER-A-1YR-R,PALO,"GlobalProtect cloud service for mobile users, tier A, 1-year Renewal, TP, URL, WF, GP, includes Premium support, per user",
PAN-GPCS-USER-A-3YR,PALO,"GlobalProtect cloud service for mobile users, tier A, 3-year, TP, URL, WF, GP, includes Premium support, per user",
PAN-GPCS-USER-A-3YR-R,PALO,"GlobalProtect cloud service for mobile users, tier A, 3-year Renewal, TP, URL, WF, GP, includes Premium support, per user",
PAN-GPCS-USER-A-USG-1YR,PALO,"GlobalProtect cloud service for mobile users, tier A, 1-year, TP, URL, WF, GP, includes US Government Premium support, per user",
PAN-GPCS-USER-A-USG-1YR-R,PALO,"GlobalProtect cloud service for mobile users, tier A, 1-year Renewal, TP, URL, WF, GP, includes US Government Premium support, per
user",
PAN-GPCS-USER-A-USG-3YR,PALO,"GlobalProtect cloud service for mobile users, tier A, 3-year, TP, URL, WF, GP, includes US Government Premium support, per user",
PAN-GPCS-USER-A-USG-3YR-R,PALO,"GlobalProtect cloud service for mobile users, tier A, 3-year Renewal, TP, URL, WF, GP, includes US Government Premium support, per
user",
PAN-GPCS-USER-B-1YR,PALO,"GlobalProtect cloud service for mobile users, tier B, 1-year, TP, URL, WF, GP, includes Premium support, per user",
PAN-GPCS-USER-B-1YR-R,PALO,"GlobalProtect cloud service for mobile users, tier B, 1-year Renewal, TP, URL, WF, GP, includes Premium support, per user",
PAN-GPCS-USER-B-3YR,PALO,"GlobalProtect cloud service for mobile users, tier B, 3-year, TP, URL, WF, GP, includes Premium support, per user",
PAN-GPCS-USER-B-3YR-R,PALO,"GlobalProtect cloud service for mobile users, tier B, 3-year Renewal, TP, URL, WF, GP, includes Premium support, per user",
PAN-GPCS-USER-B-USG-1YR,PALO,"GlobalProtect cloud service for mobile users, tier B, 1-year, TP, URL, WF, GP, includes US Government Premium support, per user",
PAN-GPCS-USER-B-USG-1YR-R,PALO,"GlobalProtect cloud service for mobile users, tier B, 1-year Renewal, TP, URL, WF, GP, includes US Government Premium support, per
user",
PAN-GPCS-USER-B-USG-3YR,PALO,"GlobalProtect cloud service for mobile users, tier B, 3-year, TP, URL, WF, GP, includes US Government Premium support, per user",
PAN-GPCS-USER-B-USG-3YR-R,PALO,"GlobalProtect cloud service for mobile users, tier B, 3-year Renewal, TP, URL, WF, GP, includes US Government Premium support, per
user",
PAN-GPCS-USER-C-1YR,PALO,"GlobalProtect cloud service for mobile users, tier C, 1-year, TP, URL, WF, GP, includes Premium support, per user",
PAN-GPCS-USER-C-1YR-R,PALO,"GlobalProtect cloud service for mobile users, tier C, 1-year Renewal, TP, URL, WF, GP, includes Premium support, per user",
PAN-GPCS-USER-C-3YR,PALO,"GlobalProtect cloud service for mobile users, tier C, 3-year, TP, URL, WF, GP, includes Premium support, per user",
PAN-GPCS-USER-C-3YR-R,PALO,"GlobalProtect cloud service for mobile users, tier C, 3-year Renewal, TP, URL, WF, GP, includes Premium support, per user",
PAN-GPCS-USER-C-USG-1YR,PALO,"GlobalProtect cloud service for mobile users, tier C, 1-year, TP, URL, WF, GP, includes US Government Premium support, per user",
PAN-GPCS-USER-C-USG-1YR-R,PALO,"GlobalProtect cloud service for mobile users, tier C, 1-year Renewal, TP, URL, WF, GP, includes US Government Premium support, per
user",
PAN-GPCS-USER-C-USG-3YR,PALO,"GlobalProtect cloud service for mobile users, tier C, 3-year, TP, URL, WF, GP, includes US Government Premium support, per user",
PAN-GPCS-USER-C-USG-3YR-R,PALO,"GlobalProtect cloud service for mobile users, tier C, 3-year Renewal, TP, URL, WF, GP, includes US Government Premium support, per
user",
PAN-GPCS-USER-D-1YR,PALO,"GlobalProtect cloud service for mobile users, tier D, 1-year, TP, URL, WF, GP, includes Premium support, per user",
PAN-GPCS-USER-D-1YR-R,PALO,"GlobalProtect cloud service for mobile users, tier D, 1-year Renewal, TP, URL, WF, GP, includes Premium support, per user",
PAN-GPCS-USER-D-3YR,PALO,"GlobalProtect cloud service for mobile users, tier D, 3-year, TP, URL, WF, GP, includes Premium support, per user",
PAN-GPCS-USER-D-3YR-R,PALO,"GlobalProtect cloud service for mobile users, tier D, 3-year Renewal, TP, URL, WF, GP, includes Premium support, per user",
PAN-GPCS-USER-D-USG-1YR,PALO,"GlobalProtect cloud service for mobile users, tier D, 1-year, TP, URL, WF, GP, includes US Government Premium support, per user",
PAN-GPCS-USER-D-USG-1YR-R,PALO,"GlobalProtect cloud service for mobile users, tier D, 1-year Renewal, TP, URL, WF, GP, includes US Government Premium support, per
user",
PAN-GPCS-USER-D-USG-3YR,PALO,"GlobalProtect cloud service for mobile users, tier D, 3-year, TP, URL, WF, GP, includes US Government Premium support, per user",
PAN-GPCS-USER-D-USG-3YR-R,PALO,"GlobalProtect cloud service for mobile users, tier D, 3-year Renewal, TP, URL, WF, GP, includes US Government Premium support, per
user",
PAN-GPCS-USER-E-1YR,PALO,"GlobalProtect cloud service for mobile users, tier E, 1-year, TP, URL, WF, GP, includes Premium support, per user",
,PALO,,
PAN-GPCS-USER-E-1YR-R,PALO,"GlobalProtect cloud service for mobile users, tier E, 1-year Renewal, TP, URL, WF, GP, includes Premium support, per user",
PAN-GPCS-USER-E-3YR,PALO,"GlobalProtect cloud service for mobile users, tier E, 3-year, TP, URL, WF, GP, includes Premium support, per user",
PAN-GPCS-USER-E-3YR-R,PALO,"GlobalProtect cloud service for mobile users, tier E, 3-year Renewal, TP, URL, WF, GP, includes Premium support, per user",
PAN-GPCS-USER-E-USG-1YR,PALO,"GlobalProtect cloud service for mobile users, tier E, 1-year, TP, URL, WF, GP, includes US Government Premium support, per user",
PAN-GPCS-USER-E-USG-1YR-R,PALO,"GlobalProtect cloud service for mobile users, tier E, 1-year Renewal, TP, URL, WF, GP, includes US Government Premium support, per
user",
PAN-GPCS-USER-E-USG-3YR,PALO,"GlobalProtect cloud service for mobile users, tier E, 3-year, TP, URL, WF, GP, includes US Government Premium support, per user",
PAN-GPCS-USER-E-USG-3YR-R,PALO,"GlobalProtect cloud service for mobile users, tier E, 3-year Renewal, TP, URL, WF, GP, includes US Government Premium support, per
user",
PAN-GPCS-USER-F-1YR,PALO,"GlobalProtect cloud service for mobile users, tier F, 1-year, TP, URL, WF, GP, includes Premium support, per user",
PAN-GPCS-USER-F-1YR-R,PALO,"GlobalProtect cloud service for mobile users, tier F, 1-year Renewal, TP, URL, WF, GP, includes Premium support, per user",
PAN-GPCS-USER-F-3YR,PALO,"GlobalProtect cloud service for mobile users, tier F, 3-year, TP, URL, WF, GP, includes Premium support, per user",
PAN-GPCS-USER-F-3YR-R,PALO,"GlobalProtect cloud service for mobile users, tier F, 3-year Renewal, TP, URL, WF, GP, includes Premium support, per user",
PAN-GPCS-USER-F-USG-1YR,PALO,"GlobalProtect cloud service for mobile users, tier F, 1-year, TP, URL, WF, GP, includes US Government Premium support, per user",
PAN-GPCS-USER-F-USG-1YR-R,PALO,"GlobalProtect cloud service for mobile users, tier F, 1-year Renewal, TP, URL, WF, GP, includes US Government Premium support, per
user",
PAN-GPCS-USER-F-USG-3YR,PALO,"GlobalProtect cloud service for mobile users, tier F, 3-year, TP, URL, WF, GP, includes US Government Premium support, per user",
PAN-GPCS-USER-F-USG-3YR-R,PALO,"GlobalProtect cloud service for mobile users, tier F, 3-year Renewal, TP, URL, WF, GP, includes US Government Premium support, per
user",
PAN-LGS-1TB-1YR,PALO,"Logging Service with 1TB of storage, 1-year, includes Premium Support",
PAN-LGS-1TB-1YR-R,PALO,"Logging Service with 1TB of storage, 1-year renewal, includes Premium Support",
PAN-LGS-1TB-3YR,PALO,"Logging Service with 1TB of storage, 3-year, includes Premium Support",
PAN-LGS-1TB-3YR-R,PALO,"Logging Service with 1TB of storage, 3-year renewal, includes Premium Support",
PAN-LGS-1TB-USG-1YR,PALO,"Logging Service with 1TB of storage, 1-year, includes US Government Premium Support",
PAN-LGS-1TB-USG-1YR-R,PALO,"Logging Service with 1TB of storage, 1-year renewal, includes US Government Premium Support",
PAN-LGS-1TB-USG-3YR,PALO,"Logging Service with 1TB of storage, 3-year, includes US Government Premium Support",
PAN-LGS-1TB-USG-3YR-R,PALO,"Logging Service with 1TB of storage, 3-year renewal, includes US Government Premium Support",
PAN-AF-1YR,PALO,Palo Alto Networks AutoFocus Threat Intelligence Service Standard subscription 1 year,
PAN-AF-1YR-R,PALO,Palo Alto Networks AutoFocus Threat Intelligence Service Standard subscription renewal 1 year,
PAN-AF-3YR,PALO,Palo Alto Networks AutoFocus Threat Intelligence Service Standard subscription 3 year,
PAN-AF-3YR-R,PALO,Palo Alto Networks AutoFocus Threat Intelligence Service Standard subscription renewal 3 year,
PAN-AF-5YR,PALO,Palo Alto Networks AutoFocus Threat Intelligence Service Standard subscription 5 year,
PAN-AF-5YR-R,PALO,Palo Alto Networks AutoFocus Threat Intelligence Service Standard subscription renewal 5 year,
PAN-AF-ENT-1YR,PALO,Palo Alto Networks AutoFocus Threat Intelligence Service Enterprise subscription 1 year,
PAN-AF-ENT-1YR-R,PALO,Palo Alto Networks AutoFocus Threat Intelligence Service Enterprise subscription renewal 1 year,
PAN-AF-ENT-3YR,PALO,Palo Alto Networks AutoFocus Threat Intelligence Service Enterprise subscription 3 year,
PAN-AF-ENT-3YR-R,PALO,Palo Alto Networks AutoFocus Threat Intelligence Service Enterprise subscription renewal 3 year,
PAN-AF-ENT-5YR,PALO,Palo Alto Networks AutoFocus Threat Intelligence Service Enterprise subscription 5 year,
PAN-AF-ENT-5YR-R,PALO,Palo Alto Networks AutoFocus Threat Intelligence Service Enterprise subscription renewal 5 year,
PAN-M-100-HDC,PALO,"M-100 Spare hard drive carrier, holds a single drive",
PAN-M-100-HDD-1TB-D,PALO,"M-100, M-500, and WF-500 spare 1TB Raid certified drives, pair",
PAN-2.5IN-HDD-2TB-PAIR,PALO,"2.5 inch spare 2TB HDD Raid certified drives for M-Series and PA-5200 Series, shipped in pair",
PAN-2.5IN-SSD-240GB-PAIR,PALO,"2.5 inch spare 240GB SSD drives for PA-5200 Series, shipped in pair",
PAN-M-100-RCK,PALO,"M-100 spare rack mount kit, holds one device (supports 2 and 4 post racks)",
PAN-WF-500-HDC,PALO,"WF-500 and M-500 pair of spare hard drive carriers, each holds single drive",
PAN-WF-500-PWR-AC,PALO,WF-500 and M-500 spare AC power supply,
PAN-WF-500-RCK2,PALO,"WF-500 and M-500 spare rack mount kit, holds one device (supports 2 post racks)",
PAN-WF-500-RCK4,PALO,"WF-500 and M-500 spare rack mount kit, holds one device (supports 4 post racks)",
PAN-PWR-500W-AC,PALO,PA-850 500W spare power supply,
PAN-FIPS-KIT-2000,PALO,FIPS hardware kit for the PA-2000 Series,
PAN-FIPS-KIT-3000,PALO,FIPS hardware kit for the PA-3000 Series,
PAN-FIPS-KIT-3060,PALO,FIPS hardware kit for the PA-3060,
PAN-FIPS-KIT-4000,PALO,FIPS hardware kit for the PA-4000 Series,
PAN-FIPS-KIT-500,PALO,FIPS hardware kit for the PA-500,
PAN-FIPS-KIT-5000,PALO,FIPS hardware kit for the PA-5000 Series,
PAN-FIPS-KIT-7050,PALO,FIPS hardware kit for the PA-7050 Chassis,
PAN-FIPS-KIT-7080,PALO,FIPS hardware kit for the PA-7080 Chassis,
PAN-FIPS-KIT-M-100,PALO,FIPS hardware kit for the M-100,
PAN-FIPS-KIT-M-500,PALO,FIPS hardware kit for the M-500/WF-500 platforms,
PAN-PA-2000-HDD-TR,PALO,"PA-2000 Spare Hard Disk, Imaged",
PAN-PA-5000-FAN,PALO,PA-5000 Series spare fan tray including filter,
PAN-PA-5000-FLTR,PALO,PA-5000 Series spare filter,
PAN-PA-5200-FANTRAY,PALO,PA-5200 Series spare fan tray,
PAN-PA-5200-FLTR,PALO,PA-5200 Series Filter Kit. Includes 2 filter frames and media.,
PAN-PA-5200-FLTR-MEDIA,PALO,PA-5200 Series Filter Media Kit. Includes quantity 10 filter media. Does NOT include filter frames.,
PAN-PA-3060-PWR-AC,PALO,PA-3060 spare AC power supply,
PAN-PA-4000-PWR-AC,PALO,PA-4000 Series spare power supply,
PAN-PA-5000-PWR-AC,PALO,PA-5000 Series spare AC power supply,
PAN-PA-5000-PWR-DC,PALO,PA-5000 Series spare DC power supply,
PAN-PA-5000-SSD-120-D,PALO,Supersedes PAN-PA-5000-SSD-120. Contains 2 identical 120GB SSD Drives,
PAN-PA-5000-SSD-240-D,PALO,Supersedes PAN-PA-5000-SSD-240. Contains 2 identical 240GB SSD Drives,
PAN-PWR-1200W-AC,PALO,PA-5200 Series 1200 Watt AC power supply,
PAN-PWR-1200W-DC,PALO,PA-5200 Series 1200 Watt DC power supply,
PAN-PA-200-PWR-AC,PALO,Palo Alto Networks PA-200 power supply - no power cord,
PAN-PA-200-RCK,PALO,"Rack mount kit for PA-200, holds one device",
PAN-PA-220-PWR-AC,PALO,AC power adapter for PA-220,
PAN-PA-220-RACKTRAY,PALO,Rack mountable tray for up to two PA-220s and 4 power adapters. Supports both 2 post and 4 post racks.,
PAN-PA-1RU-RACK4,PALO,Palo Alto Networks PA-820 and PA-850 4 post rack mount kit,
PAN-PA-5200-RACK4,PALO,Palo Alto Networks PA-5200 4 post rack mount kit.,
PAN-PA-7050-AC-CVR,PALO,Cover for AC power receptacles on rear of PA-7050 chassis when configured with DC power supplies,
PAN-PWR-DC-CBL-A,PALO,"Power cable harness with connector for PAN-7050-PWR25-DC and 15 feet leads, customer must terminate",
PAN-PA-7080-CBL-MGR,PALO,"PA-7080, one (1) upper and one (1) lower cable manager for PA-7080 chassis",
PAN-PWR-C19-AUS,PALO,"Power cord with IEC-60320 C19 and AS/NZS 4417 cord ends, 3 meters",
PAN-PWR-C19-BR,PALO,"Power Cord, Brazil, 16A, 250V, NBR14136 (IEC 60906-1) to IEC-60320-C19, 10-FT, Brazilian INMETRO certified",
PAN-PWR-C19-EU,PALO,"Power cord with IEC-60320 C19 and CEE 7/7 SCHUKO cord ends, 3 meters",
PAN-PWR-C19-JP,PALO,"Power cord with IEC-60320 C19 and NEMA L6-20P cord ends, 3 meters",
PAN-PWR-C19-JP-120V,PALO,"Power Cord, Japan, 15A, 125V, JISC8303 to C19, 10ft, PSE Certified",
PAN-PWR-C19-TW,PALO,"Power cord with IEC-60320 C19 and CNS 10917-3 cord ends, 3 meters",
,PALO,,
PAN-PWR-C19-UK,PALO,"Power cord with IEC-60320 C19 and BS 1363 UK13 cord ends, 3 meters",
PAN-PWR-C19-US,PALO,"Power cord with IEC-60320 C19 and NEMA 6-20P cord ends, 3 meters",
PAN-PWR-C19-US-L,PALO,"Power cord with IEC-60320 C19 and locking NEMA L6-20P cord ends, 3 meters",
PAN-PWR-C19-US-120V,PALO,"Power Cord, North America, 15A, 125V, C19 to NEMA 5-15P, 10ft",
PAN-PWR-C19-C14,PALO,"Power Cord, North America, 15A, 250V, IEC C19 to IEC C14, 10ft",
PAN-PWR-C19-C20,PALO,"Power Cord, North America, 20A, 250V, IEC C19 to IEC C20, 10ft",
PAN-PWR-C13-C14,PALO,"Power cord for PDU with IEC-60320 C13 and IEC-60320 C13 cord ends,15A, 250V max, 10ft",
PAN-PWR-CORD-AUS,PALO,"Power cord for Australia with IEC-60320 C13 and AS/NZS 4417 cord ends, 10A, 250V max, 6ft",
PAN-PWR-CORD-EU,PALO,"Power cord for Continental Europe with IEC-60320 C13 and CEE 7/7 SCHUKO cord ends,10A, 250V max, 6ft",
PAN-PWR-CORD-JP-15,PALO,"Power cord for Japan with IEC-60320 C13 and JISC8303 cord ends, 15A, 125V max, 6ft",
PAN-PWR-CORD-SUI,PALO,"Power cord for Switzerland with IEC-60320 C13 and SEV1011 cord ends, 10A, 250V max, 6ft",
PAN-PWR-CORD-TW-15,PALO,"Power cord for Taiwan with IEC-60320 C13 and CNS 10917 cord ends, 15A, 125V max, 6ft",
PAN-PWR-CORD-UK,PALO,"Power cord for United Kingdom with IEC-60320 C13 and BS 1363 UK13 cord ends, 10A, 250V max, 6ft",
PAN-PWR-CORD-US,PALO,"Power cord for North America with IEC-60320 C13 and NEMA 5-15P cord ends, 10A, 125V max, 6ft",
PAN-PWR-CORD-US-13A,PALO,"Power cord for North America with IEC-60320 C13 and NEMA 5-15P cord ends, 13A, 125V max, 6ft",
PAN-AIRDUCT,PALO,"Passive air duct to redirect air flow changing from side to side to front to rear, requires 14RU of rack space.",
PAN-M-100-ACC,PALO,M-100 Spare accessory kit,
PAN-M-500-ACC,PALO,M-500 Spare accessory kit,
PAN-WF-500-ACC,PALO,WF-500 Spare accessory kit,
PAN-PA-200-ACC,PALO,Accessory kit for PA-200,
PAN-PA-220-ACC,PALO,Accessory kit for PA-220,
PAN-PA-500-ACC,PALO,Accessory kit for PA-500,
PAN-PA-800-ACC,PALO,Accessory kit for PA-820 and PA-850,
PAN-PA-3020-ACC,PALO,Accessory kit for PA-3020,
PAN-PA-3050-ACC,PALO,Accessory kit for PA-3050,
PAN-PA-3060-ACC,PALO,Accessory kit for PA-3060,
PAN-PA-5020-ACC,PALO,Accessory kit for PA-5020,
PAN-PA-5050-ACC,PALO,Accessory kit for PA-5050,
PAN-PA-5060-ACC,PALO,Accessory kit for PA-5060,
PAN-PA-5200-ACC,PALO,PA-5200 Series Accessory Kit,
PAN-PA-7050-ACC,PALO,Accessory kit for PA-7050,
PAN-PA-7080-ACC,PALO,Accessory kit for PA-7080,
PAN-PA-2020-VSYS-5,PALO,Virtual systems upgrade - Additional 5 virtual systems (1 to 6) for PA-2020,
PAN-PA-2050-VSYS-5,PALO,Virtual systems upgrade - Additional 5 virtual systems (1 to 6) for PA-2050,
PAN-PA-3020-VSYS-5,PALO,Virtual systems upgrade - Additional 5 virtual systems (1 to 6) for PA-3020,
PAN-PA-3050-VSYS-5,PALO,Virtual systems upgrade - Additional 5 virtual systems (1 to 6) for PA-3050,
PAN-PA-3060-VSYS-5,PALO,Virtual systems upgrade - Additional 5 virtual systems (1 to 6) for PA-3060,
PAN-PA-4020-VSYS-10,PALO,Virtual systems upgrade - Additional 10 virtual systems (10 to 20) for PA-4020,
PAN-PA-4050-VSYS-100,PALO,Virtual systems upgrade - Additional 100 virtual systems for PA-4050 (max 125 per device),
PAN-PA-4050-VSYS-50,PALO,Virtual systems upgrade - Additional 50 virtual systems for PA-4050 (max 125 per device),
PAN-PA-4060-VSYS-100,PALO,Virtual systems upgrade - Additional 100 virtual systems for PA-4060 (max 125 per device),
PAN-PA-4060-VSYS-50,PALO,Virtual systems upgrade - Additional 50 virtual systems for PA-4060 (max 125 per device),
PAN-PA-5020-VSYS-10,PALO,Virtual systems upgrade - Additional 10 virtual systems (10 to 20) for PA-5020,
PAN-PA-5050-VSYS-50,PALO,Virtual systems upgrade - Additional 50 virtual systems for PA-5050 (max 125 per device),
PAN-PA-5050-VSYS-100,PALO,Virtual systems upgrade - Additional 100 virtual systems for PA-5050 (max 125 per device),
PAN-PA-5060-VSYS-50,PALO,Virtual systems upgrade - Additional 50 virtual systems for PA-5060 (max 225 per device),
PAN-PA-5060-VSYS-100,PALO,Virtual systems upgrade - Additional 100 virtual systems for PA-5060 (max 225 per device),
PAN-PA-5060-VSYS-200,PALO,Virtual systems upgrade - Additional 200 virtual systems for PA-5060 (max 225 per device),
PAN-PA-5220-VSYS-10,PALO,Virtual systems upgrade - Additional 10 virtual systems (10 to 20) for PA-5220,
PAN-PA-5250-VSYS-50,PALO,Virtual systems upgrade - Additional 50 virtual systems for PA-5250 (max 125 per device),
PAN-PA-5250-VSYS-100,PALO,Virtual systems upgrade - Additional 100 virtual systems for PA-5250 (max 125 per device),
PAN-PA-5260-VSYS-50,PALO,Virtual systems upgrade - Additional 50 virtual systems for PA-5260 (max 225 per device),
PAN-PA-5260-VSYS-100,PALO,Virtual systems upgrade - Additional 100 virtual systems for PA-5260 (max 225 per device),
PAN-PA-5260-VSYS-200,PALO,Virtual systems upgrade - Additional 200 virtual systems for PA-5260 (max 225 per device),
PAN-PA-7050-VSYS-50,PALO,Virtual systems upgrade - Additional 50 virtual systems for PA-7050 (max 225 per device),
PAN-PA-7050-VSYS-100,PALO,Virtual systems upgrade - Additional 100 virtual systems for PA-7050 (max 225 per device),
PAN-PA-7050-VSYS-200,PALO,Virtual systems upgrade - Additional 200 virtual systems for PA-7050 (max 225 per device),
PAN-PA-7080-VSYS-50,PALO,Virtual systems upgrade - Additional 50 virtual systems for PA-7080 (max 225 per device),
PAN-PA-7080-VSYS-100,PALO,Virtual systems upgrade - Additional 100 virtual systems for PA-7080 (max 225 per device),
PAN-PA-7080-VSYS-200,PALO,Virtual systems upgrade - Additional 200 virtual systems for PA-7080 (max 225 per device),
PAN-QSFP-40GBASE-ER4,PALO,"QSFP+ form factor, 40Gb ER4 optical transceiver, extended reach 40Km, SMF, duplex LC, IEEE 802.3ba 40GBASE-ER4 compliant",
PAN-QSFP-40GBASE-LR4,PALO,"QSFP+ form factor, 40Gb LR4 optical transceiver, long reach 10Km, SMF, duplex LC, IEEE 802.3ba 40GBASE-LR4 compliant",
PAN-QSFP-40GBASE-SR4,PALO,"QSFP+ form factor, 40Gb SR4 optical transceiver, short reach 100m OM3, 12 strand MPO connector, IEEE 802.3ba 40GBASE-SR4
compliant",
PAN-QSFP28-100GBASE-LR4,PALO,"QSFP28 form factor, 100Gb LR4 optical transceiver, long reach 10km, SMF, duplex LC, IEEE 802.3ba 100GBASE-LR4 compliant",
PAN-QSFP28-100GBASE-SR4,PALO,"QSFP28 form factor, 100Gb SR4 optical transceiver, short reach 100m OM4 (70m OM3), 12 strand MPO, MMF, IEEE 802.3ba
100GBASE-SR4 compliant",
PAN-QSFP28-AOC-10M,PALO,"QSFP28 form factor, 100Gb active optical cable with 2 transceivers and 10m of cable permanently bonded as an assembly",
PAN-QSFP-AOC-10M,PALO,"QSFP+ form factor, 40Gb active optical cable with 2 transceivers and 10m of cable permanently bonded as an assembly",
PAN-SFP-CG,PALO,"SFP form factor, 1Gb copper transceiver, 100m over Cat5 RJ-45, IEEE 802.3ab 1000BASE-T compliant",
PAN-SFP-LX,PALO,"SFP form factor, LX 1Gb optical transceiver, 10Km reach, SMF, duplex LC, IEEE 802.3ab 1000BASE-LX compliant",
PAN-SFP-PLUS-CU-5M,PALO,"SFP+ form factor, 10Gb direct attach twin-ax passive cable with 2 transceiver ends and 5m of cable permanently bonded as an
assembly, IEEE 802.3ae 10GBASE-CR compliant",
PAN-SFP-PLUS-ER,PALO,"SFP+ form factor, ER 10Gb optical transceiver, extended reach 40Km, SMF, duplex LC, IEEE 802.3ae 10GBASE-ER compliant",
PAN-SFP-PLUS-LR,PALO,"SFP+ form factor, LR 10Gb optical transceiver, long reach 10Km, SMF, duplex LC, IEEE 802.3ae 10GBASE-LR compliant",
PAN-SFP-PLUS-SR,PALO,"SFP+ form factor, SR 10Gb optical transceiver, short reach 300m, OM3 MMF, duplex LC, IEEE 802.3ae 10GBASE-SR compliant",
PAN-SFP-SX,PALO,"SFP form factor, SX 1Gb optical transceiver, 550m reach on OM2 MMF, duplex LC, IEEE 802.3z 1000BASE-SX compliant",
PAN-SFP-ZX,PALO,"SFP form factor, ZX 1Gb optical transceiver, 80Km reach, SMF, duplex LC",
PAN-XFP-LR,PALO,"XFP form factor, LR 10Gb optical transceiver, long reach 10Km, SMF, duplex LC, IEEE 802.3ae 10GBASE-LR compliant",
PAN-XFP-SR,PALO,"XFP form factor, SR 10Gb optical transceiver, short reach 300m, OM3 MMF, duplex LC, IEEE 802.3ae 10GBASE-SR compliant",
PAN-PA-200-BND2,PALO,"Subscription Bundle year 1, PA-200 (Threat Prevention, BrightCloud URL Filtering, WildFire)",
PAN-PA-200-BND2-R,PALO,"Subscription Bundle renewal, PA-200 (Threat Prevention, BrightCloud URL Filtering, WildFire)",
PAN-PA-200-BND2-3YR,PALO,"Subscription Bundle 3-year prepaid, PA-200 (Threat Prevention, BrightCloud URL Filtering, WildFire)",
PAN-PA-200-BND2-3YR-R,PALO,"Subscription Bundle 3-year prepaid renewal, PA-200 (Threat Prevention, BrightCloud URL Filtering, WildFire)",
PAN-PA-200-BND2-5YR,PALO,"Subscription Bundle 5-year prepaid, PA-200 (Threat Prevention, BrightCloud URL Filtering, WildFire)",
PAN-PA-200-BND2-5YR-R,PALO,"Subscription Bundle 5-year prepaid renewel, PA-200 (Threat Prevention, BrightCloud URL Filtering, WildFire)",
PAN-PA-200-BND4,PALO,"Subscription Bundle year 1, PA-200 (Threat Prevention, PANDB URL Filtering, WildFire)",
PAN-PA-200-BND4-R,PALO,"Subscription Bundle renewal, PA-200 (Threat Prevention, PANDB URL Filtering, WildFire)",
,PALO,,
PAN-PA-200-BND4-3YR,PALO,"Subscription Bundle 3-year prepaid, PA-200 (Threat Prevention, PANDB URL Filtering, WildFire)",
PAN-PA-200-BND4-3YR-R,PALO,"Subscription Bundle 3-year prepaid renewal, PA-200 (Threat Prevention, PANDB URL Filtering, WildFire)",
PAN-PA-200-BND4-5YR,PALO,"Subscription Bundle 5-year prepaid, PA-200 (Threat Prevention, PANDB URL Filtering, WildFire)",
PAN-PA-200-BND4-5YR-R,PALO,"Subscription Bundle 5-year prepaid renewel, PA-200 (Threat Prevention, PANDB URL Filtering, WildFire)",
PAN-GP-200-PORTAL,PALO,"GlobalProtect portal license, PA-200, not required if running 7.0 or higher PAN OS version",
PAN-GP-500-PORTAL,PALO,"GlobalProtect portal license, PA-500, not required if running 7.0 or higher PAN OS version",
PAN-GP-2020-PORTAL,PALO,"GlobalProtect portal license, PA-2020, not required if running 7.0 or higher PAN OS version",
PAN-GP-2050-PORTAL,PALO,"GlobalProtect portal license, PA-2050, not required if running 7.0 or higher PAN OS version",
PAN-GP-3020-PORTAL,PALO,"GlobalProtect Portal license, PA-3020, not required if running 7.0 or higher PAN OS version",
PAN-GP-3050-PORTAL,PALO,"GlobalProtect Portal license, PA-3050, not required if running 7.0 or higher PAN OS version",
PAN-GP-3060-PORTAL,PALO,"GlobalProtect Portal license, PA-3060, not required if running 7.0 or higher PAN OS version",
PAN-GP-4020-PORTAL,PALO,"GlobalProtect portal license, PA-4020, not required if running 7.0 or higher PAN OS version",
PAN-GP-4050-PORTAL,PALO,"GlobalProtect portal license, PA-4050, not required if running 7.0 or higher PAN OS version",
PAN-GP-4060-PORTAL,PALO,"GlobalProtect portal license, PA-4060, not required if running 7.0 or higher PAN OS version",
PAN-GP-5020-PORTAL,PALO,"GlobalProtect portal license, PA-5020, not required if running 7.0 or higher PAN OS version",
PAN-GP-5050-PORTAL,PALO,"GlobalProtect portal license, PA-5050, not required if running 7.0 or higher PAN OS version",
PAN-GP-5060-PORTAL,PALO,"GlobalProtect portal license, PA-5060, not required if running 7.0 or higher PAN OS version",
PAN-GP-7050-PORTAL,PALO,"GlobalProtect portal license, PA-7050, not required if running 7.0 or higher PAN OS version",
PAN-GP-VM-100-PORTAL,PALO,"GlobalProtect Portal license, VM-100, not required if running 7.0 or higher PAN OS version",
PAN-GP-VM-200-PORTAL,PALO,"GlobalProtect Portal license, VM-200, not required if running 7.0 or higher PAN OS version",
PAN-GP-VM-300-PORTAL,PALO,"GlobalProtect Portal license, VM-300, not required if running 7.0 or higher PAN OS version",
PAN-GP-VM-1000-HV-PORTAL,PALO,"GlobalProtect Portal license, VM-1000-HV, required for HIP check and multiple gateway",
PAN-PA-200-GP,PALO,"GlobalProtect subscription year 1, PA-200",
PAN-PA-200-GP-R,PALO,"GlobalProtect subscription renewal, PA-200",
PAN-PA-200-GP-3YR,PALO,"GlobalProtect subscription 3-year prepaid, PA-200",
PAN-PA-200-GP-3YR-R,PALO,"GlobalProtect subscription 3-year prepaid renewal, PA-200",
PAN-PA-200-GP-5YR,PALO,"GlobalProtect subscription 5-year prepaid, PA-200",
PAN-PA-200-GP-5YR-R,PALO,"GlobalProtect subscription 5-year prepaid renewal, PA-200",
PAN-PA-200-GP-HA2,PALO,"GlobalProtect subscription for device in an HA pair year 1, PA-200",
PAN-PA-200-GP-HA2-R,PALO,"GlobalProtect subscription for device in an HA pair renewal, PA-200",
PAN-PA-200-GP-3YR-HA2,PALO,"GlobalProtect subscription 3 year prepaid for device in an HA pair, PA-200",
PAN-PA-200-GP-3YR-HA2-R,PALO,"GlobalProtect subscription 3 year prepaid renewal for device in an HA pair, PA-200",
PAN-PA-200-GP-5YR-HA2,PALO,"GlobalProtect subscription 5 year prepaid for device in an HA pair, PA-200",
PAN-PA-200-GP-5YR-HA2-R,PALO,"GlobalProtect subscription 5 year prepaid renewal for device in an HA pair, PA-200",
PAN-PA-220-GP,PALO,"GlobalProtect subscription year 1, PA-220",
PAN-PA-220-GP-R,PALO,"GlobalProtect subscription renewal, PA-220",
PAN-PA-220-GP-3YR,PALO,"GlobalProtect subscription 3-year prepaid, PA-220",
PAN-PA-220-GP-3YR-R,PALO,"GlobalProtect subscription 3-year prepaid renewal, PA-220",
PAN-PA-220-GP-5YR,PALO,"GlobalProtect subscription 5-year prepaid, PA-220",
PAN-PA-220-GP-5YR-R,PALO,"GlobalProtect subscription 5-year prepaid renewal, PA-220",
PAN-PA-220-GP-HA2,PALO,"GlobalProtect subscription for device in an HA pair year 1, PA-220",
PAN-PA-220-GP-HA2-R,PALO,"GlobalProtect subscription for device in an HA pair renewal, PA-220",
PAN-PA-220-GP-3YR-HA2,PALO,"GlobalProtect subscription 3 year prepaid for device in an HA pair, PA-220",
PAN-PA-220-GP-3YR-HA2-R,PALO,"GlobalProtect subscription 3 year prepaid renewal for device in an HA pair, PA-220",
PAN-PA-220-GP-5YR-HA2,PALO,"GlobalProtect subscription 5 year prepaid for device in an HA pair, PA-220",
PAN-PA-220-GP-5YR-HA2-R,PALO,"GlobalProtect subscription 5 year prepaid renewal for device in an HA pair, PA-220",
PAN-PA-500-GP,PALO,"GlobalProtect subscription year 1, PA-500",
PAN-PA-500-GP-R,PALO,"GlobalProtect subscription renewal, PA-500",
PAN-PA-500-GP-3YR,PALO,"GlobalProtect subscription 3-year prepaid, PA-500",
PAN-PA-500-GP-3YR-R,PALO,"GlobalProtect subscription 3-year prepaid renewal, PA-500",
PAN-PA-500-GP-5YR,PALO,"GlobalProtect subscription 5-year prepaid, PA-500",
PAN-PA-500-GP-5YR-R,PALO,"GlobalProtect subscription 5-year prepaid renewal, PA-500",
PAN-PA-500-GP-HA2,PALO,"GlobalProtect subscription for device in an HA pair year 1, PA-500",
PAN-PA-500-GP-HA2-R,PALO,"GlobalProtect subscription for device in an HA pair renewal, PA-500",
PAN-PA-500-GP-3YR-HA2,PALO,"GlobalProtect subscription 3 year prepaid for device in an HA pair, PA-500",
PAN-PA-500-GP-3YR-HA2-R,PALO,"GlobalProtect subscription 3 year prepaid renewal for device in an HA pair, PA-500",
PAN-PA-500-GP-5YR-HA2,PALO,"GlobalProtect subscription 5 year prepaid for device in an HA pair, PA-500",
PAN-PA-500-GP-5YR-HA2-R,PALO,"GlobalProtect subscription 5 year prepaid renewal for device in an HA pair, PA-500",
PAN-PA-820-GP,PALO,"GlobalProtect subscription year 1, PA-820",
PAN-PA-820-GP-R,PALO,"GlobalProtect subscription renewal, PA-820",
PAN-PA-820-GP-3YR,PALO,"GlobalProtect subscription 3-year prepaid, PA-820",
PAN-PA-820-GP-3YR-R,PALO,"GlobalProtect subscription renewal 3-year prepaid, PA-820",
PAN-PA-820-GP-5YR,PALO,"GlobalProtect subscription 5-year prepaid, PA-820",
PAN-PA-820-GP-5YR-R,PALO,"GlobalProtect subscription renewal 5-year prepaid, PA-820",
PAN-PA-820-GP-HA2,PALO,"GlobalProtect subscription for devices in HA pair, PA-820",
PAN-PA-820-GP-HA2-R,PALO,"GlobalProtect subscription renewal for devices in HA pair, PA-820",
PAN-PA-820-GP-3YR-HA2,PALO,"GlobalProtect subscription 3-year prepaid for device in an HA pair, PA-820",
PAN-PA-820-GP-3YR-HA2-R,PALO,"GlobalProtect subscription 3-year prepaid renewal for device in an HA pair, PA-820",
PAN-PA-820-GP-5YR-HA2,PALO,"GlobalProtect subscription 5-year prepaid for device in an HA pair, PA-820",
PAN-PA-820-GP-5YR-HA2-R,PALO,"GlobalProtect subscription renewal 5-year prepaid for device in an HA pair, PA-820",
PAN-PA-850-GP,PALO,"GlobalProtect subscription year 1, PA-850",
PAN-PA-850-GP-R,PALO,"GlobalProtect subscription renewal year 1, PA-850",
PAN-PA-850-GP-3YR,PALO,"GlobalProtect subscription 3-year prepaid, PA-850",
PAN-PA-850-GP-3YR-R,PALO,"GlobalProtect subscription 3-year prepaid renewal, PA-850",
PAN-PA-850-GP-5YR,PALO,"GlobalProtect subscription 5-year prepaid, PA-850",
PAN-PA-850-GP-5YR-R,PALO,"GlobalProtect subscription 5-year prepaid renewal, PA-850",
PAN-PA-850-GP-HA2,PALO,"GlobalProtect subscription for device in an HA pair year 1, PA-850",
PAN-PA-850-GP-HA2-R,PALO,"GlobalProtect subscription for device in an HA pair renewal, PA-850",
PAN-PA-850-GP-3YR-HA2,PALO,"GlobalProtect subscription 3-year prepaid for device in an HA pair, PA-850",
PAN-PA-850-GP-3YR-HA2-R,PALO,"GlobalProtect subscription 3-year prepaid renewal for device in an HA pair, PA-850",
PAN-PA-850-GP-5YR-HA2,PALO,"GlobalProtect subscription 5-year prepaid for device in an HA pair, PA-850",
PAN-PA-850-GP-5YR-HA2-R,PALO,"GlobalProtect subscription 5-year prepaid renewal for device in an HA pair, PA-850",
PAN-PA-2020-GP,PALO,"GlobalProtect subscription year 1, PA-2020",
PAN-PA-2020-GP-R,PALO,"GlobalProtect subscription renewal, PA-2020",
PAN-PA-2020-GP-HA2,PALO,"GlobalProtect subscription for device in an HA pair year 1, PA-2020",
PAN-PA-2020-GP-HA2-R,PALO,"GlobalProtect subscription for device in an HA pair renewal, PA-2020",
PAN-PA-2050-GP,PALO,"GlobalProtect subscription year 1, PA-2050",
PAN-PA-2050-GP-R,PALO,"GlobalProtect subscription renewal, PA-2050",
PAN-PA-2050-GP-HA2,PALO,"GlobalProtect subscription for device in an HA pair year 1, PA-2050",
PAN-PA-2050-GP-HA2-R,PALO,"GlobalProtect subscription for device in an HA pair renewal, PA-2050",
PAN-PA-3020-GP,PALO,"GlobalProtect subscription year 1, PA-3020",
PAN-PA-3020-GP-R,PALO,"GlobalProtect subscription renewal, PA-3020",
PAN-PA-3020-GP-3YR,PALO,"GlobalProtect subscription 3-year prepaid, PA-3020",
PAN-PA-3020-GP-3YR-R,PALO,"GlobalProtect subscription renewal 3-year prepaid, PA-3020",
PAN-PA-3020-GP-5YR,PALO,"GlobalProtect subscription 5-year prepaid, PA-3020",
PAN-PA-3020-GP-5YR-R,PALO,"GlobalProtect subscription renewal 5-year prepaid, PA-3020",
,PALO,,
PAN-PA-3020-GP-HA2,PALO,"GlobalProtect subscription for devices in HA pair, PA-3020",
PAN-PA-3020-GP-HA2-R,PALO,"GlobalProtect subscription renewal for devices in HA pair, PA-3020",
PAN-PA-3020-GP-3YR-HA2,PALO,"GlobalProtect subscription 3-year prepaid for device in an HA pair, PA-3020",
PAN-PA-3020-GP-3YR-HA2-R,PALO,"GlobalProtect subscription 3-year prepaid renewal for device in an HA pair, PA-3020",
PAN-PA-3020-GP-5YR-HA2,PALO,"GlobalProtect subscription 5-year prepaid for device in an HA pair, PA-3020",
PAN-PA-3020-GP-5YR-HA2-R,PALO,"GlobalProtect subscription renewal 5-year prepaid for device in an HA pair, PA-3020",
PAN-PA-3050-GP,PALO,"GlobalProtect subscription year 1, PA-3050",
PAN-PA-3050-GP-R,PALO,"GlobalProtect subscription renewal year 1, PA-3050",
PAN-PA-3050-GP-3YR,PALO,"GlobalProtect subscription 3-year prepaid, PA-3050",
PAN-PA-3050-GP-3YR-R,PALO,"GlobalProtect subscription 3-year prepaid renewal, PA-3050",
PAN-PA-3050-GP-5YR,PALO,"GlobalProtect subscription 5-year prepaid, PA-3050",
PAN-PA-3050-GP-5YR-R,PALO,"GlobalProtect subscription 5-year prepaid renewal, PA-3050",
PAN-PA-3050-GP-HA2,PALO,"GlobalProtect subscription for device in an HA pair year 1, PA-3050",
PAN-PA-3050-GP-HA2-R,PALO,"GlobalProtect subscription for device in an HA pair renewal, PA-3050",
PAN-PA-3050-GP-3YR-HA2,PALO,"GlobalProtect subscription 3-year prepaid for device in an HA pair, PA-3050",
PAN-PA-3050-GP-3YR-HA2-R,PALO,"GlobalProtect subscription 3-year prepaid renewal for device in an HA pair, PA-3050",
PAN-PA-3050-GP-5YR-HA2,PALO,"GlobalProtect subscription 5-year prepaid for device in an HA pair, PA-3050",
PAN-PA-3050-GP-5YR-HA2-R,PALO,"GlobalProtect subscription 5-year prepaid renewal for device in an HA pair, PA-3050",
PAN-PA-3060-GP,PALO,"GlobalProtect subscription year 1, PA-3060",
PAN-PA-3060-GP-R,PALO,"GlobalProtect subscription renewal year 1, PA-3060",
PAN-PA-3060-GP-3YR,PALO,"GlobalProtect subscription 3-year prepaid, PA-3060",
PAN-PA-3060-GP-3YR-R,PALO,"GlobalProtect subscription 3-year prepaid renewal, PA-3060",
PAN-PA-3060-GP-5YR,PALO,"GlobalProtect subscription 5-year prepaid, PA-3060",
PAN-PA-3060-GP-5YR-R,PALO,"GlobalProtect subscription 5-year prepaid renewal, PA-3060",
PAN-PA-3060-GP-HA2,PALO,"GlobalProtect subscription for device in an HA pair year 1, PA-3060",
PAN-PA-3060-GP-HA2-R,PALO,"GlobalProtect subscription for device in an HA pair renewal, PA-3060",
PAN-PA-3060-GP-3YR-HA2,PALO,"GlobalProtect subscription 3-year prepaid for device in an HA pair, PA-3060",
PAN-PA-3060-GP-3YR-HA2-R,PALO,"GlobalProtect subscription 3-year prepaid renewal for device in an HA pair, PA-3060",
PAN-PA-3060-GP-5YR-HA2,PALO,"GlobalProtect subscription 5-year prepaid for device in an HA pair, PA-3060",
PAN-PA-3060-GP-5YR-HA2-R,PALO,"GlobalProtect subscription 5-year prepaid renewal for device in an HA pair, PA-3060",
PAN-PA-4020-GP,PALO,"GlobalProtect subscription year 1, PA-4020",
PAN-PA-4020-GP-R,PALO,"GlobalProtect subscription renewal, PA-4020",
PAN-PA-4020-GP-HA2,PALO,"GlobalProtect subscription for device in an HA pair year 1, PA-4020",
PAN-PA-4020-GP-HA2-R,PALO,"GlobalProtect subscription for device in an HA pair renewal, PA-4020",
PAN-PA-4050-GP,PALO,"GlobalProtect subscription year 1, PA-4050",
PAN-PA-4050-GP-R,PALO,"GlobalProtect subscription renewal, PA-4050",
PAN-PA-4050-GP-HA2,PALO,"GlobalProtect subscription for device in an HA pair year 1, PA-4050",
PAN-PA-4050-GP-HA2-R,PALO,"GlobalProtect subscription for device in an HA pair renewal, PA-4050",
PAN-PA-4060-GP,PALO,"GlobalProtect subscription year 1, PA-4060",
PAN-PA-4060-GP-R,PALO,"GlobalProtect subscription renewal, PA-4060",
PAN-PA-4060-GP-HA2,PALO,"GlobalProtect subscription for device in an HA pair year 1, PA-4060",
PAN-PA-4060-GP-HA2-R,PALO,"GlobalProtect subscription for device in an HA pair renewal, PA-4060",
PAN-PA-5020-GP,PALO,"GlobalProtect subscription year 1, PA-5020",
PAN-PA-5020-GP-R,PALO,"GlobalProtect subscription renewal, PA-5020",
PAN-PA-5020-GP-3YR,PALO,"GlobalProtect subscription 3-year prepaid, PA-5020",
PAN-PA-5020-GP-3YR-R,PALO,"GlobalProtect subscription 3-year prepaid renewal, PA-5020",
PAN-PA-5020-GP-5YR,PALO,"GlobalProtect subscription 5-year prepaid, PA-5020",
PAN-PA-5020-GP-5YR-R,PALO,"GlobalProtect subscription 5-year prepaid renewal, PA-5020",
PAN-PA-5020-GP-HA2,PALO,"GlobalProtect subscription for device in an HA pair year 1, PA-5020",
PAN-PA-5020-GP-HA2-R,PALO,"GlobalProtect subscription for device in an HA pair renewal, PA-5020",
PAN-PA-5020-GP-3YR-HA2,PALO,"GlobalProtect subscription 3 year prepaid for device in an HA pair, PA-5020",
PAN-PA-5020-GP-3YR-HA2-R,PALO,"GlobalProtect subscription 3 year prepaid renewal for device in an HA pair, PA-5020",
PAN-PA-5020-GP-5YR-HA2,PALO,"GlobalProtect subscription 5 year prepaid for device in an HA pair, PA-5020",
PAN-PA-5020-GP-5YR-HA2-R,PALO,"GlobalProtect subscription 5 year prepaid renewal for device in an HA pair, PA-5020",
PAN-PA-5050-GP,PALO,"GlobalProtect subscription year 1, PA-5050",
PAN-PA-5050-GP-R,PALO,"GlobalProtect subscription renewal, PA-5050",
PAN-PA-5050-GP-3YR,PALO,"GlobalProtect subscription 3-year prepaid, PA-5050",
PAN-PA-5050-GP-3YR-R,PALO,"GlobalProtect subscription 3-year prepaid renewal, PA-5050",
PAN-PA-5050-GP-5YR,PALO,"GlobalProtect subscription 5-year prepaid, PA-5050",
PAN-PA-5050-GP-5YR-R,PALO,"GlobalProtect subscription 5-year prepaid renewal, PA-5050",
PAN-PA-5050-GP-HA2,PALO,"GlobalProtect subscription for device in an HA pair year 1, PA-5050",
PAN-PA-5050-GP-HA2-R,PALO,"GlobalProtect subscription for device in an HA pair renewal, PA-5050",
PAN-PA-5050-GP-3YR-HA2,PALO,"GlobalProtect subscription 3 year prepaid for device in an HA pair, PA-5050",
PAN-PA-5050-GP-3YR-HA2-R,PALO,"GlobalProtect subscription 3 year prepaid renewal for device in an HA pair, PA-5050",
PAN-PA-5050-GP-5YR-HA2,PALO,"GlobalProtect subscription 5 year prepaid for device in an HA pair, PA-5050",
PAN-PA-5050-GP-5YR-HA2-R,PALO,"GlobalProtect subscription 5 year prepaid renewal for device in an HA pair, PA-5050",
PAN-PA-5060-GP,PALO,"GlobalProtect subscription year 1, PA-5060",
PAN-PA-5060-GP-R,PALO,"GlobalProtect subscription renewal, PA-5060",
PAN-PA-5060-GP-3YR,PALO,"GlobalProtect subscription 3-year prepaid, PA-5060",
PAN-PA-5060-GP-3YR-R,PALO,"GlobalProtect subscription 3-year prepaid renewal, PA-5060",
PAN-PA-5060-GP-5YR,PALO,"GlobalProtect subscription 5-year prepaid, PA-5060",
PAN-PA-5060-GP-5YR-R,PALO,"GlobalProtect subscription 5-year prepaid renewal, PA-5060",
PAN-PA-5060-GP-HA2,PALO,"GlobalProtect subscription for device in an HA pair year 1, PA-5060",
PAN-PA-5060-GP-HA2-R,PALO,"GlobalProtect subscription for device in an HA pair renewal, PA-5060",
PAN-PA-5060-GP-3YR-HA2,PALO,"GlobalProtect subscription 3 year prepaid for device in an HA pair, PA-5060",
PAN-PA-5060-GP-3YR-HA2-R,PALO,"GlobalProtect subscription 3 year prepaid renewal for device in an HA pair, PA-5060",
PAN-PA-5060-GP-5YR-HA2,PALO,"GlobalProtect subscription 5 year prepaid for device in an HA pair, PA-5060",
PAN-PA-5060-GP-5YR-HA2-R,PALO,"GlobalProtect subscription 5 year prepaid renewal for device in an HA pair, PA-5060",
PAN-PA-5220-GP,PALO,"GlobalProtect subscription year 1, PA-5220",
PAN-PA-5220-GP-R,PALO,"GlobalProtect subscription renewal, PA-5220",
PAN-PA-5220-GP-3YR,PALO,"GlobalProtect subscription 3-year prepaid, PA-5220",
PAN-PA-5220-GP-3YR-R,PALO,"GlobalProtect subscription 3-year prepaid renewal, PA-5220",
PAN-PA-5220-GP-5YR,PALO,"GlobalProtect subscription 5-year prepaid, PA-5220",
PAN-PA-5220-GP-5YR-R,PALO,"GlobalProtect subscription 5-year prepaid renewal, PA-5220",
PAN-PA-5220-GP-HA2,PALO,"GlobalProtect subscription for device in an HA pair year 1, PA-5220",
PAN-PA-5220-GP-HA2-R,PALO,"GlobalProtect subscription for device in an HA pair renewal, PA-5220",
PAN-PA-5220-GP-3YR-HA2,PALO,"GlobalProtect subscription 3 year prepaid for device in an HA pair, PA-5220",
PAN-PA-5220-GP-3YR-HA2-R,PALO,"GlobalProtect subscription 3 year prepaid renewal for device in an HA pair, PA-5220",
PAN-PA-5220-GP-5YR-HA2,PALO,"GlobalProtect subscription 5 year prepaid for device in an HA pair, PA-5220",
PAN-PA-5220-GP-5YR-HA2-R,PALO,"GlobalProtect subscription 5 year prepaid renewal for device in an HA pair, PA-5220",
PAN-PA-5250-GP,PALO,"GlobalProtect subscription year 1, PA-5250",
PAN-PA-5250-GP-R,PALO,"GlobalProtect subscription renewal, PA-5250",
PAN-PA-5250-GP-3YR,PALO,"GlobalProtect subscription 3-year prepaid, PA-5250",
PAN-PA-5250-GP-3YR-R,PALO,"GlobalProtect subscription 3-year prepaid renewal, PA-5250",
PAN-PA-5250-GP-5YR,PALO,"GlobalProtect subscription 5-year prepaid, PA-5250",
PAN-PA-5250-GP-5YR-R,PALO,"GlobalProtect subscription 5-year prepaid renewal, PA-5250",
,PALO,,
PAN-PA-5250-GP-HA2,PALO,"GlobalProtect subscription for device in an HA pair year 1, PA-5250",
PAN-PA-5250-GP-HA2-R,PALO,"GlobalProtect subscription for device in an HA pair renewal, PA-5250",
PAN-PA-5250-GP-3YR-HA2,PALO,"GlobalProtect subscription 3 year prepaid for device in an HA pair, PA-5250",
PAN-PA-5250-GP-3YR-HA2-R,PALO,"GlobalProtect subscription 3 year prepaid renewal for device in an HA pair, PA-5250",
PAN-PA-5250-GP-5YR-HA2,PALO,"GlobalProtect subscription 5 year prepaid for device in an HA pair, PA-5250",
PAN-PA-5250-GP-5YR-HA2-R,PALO,"GlobalProtect subscription 5 year prepaid renewal for device in an HA pair, PA-5250",
PAN-PA-5260-GP,PALO,"GlobalProtect subscription year 1, PA-5260",
PAN-PA-5260-GP-R,PALO,"GlobalProtect subscription renewal, PA-5260",
PAN-PA-5260-GP-3YR,PALO,"GlobalProtect subscription 3-year prepaid, PA-5260",
PAN-PA-5260-GP-3YR-R,PALO,"GlobalProtect subscription 3-year prepaid renewal, PA-5260",
PAN-PA-5260-GP-5YR,PALO,"GlobalProtect subscription 5-year prepaid, PA-5260",
PAN-PA-5260-GP-5YR-R,PALO,"GlobalProtect subscription 5-year prepaid renewal, PA-5260",
PAN-PA-5260-GP-HA2,PALO,"GlobalProtect subscription for device in an HA pair year 1, PA-5260",
PAN-PA-5260-GP-HA2-R,PALO,"GlobalProtect subscription for device in an HA pair renewal, PA-5260",
PAN-PA-5260-GP-3YR-HA2,PALO,"GlobalProtect subscription 3 year prepaid for device in an HA pair, PA-5260",
PAN-PA-5260-GP-3YR-HA2-R,PALO,"GlobalProtect subscription 3 year prepaid renewal for device in an HA pair, PA-5260",
PAN-PA-5260-GP-5YR-HA2,PALO,"GlobalProtect subscription 5 year prepaid for device in an HA pair, PA-5260",
PAN-PA-5260-GP-5YR-HA2-R,PALO,"GlobalProtect subscription 5 year prepaid renewal for device in an HA pair, PA-5260",
PAN-PA-7050-GP,PALO,"Global Protect subscription year 1, PA-7050",
PAN-PA-7050-GP-R,PALO,"Global Protect subscription renewal year 1, PA-7050",
PAN-PA-7050-GP-3YR,PALO,"Global Protect subscription 3-year prepaid, PA-7050",
PAN-PA-7050-GP-3YR-R,PALO,"Global Protect subscription 3-year prepaid renewal, PA-7050",
PAN-PA-7050-GP-5YR,PALO,"Global Protect subscription 5-year prepaid, PA-7050",
PAN-PA-7050-GP-5YR-R,PALO,"Global Protect subscription 5-year prepaid renewal, PA-7050",
PAN-PA-7050-GP-HA2,PALO,"Global Protect subscription for device in an HA pair year 1, PA-7050",
PAN-PA-7050-GP-HA2-R,PALO,"Global Protect subscription for device in an HA pair renewal, PA-7050",
PAN-PA-7050-GP-3YR-HA2,PALO,"Global Protect subscription 3-year prepaid for device in an HA pair, PA-7050",
PAN-PA-7050-GP-3YR-HA2-R,PALO,"Global Protect subscription 3-year prepaid renewal for device in an HA pair, PA-7050",
PAN-PA-7050-GP-5YR-HA2,PALO,"Global Protect subscription 5-year prepaid for device in an HA pair, PA-7050",
PAN-PA-7050-GP-5YR-HA2-R,PALO,"Global Protect subscription 5-year prepaid renewal for device in an HA pair, PA-7050",
PAN-PA-7080-GP,PALO,"GlobalProtect subscription year 1, PA-7080",
PAN-PA-7080-GP-R,PALO,"GlobalProtect subscription renewal year 1, PA-7080",
PAN-PA-7080-GP-3YR,PALO,"GlobalProtect subscription 3-year prepaid, PA-7080",
PAN-PA-7080-GP-3YR-R,PALO,"GlobalProtect subscription 3-year prepaid renewal, PA-7080",
PAN-PA-7080-GP-5YR,PALO,"GlobalProtect subscription 5-year prepaid, PA-7080",
PAN-PA-7080-GP-5YR-R,PALO,"GlobalProtect subscription 5-year prepaid renewal, PA-7080",
PAN-PA-7080-GP-HA2,PALO,"GlobalProtect subscription for device in an HA pair year 1, PA-7080",
PAN-PA-7080-GP-HA2-R,PALO,"GlobalProtect subscription for device in an HA pair renewal, PA-7080",
PAN-PA-7080-GP-3YR-HA2,PALO,"GlobalProtect subscription 3-year prepaid for device in an HA pair, PA-7080",
PAN-PA-7080-GP-3YR-HA2-R,PALO,"GlobalProtect subscription 3-year prepaid renewal for device in an HA pair, PA-7080",
PAN-PA-7080-GP-5YR-HA2,PALO,"GlobalProtect subscription 5-year prepaid for device in an HA pair, PA-7080",
PAN-PA-7080-GP-5YR-HA2-R,PALO,"GlobalProtect subscription 5-year prepaid renewal for device in an HA pair, PA-7080",
PAN-VM-100-GP,PALO,"GlobalProtect subscription year 1, VM-100",
PAN-VM-100-GP-R,PALO,"GlobalProtect subscription, year 1, renewal",
PAN-VM-100-GP-3YR,PALO,"GlobalProtect subscription, 3 year, VM-100",
PAN-VM-100-GP-3YR-R,PALO,"GlobalProtect subscription, 3 year, renewal, VM-100",
PAN-VM-100-GP-5YR,PALO,"GlobalProtect subscription, 5 year, VM-100",
PAN-VM-100-GP-5YR-R,PALO,"GlobalProtect subscription, 5 year, renewal, VM-100",
PAN-VM-100-GP-HA2,PALO,"GlobalProtect subscription for device in an HA pair, year 1, VM-100",
PAN-VM-100-GP-HA2-R,PALO,"GlobalProtect subscription for device in an HA pair, renewal, VM-100",
PAN-VM-100-GP-3YR-HA2,PALO,"GlobalProtect subscription for device in an HA pair, 3 year, VM-100",
PAN-VM-100-GP-3YR-HA2-R,PALO,"GlobalProtect subscription for device in an HA pair, 3 year, renewal, VM-100",
PAN-VM-100-GP-5YR-HA2,PALO,"GlobalProtect subscription for device in an HA pair, 5 year, VM-100",
PAN-VM-100-GP-5YR-HA2-R,PALO,"GlobalProtect subscription for device in an HA pair, 5 year, renewal, VM-100",
PAN-VM-100-ENT-GP,PALO,"GlobalProtect subscription year 1, VM-100 Enterprise",
PAN-VM-100-ENT-GP-R,PALO,"GlobalProtect subscription, year 1, renewal VM-100 Enterprise",
PAN-VM-100-ENT-GP-3YR,PALO,"GlobalProtect subscription, 3 year, VM-100 Enterprise",
PAN-VM-100-ENT-GP-3YR-R,PALO,"GlobalProtect subscription, 3 year, renewal, VM-100 Enterprise",
PAN-VM-100-ENT-GP-5YR,PALO,"GlobalProtect subscription, 5 year, VM-100 Enterprise",
PAN-VM-100-ENT-GP-5YR-R,PALO,"GlobalProtect subscription, 5 year, renewal, VM-100 Enterprise",
PAN-VM-100-ENT-GP-HA2,PALO,"GlobalProtect subscription for device in an HA pair, year 1, VM-100 Enterprise",
PAN-VM-100-ENT-GP-HA2-R,PALO,"GlobalProtect subscription for device in an HA pair, renewal, VM-100 Enterprise",
PAN-VM-100-ENT-GP-3YR-HA2,PALO,"GlobalProtect subscription for device in an HA pair, 3 year, VM-100 Enterprise",
PAN-VM-100-ENT-GP-3YR-HA2-R,PALO,"GlobalProtect subscription for device in an HA pair, 3 year, renewal, VM-100 Enterprise",
PAN-VM-100-ENT-GP-5YR-HA2,PALO,"GlobalProtect subscription for device in an HA pair, 5 year, VM-100 Enterprise",
PAN-VM-100-ENT-GP-5YR-HA2-R,PALO,"GlobalProtect subscription for device in an HA pair, 5 year, renewal, VM-100 Enterprise",
PAN-VM-200-GP,PALO,"GlobalProtect subscription year 1, VM-200",
PAN-VM-200-GP-R,PALO,"GlobalProtect subscription, year 1, renewal, VM-200",
PAN-VM-200-GP-3YR,PALO,"GlobalProtect subscription, 3 year, VM-200",
PAN-VM-200-GP-3YR-R,PALO,"GlobalProtect subscription, 3 year, renewal, VM-200",
PAN-VM-200-GP-5YR,PALO,"GlobalProtect subscription, 5 year, VM-200",
PAN-VM-200-GP-5YR-R,PALO,"GlobalProtect subscription, 5 year, renewal, VM-200",
PAN-VM-200-GP-HA2,PALO,"GlobalProtect subscription for device in an HA pair, year 1, VM-200",
PAN-VM-200-GP-HA2-R,PALO,"GlobalProtect subscription for device in an HA pair, renewal, VM-200",
PAN-VM-200-GP-3YR-HA2,PALO,"GlobalProtect subscription for device in an HA pair, 3 year, VM-200",
PAN-VM-200-GP-3YR-HA2-R,PALO,"GlobalProtect subscription for device in an HA pair, 3 year, renewal, VM-200",
PAN-VM-200-GP-5YR-HA2,PALO,"GlobalProtect subscription for device in an HA pair, 5 year, VM-200",
PAN-VM-200-GP-5YR-HA2-R,PALO,"GlobalProtect subscription for device in an HA pair, 5 year, renewal, VM-200",
PAN-VM-200-ENT-GP,PALO,"GlobalProtect subscription year 1, VM-200",
PAN-VM-200-ENT-GP-R,PALO,"GlobalProtect subscription, year 1, renewal, VM-200",
PAN-VM-200-ENT-GP-3YR,PALO,"GlobalProtect subscription, 3 year, VM-200",
PAN-VM-200-ENT-GP-3YR-R,PALO,"GlobalProtect subscription, 3 year, renewal, VM-200",
PAN-VM-200-ENT-GP-5YR,PALO,"GlobalProtect subscription, 5 year, VM-200",
PAN-VM-200-ENT-GP-5YR-R,PALO,"GlobalProtect subscription, 5 year, renewal, VM-200",
PAN-VM-200-ENT-GP-HA2,PALO,"GlobalProtect subscription for device in an HA pair, year 1, VM-200",
PAN-VM-200-ENT-GP-HA2-R,PALO,"GlobalProtect subscription for device in an HA pair, renewal, VM-200",
PAN-VM-200-ENT-GP-3YR-HA2,PALO,"GlobalProtect subscription for device in an HA pair, 3 year, VM-200",
PAN-VM-200-ENT-GP-3YR-HA2-R,PALO,"GlobalProtect subscription for device in an HA pair, 3 year, renewal, VM-200",
PAN-VM-200-ENT-GP-5YR-HA2,PALO,"GlobalProtect subscription for device in an HA pair, 5 year, VM-200",
PAN-VM-200-ENT-GP-5YR-HA2-R,PALO,"GlobalProtect subscription for device in an HA pair, 5 year, renewal, VM-200",
PAN-VM-300-GP,PALO,"GlobalProtect subscription year 1, VM-300",
PAN-VM-300-GP-R,PALO,"GlobalProtect subscription, year 1, renewal, VM-300",
PAN-VM-300-GP-3YR,PALO,"GlobalProtect subscription, 3 year, VM-300",
PAN-VM-300-GP-3YR-R,PALO,"GlobalProtect subscription, 3 year, renewal, VM-300",
PAN-VM-300-GP-5YR,PALO,"GlobalProtect subscription, 5 year, VM-300",
PAN-VM-300-GP-5YR-R,PALO,"GlobalProtect subscription, 5 year, renewal, VM-300",
,PALO,,
PAN-VM-300-GP-HA2,PALO,"GlobalProtect subscription for device in an HA pair, year 1, VM-300",
PAN-VM-300-GP-HA2-R,PALO,"GlobalProtect subscription for device in an HA pair, renewal, VM-300",
PAN-VM-300-GP-3YR-HA2,PALO,"GlobalProtect subscription for device in an HA pair, 3 year, VM-300",
PAN-VM-300-GP-3YR-HA2-R,PALO,"GlobalProtect subscription for device in an HA pair, 3 year, renewal, VM-300",
PAN-VM-300-GP-5YR-HA2,PALO,"GlobalProtect subscription for device in an HA pair, 5 year, VM-300",
PAN-VM-300-GP-5YR-HA2-R,PALO,"GlobalProtect subscription for device in an HA pair, 5 year, renewal, VM-300",
PAN-VM-300-ENT-GP,PALO,"GlobalProtect subscription year 1, VM-300",
PAN-VM-300-ENT-GP-R,PALO,"GlobalProtect subscription, year 1, renewal, VM-300",
PAN-VM-300-ENT-GP-3YR,PALO,"GlobalProtect subscription, 3 year, VM-300",
PAN-VM-300-ENT-GP-3YR-R,PALO,"GlobalProtect subscription, 3 year, renewal, VM-300",
PAN-VM-300-ENT-GP-5YR,PALO,"GlobalProtect subscription, 5 year, VM-300",
PAN-VM-300-ENT-GP-5YR-R,PALO,"GlobalProtect subscription, 5 year, renewal, VM-300",
PAN-VM-300-ENT-GP-HA2,PALO,"GlobalProtect subscription for device in an HA pair, year 1, VM-300",
PAN-VM-300-ENT-GP-HA2-R,PALO,"GlobalProtect subscription for device in an HA pair, renewal, VM-300",
PAN-VM-300-ENT-GP-3YR-HA2,PALO,"GlobalProtect subscription for device in an HA pair, 3 year, VM-300",
PAN-VM-300-ENT-GP-3YR-HA2-R,PALO,"GlobalProtect subscription for device in an HA pair, 3 year, renewal, VM-300",
PAN-VM-300-ENT-GP-5YR-HA2,PALO,"GlobalProtect subscription for device in an HA pair, 5 year, VM-300",
PAN-VM-300-ENT-GP-5YR-HA2-R,PALO,"GlobalProtect subscription for device in an HA pair, 5 year, renewal, VM-300",
PAN-VM-1000-HV-GP,PALO,"GlobalProtect subscription year 1, VM-1000-HV",
PAN-VM-1000-HV-GP-R,PALO,"GlobalProtect subscription, year 1, renewal, VM-1000-HV",
PAN-VM-1000-HV-GP-3YR,PALO,"GlobalProtect subscription, 3 year, VM-1000-HV",
PAN-VM-1000-HV-GP-3YR-R,PALO,"GlobalProtect subscription, 3 year, renewal, VM-1000-HV",
PAN-VM-1000-HV-GP-5YR,PALO,"GlobalProtect subscription, 5 year, VM-1000-HV",
PAN-VM-1000-HV-GP-5YR-R,PALO,"GlobalProtect subscription, 5 year, renewal, VM-1000-HV",
PAN-VM-1000-HV-GP-HA2,PALO,"GlobalProtect subscription for device in an HA pair, year 1, VM-1000-HV",
PAN-VM-1000-HV-GP-HA2-R,PALO,"GlobalProtect subscription for device in an HA pair, renewal, VM-1000-HV",
PAN-VM-1000-HV-GP-3YR-HA2,PALO,"GlobalProtect subscription for device in an HA pair, 3 year, VM-1000-HV",
PAN-VM-1000-HV-GP-3YR-HA2-R,PALO,"GlobalProtect subscription for device in an HA pair, 3 year, renewal, VM-1000-HV",
PAN-VM-1000-HV-GP-5YR-HA2,PALO,"GlobalProtect subscription for device in an HA pair, 5 year, VM-1000-HV",
PAN-VM-1000-HV-GP-5YR-HA2-R,PALO,"GlobalProtect subscription for device in an HA pair, 5 year, renewal, VM-1000-HV",
PAN-VM-1000-HV-ENT-GP,PALO,"GlobalProtect subscription year 1, VM-1000-HV-ENT",
PAN-VM-1000-HV-ENT-GP-R,PALO,"GlobalProtect subscription, year 1, renewal, VM-1000-HV-ENT",
PAN-VM-1000-HV-ENT-GP-3YR,PALO,"GlobalProtect subscription, 3 year, VM-1000-HV-ENT",
PAN-VM-1000-HV-ENT-GP-3YR-R,PALO,"GlobalProtect subscription, 3 year, renewal, VM-1000-HV-ENT",
PAN-VM-1000-HV-ENT-GP-5YR,PALO,"GlobalProtect subscription, 5 year, VM-1000-HV-ENT",
PAN-VM-1000-HV-ENT-GP-5YR-R,PALO,"GlobalProtect subscription, 5 year, renewal, VM-1000-HV-ENT",
PAN-VM-1000-HV-ENT-GP-HA2,PALO,"GlobalProtect subscription for device in an HA pair, year 1, VM-1000-HV-ENT",
PAN-VM-1000-HV-ENT-GP-HA2-R,PALO,"GlobalProtect subscription for device in an HA pair, renewal, VM-1000-HV-ENT",
PAN-VM-1000-HV-ENT-GP-3YR-HA2,PALO,"GlobalProtect subscription for device in an HA pair, 3 year, VM-1000-HV-ENT",
PAN-VM-1000-HV-ENT-GP-3YR-HA2-R,PALO,"GlobalProtect subscription for device in an HA pair, 3 year, renewal, VM-1000-HV-ENT",
PAN-VM-1000-HV-ENT-GP-5YR-HA2,PALO,"GlobalProtect subscription for device in an HA pair, 5 year, VM-1000-HV-ENT",
PAN-VM-1000-HV-ENT-GP-5YR-HA2-R,PALO,"GlobalProtect subscription for device in an HA pair, 5 year, renewal, VM-1000-HV-ENT",
PAN-PA-200-TP,PALO,"Threat prevention subscription year 1, PA-200",
PAN-PA-200-TP-R,PALO,"Threat prevention subscription renewal, PA-200",
PAN-PA-200-TP-3YR,PALO,"Threat prevention subscription 3-year prepaid, PA-200",
PAN-PA-200-TP-3YR-R,PALO,"Threat prevention subscription 3-year prepaid renewal, PA-200",
PAN-PA-200-TP-5YR,PALO,"Threat prevention subscription 5-year prepaid, PA-200",
PAN-PA-200-TP-5YR-R,PALO,"Threat prevention subscription 5-year prepaid renewal, PA-200",
PAN-PA-200-TP-HA2,PALO,"Threat prevention subscription for device in an HA pair year 1, PA-200",
PAN-PA-200-TP-HA2-R,PALO,"Threat prevention subscription for device in an HA pair renewal, PA-200",
PAN-PA-200-TP-3YR-HA2,PALO,"Threat prevention subscription 3 year prepaid for device in an HA pair, PA-200",
PAN-PA-200-TP-3YR-HA2-R,PALO,"Threat prevention subscription 3 year prepaid renewal for device in an HA pair, PA-200",
PAN-PA-200-TP-5YR-HA2,PALO,"Threat prevention subscription 5 year prepaid for device in an HA pair, PA-200",
PAN-PA-200-TP-5YR-HA2-R,PALO,"Threat prevention subscription 5 year prepaid renewal for device in an HA pair, PA-200",
PAN-PA-220-TP,PALO,"Threat prevention subscription year 1, PA-220",
PAN-PA-220-TP-R,PALO,"Threat prevention subscription renewal, PA-220",
PAN-PA-220-TP-3YR,PALO,"Threat prevention subscription 3-year prepaid, PA-220",
PAN-PA-220-TP-3YR-R,PALO,"Threat prevention subscription 3-year prepaid renewal, PA-220",
PAN-PA-220-TP-5YR,PALO,"Threat prevention subscription 5-year prepaid, PA-220",
PAN-PA-220-TP-5YR-R,PALO,"Threat prevention subscription 5-year prepaid renewal, PA-220",
PAN-PA-220-TP-HA2,PALO,"Threat prevention subscription for device in an HA pair year 1, PA-220",
PAN-PA-220-TP-HA2-R,PALO,"Threat prevention subscription for device in an HA pair renewal, PA-220",
PAN-PA-220-TP-3YR-HA2,PALO,"Threat prevention subscription 3 year prepaid for device in an HA pair, PA-220",
PAN-PA-220-TP-3YR-HA2-R,PALO,"Threat prevention subscription 3 year prepaid renewal for device in an HA pair, PA-220",
PAN-PA-220-TP-5YR-HA2,PALO,"Threat prevention subscription 5 year prepaid for device in an HA pair, PA-220",
PAN-PA-220-TP-5YR-HA2-R,PALO,"Threat prevention subscription 5 year prepaid renewal for device in an HA pair, PA-220",
PAN-PA-500-TP,PALO,"Threat prevention subscription year 1, PA-500",
PAN-PA-500-TP-R,PALO,"Threat prevention subscription renewal, PA-500",
PAN-PA-500-TP-3YR,PALO,"Threat prevention subscription 3-year prepaid, PA-500",
PAN-PA-500-TP-3YR-R,PALO,"Threat prevention subscription 3-year prepaid renewal, PA-500",
PAN-PA-500-TP-5YR,PALO,"Threat prevention subscription 5-year prepaid, PA-500",
PAN-PA-500-TP-5YR-R,PALO,"Threat prevention subscription 5-year prepaid renewal, PA-500",
PAN-PA-500-TP-HA2,PALO,"Threat prevention subscription for device in an HA pair year 1, PA-500",
PAN-PA-500-TP-HA2-R,PALO,"Threat prevention subscription for device in an HA pair renewal, PA-500",
PAN-PA-500-TP-3YR-HA2,PALO,"Threat prevention subscription 3 year prepaid for device in an HA pair, PA-500",
PAN-PA-500-TP-3YR-HA2-R,PALO,"Threat prevention subscription 3 year prepaid renewal for device in an HA pair, PA-500",
PAN-PA-500-TP-5YR-HA2,PALO,"Threat prevention subscription 5 year prepaid for device in an HA pair, PA-500",
PAN-PA-500-TP-5YR-HA2-R,PALO,"Threat prevention subscription 5 year prepaid renewal for device in an HA pair, PA-500",
PAN-PA-820-TP,PALO,"Threat prevention subscription year 1, PA-820",
PAN-PA-820-TP-R,PALO,"Threat prevention subscription renewal, PA-820",
PAN-PA-820-TP-3YR,PALO,"Threat prevention subscription 3-year prepaid, PA-820",
PAN-PA-820-TP-3YR-R,PALO,"Threat prevention subscription renewal 3-year prepaid, PA-820",
PAN-PA-820-TP-5YR,PALO,"Threat prevention subscription 5-year prepaid, PA-820",
PAN-PA-820-TP-5YR-R,PALO,"Threat prevention subscription renewal 5-year prepaid, PA-820",
PAN-PA-820-TP-HA2,PALO,"Threat prevention subscription for devices in HA pair, PA-820",
PAN-PA-820-TP-HA2-R,PALO,"Threat prevention subscription renewal for devices in HA pair, PA-820",
PAN-PA-820-TP-3YR-HA2,PALO,"Threat prevention subscription 3-year prepaid for device in an HA pair, PA-820",
PAN-PA-820-TP-3YR-HA2-R,PALO,"Threat prevention subscription 3-year prepaid renewal for device in an HA pair, PA-820",
PAN-PA-820-TP-5YR-HA2,PALO,"Threat prevention subscription 5-year prepaid for device in an HA pair, PA-820",
PAN-PA-820-TP-5YR-HA2-R,PALO,"Threat prevention subscription renewal 5-year prepaid for device in an HA pair, PA-820",
PAN-PA-850-TP,PALO,"Threat prevention subscription year 1, PA-850",
PAN-PA-850-TP-R,PALO,"Threat prevention subscription renewal year 1, PA-850",
PAN-PA-850-TP-3YR,PALO,"Threat prevention subscription 3-year prepaid, PA-850",
PAN-PA-850-TP-3YR-R,PALO,"Threat prevention subscription 3-year prepaid renewal, PA-850",
PAN-PA-850-TP-5YR,PALO,"Threat prevention subscription 5-year prepaid, PA-850",
PAN-PA-850-TP-5YR-R,PALO,"Threat prevention subscription 5-year prepaid renewal, PA-850",
,PALO,,
PAN-PA-850-TP-HA2,PALO,"Threat prevention subscription for device in an HA pair year 1, PA-850",
PAN-PA-850-TP-HA2-R,PALO,"Threat prevention subscription for device in an HA pair renewal, PA-850",
PAN-PA-850-TP-3YR-HA2,PALO,"Threat prevention subscription 3-year prepaid for device in an HA pair, PA-850",
PAN-PA-850-TP-3YR-HA2-R,PALO,"Threat prevention subscription 3-year prepaid renewal for device in an HA pair, PA-850",
PAN-PA-850-TP-5YR-HA2,PALO,"Threat prevention subscription 5-year prepaid for device in an HA pair, PA-850",
PAN-PA-850-TP-5YR-HA2-R,PALO,"Threat prevention subscription 5-year prepaid renewal for device in an HA pair, PA-850",
PAN-PA-2020-TP,PALO,"Threat prevention subscription year 1, PA-2020",
PAN-PA-2020-TP-R,PALO,"Threat prevention subscription renewal, PA-2020",
PAN-PA-2020-TP-HA2,PALO,"Threat prevention subscription for device in an HA pair year 1, PA-2020",
PAN-PA-2020-TP-HA2-R,PALO,"Threat prevention subscription for device in an HA pair renewal, PA-2020",
PAN-PA-2050-TP,PALO,"Threat prevention subscription year 1, PA-2050",
PAN-PA-2050-TP-R,PALO,"Threat prevention subscription renewal, PA-2050",
PAN-PA-2050-TP-HA2,PALO,"Threat prevention subscription for device in an HA pair year 1, PA-2050",
PAN-PA-2050-TP-HA2-R,PALO,"Threat prevention subscription for device in an HA pair renewal, PA-2050",
PAN-PA-3020-TP,PALO,"Threat prevention subscription year 1, PA-3020",
PAN-PA-3020-TP-R,PALO,"Threat prevention subscription renewal, PA-3020",
PAN-PA-3020-TP-3YR,PALO,"Threat prevention subscription 3-year prepaid, PA-3020",
PAN-PA-3020-TP-3YR-R,PALO,"Threat prevention subscription renewal 3-year prepaid, PA-3020",
PAN-PA-3020-TP-5YR,PALO,"Threat prevention subscription 5-year prepaid, PA-3020",
PAN-PA-3020-TP-5YR-R,PALO,"Threat prevention subscription renewal 5-year prepaid, PA-3020",
PAN-PA-3020-TP-HA2,PALO,"Threat prevention subscription for devices in HA pair, PA-3020",
PAN-PA-3020-TP-HA2-R,PALO,"Threat prevention subscription renewal for devices in HA pair, PA-3020",
PAN-PA-3020-TP-3YR-HA2,PALO,"Threat prevention subscription 3-year prepaid for device in an HA pair, PA-3020",
PAN-PA-3020-TP-3YR-HA2-R,PALO,"Threat prevention subscription 3-year prepaid renewal for device in an HA pair, PA-3020",
PAN-PA-3020-TP-5YR-HA2,PALO,"Threat prevention subscription 5-year prepaid for device in an HA pair, PA-3020",
PAN-PA-3020-TP-5YR-HA2-R,PALO,"Threat prevention subscription renewal 5-year prepaid for device in an HA pair, PA-3020",
PAN-PA-3050-TP,PALO,"Threat prevention subscription year 1, PA-3050",
PAN-PA-3050-TP-R,PALO,"Threat prevention subscription renewal year 1, PA-3050",
PAN-PA-3050-TP-3YR,PALO,"Threat prevention subscription 3-year prepaid, PA-3050",
PAN-PA-3050-TP-3YR-R,PALO,"Threat prevention subscription 3-year prepaid renewal, PA-3050",
PAN-PA-3050-TP-5YR,PALO,"Threat prevention subscription 5-year prepaid, PA-3050",
PAN-PA-3050-TP-5YR-R,PALO,"Threat prevention subscription 5-year prepaid renewal, PA-3050",
PAN-PA-3050-TP-HA2,PALO,"Threat prevention subscription for device in an HA pair year 1, PA-3050",
PAN-PA-3050-TP-HA2-R,PALO,"Threat prevention subscription for device in an HA pair renewal, PA-3050",
PAN-PA-3050-TP-3YR-HA2,PALO,"Threat prevention subscription 3-year prepaid for device in an HA pair, PA-3050",
PAN-PA-3050-TP-3YR-HA2-R,PALO,"Threat prevention subscription 3-year prepaid renewal for device in an HA pair, PA-3050",
PAN-PA-3050-TP-5YR-HA2,PALO,"Threat prevention subscription 5-year prepaid for device in an HA pair, PA-3050",
PAN-PA-3050-TP-5YR-HA2-R,PALO,"Threat prevention subscription 5-year prepaid renewal for device in an HA pair, PA-3050",
PAN-PA-3060-TP,PALO,"Threat prevention subscription year 1, PA-3060",
PAN-PA-3060-TP-R,PALO,"Threat prevention subscription renewal year 1, PA-3060",
PAN-PA-3060-TP-3YR,PALO,"Threat prevention subscription 3-year prepaid, PA-3060",
PAN-PA-3060-TP-3YR-R,PALO,"Threat prevention subscription 3-year prepaid renewal, PA-3060",
PAN-PA-3060-TP-5YR,PALO,"Threat prevention subscription 5-year prepaid, PA-3060",
PAN-PA-3060-TP-5YR-R,PALO,"Threat prevention subscription 5-year prepaid renewal, PA-3060",
PAN-PA-3060-TP-HA2,PALO,"Threat prevention subscription for device in an HA pair year 1, PA-3060",
PAN-PA-3060-TP-HA2-R,PALO,"Threat prevention subscription for device in an HA pair renewal, PA-3060",
PAN-PA-3060-TP-3YR-HA2,PALO,"Threat prevention subscription 3-year prepaid for device in an HA pair, PA-3060",
PAN-PA-3060-TP-3YR-HA2-R,PALO,"Threat prevention subscription 3-year prepaid renewal for device in an HA pair, PA-3060",
PAN-PA-3060-TP-5YR-HA2,PALO,"Threat prevention subscription 5-year prepaid for device in an HA pair, PA-3060",
PAN-PA-3060-TP-5YR-HA2-R,PALO,"Threat prevention subscription 5-year prepaid renewal for device in an HA pair, PA-3060",
PAN-PA-4020-TP,PALO,"Threat prevention subscription year 1, PA-4020",
PAN-PA-4020-TP-R,PALO,"Threat prevention subscription renewal, PA-4020",
PAN-PA-4020-TP-HA2,PALO,"Threat prevention subscription for device in an HA pair year 1, PA-4020",
PAN-PA-4020-TP-HA2-R,PALO,"Threat prevention subscription for device in an HA pair renewal, PA-4020",
PAN-PA-4050-TP,PALO,"Threat prevention subscription year 1, PA-4050",
PAN-PA-4050-TP-R,PALO,"Threat prevention subscription renewal, PA-4050",
PAN-PA-4050-TP-HA2,PALO,"Threat prevention subscription for device in an HA pair year 1, PA-4050",
PAN-PA-4050-TP-HA2-R,PALO,"Threat prevention subscription for device in an HA pair renewal, PA-4050",
PAN-PA-4060-TP,PALO,"Threat prevention subscription year 1, PA-4060",
PAN-PA-4060-TP-R,PALO,"Threat prevention subscription renewal, PA-4060",
PAN-PA-4060-TP-HA2,PALO,"Threat prevention subscription for device in an HA pair year 1, PA-4060",
PAN-PA-4060-TP-HA2-R,PALO,"Threat prevention subscription for device in an HA pair renewal, PA-4060",
PAN-PA-5020-TP,PALO,"Threat prevention subscription year 1, PA-5020",
PAN-PA-5020-TP-R,PALO,"Threat prevention subscription renewal, PA-5020",
PAN-PA-5020-TP-3YR,PALO,"Threat prevention subscription 3-year prepaid, PA-5020",
PAN-PA-5020-TP-3YR-R,PALO,"Threat prevention subscription 3-year prepaid renewal, PA-5020",
PAN-PA-5020-TP-5YR,PALO,"Threat prevention subscription 5-year prepaid, PA-5020",
PAN-PA-5020-TP-5YR-R,PALO,"Threat prevention subscription 5-year prepaid renewal, PA-5020",
PAN-PA-5020-TP-HA2,PALO,"Threat prevention subscription for device in an HA pair year 1, PA-5020",
PAN-PA-5020-TP-HA2-R,PALO,"Threat prevention subscription for device in an HA pair renewal, PA-5020",
PAN-PA-5020-TP-3YR-HA2,PALO,"Threat prevention subscription 3 year prepaid for device in an HA pair, PA-5020",
PAN-PA-5020-TP-3YR-HA2-R,PALO,"Threat prevention subscription 3 year prepaid renewal for device in an HA pair, PA-5020",
PAN-PA-5020-TP-5YR-HA2,PALO,"Threat prevention subscription 5 year prepaid for device in an HA pair, PA-5020",
PAN-PA-5020-TP-5YR-HA2-R,PALO,"Threat prevention subscription 5 year prepaid renewal for device in an HA pair, PA-5020",
PAN-PA-5050-TP,PALO,"Threat prevention subscription year 1, PA-5050",
PAN-PA-5050-TP-R,PALO,"Threat prevention subscription renewal, PA-5050",
PAN-PA-5050-TP-3YR,PALO,"Threat prevention subscription 3-year prepaid, PA-5050",
PAN-PA-5050-TP-3YR-R,PALO,"Threat prevention subscription 3-year prepaid renewal, PA-5050",
PAN-PA-5050-TP-5YR,PALO,"Threat prevention subscription 5-year prepaid, PA-5050",
PAN-PA-5050-TP-5YR-R,PALO,"Threat prevention subscription 5-year prepaid renewal, PA-5050",
PAN-PA-5050-TP-HA2,PALO,"Threat prevention subscription for device in an HA pair year 1, PA-5050",
PAN-PA-5050-TP-HA2-R,PALO,"Threat prevention subscription for device in an HA pair renewal, PA-5050",
PAN-PA-5050-TP-3YR-HA2,PALO,"Threat prevention subscription 3 year prepaid for device in an HA pair, PA-5050",
PAN-PA-5050-TP-3YR-HA2-R,PALO,"Threat prevention subscription 3 year prepaid renewal for device in an HA pair, PA-5050",
PAN-PA-5050-TP-5YR-HA2,PALO,"Threat prevention subscription 5 year prepaid for device in an HA pair, PA-5050",
PAN-PA-5050-TP-5YR-HA2-R,PALO,"Threat prevention subscription 5 year prepaid renewal for device in an HA pair, PA-5050",
PAN-PA-5060-TP,PALO,"Threat prevention subscription year 1, PA-5060",
PAN-PA-5060-TP-R,PALO,"Threat prevention subscription renewal, PA-5060",
PAN-PA-5060-TP-3YR,PALO,"Threat prevention subscription 3-year prepaid, PA-5060",
PAN-PA-5060-TP-3YR-R,PALO,"Threat prevention subscription 3-year prepaid renewal, PA-5060",
PAN-PA-5060-TP-5YR,PALO,"Threat prevention subscription 5-year prepaid, PA-5060",
PAN-PA-5060-TP-5YR-R,PALO,"Threat prevention subscription 5-year prepaid renewal, PA-5060",
PAN-PA-5060-TP-HA2,PALO,"Threat prevention subscription for device in an HA pair year 1, PA-5060",
PAN-PA-5060-TP-HA2-R,PALO,"Threat prevention subscription for device in an HA pair renewal, PA-5060",
PAN-PA-5060-TP-3YR-HA2,PALO,"Threat prevention subscription 3 year prepaid for device in an HA pair, PA-5060",
PAN-PA-5060-TP-3YR-HA2-R,PALO,"Threat prevention subscription 3 year prepaid renewal for device in an HA pair, PA-5060",
,PALO,,
PAN-PA-5060-TP-5YR-HA2,PALO,"Threat prevention subscription 5 year prepaid for device in an HA pair, PA-5060",
PAN-PA-5060-TP-5YR-HA2-R,PALO,"Threat prevention subscription 5 year prepaid renewal for device in an HA pair, PA-5060",
PAN-PA-5220-TP,PALO,"Threat prevention subscription year 1, PA-5220",
PAN-PA-5220-TP-R,PALO,"Threat prevention subscription renewal, PA-5220",
PAN-PA-5220-TP-3YR,PALO,"Threat prevention subscription 3-year prepaid, PA-5220",
PAN-PA-5220-TP-3YR-R,PALO,"Threat prevention subscription 3-year prepaid renewal, PA-5220",
PAN-PA-5220-TP-5YR,PALO,"Threat prevention subscription 5-year prepaid, PA-5220",
PAN-PA-5220-TP-5YR-R,PALO,"Threat prevention subscription 5-year prepaid renewal, PA-5220",
PAN-PA-5220-TP-HA2,PALO,"Threat prevention subscription for device in an HA pair year 1, PA-5220",
PAN-PA-5220-TP-HA2-R,PALO,"Threat prevention subscription for device in an HA pair renewal, PA-5220",
PAN-PA-5220-TP-3YR-HA2,PALO,"Threat prevention subscription 3 year prepaid for device in an HA pair, PA-5220",
PAN-PA-5220-TP-3YR-HA2-R,PALO,"Threat prevention subscription 3 year prepaid renewal for device in an HA pair, PA-5220",
PAN-PA-5220-TP-5YR-HA2,PALO,"Threat prevention subscription 5 year prepaid for device in an HA pair, PA-5220",
PAN-PA-5220-TP-5YR-HA2-R,PALO,"Threat prevention subscription 5 year prepaid renewal for device in an HA pair, PA-5220",
PAN-PA-5250-TP,PALO,"Threat prevention subscription year 1, PA-5250",
PAN-PA-5250-TP-R,PALO,"Threat prevention subscription renewal, PA-5250",
PAN-PA-5250-TP-3YR,PALO,"Threat prevention subscription 3-year prepaid, PA-5250",
PAN-PA-5250-TP-3YR-R,PALO,"Threat prevention subscription 3-year prepaid renewal, PA-5250",
PAN-PA-5250-TP-5YR,PALO,"Threat prevention subscription 5-year prepaid, PA-5250",
PAN-PA-5250-TP-5YR-R,PALO,"Threat prevention subscription 5-year prepaid renewal, PA-5250",
PAN-PA-5250-TP-HA2,PALO,"Threat prevention subscription for device in an HA pair year 1, PA-5250",
PAN-PA-5250-TP-HA2-R,PALO,"Threat prevention subscription for device in an HA pair renewal, PA-5250",
PAN-PA-5250-TP-3YR-HA2,PALO,"Threat prevention subscription 3 year prepaid for device in an HA pair, PA-5250",
PAN-PA-5250-TP-3YR-HA2-R,PALO,"Threat prevention subscription 3 year prepaid renewal for device in an HA pair, PA-5250",
PAN-PA-5250-TP-5YR-HA2,PALO,"Threat prevention subscription 5 year prepaid for device in an HA pair, PA-5250",
PAN-PA-5250-TP-5YR-HA2-R,PALO,"Threat prevention subscription 5 year prepaid renewal for device in an HA pair, PA-5250",
PAN-PA-5260-TP,PALO,"Threat prevention subscription year 1, PA-5260",
PAN-PA-5260-TP-R,PALO,"Threat prevention subscription renewal, PA-5260",
PAN-PA-5260-TP-3YR,PALO,"Threat prevention subscription 3-year prepaid, PA-5260",
PAN-PA-5260-TP-3YR-R,PALO,"Threat prevention subscription 3-year prepaid renewal, PA-5260",
PAN-PA-5260-TP-5YR,PALO,"Threat prevention subscription 5-year prepaid, PA-5260",
PAN-PA-5260-TP-5YR-R,PALO,"Threat prevention subscription 5-year prepaid renewal, PA-5260",
PAN-PA-5260-TP-HA2,PALO,"Threat prevention subscription for device in an HA pair year 1, PA-5260",
PAN-PA-5260-TP-HA2-R,PALO,"Threat prevention subscription for device in an HA pair renewal, PA-5260",
PAN-PA-5260-TP-3YR-HA2,PALO,"Threat prevention subscription 3 year prepaid for device in an HA pair, PA-5260",
PAN-PA-5260-TP-3YR-HA2-R,PALO,"Threat prevention subscription 3 year prepaid renewal for device in an HA pair, PA-5260",
PAN-PA-5260-TP-5YR-HA2,PALO,"Threat prevention subscription 5 year prepaid for device in an HA pair, PA-5260",
PAN-PA-5260-TP-5YR-HA2-R,PALO,"Threat prevention subscription 5 year prepaid renewal for device in an HA pair, PA-5260",
PAN-PA-7050-TP,PALO,"Threat prevention subscription year 1, PA-7050",
PAN-PA-7050-TP-R,PALO,"Threat prevention subscription renewal year 1, PA-7050",
PAN-PA-7050-TP-3YR,PALO,"Threat prevention subscription 3-year prepaid, PA-7050",
PAN-PA-7050-TP-3YR-R,PALO,"Threat prevention subscription 3-year prepaid renewal, PA-7050",
PAN-PA-7050-TP-5YR,PALO,"Threat prevention subscription 5-year prepaid, PA-7050",
PAN-PA-7050-TP-5YR-R,PALO,"Threat prevention subscription 5-year prepaid renewal, PA-7050",
PAN-PA-7050-TP-HA2,PALO,"Threat prevention subscription for device in an HA pair year 1, PA-7050",
PAN-PA-7050-TP-HA2-R,PALO,"Threat prevention subscription for device in an HA pair renewal, PA-7050",
PAN-PA-7050-TP-3YR-HA2,PALO,"Threat prevention subscription 3-year prepaid for device in an HA pair, PA-7050",
PAN-PA-7050-TP-3YR-HA2-R,PALO,"Threat prevention subscription 3-year prepaid renewal for device in an HA pair, PA-7050",
PAN-PA-7050-TP-5YR-HA2,PALO,"Threat prevention subscription 5-year prepaid for device in an HA pair, PA-7050",
PAN-PA-7050-TP-5YR-HA2-R,PALO,"Threat prevention subscription 5-year prepaid renewal for device in an HA pair, PA-7050",
PAN-PA-7080-TP,PALO,"Threat prevention subscription year 1, PA-7080",
PAN-PA-7080-TP-R,PALO,"Threat prevention subscription renewal year 1, PA-7080",
PAN-PA-7080-TP-3YR,PALO,"Threat prevention subscription 3-year prepaid, PA-7080",
PAN-PA-7080-TP-3YR-R,PALO,"Threat prevention subscription 3-year prepaid renewal, PA-7080",
PAN-PA-7080-TP-5YR,PALO,"Threat prevention subscription 5-year prepaid, PA-7080",
PAN-PA-7080-TP-5YR-R,PALO,"Threat prevention subscription 5-year prepaid renewal, PA-7080",
PAN-PA-7080-TP-HA2,PALO,"Threat prevention subscription for device in an HA pair year 1, PA-7080",
PAN-PA-7080-TP-HA2-R,PALO,"Threat prevention subscription for device in an HA pair renewal, PA-7080",
PAN-PA-7080-TP-3YR-HA2,PALO,"Threat prevention subscription 3-year prepaid for device in an HA pair, PA-7080",
PAN-PA-7080-TP-3YR-HA2-R,PALO,"Threat prevention subscription 3-year prepaid renewal for device in an HA pair, PA-7080",
PAN-PA-7080-TP-5YR-HA2,PALO,"Threat prevention subscription 5-year prepaid for device in an HA pair, PA-7080",
PAN-PA-7080-TP-5YR-HA2-R,PALO,"Threat prevention subscription 5-year prepaid renewal for device in an HA pair, PA-7080",
PAN-VM-100-TP,PALO,"Threat prevention subscription, year 1, VM-100",
PAN-VM-100-TP-R,PALO,"Threat prevention subscription, year 1, renewal, VM-100",
PAN-VM-100-TP-3YR,PALO,"Threat prevention subscription, 3 year, VM-100",
PAN-VM-100-TP-3YR-R,PALO,"Threat prevention subscription, 3 year, renewal, VM-100",
PAN-VM-100-TP-5YR,PALO,"Threat prevention subscription, 5 year, VM-100",
PAN-VM-100-TP-5YR-R,PALO,"Threat prevention subscription, 5 year, renewal, VM-100",
PAN-VM-100-TP-HA2,PALO,"Threat prevention subscription for device in an HA pair, year 1, VM-100",
PAN-VM-100-TP-HA2-R,PALO,"Threat prevention subscription for device in an HA pair, year 1, renewal, VM-100",
PAN-VM-100-TP-3YR-HA2,PALO,"Threat prevention subscription for device in an HA pair, 3 year, VM-100",
PAN-VM-100-TP-3YR-HA2-R,PALO,"Threat prevention subscription for device in an HA pair, 3 year, renewal, VM-100",
PAN-VM-100-TP-5YR-HA2,PALO,"Threat prevention subscription for device in an HA pair, 5 year, VM-100",
PAN-VM-100-TP-5YR-HA2-R,PALO,"Threat prevention subscription for device in an HA pair, 5 year, renewal, VM-100",
PAN-VM-100-ENT-TP,PALO,"Threat prevention subscription, year 1, VM-100 Enterprise",
PAN-VM-100-ENT-TP-R,PALO,"Threat prevention subscription, year 1, renewal, VM-100 Enterprise",
PAN-VM-100-ENT-TP-3YR,PALO,"Threat prevention subscription, 3 year, VM-100 Enterprise",
PAN-VM-100-ENT-TP-3YR-R,PALO,"Threat prevention subscription, 3 year, renewal, VM-100 Enterprise",
PAN-VM-100-ENT-TP-5YR,PALO,"Threat prevention subscription, 5 year, VM-100 Enterprise",
PAN-VM-100-ENT-TP-5YR-R,PALO,"Threat prevention subscription, 5 year, renewal, VM-100 Enterprise",
PAN-VM-100-ENT-TP-HA2,PALO,"Threat prevention subscription for device in an HA pair, year 1, VM-100 Enterprise",
PAN-VM-100-ENT-TP-HA2-R,PALO,"Threat prevention subscription for device in an HA pair, year 1, renewal, VM-100 Enterprise",
PAN-VM-100-ENT-TP-3YR-HA2,PALO,"Threat prevention subscription for device in an HA pair, 3 year, VM-100 Enterprise",
PAN-VM-100-ENT-TP-3YR-HA2-R,PALO,"Threat prevention subscription for device in an HA pair, 3 year, renewal, VM-100 Enterprise",
PAN-VM-100-ENT-TP-5YR-HA2,PALO,"Threat prevention subscription for device in an HA pair, 5 year, VM-100 Enterprise",
PAN-VM-100-ENT-TP-5YR-HA2-R,PALO,"Threat prevention subscription for device in an HA pair, 5 year, renewal, VM-100 Enterprise",
PAN-VM-200-TP,PALO,"Threat prevention subscription, year 1, VM-200",
PAN-VM-200-TP-R,PALO,"Threat prevention subscription, year 1, renewal, VM-200",
PAN-VM-200-TP-3YR,PALO,"Threat prevention subscription, 3 year, VM-200",
PAN-VM-200-TP-3YR-R,PALO,"Threat prevention subscription, 3 year, renewal, VM-200",
PAN-VM-200-TP-5YR,PALO,"Threat prevention subscription, 5 year, VM-200",
PAN-VM-200-TP-5YR-R,PALO,"Threat prevention subscription, 5 year, renewal, VM-200",
PAN-VM-200-TP-HA2,PALO,"Threat prevention subscription for device in an HA pair, year 1, VM-200",
PAN-VM-200-TP-HA2-R,PALO,"Threat prevention subscription for device in an HA pair, year 1, renewal, VM-200",
PAN-VM-200-TP-3YR-HA2,PALO,"Threat prevention subscription for device in an HA pair, 3 year, VM-200",
PAN-VM-200-TP-3YR-HA2-R,PALO,"Threat prevention subscription for device in an HA pair, 3 year, renewal, VM-200",
,PALO,,
PAN-VM-200-TP-5YR-HA2,PALO,"Threat prevention subscription for device in an HA pair, 5 year, VM-200",
PAN-VM-200-TP-5YR-HA2-R,PALO,"Threat prevention subscription for device in an HA pair, 5 year, renewal, VM-200",
PAN-VM-200-ENT-TP,PALO,"Threat prevention subscription, year 1, VM-200",
PAN-VM-200-ENT-TP-R,PALO,"Threat prevention subscription, year 1, renewal, VM-200",
PAN-VM-200-ENT-TP-3YR,PALO,"Threat prevention subscription, 3 year, VM-200",
PAN-VM-200-ENT-TP-3YR-R,PALO,"Threat prevention subscription, 3 year, renewal, VM-200",
PAN-VM-200-ENT-TP-5YR,PALO,"Threat prevention subscription, 5 year, VM-200",
PAN-VM-200-ENT-TP-5YR-R,PALO,"Threat prevention subscription, 5 year, renewal, VM-200",
PAN-VM-200-ENT-TP-HA2,PALO,"Threat prevention subscription for device in an HA pair, year 1, VM-200",
PAN-VM-200-ENT-TP-HA2-R,PALO,"Threat prevention subscription for device in an HA pair, year 1, renewal, VM-200",
PAN-VM-200-ENT-TP-3YR-HA2,PALO,"Threat prevention subscription for device in an HA pair, 3 year, VM-200",
PAN-VM-200-ENT-TP-3YR-HA2-R,PALO,"Threat prevention subscription for device in an HA pair, 3 year, renewal, VM-200",
PAN-VM-200-ENT-TP-5YR-HA2,PALO,"Threat prevention subscription for device in an HA pair, 5 year, VM-200",
PAN-VM-200-ENT-TP-5YR-HA2-R,PALO,"Threat prevention subscription for device in an HA pair, 5 year, renewal, VM-200",
PAN-VM-300-TP,PALO,"Threat prevention subscription, year 1, VM-300",
PAN-VM-300-TP-R,PALO,"Threat prevention subscription, year 1, renewal, VM-300",
PAN-VM-300-TP-3YR,PALO,"Threat prevention subscription, 3 year, VM-300",
PAN-VM-300-TP-3YR-R,PALO,"Threat prevention subscription, 3 year, renewal, VM-300",
PAN-VM-300-TP-5YR,PALO,"Threat prevention subscription, 5 year, VM-300",
PAN-VM-300-TP-5YR-R,PALO,"Threat prevention subscription, 5 year, renewal, VM-300",
PAN-VM-300-TP-HA2,PALO,"Threat prevention subscription for device in an HA pair, year 1, VM-300",
PAN-VM-300-TP-HA2-R,PALO,"Threat prevention subscription for device in an HA pair, year 1, renewal, VM-300",
PAN-VM-300-TP-3YR-HA2,PALO,"Threat prevention subscription for device in an HA pair, 3 year, VM-300",
PAN-VM-300-TP-3YR-HA2-R,PALO,"Threat prevention subscription for device in an HA pair, 3 year, renewal, VM-300",
PAN-VM-300-TP-5YR-HA2,PALO,"Threat prevention subscription for device in an HA pair, 5 year, VM-300",
PAN-VM-300-TP-5YR-HA2-R,PALO,"Threat prevention subscription for device in an HA pair, 5 year, renewal, VM-300",
PAN-VM-300-ENT-TP,PALO,"Threat prevention subscription, year 1, VM-300",
PAN-VM-300-ENT-TP-R,PALO,"Threat prevention subscription, year 1, renewal, VM-300",
PAN-VM-300-ENT-TP-3YR,PALO,"Threat prevention subscription, 3 year, VM-300",
PAN-VM-300-ENT-TP-3YR-R,PALO,"Threat prevention subscription, 3 year, renewal, VM-300",
PAN-VM-300-ENT-TP-5YR,PALO,"Threat prevention subscription, 5 year, VM-300",
PAN-VM-300-ENT-TP-5YR-R,PALO,"Threat prevention subscription, 5 year, renewal, VM-300",
PAN-VM-300-ENT-TP-HA2,PALO,"Threat prevention subscription for device in an HA pair, year 1, VM-300",
PAN-VM-300-ENT-TP-HA2-R,PALO,"Threat prevention subscription for device in an HA pair, year 1, renewal, VM-300",
PAN-VM-300-ENT-TP-3YR-HA2,PALO,"Threat prevention subscription for device in an HA pair, 3 year, VM-300",
PAN-VM-300-ENT-TP-3YR-HA2-R,PALO,"Threat prevention subscription for device in an HA pair, 3 year, renewal, VM-300",
PAN-VM-300-ENT-TP-5YR-HA2,PALO,"Threat prevention subscription for device in an HA pair, 5 year, VM-300",
PAN-VM-300-ENT-TP-5YR-HA2-R,PALO,"Threat prevention subscription for device in an HA pair, 5 year, renewal, VM-300",
PAN-VM-1000-HV-TP,PALO,"Threat prevention subscription, year 1, VM-1000-HV",
PAN-VM-1000-HV-TP-R,PALO,"Threat prevention subscription, year 1, renewal, VM-1000-HV",
PAN-VM-1000-HV-TP-3YR,PALO,"Threat prevention subscription, 3 year, VM-1000-HV",
PAN-VM-1000-HV-TP-3YR-R,PALO,"Threat prevention subscription, 3 year, renewal, VM-1000-HV",
PAN-VM-1000-HV-TP-5YR,PALO,"Threat prevention subscription, 5 year, VM-1000-HV",
PAN-VM-1000-HV-TP-5YR-R,PALO,"Threat prevention subscription, 5 year, renewal, VM-1000-HV",
PAN-VM-1000-HV-TP-HA2,PALO,"Threat prevention subscription for device in an HA pair, year 1, VM-1000-HV",
PAN-VM-1000-HV-TP-HA2-R,PALO,"Threat prevention subscription for device in an HA pair, year 1, renewal, VM-1000-HV",
PAN-VM-1000-HV-TP-3YR-HA2,PALO,"Threat prevention subscription for device in an HA pair, 3 year, VM-1000-HV",
PAN-VM-1000-HV-TP-3YR-HA2-R,PALO,"Threat prevention subscription for device in an HA pair, 3 year, renewal, VM-1000-HV",
PAN-VM-1000-HV-TP-5YR-HA2,PALO,"Threat prevention subscription for device in an HA pair, 5 year, VM-1000-HV",
PAN-VM-1000-HV-TP-5YR-HA2-R,PALO,"Threat prevention subscription for device in an HA pair, 5 year, renewal, VM-1000-HV",
PAN-VM-1000-HV-ENT-TP,PALO,"Threat prevention subscription, year 1, VM-1000-HV-ENT",
PAN-VM-1000-HV-ENT-TP-R,PALO,"Threat prevention subscription, year 1, renewal, VM-1000-HV-ENT",
PAN-VM-1000-HV-ENT-TP-3YR,PALO,"Threat prevention subscription, 3 year, VM-1000-HV-ENT",
PAN-VM-1000-HV-ENT-TP-3YR-R,PALO,"Threat prevention subscription, 3 year, renewal, VM-1000-HV-ENT",
PAN-VM-1000-HV-ENT-TP-5YR,PALO,"Threat prevention subscription, 5 year, VM-1000-HV-ENT",
PAN-VM-1000-HV-ENT-TP-5YR-R,PALO,"Threat prevention subscription, 5 year, renewal, VM-1000-HV-ENT",
PAN-VM-1000-HV-ENT-TP-HA2,PALO,"Threat prevention subscription for device in an HA pair, year 1, VM-1000-HV-ENT",
PAN-VM-1000-HV-ENT-TP-HA2-R,PALO,"Threat prevention subscription for device in an HA pair, year 1, renewal, VM-1000-HV-ENT",
PAN-VM-1000-HV-ENT-TP-3YR-HA2,PALO,"Threat prevention subscription for device in an HA pair, 3 year, VM-1000-HV-ENT",
PAN-VM-1000-HV-ENT-TP-3YR-HA2-R,PALO,"Threat prevention subscription for device in an HA pair, 3 year, renewal, VM-1000-HV-ENT",
PAN-VM-1000-HV-ENT-TP-5YR-HA2,PALO,"Threat prevention subscription for device in an HA pair, 5 year, VM-1000-HV-ENT",
PAN-VM-1000-HV-ENT-TP-5YR-HA2-R,PALO,"Threat prevention subscription for device in an HA pair, 5 year, renewal, VM-1000-HV-ENT",
PAN-PA-200-URL2,PALO,"Bright cloud URL filtering subscription year 1, PA-200",
PAN-PA-200-URL2-R,PALO,"Bright cloud URL filtering subscription renewal, PA-200",
PAN-PA-200-URL2-3YR,PALO,"Bright cloud URL filtering subscription 3-year prepaid, PA-200",
PAN-PA-200-URL2-3YR-R,PALO,"Bright cloud URL filtering subscription 3-year prepaid renewal, PA-200",
PAN-PA-200-URL2-5YR,PALO,"Bright cloud URL filtering subscription 5-year prepaid, PA-200",
PAN-PA-200-URL2-5YR-R,PALO,"Bright cloud URL filtering subscription 5-year prepaid renewal, PA-200",
PAN-PA-200-URL2-HA2,PALO,"Bright cloud URL filtering subscription for device in an HA pair year 1, PA-200",
PAN-PA-200-URL2-HA2-R,PALO,"Bright cloud URL filtering subscription for device in an HA pair renewal, PA-200",
PAN-PA-200-URL2-3YR-HA2,PALO,"Bright cloud URL filtering subscription 3 year prepaid for device in an HA pair, PA-200",
PAN-PA-200-URL2-3YR-HA2-R,PALO,"Bright cloud URL filtering subscription 3 year prepaid renewal for device in an HA pair, PA-200",
PAN-PA-200-URL2-5YR-HA2,PALO,"Bright cloud URL filtering subscription 5 year prepaid for device in an HA pair year 1, PA-200",
PAN-PA-200-URL2-5YR-HA2-R,PALO,"Bright cloud URL filtering subscription 5 year prepaid renewal for device in an HA pair year 1, PA-200",
PAN-PA-220-URL2,PALO,"BrightCloud URL filtering subscription year 1, PA-220",
PAN-PA-220-URL2-R,PALO,"BrightCloud URL filtering subscription renewal, PA-220",
PAN-PA-220-URL2-3YR,PALO,"BrightCloud URL filtering subscription 3-year prepaid, PA-220",
PAN-PA-220-URL2-3YR-R,PALO,"BrightCloud URL filtering subscription 3-year prepaid renewal, PA-220",
PAN-PA-220-URL2-5YR,PALO,"BrightCloud URL filtering subscription 5-year prepaid, PA-220",
PAN-PA-220-URL2-5YR-R,PALO,"BrightCloud URL filtering subscription 5-year prepaid renewal, PA-220",
PAN-PA-220-URL2-HA2,PALO,"BrightCloud URL filtering subscription for device in an HA pair year 1, PA-220",
PAN-PA-220-URL2-HA2-R,PALO,"BrightCloud URL filtering subscription for device in an HA pair renewal, PA-220",
PAN-PA-220-URL2-3YR-HA2,PALO,"BrightCloud URL filtering subscription 3 year prepaid for device in an HA pair, PA-220",
PAN-PA-220-URL2-3YR-HA2-R,PALO,"BrightCloud URL filtering subscription 3 year prepaid renewal for device in an HA pair, PA-220",
PAN-PA-220-URL2-5YR-HA2,PALO,"BrightCloud URL filtering subscription 5 year prepaid for device in an HA pair, PA-220",
PAN-PA-220-URL2-5YR-HA2-R,PALO,"BrightCloud URL filtering subscription 5 year prepaid renewal for device in an HA pair, PA-220",
PAN-PA-500-URL2,PALO,"Bright cloud URL filtering subscription year 1, PA-500",
PAN-PA-500-URL2-R,PALO,"Bright cloud URL filtering subscription renewal, PA-500",
PAN-PA-500-URL2-3YR,PALO,"Bright cloud URL filtering subscription 3-year prepaid, PA-500",
PAN-PA-500-URL2-3YR-R,PALO,"Bright cloud URL filtering subscription 3-year prepaid renewal, PA-500",
PAN-PA-500-URL2-5YR,PALO,"Bright cloud URL filtering subscription 5-year prepaid, PA-500",
PAN-PA-500-URL2-5YR-R,PALO,"Bright cloud URL filtering subscription 5-year prepaid renewal, PA-500",
PAN-PA-500-URL2-HA2,PALO,"Bright cloud URL filtering subscription for device in an HA pair year 1, PA-500",
PAN-PA-500-URL2-HA2-R,PALO,"Bright cloud URL filtering subscription for device in an HA pair renewal, PA-500",
PAN-PA-500-URL2-3YR-HA2,PALO,"Bright cloud URL filtering subscription 3 year prepaid for device in an HA pair, PA-500",
PAN-PA-500-URL2-3YR-HA2-R,PALO,"Bright cloud URL filtering subscription 3 year prepaid renewal for device in an HA pair, PA-500",
,PALO,,
PAN-PA-500-URL2-5YR-HA2,PALO,"Bright cloud URL filtering subscription 5 year prepaid for device in an HA pair year 1, PA-500",
PAN-PA-500-URL2-5YR-HA2-R,PALO,"Bright cloud URL filtering subscription 5 year prepaid renewal for device in an HA pair year 1, PA-500",
PAN-PA-820-URL2,PALO,"Bright cloud URL filtering subscription year 1, PA-820",
PAN-PA-820-URL2-R,PALO,"Bright cloud URL filtering subscription renewal, PA-820",
PAN-PA-820-URL2-3YR,PALO,"Bright cloud URL filtering subscription 3-year prepaid, PA-820",
PAN-PA-820-URL2-3YR-R,PALO,"Bright cloud URL filtering subscription renewal 3-year prepaid, PA-820",
PAN-PA-820-URL2-5YR,PALO,"Bright cloud URL filtering subscription 5-year prepaid, PA-820",
PAN-PA-820-URL2-5YR-R,PALO,"Bright cloud URL filtering subscription renewal 5-year prepaid, PA-820",
PAN-PA-820-URL2-HA2,PALO,"Bright cloud URL filtering subscription for devices in HA pair, PA-820",
PAN-PA-820-URL2-HA2-R,PALO,"Bright cloud URL filtering subscription renewal for devices in HA pair, PA-820",
PAN-PA-820-URL2-3YR-HA2,PALO,"Bright cloud URL filtering subscription 3-year prepaid for device in an HA pair, PA-820",
PAN-PA-820-URL2-3YR-HA2-R,PALO,"Bright cloud URL filtering subscription 3-year prepaid renewal for device in an HA pair, PA-820",
PAN-PA-820-URL2-5YR-HA2,PALO,"Bright cloud URL filtering subscription 5-year prepaid for device in an HA pair, PA-820",
PAN-PA-820-URL2-5YR-HA2-R,PALO,"Bright cloud URL filtering subscription renewal 5-year prepaid for device in an HA pair, PA-820",
PAN-PA-850-URL2,PALO,"Bright cloud URL Filtering subscription year 1, PA-850",
PAN-PA-850-URL2-R,PALO,"Bright cloud URL Filtering subscription renewal year 1, PA-850",
PAN-PA-850-URL2-3YR,PALO,"Bright cloud URL Filtering subscription 3-year prepaid, PA-850",
PAN-PA-850-URL2-3YR-R,PALO,"Bright cloud URL Filtering subscription 3-year prepaid renewal, PA-850",
PAN-PA-850-URL2-5YR,PALO,"Bright cloud URL Filtering subscription 5-year prepaid, PA-850",
PAN-PA-850-URL2-5YR-R,PALO,"Bright cloud URL Filtering subscription 5-year prepaid renewal, PA-850",
PAN-PA-850-URL2-HA2,PALO,"Bright cloud URL Filtering subscription for device in an HA pair year 1, PA-850",
PAN-PA-850-URL2-HA2-R,PALO,"Bright cloud URL Filtering subscription for device in an HA pair renewal, PA-850",
PAN-PA-850-URL2-3YR-HA2,PALO,"Bright cloud URL Filtering subscription 3-year prepaid for device in an HA pair, PA-850",
PAN-PA-850-URL2-3YR-HA2-R,PALO,"Bright cloud URL Filtering subscription 3-year prepaid renewal for device in an HA pair, PA-850",
PAN-PA-850-URL2-5YR-HA2,PALO,"Bright cloud URL Filtering subscription 5-year prepaid for device in an HA pair, PA-850",
PAN-PA-850-URL2-5YR-HA2-R,PALO,"Bright cloud URL Filtering subscription 5-year prepaid renewal for device in an HA pair, PA-850",
PAN-PA-2020-URL2,PALO,"Bright cloud URL filtering subscription year 1, PA-2020",
PAN-PA-2020-URL2-R,PALO,"Bright cloud URL filtering subscription renewal, PA-2020",
PAN-PA-2020-URL2-HA2,PALO,"Bright cloud URL filtering subscription for device in an HA pair year 1, PA-2020",
PAN-PA-2020-URL2-HA2-R,PALO,"Bright cloud URL filtering subscription for device in an HA pair renewal, PA-2020",
PAN-PA-2050-URL2,PALO,"Bright cloud URL filtering subscription year 1, PA-2050",
PAN-PA-2050-URL2-R,PALO,"Bright cloud URL filtering subscription renewal, PA-2050",
PAN-PA-2050-URL2-HA2,PALO,"Bright cloud URL filtering subscription for device in an HA pair year 1, PA-2050",
PAN-PA-2050-URL2-HA2-R,PALO,"Bright cloud URL filtering subscription for device in an HA pair renewal, PA-2050",
PAN-PA-3020-URL2,PALO,"Bright cloud URL filtering subscription year 1, PA-3020",
PAN-PA-3020-URL2-R,PALO,"Bright cloud URL filtering subscription renewal, PA-3020",
PAN-PA-3020-URL2-3YR,PALO,"Bright cloud URL filtering subscription 3-year prepaid, PA-3020",
PAN-PA-3020-URL2-3YR-R,PALO,"Bright cloud URL filtering subscription renewal 3-year prepaid, PA-3020",
PAN-PA-3020-URL2-5YR,PALO,"Bright cloud URL filtering subscription 5-year prepaid, PA-3020",
PAN-PA-3020-URL2-5YR-R,PALO,"Bright cloud URL filtering subscription renewal 5-year prepaid, PA-3020",
PAN-PA-3020-URL2-HA2,PALO,"Bright cloud URL filtering subscription for devices in HA pair, PA-3020",
PAN-PA-3020-URL2-HA2-R,PALO,"Bright cloud URL filtering subscription renewal for devices in HA pair, PA-3020",
PAN-PA-3020-URL2-3YR-HA2,PALO,"Bright cloud URL filtering subscription 3-year prepaid for device in an HA pair, PA-3020",
PAN-PA-3020-URL2-3YR-HA2-R,PALO,"Bright cloud URL filtering subscription 3-year prepaid renewal for device in an HA pair, PA-3020",
PAN-PA-3020-URL2-5YR-HA2,PALO,"Bright cloud URL filtering subscription 5-year prepaid for device in an HA pair, PA-3020",
PAN-PA-3020-URL2-5YR-HA2-R,PALO,"Bright cloud URL filtering subscription renewal 5-year prepaid for device in an HA pair, PA-3020",
PAN-PA-3050-URL2,PALO,"Bright cloud URL Filtering subscription year 1, PA-3050",
PAN-PA-3050-URL2-R,PALO,"Bright cloud URL Filtering subscription renewal year 1, PA-3050",
PAN-PA-3050-URL2-3YR,PALO,"Bright cloud URL Filtering subscription 3-year prepaid, PA-3050",
PAN-PA-3050-URL2-3YR-R,PALO,"Bright cloud URL Filtering subscription 3-year prepaid renewal, PA-3050",
PAN-PA-3050-URL2-5YR,PALO,"Bright cloud URL Filtering subscription 5-year prepaid, PA-3050",
PAN-PA-3050-URL2-5YR-R,PALO,"Bright cloud URL Filtering subscription 5-year prepaid renewal, PA-3050",
PAN-PA-3050-URL2-HA2,PALO,"Bright cloud URL Filtering subscription for device in an HA pair year 1, PA-3050",
PAN-PA-3050-URL2-HA2-R,PALO,"Bright cloud URL Filtering subscription for device in an HA pair renewal, PA-3050",
PAN-PA-3050-URL2-3YR-HA2,PALO,"Bright cloud URL Filtering subscription 3-year prepaid for device in an HA pair, PA-3050",
PAN-PA-3050-URL2-3YR-HA2-R,PALO,"Bright cloud URL Filtering subscription 3-year prepaid renewal for device in an HA pair, PA-3050",
PAN-PA-3050-URL2-5YR-HA2,PALO,"Bright cloud URL Filtering subscription 5-year prepaid for device in an HA pair, PA-3050",
PAN-PA-3050-URL2-5YR-HA2-R,PALO,"Bright cloud URL Filtering subscription 5-year prepaid renewal for device in an HA pair, PA-3050",
PAN-PA-3060-URL2,PALO,"Bright cloud URL Filtering subscription year 1, PA-3060",
PAN-PA-3060-URL2-R,PALO,"Bright cloud URL Filtering subscription renewal year 1, PA-3060",
PAN-PA-3060-URL2-3YR,PALO,"Bright cloud URL Filtering subscription 3-year prepaid, PA-3060",
PAN-PA-3060-URL2-3YR-R,PALO,"Bright cloud URL Filtering subscription 3-year prepaid renewal, PA-3060",
PAN-PA-3060-URL2-5YR,PALO,"Bright cloud URL Filtering subscription 5-year prepaid, PA-3060",
PAN-PA-3060-URL2-5YR-R,PALO,"Bright cloud URL Filtering subscription 5-year prepaid renewal, PA-3060",
PAN-PA-3060-URL2-HA2,PALO,"Bright cloud URL Filtering subscription for device in an HA pair year 1, PA-3060",
PAN-PA-3060-URL2-HA2-R,PALO,"Bright cloud URL Filtering subscription for device in an HA pair renewal, PA-3060",
PAN-PA-3060-URL2-3YR-HA2,PALO,"Bright cloud URL Filtering subscription 3-year prepaid for device in an HA pair, PA-3060",
PAN-PA-3060-URL2-3YR-HA2-R,PALO,"Bright cloud URL Filtering subscription 3-year prepaid renewal for device in an HA pair, PA-3060",
PAN-PA-3060-URL2-5YR-HA2,PALO,"Bright cloud URL Filtering subscription 5-year prepaid for device in an HA pair, PA-3060",
PAN-PA-3060-URL2-5YR-HA2-R,PALO,"Bright cloud URL Filtering subscription 5-year prepaid renewal for device in an HA pair, PA-3060",
PAN-PA-4020-URL2,PALO,"Bright cloud URL filtering subscription year 1, PA-4020",
PAN-PA-4020-URL2-R,PALO,"Bright cloud URL filtering subscription renewal, PA-4020",
PAN-PA-4020-URL2-HA2,PALO,"Bright cloud URL filtering subscription for device in an HA pair year 1, PA-4020",
PAN-PA-4020-URL2-HA2-R,PALO,"Bright cloud URL filtering subscription for device in an HA pair renewal, PA-4020",
PAN-PA-4050-URL2,PALO,"Bright cloud URL filtering subscription year 1, PA-4050",
PAN-PA-4050-URL2-R,PALO,"Bright cloud URL filtering subscription renewal, PA-4050",
PAN-PA-4050-URL2-HA2,PALO,"Bright cloud URL filtering subscription for device in an HA pair year 1, PA-4050",
PAN-PA-4050-URL2-HA2-R,PALO,"Bright cloud URL filtering subscription for device in an HA pair renewal, PA-4050",
PAN-PA-4060-URL2,PALO,"Bright cloud URL filtering subscription year 1, PA-4060",
PAN-PA-4060-URL2-R,PALO,"Bright cloud URL filtering subscription renewal, PA-4060",
PAN-PA-4060-URL2-HA2,PALO,"Bright cloud URL filtering subscription for device in an HA pair year 1, PA-4060",
PAN-PA-4060-URL2-HA2-R,PALO,"Bright cloud URL filtering subscription for device in an HA pair renewal, PA-4060",
PAN-PA-5020-URL2,PALO,"Bright cloud URL filtering subscription year 1, PA-5020",
PAN-PA-5020-URL2-R,PALO,"Bright cloud URL filtering subscription renewal, PA-5020",
PAN-PA-5020-URL2-5YR,PALO,"Bright cloud URL filtering subscription 5-year prepaid, PA-5020",
PAN-PA-5020-URL2-5YR-R,PALO,"Bright cloud URL filtering subscription 5-year prepaid renewal, PA-5020",
PAN-PA-5020-URL2-3YR,PALO,"Bright cloud URL filtering subscription 3-year prepaid, PA-5020",
PAN-PA-5020-URL2-3YR-R,PALO,"Bright cloud URL filtering subscription 3-year prepaid renewal, PA-5020",
PAN-PA-5020-URL2-HA2,PALO,"Bright cloud URL filtering subscription for device in an HA pair year 1, PA-5020",
PAN-PA-5020-URL2-HA2-R,PALO,"Bright cloud URL filtering subscription for device in an HA pair renewal, PA-5020",
PAN-PA-5020-URL2-3YR-HA2,PALO,"Bright cloud URL filtering subscription 3 year prepaid for device in an HA pair, PA-5020",
PAN-PA-5020-URL2-3YR-HA2-R,PALO,"Bright cloud URL filtering subscription 3 year prepaid renewal for device in an HA pair, PA-5020",
PAN-PA-5020-URL2-5YR-HA2,PALO,"Bright cloud URL filtering subscription 5 year prepaid for device in an HA pair year 1, PA-5020",
PAN-PA-5020-URL2-5YR-HA2-R,PALO,"Bright cloud URL filtering subscription 5 year prepaid renewal for device in an HA pair year 1, PA-5020",
PAN-PA-5050-URL2,PALO,"Bright cloud URL filtering subscription year 1, PA-5050",
PAN-PA-5050-URL2-R,PALO,"Bright cloud URL filtering subscription renewal, PA-5050",
,PALO,,
PAN-PA-5050-URL2-3YR,PALO,"Bright cloud URL filtering subscription 3-year prepaid, PA-5050",
PAN-PA-5050-URL2-3YR-R,PALO,"Bright cloud URL filtering subscription 3-year prepaid renewal, PA-5050",
PAN-PA-5050-URL2-5YR,PALO,"Bright cloud URL filtering subscription 5-year prepaid, PA-5050",
PAN-PA-5050-URL2-5YR-R,PALO,"Bright cloud URL filtering subscription 5-year prepaid renewal, PA-5050",
PAN-PA-5050-URL2-HA2,PALO,"Bright cloud URL filtering subscription for device in an HA pair year 1, PA-5050",
PAN-PA-5050-URL2-HA2-R,PALO,"Bright cloud URL filtering subscription for device in an HA pair renewal, PA-5050",
PAN-PA-5050-URL2-3YR-HA2,PALO,"Bright cloud URL filtering subscription 3 year prepaid for device in an HA pair, PA-5050",
PAN-PA-5050-URL2-3YR-HA2-R,PALO,"Bright cloud URL filtering subscription 3 year prepaid renewal for device in an HA pair, PA-5050",
PAN-PA-5050-URL2-5YR-HA2,PALO,"Bright cloud URL filtering subscription 5 year prepaid for device in an HA pair year 1, PA-5050",
PAN-PA-5050-URL2-5YR-HA2-R,PALO,"Bright cloud URL filtering subscription 5 year prepaid renewal for device in an HA pair year 1, PA-5050",
PAN-PA-5060-URL2,PALO,"Bright cloud URL filtering subscription year 1, PA-5060",
PAN-PA-5060-URL2-R,PALO,"Bright cloud URL filtering subscription renewal, PA-5060",
PAN-PA-5060-URL2-3YR,PALO,"Bright cloud URL filtering subscription 3-year prepaid, PA-5060",
PAN-PA-5060-URL2-3YR-R,PALO,"Bright cloud URL filtering subscription 3-year prepaid renewal, PA-5060",
PAN-PA-5060-URL2-5YR,PALO,"Bright cloud URL filtering subscription 5-year prepaid, PA-5060",
PAN-PA-5060-URL2-5YR-R,PALO,"Bright cloud URL filtering subscription 5-year prepaid renewal, PA-5060",
PAN-PA-5060-URL2-HA2,PALO,"Bright cloud URL filtering subscription for device in an HA pair year 1, PA-5060",
PAN-PA-5060-URL2-HA2-R,PALO,"Bright cloud URL filtering subscription for device in an HA pair renewal, PA-5060",
PAN-PA-5060-URL2-3YR-HA2,PALO,"Bright cloud URL filtering subscription 3 year prepaid for device in an HA pair, PA-5060",
PAN-PA-5060-URL2-3YR-HA2-R,PALO,"Bright cloud URL filtering subscription 3 year prepaid renewal for device in an HA pair, PA-5060",
PAN-PA-5060-URL2-5YR-HA2,PALO,"Bright cloud URL filtering subscription 5 year prepaid for device in an HA pair year 1, PA-5060",
PAN-PA-5060-URL2-5YR-HA2-R,PALO,"Bright cloud URL filtering subscription 5 year prepaid renewal for device in an HA pair year 1, PA-5060",
PAN-PA-5220-URL2,PALO,"BrightCloud URL filtering subscription year 1, PA-5220",
PAN-PA-5220-URL2-R,PALO,"BrightCloud URL filtering subscription renewal, PA-5220",
PAN-PA-5220-URL2-3YR,PALO,"BrightCloud URL filtering subscription 3-year prepaid, PA-5220",
PAN-PA-5220-URL2-3YR-R,PALO,"BrightCloud URL filtering subscription 3-year prepaid renewal, PA-5220",
PAN-PA-5220-URL2-5YR,PALO,"BrightCloud URL filtering subscription 5-year prepaid, PA-5220",
PAN-PA-5220-URL2-5YR-R,PALO,"BrightCloud URL filtering subscription 5-year prepaid renewal, PA-5220",
PAN-PA-5220-URL2-HA2,PALO,"BrightCloud URL filtering subscription for device in an HA pair year 1, PA-5220",
PAN-PA-5220-URL2-HA2-R,PALO,"BrightCloud URL filtering subscription for device in an HA pair renewal, PA-5220",
PAN-PA-5220-URL2-3YR-HA2,PALO,"BrightCloud URL filtering subscription 3 year prepaid for device in an HA pair, PA-5220",
PAN-PA-5220-URL2-3YR-HA2-R,PALO,"BrightCloud URL filtering subscription 3 year prepaid renewal for device in an HA pair, PA-5220",
PAN-PA-5220-URL2-5YR-HA2,PALO,"BrightCloud URL filtering subscription 5 year prepaid for device in an HA pair, PA-5220",
PAN-PA-5220-URL2-5YR-HA2-R,PALO,"BrightCloud URL filtering subscription 5 year prepaid renewal for device in an HA pair, PA-5220",
PAN-PA-5250-URL2,PALO,"BrightCloud URL filtering subscription year 1, PA-5250",
PAN-PA-5250-URL2-R,PALO,"BrightCloud URL filtering subscription renewal, PA-5250",
PAN-PA-5250-URL2-3YR,PALO,"BrightCloud URL filtering subscription 3-year prepaid, PA-5250",
PAN-PA-5250-URL2-3YR-R,PALO,"BrightCloud URL filtering subscription 3-year prepaid renewal, PA-5250",
PAN-PA-5250-URL2-5YR,PALO,"BrightCloud URL filtering subscription 5-year prepaid, PA-5250",
PAN-PA-5250-URL2-5YR-R,PALO,"BrightCloud URL filtering subscription 5-year prepaid renewal, PA-5250",
PAN-PA-5250-URL2-HA2,PALO,"BrightCloud URL filtering subscription for device in an HA pair year 1, PA-5250",
PAN-PA-5250-URL2-HA2-R,PALO,"BrightCloud URL filtering subscription for device in an HA pair renewal, PA-5250",
PAN-PA-5250-URL2-3YR-HA2,PALO,"BrightCloud URL filtering subscription 3 year prepaid for device in an HA pair, PA-5250",
PAN-PA-5250-URL2-3YR-HA2-R,PALO,"BrightCloud URL filtering subscription 3 year prepaid renewal for device in an HA pair, PA-5250",
PAN-PA-5250-URL2-5YR-HA2,PALO,"BrightCloud URL filtering subscription 5 year prepaid for device in an HA pair, PA-5250",
PAN-PA-5250-URL2-5YR-HA2-R,PALO,"BrightCloud URL filtering subscription 5 year prepaid renewal for device in an HA pair, PA-5250",
PAN-PA-5260-URL2,PALO,"BrightCloud URL filtering subscription year 1, PA-5260",
PAN-PA-5260-URL2-R,PALO,"BrightCloud URL filtering subscription renewal, PA-5260",
PAN-PA-5260-URL2-3YR,PALO,"BrightCloud URL filtering subscription 3-year prepaid, PA-5260",
PAN-PA-5260-URL2-3YR-R,PALO,"BrightCloud URL filtering subscription 3-year prepaid renewal, PA-5260",
PAN-PA-5260-URL2-5YR,PALO,"BrightCloud URL filtering subscription 5-year prepaid, PA-5260",
PAN-PA-5260-URL2-5YR-R,PALO,"BrightCloud URL filtering subscription 5-year prepaid renewal, PA-5260",
PAN-PA-5260-URL2-HA2,PALO,"BrightCloud URL filtering subscription for device in an HA pair year 1, PA-5260",
PAN-PA-5260-URL2-HA2-R,PALO,"BrightCloud URL filtering subscription for device in an HA pair renewal, PA-5260",
PAN-PA-5260-URL2-3YR-HA2,PALO,"BrightCloud URL filtering subscription 3 year prepaid for device in an HA pair, PA-5260",
PAN-PA-5260-URL2-3YR-HA2-R,PALO,"BrightCloud URL filtering subscription 3 year prepaid renewal for device in an HA pair, PA-5260",
PAN-PA-5260-URL2-5YR-HA2,PALO,"BrightCloud URL filtering subscription 5 year prepaid for device in an HA pair, PA-5260",
PAN-PA-5260-URL2-5YR-HA2-R,PALO,"BrightCloud URL filtering subscription 5 year prepaid renewal for device in an HA pair, PA-5260",
PAN-PA-7050-URL2,PALO,"Bright cloud URL Filtering subscription year 1, PA-7050",
PAN-PA-7050-URL2-R,PALO,"Bright cloud URL Filtering subscription renewal year 1, PA-7050",
PAN-PA-7050-URL2-3YR,PALO,"Bright cloud URL Filtering subscription 3-year prepaid, PA-7050",
PAN-PA-7050-URL2-3YR-R,PALO,"Bright cloud URL Filtering subscription 3-year prepaid renewal, PA-7050",
PAN-PA-7050-URL2-5YR,PALO,"Bright cloud URL Filtering subscription 5-year prepaid, PA-7050",
PAN-PA-7050-URL2-5YR-R,PALO,"Bright cloud URL Filtering subscription 5-year prepaid renewal, PA-7050",
PAN-PA-7050-URL2-HA2,PALO,"Bright cloud URL Filtering subscription for device in an HA pair year 1, PA-7050",
PAN-PA-7050-URL2-HA2-R,PALO,"Bright cloud URL Filtering subscription for device in an HA pair renewal, PA-7050",
PAN-PA-7050-URL2-3YR-HA2,PALO,"Bright cloud URL Filtering subscription 3-year prepaid for device in an HA pair, PA-7050",
PAN-PA-7050-URL2-3YR-HA2-R,PALO,"Bright cloud URL Filtering subscription 3-year prepaid renewal for device in an HA pair, PA-7050",
PAN-PA-7050-URL2-5YR-HA2,PALO,"Bright cloud URL Filtering subscription 5-year prepaid for device in an HA pair, PA-7050",
PAN-PA-7050-URL2-5YR-HA2-R,PALO,"Bright cloud URL Filtering subscription 5-year prepaid renewal for device in an HA pair, PA-7050",
PAN-PA-7080-URL2,PALO,"BrightCloud URL Filtering subscription year 1, PA-7080",
PAN-PA-7080-URL2-R,PALO,"BrightCloud URL Filtering subscription renewal year 1, PA-7080",
PAN-PA-7080-URL2-3YR,PALO,"BrightCloud URL Filtering subscription 3-year prepaid, PA-7080",
PAN-PA-7080-URL2-3YR-R,PALO,"BrightCloud URL Filtering subscription 3-year prepaid renewal, PA-7080",
PAN-PA-7080-URL2-5YR,PALO,"BrightCloud URL Filtering subscription 5-year prepaid, PA-7080",
PAN-PA-7080-URL2-5YR-R,PALO,"BrightCloud URL Filtering subscription 5-year prepaid renewal, PA-7080",
PAN-PA-7080-URL2-HA2,PALO,"BrightCloud URL Filtering subscription for device in an HA pair year 1, PA-7080",
PAN-PA-7080-URL2-HA2-R,PALO,"BrightCloud URL Filtering subscription for device in an HA pair renewal, PA-7080",
PAN-PA-7080-URL2-3YR-HA2,PALO,"BrightCloud URL Filtering subscription 3-year prepaid for device in an HA pair, PA-7080",
PAN-PA-7080-URL2-3YR-HA2-R,PALO,"BrightCloud URL Filtering subscription 3-year prepaid renewal for device in an HA pair, PA-7080",
PAN-PA-7080-URL2-5YR-HA2,PALO,"BrightCloud URL Filtering subscription 5-year prepaid for device in an HA pair, PA-7080",
PAN-PA-7080-URL2-5YR-HA2-R,PALO,"BrightCloud URL Filtering subscription 5-year prepaid renewal for device in an HA pair, PA-7080",
PAN-VM-100-URL2,PALO,"Bright cloud URL filtering subscription, year 1, VM-100",
PAN-VM-100-URL2-R,PALO,"Bright cloud URL filtering subscription, year 1, renewal, VM-100",
PAN-VM-100-URL2-3YR,PALO,"Bright cloud URL filtering subscription, 3 year, VM-100",
PAN-VM-100-URL2-3YR-R,PALO,"Bright cloud URL filtering subscription, 3 year, renewal, VM-100",
PAN-VM-100-URL2-5YR,PALO,"Bright cloud URL filtering subscription, 5 year, VM-100",
PAN-VM-100-URL2-5YR-R,PALO,"Bright cloud URL filtering subscription, 5 year, renewal, VM-100",
PAN-VM-100-URL2-HA2,PALO,"Bright cloud URL filtering subscription for device in an HA pair, year 1, VM-100",
PAN-VM-100-URL2-HA2-R,PALO,"Bright cloud URL filtering subscription for device in an HA pair, renewal, VM-100",
PAN-VM-100-URL2-3YR-HA2,PALO,"Bright cloud URL filtering subscription for device in an HA pair, 3 year, VM-100",
PAN-VM-100-URL2-3YR-HA2-R,PALO,"Bright cloud URL filtering subscription for device in an HA pair, 3 year, renewal, VM-100",
PAN-VM-100-URL2-5YR-HA2,PALO,"Bright cloud URL filtering subscription for device in an HA pair, 5 year, VM-100",
PAN-VM-100-URL2-5YR-HA2-R,PALO,"Bright cloud URL filtering subscription for device in an HA pair, 5 year, renewal, VM-100",
PAN-VM-100-ENT-URL2,PALO,"Bright cloud URL filtering subscription, year 1, VM-100 Enterprise",
PAN-VM-100-ENT-URL2-R,PALO,"Bright cloud URL filtering subscription, year 1, renewal, VM-100 Enterprise",
,PALO,,
PAN-VM-100-ENT-URL2-3YR,PALO,"Bright cloud URL filtering subscription, 3 year, VM-100 Enterprise",
PAN-VM-100-ENT-URL2-3YR-R,PALO,"Bright cloud URL filtering subscription, 3 year, renewal, VM-100 Enterprise",
PAN-VM-100-ENT-URL2-5YR,PALO,"Bright cloud URL filtering subscription, 5 year, VM-100 Enterprise",
PAN-VM-100-ENT-URL2-5YR-R,PALO,"Bright cloud URL filtering subscription, 5 year, renewal, VM-100 Enterprise",
PAN-VM-100-ENT-URL2-HA2,PALO,"Bright cloud URL filtering subscription for device in an HA pair, year 1, VM-100 Enterprise",
PAN-VM-100-ENT-URL2-HA2-R,PALO,"Bright cloud URL filtering subscription for device in an HA pair, renewal, VM-100 Enterprise",
PAN-VM-100-ENT-URL2-3YR-HA2,PALO,"Bright cloud URL filtering subscription for device in an HA pair, 3 year, VM-100 Enterprise",
PAN-VM-100-ENT-URL2-3YR-HA2-R,PALO,"Bright cloud URL filtering subscription for device in an HA pair, 3 year, renewal, VM-100 Enterprise",
PAN-VM-100-ENT-URL2-5YR-HA2,PALO,"Bright cloud URL filtering subscription for device in an HA pair, 5 year, VM-100 Enterprise",
PAN-VM-100-ENT-URL2-5YR-HA2-R,PALO,"Bright cloud URL filtering subscription for device in an HA pair, 5 year, renewal, VM-100 Enterprise",
PAN-VM-200-URL2,PALO,"Bright cloud URL filtering subscription, year 1, VM-200",
PAN-VM-200-URL2-R,PALO,"Bright cloud URL filtering subscription, year 1, renewal, VM-200",
PAN-VM-200-URL2-3YR,PALO,"Bright cloud URL filtering subscription, 3 year, VM-200",
PAN-VM-200-URL2-3YR-R,PALO,"Bright cloud URL filtering subscription, 3 year, renewal, VM-200",
PAN-VM-200-URL2-5YR,PALO,"Bright cloud URL filtering subscription, 5 year, VM-200",
PAN-VM-200-URL2-5YR-R,PALO,"Bright cloud URL filtering subscription, 5 year, renewal, VM-200",
PAN-VM-200-URL2-HA2,PALO,"Bright cloud URL filtering subscription for device in an HA pair, year 1, VM-200",
PAN-VM-200-URL2-HA2-R,PALO,"Bright cloud URL filtering subscription for device in an HA pair, renewal, VM-200",
PAN-VM-200-URL2-3YR-HA2,PALO,"Bright cloud URL filtering subscription for device in an HA pair, 3 year, VM-200",
PAN-VM-200-URL2-3YR-HA2-R,PALO,"Bright cloud URL filtering subscription for device in an HA pair, 3 year, renewal, VM-200",
PAN-VM-200-URL2-5YR-HA2,PALO,"Bright cloud URL filtering subscription for device in an HA pair, 5 year, VM-200",
PAN-VM-200-URL2-5YR-HA2-R,PALO,"Bright cloud URL filtering subscription for device in an HA pair, 5 year, renewal, VM-200",
PAN-VM-200-ENT-URL2,PALO,"Bright cloud URL filtering subscription, year 1, VM-200",
PAN-VM-200-ENT-URL2-R,PALO,"Bright cloud URL filtering subscription, year 1, renewal, VM-200",
PAN-VM-200-ENT-URL2-3YR,PALO,"Bright cloud URL filtering subscription, 3 year, VM-200",
PAN-VM-200-ENT-URL2-3YR-R,PALO,"Bright cloud URL filtering subscription, 3 year, renewal, VM-200",
PAN-VM-200-ENT-URL2-5YR,PALO,"Bright cloud URL filtering subscription, 5 year, VM-200",
PAN-VM-200-ENT-URL2-5YR-R,PALO,"Bright cloud URL filtering subscription, 5 year, renewal, VM-200",
PAN-VM-200-ENT-URL2-HA2,PALO,"Bright cloud URL filtering subscription for device in an HA pair, year 1, VM-200",
PAN-VM-200-ENT-URL2-HA2-R,PALO,"Bright cloud URL filtering subscription for device in an HA pair, renewal, VM-200",
PAN-VM-200-ENT-URL2-3YR-HA2,PALO,"Bright cloud URL filtering subscription for device in an HA pair, 3 year, VM-200",
PAN-VM-200-ENT-URL2-3YR-HA2-R,PALO,"Bright cloud URL filtering subscription for device in an HA pair, 3 year, renewal, VM-200",
PAN-VM-200-ENT-URL2-5YR-HA2,PALO,"Bright cloud URL filtering subscription for device in an HA pair, 5 year, VM-200",
PAN-VM-200-ENT-URL2-5YR-HA2-R,PALO,"Bright cloud URL filtering subscription for device in an HA pair, 5 year, renewal, VM-200",
PAN-VM-300-URL2,PALO,"Bright cloud URL filtering subscription, year 1, VM-300",
PAN-VM-300-URL2-R,PALO,"Bright cloud URL filtering subscription, year 1, renewal, VM-300",
PAN-VM-300-URL2-3YR,PALO,"Bright cloud URL filtering subscription, 3 year, VM-300",
PAN-VM-300-URL2-3YR-R,PALO,"Bright cloud URL filtering subscription, 3 year, renewal, VM-300",
PAN-VM-300-URL2-5YR,PALO,"Bright cloud URL filtering subscription, 5 year, VM-300",
PAN-VM-300-URL2-5YR-R,PALO,"Bright cloud URL filtering subscription, 5 year, renewal, VM-300",
PAN-VM-300-URL2-HA2,PALO,"Bright cloud URL filtering subscription for device in an HA pair, year 1, VM-300",
PAN-VM-300-URL2-HA2-R,PALO,"Bright cloud URL filtering subscription for device in an HA pair, renewal, VM-300",
PAN-VM-300-URL2-3YR-HA2,PALO,"Bright cloud URL filtering subscription for device in an HA pair, 3 year, VM-300",
PAN-VM-300-URL2-3YR-HA2-R,PALO,"Bright cloud URL filtering subscription for device in an HA pair, 3 year, renewal, VM-300",
PAN-VM-300-URL2-5YR-HA2,PALO,"Bright cloud URL filtering subscription for device in an HA pair, 5 year, VM-300",
PAN-VM-300-URL2-5YR-HA2-R,PALO,"Bright cloud URL filtering subscription for device in an HA pair, 5 year, renewal, VM-300",
PAN-VM-300-ENT-URL2,PALO,"Bright cloud URL filtering subscription, year 1, VM-300",
PAN-VM-300-ENT-URL2-R,PALO,"Bright cloud URL filtering subscription, year 1, renewal, VM-300",
PAN-VM-300-ENT-URL2-3YR,PALO,"Bright cloud URL filtering subscription, 3 year, VM-300",
PAN-VM-300-ENT-URL2-3YR-R,PALO,"Bright cloud URL filtering subscription, 3 year, renewal, VM-300",
PAN-VM-300-ENT-URL2-5YR,PALO,"Bright cloud URL filtering subscription, 5 year, VM-300",
PAN-VM-300-ENT-URL2-5YR-R,PALO,"Bright cloud URL filtering subscription, 5 year, renewal, VM-300",
PAN-VM-300-ENT-URL2-HA2,PALO,"Bright cloud URL filtering subscription for device in an HA pair, year 1, VM-300",
PAN-VM-300-ENT-URL2-HA2-R,PALO,"Bright cloud URL filtering subscription for device in an HA pair, renewal, VM-300",
PAN-VM-300-ENT-URL2-3YR-HA2,PALO,"Bright cloud URL filtering subscription for device in an HA pair, 3 year, VM-300",
PAN-VM-300-ENT-URL2-3YR-HA2-R,PALO,"Bright cloud URL filtering subscription for device in an HA pair, 3 year, renewal, VM-300",
PAN-VM-300-ENT-URL2-5YR-HA2,PALO,"Bright cloud URL filtering subscription for device in an HA pair, 5 year, VM-300",
PAN-VM-300-ENT-URL2-5YR-HA2-R,PALO,"Bright cloud URL filtering subscription for device in an HA pair, 5 year, renewal, VM-300",
PAN-VM-1000-HV-URL2,PALO,"Bright cloud URL filtering subscription, year 1, VM-1000-HV",
PAN-VM-1000-HV-URL2-R,PALO,"Bright cloud URL filtering subscription, year 1, renewal, VM-1000-HV",
PAN-VM-1000-HV-URL2-3YR,PALO,"Bright cloud URL filtering subscription, 3 year, VM-1000-HV",
PAN-VM-1000-HV-URL2-3YR-R,PALO,"Bright cloud URL filtering subscription, 3 year, renewal, VM-1000-HV",
PAN-VM-1000-HV-URL2-5YR,PALO,"Bright cloud URL filtering subscription, 5 year, VM-1000-HV",
PAN-VM-1000-HV-URL2-5YR-R,PALO,"Bright cloud URL filtering subscription, 5 year, renewal, VM-1000-HV",
PAN-VM-1000-HV-URL2-HA2,PALO,"Bright cloud URL filtering subscription for device in an HA pair, year 1, VM-1000-HV",
PAN-VM-1000-HV-URL2-HA2-R,PALO,"Bright cloud URL filtering subscription for device in an HA pair, renewal, VM-1000-HV",
PAN-VM-1000-HV-URL2-3YR-HA2,PALO,"Bright cloud URL filtering subscription for device in an HA pair, 3 year, VM-1000-HV",
PAN-VM-1000-HV-URL2-3YR-HA2-R,PALO,"Bright cloud URL filtering subscription for device in an HA pair, 3 year, renewal, VM-1000-HV",
PAN-VM-1000-HV-URL2-5YR-HA2,PALO,"Bright cloud URL filtering subscription for device in an HA pair, 5 year, VM-1000-HV",
PAN-VM-1000-HV-URL2-5YR-HA2-R,PALO,"Bright cloud URL filtering subscription for device in an HA pair, 5 year, renewal, VM-1000-HV",
PAN-VM-1000-HV-ENT-URL2,PALO,"Bright cloud URL filtering subscription, year 1, VM-1000-HV-ENT",
PAN-VM-1000-HV-ENT-URL2-R,PALO,"Bright cloud URL filtering subscription, year 1, renewal, VM-1000-HV-ENT",
PAN-VM-1000-HV-ENT-URL2-3YR,PALO,"Bright cloud URL filtering subscription, 3 year, VM-1000-HV-ENT",
PAN-VM-1000-HV-ENT-URL2-3YR-R,PALO,"Bright cloud URL filtering subscription, 3 year, renewal, VM-1000-HV-ENT",
PAN-VM-1000-HV-ENT-URL2-5YR,PALO,"Bright cloud URL filtering subscription, 5 year, VM-1000-HV-ENT",
PAN-VM-1000-HV-ENT-URL2-5YR-R,PALO,"Bright cloud URL filtering subscription, 5 year, renewal, VM-1000-HV-ENT",
PAN-VM-1000-HV-ENT-URL2-HA2,PALO,"Bright cloud URL filtering subscription for device in an HA pair, year 1, VM-1000-HV-ENT",
PAN-VM-1000-HV-ENT-URL2-HA2-R,PALO,"Bright cloud URL filtering subscription for device in an HA pair, renewal, VM-1000-HV-ENT",
PAN-VM-1000-HV-ENT-URL2-3YR-HA2,PALO,"Bright cloud URL filtering subscription for device in an HA pair, 3 year, VM-1000-HV-ENT",
PAN-VM-1000-HV-ENT-URL2-3YR-HA2-R,PALO,"Bright cloud URL filtering subscription for device in an HA pair, 3 year, renewal, VM-1000-HV-ENT",
PAN-VM-1000-HV-ENT-URL2-5YR-HA2,PALO,"Bright cloud URL filtering subscription for device in an HA pair, 5 year, VM-1000-HV-ENT",
PAN-VM-1000-HV-ENT-URL2-5YR-HA2-R,PALO,"Bright cloud URL filtering subscription for device in an HA pair, 5 year, renewal, VM-1000-HV-ENT",
PAN-PA-200-URL4,PALO,"PANDB URL filtering subscription year 1, PA-200",
PAN-PA-200-URL4-R,PALO,"PANDB URL filtering subscription renewal, PA-200",
PAN-PA-200-URL4-3YR,PALO,"PANDB URL filtering subscription 3-year prepaid, PA-200",
PAN-PA-200-URL4-3YR-R,PALO,"PANDB URL filtering subscription 3-year prepaid renewal, PA-200",
PAN-PA-200-URL4-5YR,PALO,"PANDB URL filtering subscription 5-year prepaid, PA-200",
PAN-PA-200-URL4-5YR-R,PALO,"PANDB URL filtering subscription 5-year prepaid renewal, PA-200",
PAN-PA-200-URL4-HA2,PALO,"PANDB URL filtering subscription for device in an HA pair year 1, PA-200",
PAN-PA-200-URL4-HA2-R,PALO,"PANDB URL filtering subscription for device in an HA pair renewal, PA-200",
PAN-PA-200-URL4-3YR-HA2,PALO,"PANDB URL filtering subscription 3 year prepaid for device in an HA pair, PA-200",
PAN-PA-200-URL4-3YR-HA2-R,PALO,"PANDB URL filtering subscription 3 year prepaid renewal for device in an HA pair, PA-200",
PAN-PA-200-URL4-5YR-HA2,PALO,"PANDB URL filtering subscription 5 year prepaid for device in an HA pair year 1, PA-200",
PAN-PA-200-URL4-5YR-HA2-R,PALO,"PANDB URL filtering subscription 5 year prepaid renewal for device in an HA pair year 1, PA-200",
PAN-PA-220-URL4,PALO,"PANDB URL filtering subscription year 1, PA-220",
PAN-PA-220-URL4-R,PALO,"PANDB URL filtering subscription renewal, PA-220",
,PALO,,
PAN-PA-220-URL4-3YR,PALO,"PANDB URL filtering subscription 3-year prepaid, PA-220",
PAN-PA-220-URL4-3YR-R,PALO,"PANDB URL filtering subscription 3-year prepaid renewal, PA-220",
PAN-PA-220-URL4-5YR,PALO,"PANDB URL filtering subscription 5-year prepaid, PA-220",
PAN-PA-220-URL4-5YR-R,PALO,"PANDB URL filtering subscription 5-year prepaid renewal, PA-220",
PAN-PA-220-URL4-HA2,PALO,"PANDB URL filtering subscription for device in an HA pair year 1, PA-220",
PAN-PA-220-URL4-HA2-R,PALO,"PANDB URL filtering subscription for device in an HA pair renewal, PA-220",
PAN-PA-220-URL4-3YR-HA2,PALO,"PANDB URL filtering subscription 3 year prepaid for device in an HA pair, PA-220",
PAN-PA-220-URL4-3YR-HA2-R,PALO,"PANDB URL filtering subscription 3 year prepaid renewal for device in an HA pair, PA-220",
PAN-PA-220-URL4-5YR-HA2,PALO,"PANDB URL filtering subscription 5 year prepaid for device in an HA pair, PA-220",
PAN-PA-220-URL4-5YR-HA2-R,PALO,"PANDB URL filtering subscription 5 year prepaid renewal for device in an HA pair, PA-220",
PAN-PA-500-URL4,PALO,"PANDB URL filtering subscription year 1, PA-500",
PAN-PA-500-URL4-R,PALO,"PANDB URL filtering subscription renewal, PA-500",
PAN-PA-500-URL4-3YR,PALO,"PANDB URL filtering subscription 3-year prepaid, PA-500",
PAN-PA-500-URL4-3YR-R,PALO,"PANDB URL filtering subscription 3-year prepaid renewal, PA-500",
PAN-PA-500-URL4-5YR,PALO,"PANDB URL filtering subscription 5-year prepaid, PA-500",
PAN-PA-500-URL4-5YR-R,PALO,"PANDB URL filtering subscription 5-year prepaid renewal, PA-500",
PAN-PA-500-URL4-HA2,PALO,"PANDB URL filtering subscription for device in an HA pair year 1, PA-500",
PAN-PA-500-URL4-HA2-R,PALO,"PANDB URL filtering subscription for device in an HA pair renewal, PA-500",
PAN-PA-500-URL4-3YR-HA2,PALO,"PANDB URL filtering subscription 3 year prepaid for device in an HA pair, PA-500",
PAN-PA-500-URL4-3YR-HA2-R,PALO,"PANDB URL filtering subscription 3 year prepaid renewal for device in an HA pair, PA-500",
PAN-PA-500-URL4-5YR-HA2,PALO,"PANDB URL filtering subscription 5 year prepaid for device in an HA pair year 1, PA-500",
PAN-PA-500-URL4-5YR-HA2-R,PALO,"PANDB URL filtering subscription 5 year prepaid renewal for device in an HA pair year 1, PA-500",
PAN-PA-820-URL4,PALO,"PANDB URL filtering subscription year 1, PA-820",
PAN-PA-820-URL4-R,PALO,"PANDB URL filtering subscription renewal, PA-820",
PAN-PA-820-URL4-3YR,PALO,"PANDB URL filtering subscription 3-year prepaid, PA-820",
PAN-PA-820-URL4-3YR-R,PALO,"PANDB URL filtering subscription renewal 3-year prepaid, PA-820",
PAN-PA-820-URL4-5YR,PALO,"PANDB URL filtering subscription 5-year prepaid, PA-820",
PAN-PA-820-URL4-5YR-R,PALO,"PANDB URL filtering subscription renewel 5-year prepaid, PA-820",
PAN-PA-820-URL4-HA2,PALO,"PANDB URL filtering subscription for devices in HA pair, PA-820",
PAN-PA-820-URL4-HA2-R,PALO,"PANDB URL filtering subscription renewal for devices in HA pair, PA-820",
PAN-PA-820-URL4-3YR-HA2,PALO,"PANDB URL filtering subscription 3-year prepaid for device in an HA pair, PA-820",
PAN-PA-820-URL4-3YR-HA2-R,PALO,"PANDB URL filtering subscription 3-year prepaid renewal for device in an HA pair, PA-820",
PAN-PA-820-URL4-5YR-HA2,PALO,"PANDB URL filtering subscription 5-year prepaid for device in an HA pair, PA-820",
PAN-PA-820-URL4-5YR-HA2-R,PALO,"PANDB URL filtering subscription renewal 5-year prepaid for device in an HA pair, PA-820",
PAN-PA-850-URL4,PALO,"PANDB URL Filtering subscription year 1, PA-850",
PAN-PA-850-URL4-R,PALO,"PANDB URL Filtering subscription renewal year 1, PA-850",
PAN-PA-850-URL4-3YR,PALO,"PANDB URL Filtering subscription 3-year prepaid, PA-850",
PAN-PA-850-URL4-3YR-R,PALO,"PANDB URL Filtering subscription 3-year prepaid renewal, PA-850",
PAN-PA-850-URL4-5YR,PALO,"PANDB URL Filtering subscription 5-year prepaid, PA-850",
PAN-PA-850-URL4-5YR-R,PALO,"PANDB URL Filtering subscription 5-year prepaid, PA-850",
PAN-PA-850-URL4-HA2,PALO,"PANDB URL Filtering subscription for device in an HA pair year 1, PA-850",
PAN-PA-850-URL4-HA2-R,PALO,"PANDB URL Filtering subscription for device in an HA pair renewal, PA-850",
PAN-PA-850-URL4-3YR-HA2,PALO,"PANDB URL Filtering subscription 3-year prepaid for device in an HA pair, PA-850",
PAN-PA-850-URL4-3YR-HA2-R,PALO,"PANDB URL Filtering subscription 3-year prepaid renewal for device in an HA pair, PA-850",
PAN-PA-850-URL4-5YR-HA2,PALO,"PANDB URL Filtering subscription 5-year prepaid for device in an HA pair, PA-850",
PAN-PA-850-URL4-5YR-HA2-R,PALO,"PANDB URL Filtering subscription 5-year prepaid renewal for device in an HA pair, PA-850",
PAN-PA-2020-URL4,PALO,"PANDB URL filtering subscription year 1, PA-2020",
PAN-PA-2020-URL4-R,PALO,"PANDB URL filtering subscription renewal, PA-2020",
PAN-PA-2020-URL4-HA2,PALO,"PANDB URL filtering subscription for device in an HA pair year 1, PA-2020",
PAN-PA-2020-URL4-HA2-R,PALO,"PANDB URL filtering subscription for device in an HA pair renewal, PA-2020",
PAN-PA-2050-URL4,PALO,"PANDB URL filtering subscription year 1, PA-2050",
PAN-PA-2050-URL4-R,PALO,"PANDB URL filtering subscription renewal, PA-2050",
PAN-PA-2050-URL4-HA2,PALO,"PANDB URL filtering subscription for device in an HA pair year 1, PA-2050",
PAN-PA-2050-URL4-HA2-R,PALO,"PANDB URL filtering subscription for device in an HA pair renewal, PA-2050",
PAN-PA-3020-URL4,PALO,"PANDB URL filtering subscription year 1, PA-3020",
PAN-PA-3020-URL4-R,PALO,"PANDB URL filtering subscription renewal, PA-3020",
PAN-PA-3020-URL4-3YR,PALO,"PANDB URL filtering subscription 3-year prepaid, PA-3020",
PAN-PA-3020-URL4-3YR-R,PALO,"PANDB URL filtering subscription renewal 3-year prepaid, PA-3020",
PAN-PA-3020-URL4-5YR,PALO,"PANDB URL filtering subscription 5-year prepaid, PA-3020",
PAN-PA-3020-URL4-5YR-R,PALO,"PANDB URL filtering subscription renewel 5-year prepaid, PA-3020",
PAN-PA-3020-URL4-HA2,PALO,"PANDB URL filtering subscription for devices in HA pair, PA-3020",
PAN-PA-3020-URL4-HA2-R,PALO,"PANDB URL filtering subscription renewal for devices in HA pair, PA-3020",
PAN-PA-3020-URL4-3YR-HA2,PALO,"PANDB URL filtering subscription 3-year prepaid for device in an HA pair, PA-3020",
PAN-PA-3020-URL4-3YR-HA2-R,PALO,"PANDB URL filtering subscription 3-year prepaid renewal for device in an HA pair, PA-3020",
PAN-PA-3020-URL4-5YR-HA2,PALO,"PANDB URL filtering subscription 5-year prepaid for device in an HA pair, PA-3020",
PAN-PA-3020-URL4-5YR-HA2-R,PALO,"PANDB URL filtering subscription renewal 5-year prepaid for device in an HA pair, PA-3020",
PAN-PA-3050-URL4,PALO,"PANDB URL Filtering subscription year 1, PA-3050",
PAN-PA-3050-URL4-R,PALO,"PANDB URL Filtering subscription renewal year 1, PA-3050",
PAN-PA-3050-URL4-3YR,PALO,"PANDB URL Filtering subscription 3-year prepaid, PA-3050",
PAN-PA-3050-URL4-3YR-R,PALO,"PANDB URL Filtering subscription 3-year prepaid renewal, PA-3050",
PAN-PA-3050-URL4-5YR,PALO,"PANDB URL Filtering subscription 5-year prepaid, PA-3050",
PAN-PA-3050-URL4-5YR-R,PALO,"PANDB URL Filtering subscription 5-year prepaid, PA-3050",
PAN-PA-3050-URL4-HA2,PALO,"PANDB URL Filtering subscription for device in an HA pair year 1, PA-3050",
PAN-PA-3050-URL4-HA2-R,PALO,"PANDB URL Filtering subscription for device in an HA pair renewal, PA-3050",
PAN-PA-3050-URL4-3YR-HA2,PALO,"PANDB URL Filtering subscription 3-year prepaid for device in an HA pair, PA-3050",
PAN-PA-3050-URL4-3YR-HA2-R,PALO,"PANDB URL Filtering subscription 3-year prepaid renewal for device in an HA pair, PA-3050",
PAN-PA-3050-URL4-5YR-HA2,PALO,"PANDB URL Filtering subscription 5-year prepaid for device in an HA pair, PA-3050",
PAN-PA-3050-URL4-5YR-HA2-R,PALO,"PANDB URL Filtering subscription 5-year prepaid renewal for device in an HA pair, PA-3050",
PAN-PA-3060-URL4,PALO,"PANDB URL Filtering subscription year 1, PA-3060",
PAN-PA-3060-URL4-R,PALO,"PANDB URL Filtering subscription renewal year 1, PA-3060",
PAN-PA-3060-URL4-3YR,PALO,"PANDB URL Filtering subscription 3-year prepaid, PA-3060",
PAN-PA-3060-URL4-3YR-R,PALO,"PANDB URL Filtering subscription 3-year prepaid renewal, PA-3060",
PAN-PA-3060-URL4-5YR,PALO,"PANDB URL Filtering subscription 5-year prepaid, PA-3060",
PAN-PA-3060-URL4-5YR-R,PALO,"PANDB URL Filtering subscription 5-year prepaid, PA-3060",
PAN-PA-3060-URL4-HA2,PALO,"PANDB URL Filtering subscription for device in an HA pair year 1, PA-3060",
PAN-PA-3060-URL4-HA2-R,PALO,"PANDB URL Filtering subscription for device in an HA pair renewal, PA-3060",
PAN-PA-3060-URL4-3YR-HA2,PALO,"PANDB URL Filtering subscription 3-year prepaid for device in an HA pair, PA-3060",
PAN-PA-3060-URL4-3YR-HA2-R,PALO,"PANDB URL Filtering subscription 3-year prepaid renewal for device in an HA pair, PA-3060",
PAN-PA-3060-URL4-5YR-HA2,PALO,"PANDB URL Filtering subscription 5-year prepaid for device in an HA pair, PA-3060",
PAN-PA-3060-URL4-5YR-HA2-R,PALO,"PANDB URL Filtering subscription 5-year prepaid renewal for device in an HA pair, PA-3060",
PAN-PA-4020-URL4,PALO,"PANDB URL filtering subscription year 1, PA-4020",
PAN-PA-4020-URL4-R,PALO,"PANDB URL filtering subscription renewal, PA-4020",
PAN-PA-4020-URL4-HA2,PALO,"PANDB URL filtering subscription for device in an HA pair year 1, PA-4020",
PAN-PA-4020-URL4-HA2-R,PALO,"PANDB URL filtering subscription for device in an HA pair renewal, PA-4020",
PAN-PA-4050-URL4,PALO,"PANDB URL filtering subscription year 1, PA-4050",
PAN-PA-4050-URL4-R,PALO,"PANDB URL filtering subscription renewal, PA-4050",
,PALO,,
PAN-PA-4050-URL4-HA2,PALO,"PANDB URL filtering subscription for device in an HA pair year 1, PA-4050",
PAN-PA-4050-URL4-HA2-R,PALO,"PANDB URL filtering subscription for device in an HA pair renewal, PA-4050",
PAN-PA-4060-URL4,PALO,"PANDB URL filtering subscription year 1, PA-4060",
PAN-PA-4060-URL4-R,PALO,"PANDB URL filtering subscription renewal, PA-4060",
PAN-PA-4060-URL4-HA2,PALO,"PANDB URL filtering subscription for device in an HA pair year 1, PA-4060",
PAN-PA-4060-URL4-HA2-R,PALO,"PANDB URL filtering subscription for device in an HA pair renewal, PA-4060",
PAN-PA-5020-URL4,PALO,"PANDB URL filtering subscription year 1, PA-5020",
PAN-PA-5020-URL4-R,PALO,"PANDB URL filtering subscription renewal, PA-5020",
PAN-PA-5020-URL4-3YR,PALO,"PANDB URL filtering subscription 3-year prepaid, PA-5020",
PAN-PA-5020-URL4-3YR-R,PALO,"PANDB URL filtering subscription 3-year prepaid renewal, PA-5020",
PAN-PA-5020-URL4-5YR,PALO,"PANDB URL filtering subscription 5-year prepaid, PA-5020",
PAN-PA-5020-URL4-5YR-R,PALO,"PANDB URL filtering subscription 5-year prepaid renewal, PA-5020",
PAN-PA-5020-URL4-HA2,PALO,"PANDB URL filtering subscription for device in an HA pair year 1, PA-5020",
PAN-PA-5020-URL4-HA2-R,PALO,"PANDB URL filtering subscription for device in an HA pair renewal, PA-5020",
PAN-PA-5020-URL4-3YR-HA2,PALO,"PANDB URL filtering subscription 3 year prepaid for device in an HA pair, PA-5020",
PAN-PA-5020-URL4-3YR-HA2-R,PALO,"PANDB URL filtering subscription 3 year prepaid renewal for device in an HA pair, PA-5020",
PAN-PA-5020-URL4-5YR-HA2,PALO,"PANDB URL filtering subscription 5 year prepaid for device in an HA pair year 1, PA-5020",
PAN-PA-5020-URL4-5YR-HA2-R,PALO,"PANDB URL filtering subscription 5 year prepaid renewal for device in an HA pair year 1, PA-5020",
PAN-PA-5050-URL4,PALO,"PANDB URL filtering subscription year 1, PA-5050",
PAN-PA-5050-URL4-R,PALO,"PANDB URL filtering subscription renewal, PA-5050",
PAN-PA-5050-URL4-3YR,PALO,"PANDB URL filtering subscription 3-year prepaid, PA-5050",
PAN-PA-5050-URL4-3YR-R,PALO,"PANDB URL filtering subscription 3-year prepaid renewal, PA-5050",
PAN-PA-5050-URL4-5YR,PALO,"PANDB URL filtering subscription 5-year prepaid, PA-5050",
PAN-PA-5050-URL4-5YR-R,PALO,"PANDB URL filtering subscription 5-year prepaid renewal, PA-5050",
PAN-PA-5050-URL4-HA2,PALO,"PANDB URL filtering subscription for device in an HA pair year 1, PA-5050",
PAN-PA-5050-URL4-HA2-R,PALO,"PANDB URL filtering subscription for device in an HA pair renewal, PA-5050",
PAN-PA-5050-URL4-3YR-HA2,PALO,"PANDB URL filtering subscription 3 year prepaid for device in an HA pair, PA-5050",
PAN-PA-5050-URL4-3YR-HA2-R,PALO,"PANDB URL filtering subscription 3 year prepaid renewal for device in an HA pair, PA-5050",
PAN-PA-5050-URL4-5YR-HA2,PALO,"PANDB URL filtering subscription 5 year prepaid for device in an HA pair year 1, PA-5050",
PAN-PA-5050-URL4-5YR-HA2-R,PALO,"PANDB URL filtering subscription 5 year prepaid renewal for device in an HA pair year 1, PA-5050",
PAN-PA-5060-URL4,PALO,"PANDB URL filtering subscription year 1, PA-5060",
PAN-PA-5060-URL4-R,PALO,"PANDB URL filtering subscription renewal, PA-5060",
PAN-PA-5060-URL4-3YR,PALO,"PANDB URL filtering subscription 3-year prepaid, PA-5060",
PAN-PA-5060-URL4-3YR-R,PALO,"PANDB URL filtering subscription 3-year prepaid renewal, PA-5060",
PAN-PA-5060-URL4-5YR,PALO,"PANDB URL filtering subscription 5-year prepaid, PA-5060",
PAN-PA-5060-URL4-5YR-R,PALO,"PANDB URL filtering subscription 5-year prepaid renewal, PA-5060",
PAN-PA-5060-URL4-HA2,PALO,"PANDB URL filtering subscription for device in an HA pair year 1, PA-5060",
PAN-PA-5060-URL4-HA2-R,PALO,"PANDB URL filtering subscription for device in an HA pair renewal, PA-5060",
PAN-PA-5060-URL4-3YR-HA2,PALO,"PANDB URL filtering subscription 3 year prepaid for device in an HA pair, PA-5060",
PAN-PA-5060-URL4-3YR-HA2-R,PALO,"PANDB URL filtering subscription 3 year prepaid renewal for device in an HA pair, PA-5060",
PAN-PA-5060-URL4-5YR-HA2,PALO,"PANDB URL filtering subscription 5 year prepaid for device in an HA pair year 1, PA-5060",
PAN-PA-5060-URL4-5YR-HA2-R,PALO,"PANDB URL filtering subscription 5 year prepaid renewal for device in an HA pair year 1, PA-5060",
PAN-PA-5220-URL4,PALO,"PANDB URL filtering subscription year 1, PA-5220",
PAN-PA-5220-URL4-R,PALO,"PANDB URL filtering subscription renewal, PA-5220",
PAN-PA-5220-URL4-3YR,PALO,"PANDB URL filtering subscription 3-year prepaid, PA-5220",
PAN-PA-5220-URL4-3YR-R,PALO,"PANDB URL filtering subscription 3-year prepaid renewal, PA-5220",
PAN-PA-5220-URL4-5YR,PALO,"PANDB URL filtering subscription 5-year prepaid, PA-5220",
PAN-PA-5220-URL4-5YR-R,PALO,"PANDB URL filtering subscription 5-year prepaid renewal, PA-5220",
PAN-PA-5220-URL4-HA2,PALO,"PANDB URL filtering subscription for device in an HA pair year 1, PA-5220",
PAN-PA-5220-URL4-HA2-R,PALO,"PANDB URL filtering subscription for device in an HA pair renewal, PA-5220",
PAN-PA-5220-URL4-3YR-HA2,PALO,"PANDB URL filtering subscription 3 year prepaid for device in an HA pair, PA-5220",
PAN-PA-5220-URL4-3YR-HA2-R,PALO,"PANDB URL filtering subscription 3 year prepaid renewal for device in an HA pair, PA-5220",
PAN-PA-5220-URL4-5YR-HA2,PALO,"PANDB URL filtering subscription 5 year prepaid for device in an HA pair, PA-5220",
PAN-PA-5220-URL4-5YR-HA2-R,PALO,"PANDB URL filtering subscription 5 year prepaid renewal for device in an HA pair, PA-5220",
PAN-PA-5250-URL4,PALO,"PANDB URL filtering subscription year 1, PA-5250",
PAN-PA-5250-URL4-R,PALO,"PANDB URL filtering subscription renewal, PA-5250",
PAN-PA-5250-URL4-3YR,PALO,"PANDB URL filtering subscription 3-year prepaid, PA-5250",
PAN-PA-5250-URL4-3YR-R,PALO,"PANDB URL filtering subscription 3-year prepaid renewal, PA-5250",
PAN-PA-5250-URL4-5YR,PALO,"PANDB URL filtering subscription 5-year prepaid, PA-5250",
PAN-PA-5250-URL4-5YR-R,PALO,"PANDB URL filtering subscription 5-year prepaid renewal, PA-5250",
PAN-PA-5250-URL4-HA2,PALO,"PANDB URL filtering subscription for device in an HA pair year 1, PA-5250",
PAN-PA-5250-URL4-HA2-R,PALO,"PANDB URL filtering subscription for device in an HA pair renewal, PA-5250",
PAN-PA-5250-URL4-3YR-HA2,PALO,"PANDB URL filtering subscription 3 year prepaid for device in an HA pair, PA-5250",
PAN-PA-5250-URL4-3YR-HA2-R,PALO,"PANDB URL filtering subscription 3 year prepaid renewal for device in an HA pair, PA-5250",
PAN-PA-5250-URL4-5YR-HA2,PALO,"PANDB URL filtering subscription 5 year prepaid for device in an HA pair, PA-5250",
PAN-PA-5250-URL4-5YR-HA2-R,PALO,"PANDB URL filtering subscription 5 year prepaid renewal for device in an HA pair, PA-5250",
PAN-PA-5260-URL4,PALO,"PANDB URL filtering subscription year 1, PA-5260",
PAN-PA-5260-URL4-R,PALO,"PANDB URL filtering subscription renewal, PA-5260",
PAN-PA-5260-URL4-3YR,PALO,"PANDB URL filtering subscription 3-year prepaid, PA-5260",
PAN-PA-5260-URL4-3YR-R,PALO,"PANDB URL filtering subscription 3-year prepaid renewal, PA-5260",
PAN-PA-5260-URL4-5YR,PALO,"PANDB URL filtering subscription 5-year prepaid, PA-5260",
PAN-PA-5260-URL4-5YR-R,PALO,"PANDB URL filtering subscription 5-year prepaid renewal, PA-5260",
PAN-PA-5260-URL4-HA2,PALO,"PANDB URL filtering subscription for device in an HA pair year 1, PA-5260",
PAN-PA-5260-URL4-HA2-R,PALO,"PANDB URL filtering subscription for device in an HA pair renewal, PA-5260",
PAN-PA-5260-URL4-3YR-HA2,PALO,"PANDB URL filtering subscription 3 year prepaid for device in an HA pair, PA-5260",
PAN-PA-5260-URL4-3YR-HA2-R,PALO,"PANDB URL filtering subscription 3 year prepaid renewal for device in an HA pair, PA-5260",
PAN-PA-5260-URL4-5YR-HA2,PALO,"PANDB URL filtering subscription 5 year prepaid for device in an HA pair, PA-5260",
PAN-PA-5260-URL4-5YR-HA2-R,PALO,"PANDB URL filtering subscription 5 year prepaid renewal for device in an HA pair, PA-5260",
PAN-PA-7050-URL4,PALO,"PANDB URL Filtering subscription year 1, PA-7050",
PAN-PA-7050-URL4-R,PALO,"PANDB URL Filtering subscription renewal year 1, PA-7050",
PAN-PA-7050-URL4-3YR,PALO,"PANDB URL Filtering subscription 3-year prepaid, PA-7050",
PAN-PA-7050-URL4-3YR-R,PALO,"PANDB URL Filtering subscription 3-year prepaid renewal, PA-3050",
PAN-PA-7050-URL4-5YR,PALO,"PANDB URL Filtering subscription 5-year prepaid, PA-7050",
PAN-PA-7050-URL4-5YR-R,PALO,"PANDB URL Filtering subscription 5-year prepaid, PA-7050",
PAN-PA-7050-URL4-HA2,PALO,"PANDB URL Filtering subscription for device in an HA pair year 1, PA-7050",
PAN-PA-7050-URL4-HA2-R,PALO,"PANDB URL Filtering subscription for device in an HA pair renewal, PA-7050",
PAN-PA-7050-URL4-3YR-HA2,PALO,"PANDB URL Filtering subscription 3-year prepaid for device in an HA pair, PA-7050",
PAN-PA-7050-URL4-3YR-HA2-R,PALO,"PANDB URL Filtering subscription 3-year prepaid renewal for device in an HA pair, PA-7050",
PAN-PA-7050-URL4-5YR-HA2,PALO,"PANDB URL Filtering subscription 5-year prepaid for device in an HA pair, PA-7050",
PAN-PA-7050-URL4-5YR-HA2-R,PALO,"PANDB URL Filtering subscription 5-year prepaid renewal for device in an HA pair, PA-7050",
PAN-PA-7080-URL4,PALO,"PAN-DB URL Filtering subscription year 1, PA-7080",
PAN-PA-7080-URL4-R,PALO,"PAN-DB URL Filtering subscription renewal year 1, PA-7080",
PAN-PA-7080-URL4-3YR,PALO,"PAN-DB URL Filtering subscription 3-year prepaid, PA-7080",
PAN-PA-7080-URL4-3YR-R,PALO,"PAN-DB URL Filtering subscription 3-year prepaid renewal, PA-7080",
PAN-PA-7080-URL4-5YR,PALO,"PAN-DB URL Filtering subscription 5-year prepaid, PA-7080",
PAN-PA-7080-URL4-5YR-R,PALO,"PAN-DB URL Filtering subscription 5-year prepaid, PA-7080",
,PALO,,
PAN-PA-7080-URL4-HA2,PALO,"PAN-DB URL Filtering subscription for device in an HA pair year 1, PA-7080",
PAN-PA-7080-URL4-HA2-R,PALO,"PAN-DB URL Filtering subscription for device in an HA pair renewal, PA-7080",
PAN-PA-7080-URL4-3YR-HA2,PALO,"PAN-DB URL Filtering subscription 3-year prepaid for device in an HA pair, PA-7080",
PAN-PA-7080-URL4-3YR-HA2-R,PALO,"PAN-DB URL Filtering subscription 3-year prepaid renewal for device in an HA pair, PA-7080",
PAN-PA-7080-URL4-5YR-HA2,PALO,"PAN-DB URL Filtering subscription 5-year prepaid for device in an HA pair, PA-7080",
PAN-PA-7080-URL4-5YR-HA2-R,PALO,"PAN-DB URL Filtering subscription 5-year prepaid renewal for device in an HA pair, PA-7080",
PAN-VM-100-URL4,PALO,"PANDB URL filtering subscription, VM-100",
PAN-VM-100-URL4-R,PALO,"PANDB URL filtering subscription renewal, VM-100",
PAN-VM-100-URL4-3YR,PALO,"PANDB URL filtering subscription, 3 year, VM-100",
PAN-VM-100-URL4-3YR-R,PALO,"PANDB URL filtering subscription 3 year renewal, VM-100",
PAN-VM-100-URL4-5YR,PALO,"PANDB URL filtering subscription, 5 year, VM-100",
PAN-VM-100-URL4-5YR-R,PALO,"PANDB URL filtering subscription, 5 year, renewal, VM-100",
PAN-VM-100-URL4-HA2,PALO,PANDB URL filtering subscription for device in an HA pair,
PAN-VM-100-URL4-HA2-R,PALO,PANDB URL filtering subscription for device in an HA pair,
PAN-VM-100-URL4-3YR-HA2,PALO,"PANDB URL filtering subscription for device in an HA pair, VM-100",
PAN-VM-100-URL4-3YR-HA2-R,PALO,"PANDB URL filtering subscription for device in an HA pair, 3 year, renewal, VM-100",
PAN-VM-100-URL4-5YR-HA2,PALO,"PANDB URL filtering subscription for device in an HA pair, 5 year, VM-100",
PAN-VM-100-URL4-5YR-HA2-R,PALO,"PANDB URL filtering subscription for device in an HA pair, 5 year, renewal, VM-100",
PAN-VM-100-ENT-URL4,PALO,"PANDB URL filtering subscription, VM-100 Enterprise",
PAN-VM-100-ENT-URL4-R,PALO,"PANDB URL filtering subscription renewal, VM-100 Enterprise",
PAN-VM-100-ENT-URL4-3YR,PALO,"PANDB URL filtering subscription, 3 year, VM-100 Enterprise",
PAN-VM-100-ENT-URL4-3YR-R,PALO,"PANDB URL filtering subscription 3 year renewal, VM-100 Enterprise",
PAN-VM-100-ENT-URL4-5YR,PALO,"PANDB URL filtering subscription, 5 year, VM-100 Enterprise",
PAN-VM-100-ENT-URL4-5YR-R,PALO,"PANDB URL filtering subscription, 5 year, renewal, VM-100 Enterprise",
PAN-VM-100-ENT-URL4-HA2,PALO,PANDB URL filtering subscription for device in an HA pair VM-100 Enterprise,
PAN-VM-100-ENT-URL4-HA2-R,PALO,PANDB URL filtering subscription for device in an HA pair VM-100 Enterprise,
PAN-VM-100-ENT-URL4-3YR-HA2,PALO,"PANDB URL filtering subscription for device in an HA pair, VM-100 Enterprise",
PAN-VM-100-ENT-URL4-3YR-HA2-R,PALO,"PANDB URL filtering subscription for device in an HA pair, 3 year, renewal, VM-100 Enterprise",
PAN-VM-100-ENT-URL4-5YR-HA2,PALO,"PANDB URL filtering subscription for device in an HA pair, 5 year, VM-100 Enterprise",
PAN-VM-100-ENT-URL4-5YR-HA2-R,PALO,"PANDB URL filtering subscription for device in an HA pair, 5 year, renewal, VM-100 Enterprise",
PAN-VM-200-URL4,PALO,"PANDB URL filtering subscription, VM-200",
PAN-VM-200-URL4-R,PALO,"PANDB URL filtering subscription renewal, VM-200",
PAN-VM-200-URL4-3YR,PALO,"PANDB URL filtering subscription, 3 year, VM-200",
PAN-VM-200-URL4-3YR-R,PALO,"PANDB URL filtering subscription 3 year renewal, VM-200",
PAN-VM-200-URL4-5YR,PALO,"PANDB URL filtering subscription, 5 year, VM-200",
PAN-VM-200-URL4-5YR-R,PALO,"PANDB URL filtering subscription, 5 year, renewal, VM-200",
PAN-VM-200-URL4-HA2,PALO,"PANDB URL filtering subscription for device in an HA pair, VM-200",
PAN-VM-200-URL4-HA2-R,PALO,"PANDB URL filtering subscription for device in an HA pair, VM-200",
PAN-VM-200-URL4-3YR-HA2,PALO,"PANDB URL filtering subscription for device in an HA pair, VM-200",
PAN-VM-200-URL4-3YR-HA2-R,PALO,"PANDB URL filtering subscription for device in an HA pair, 3 year, renewal, VM-200",
PAN-VM-200-URL4-5YR-HA2,PALO,"PANDB URL filtering subscription for device in an HA pair, 5 year, VM-200",
PAN-VM-200-URL4-5YR-HA2-R,PALO,"PANDB URL filtering subscription for device in an HA pair, 5 year, renewal, VM-200",
PAN-VM-200-ENT-URL4,PALO,"PANDB URL filtering subscription, VM-200",
PAN-VM-200-ENT-URL4-R,PALO,"PANDB URL filtering subscription renewal, VM-200",
PAN-VM-200-ENT-URL4-3YR,PALO,"PANDB URL filtering subscription, 3 year, VM-200",
PAN-VM-200-ENT-URL4-3YR-R,PALO,"PANDB URL filtering subscription 3 year renewal, VM-200",
PAN-VM-200-ENT-URL4-5YR,PALO,"PANDB URL filtering subscription, 5 year, VM-200",
PAN-VM-200-ENT-URL4-5YR-R,PALO,"PANDB URL filtering subscription, 5 year, renewal, VM-200",
PAN-VM-200-ENT-URL4-HA2,PALO,"PANDB URL filtering subscription for device in an HA pair, VM-200",
PAN-VM-200-ENT-URL4-HA2-R,PALO,"PANDB URL filtering subscription for device in an HA pair, VM-200",
PAN-VM-200-ENT-URL4-3YR-HA2,PALO,"PANDB URL filtering subscription for device in an HA pair, VM-200",
PAN-VM-200-ENT-URL4-3YR-HA2-R,PALO,"PANDB URL filtering subscription for device in an HA pair, 3 year, renewal, VM-200",
PAN-VM-200-ENT-URL4-5YR-HA2,PALO,"PANDB URL filtering subscription for device in an HA pair, 5 year, VM-200",
PAN-VM-200-ENT-URL4-5YR-HA2-R,PALO,"PANDB URL filtering subscription for device in an HA pair, 5 year, renewal, VM-200",
PAN-VM-300-URL4,PALO,"PANDB URL filtering subscription, VM-300",
PAN-VM-300-URL4-R,PALO,"PANDB URL filtering subscription, VM-300",
PAN-VM-300-URL4-3YR,PALO,"PANDB URL filtering subscription, 3 year, VM-300",
PAN-VM-300-URL4-3YR-R,PALO,"PANDB URL filtering subscription 3 year, renewal, VM-300",
PAN-VM-300-URL4-5YR,PALO,"PANDB URL filtering subscription, 5 year, VM-300",
PAN-VM-300-URL4-5YR-R,PALO,"PANDB URL filtering subscription, 5 year, renewal, VM-300",
PAN-VM-300-URL4-HA2,PALO,"PANDB URL filtering subscription for device in an HA pair, VM-300",
PAN-VM-300-URL4-HA2-R,PALO,"PANDB URL filtering subscription for device in an HA pair, VM-300",
PAN-VM-300-URL4-3YR-HA2,PALO,"PANDB URL filtering subscription for device in an HA pair, VM-300",
PAN-VM-300-URL4-3YR-HA2-R,PALO,"PANDB URL filtering subscription for device in an HA pair, 3 year, renewal, VM-300",
PAN-VM-300-URL4-5YR-HA2,PALO,"PANDB URL filtering subscription for device in an HA pair, 5 year, VM-300",
PAN-VM-300-URL4-5YR-HA2-R,PALO,"PANDB URL filtering subscription for device in an HA pair, 5 year, renewal, VM-300",
PAN-VM-300-ENT-URL4,PALO,"PANDB URL filtering subscription, VM-300",
PAN-VM-300-ENT-URL4-R,PALO,"PANDB URL filtering subscription, VM-300",
PAN-VM-300-ENT-URL4-3YR,PALO,"PANDB URL filtering subscription, 3 year, VM-300",
PAN-VM-300-ENT-URL4-3YR-R,PALO,"PANDB URL filtering subscription 3 year, renewal, VM-300",
PAN-VM-300-ENT-URL4-5YR,PALO,"PANDB URL filtering subscription, 5 year, VM-300",
PAN-VM-300-ENT-URL4-5YR-R,PALO,"PANDB URL filtering subscription, 5 year, renewal, VM-300",
PAN-VM-300-ENT-URL4-HA2,PALO,"PANDB URL filtering subscription for device in an HA pair, VM-300",
PAN-VM-300-ENT-URL4-HA2-R,PALO,"PANDB URL filtering subscription for device in an HA pair, VM-300",
PAN-VM-300-ENT-URL4-3YR-HA2,PALO,"PANDB URL filtering subscription for device in an HA pair, VM-300",
PAN-VM-300-ENT-URL4-3YR-HA2-R,PALO,"PANDB URL filtering subscription for device in an HA pair, 3 year, renewal, VM-300",
PAN-VM-300-ENT-URL4-5YR-HA2,PALO,"PANDB URL filtering subscription for device in an HA pair, 5 year, VM-300",
PAN-VM-300-ENT-URL4-5YR-HA2-R,PALO,"PANDB URL filtering subscription for device in an HA pair, 5 year, renewal, VM-300",
PAN-VM-1000-HV-URL4,PALO,"PANDB URL filtering subscription, VM-1000-HV",
PAN-VM-1000-HV-URL4-R,PALO,"PANDB URL filtering subscription, VM-1000-HV",
PAN-VM-1000-HV-URL4-3YR,PALO,"PANDB URL filtering subscription, 3 year, VM-1000-HV",
PAN-VM-1000-HV-URL4-3YR-R,PALO,"PANDB URL filtering subscription 3 year, renewal, VM-1000-HV",
PAN-VM-1000-HV-URL4-5YR,PALO,"PANDB URL filtering subscription, 5 year, VM-1000-HV",
PAN-VM-1000-HV-URL4-5YR-R,PALO,"PANDB URL filtering subscription, 5 year, renewal, VM-1000-HV",
PAN-VM-1000-HV-URL4-HA2,PALO,"PANDB URL filtering subscription for device in an HA pair, VM-1000-HV",
PAN-VM-1000-HV-URL4-HA2-R,PALO,"PANDB URL filtering subscription for device in an HA pair, VM-1000-HV",
PAN-VM-1000-HV-URL4-3YR-HA2,PALO,"PANDB URL filtering subscription for device in an HA pair, VM-1000-HV",
PAN-VM-1000-HV-URL4-3YR-HA2-R,PALO,"PANDB URL filtering subscription for device in an HA pair, 3 year, renewal, VM-1000-HV",
PAN-VM-1000-HV-URL4-5YR-HA2,PALO,"PANDB URL filtering subscription for device in an HA pair, 5 year, VM-1000-HV",
PAN-VM-1000-HV-URL4-5YR-HA2-R,PALO,"PANDB URL filtering subscription for device in an HA pair, 5 year, renewal, VM-1000-HV",
PAN-VM-1000-HV-ENT-URL4,PALO,"PANDB URL filtering subscription, VM-1000-HV-ENT",
PAN-VM-1000-HV-ENT-URL4-R,PALO,"PANDB URL filtering subscription, VM-1000-HV-ENT",
PAN-VM-1000-HV-ENT-URL4-3YR,PALO,"PANDB URL filtering subscription, 3 year, VM-1000-HV-ENT",
PAN-VM-1000-HV-ENT-URL4-3YR-R,PALO,"PANDB URL filtering subscription 3 year, renewal, VM-1000-HV-ENT",
PAN-VM-1000-HV-ENT-URL4-5YR,PALO,"PANDB URL filtering subscription, 5 year, VM-1000-HV-ENT",
PAN-VM-1000-HV-ENT-URL4-5YR-R,PALO,"PANDB URL filtering subscription, 5 year, renewal, VM-1000-HV-ENT",
,PALO,,
PAN-VM-1000-HV-ENT-URL4-HA2,PALO,"PANDB URL filtering subscription for device in an HA pair, VM-1000-HV-ENT",
PAN-VM-1000-HV-ENT-URL4-HA2-R,PALO,"PANDB URL filtering subscription for device in an HA pair, VM-1000-HV-ENT",
PAN-VM-1000-HV-ENT-URL4-3YR-HA2,PALO,"PANDB URL filtering subscription for device in an HA pair, VM-1000-HV-ENT",
PAN-VM-1000-HV-ENT-URL4-3YR-HA2-R,PALO,"PANDB URL filtering subscription for device in an HA pair, 3 year, renewal, VM-1000-HV-ENT",
PAN-VM-1000-HV-ENT-URL4-5YR-HA2,PALO,"PANDB URL filtering subscription for device in an HA pair, 5 year, VM-1000-HV-ENT",
PAN-VM-1000-HV-ENT-URL4-5YR-HA2-R,PALO,"PANDB URL filtering subscription for device in an HA pair, 5 year, renewal, VM-1000-HV-ENT",
PAN-PA-200-WF,PALO,"WildFire subscription year 1, PA-200",
PAN-PA-200-WF-R,PALO,"WildFire subscription renewal, PA-200",
PAN-PA-200-WF-3YR,PALO,"WildFire subscription 3-year prepaid, PA-200",
PAN-PA-200-WF-3YR-R,PALO,"WildFire subscription 3-year prepaid renewal, PA-200",
PAN-PA-200-WF-5YR,PALO,"WildFire subscription 5-year prepaid, PA-200",
PAN-PA-200-WF-5YR-R,PALO,"WildFire subscription 5-year prepaid renewal, PA-200",
PAN-PA-200-WF-HA2,PALO,"WildFire subscription year 1 for device in HA pair, PA-200",
PAN-PA-200-WF-HA2-R,PALO,"WildFire subscription renewal for device in HA pair, PA-200",
PAN-PA-200-WF-3YR-HA2,PALO,"WildFire subscription 3-year prepaid for device in an HA pair, PA-200",
PAN-PA-200-WF-3YR-HA2-R,PALO,"WildFire subscription 3-year prepaid renewal for device in HA pair, PA-200",
PAN-PA-200-WF-5YR-HA2,PALO,"WildFire subscription 5-year prepaid for device in HA pair, PA-200",
PAN-PA-200-WF-5YR-HA2-R,PALO,"WildFire subscription 5-year prepaid renewal for device in HA pair, PA-200",
PAN-PA-220-WF,PALO,"WildFire subscription year 1, PA-220",
PAN-PA-220-WF-R,PALO,"WildFire subscription renewal, PA-220",
PAN-PA-220-WF-3YR,PALO,"WildFire subscription 3-year prepaid, PA-220",
PAN-PA-220-WF-3YR-R,PALO,"WildFire subscription 3-year prepaid renewal, PA-220",
PAN-PA-220-WF-5YR,PALO,"WildFire subscription 5-year prepaid, PA-220",
PAN-PA-220-WF-5YR-R,PALO,"WildFire subscription 5-year prepaid renewal, PA-220",
PAN-PA-220-WF-HA2,PALO,"WildFire subscription year 1 for device in HA pair, PA-220",
PAN-PA-220-WF-HA2-R,PALO,"WildFire subscription renewal for device in HA pair, PA-220",
PAN-PA-220-WF-3YR-HA2,PALO,"WildFire subscription 3-year prepaid for device in an HA pair, PA-220",
PAN-PA-220-WF-3YR-HA2-R,PALO,"WildFire subscription 3-year prepaid renewal for device in HA pair, PA-220",
PAN-PA-220-WF-5YR-HA2,PALO,"WildFire subscription 5-year prepaid for device in HA pair, PA-220",
PAN-PA-220-WF-5YR-HA2-R,PALO,"WildFire subscription 5-year prepaid renewal for device in HA pair, PA-220",
PAN-PA-500-WF,PALO,"WildFire subscription year 1, PA-500",
PAN-PA-500-WF-R,PALO,"WildFire subscription renewal, PA-500",
PAN-PA-500-WF-3YR,PALO,"WildFire subscription 3-year prepaid, PA-500",
PAN-PA-500-WF-3YR-R,PALO,"WildFire subscription 3-year prepaid renewal, PA-500",
PAN-PA-500-WF-5YR,PALO,"WildFire subscription 5-year prepaid, PA-500",
PAN-PA-500-WF-5YR-R,PALO,"WildFire subscription 5-year prepaid renewal, PA-500",
PAN-PA-500-WF-HA2,PALO,"WildFire subscription for device in an HA pair year 1, PA-500",
PAN-PA-500-WF-HA2-R,PALO,"WildFire subscription for device in an HA pair renewal, PA-500",
PAN-PA-500-WF-3YR-HA2,PALO,"WildFire subscription 3 year prepaid for device in an HA pair, PA-500",
PAN-PA-500-WF-3YR-HA2-R,PALO,"WildFire subscription 3 year prepaid renewal for device in an HA pair, PA-500",
PAN-PA-500-WF-5YR-HA2,PALO,"WildFire subscription 5 year prepaid for device in an HA pair year 1, PA-500",
PAN-PA-500-WF-5YR-HA2-R,PALO,"WildFire subscription 5 year prepaid renewal for device in an HA pair year 1, PA-500",
PAN-PA-820-WF,PALO,"WildFire subscription year 1, PA-820",
PAN-PA-820-WF-R,PALO,"WildFire subscription renewal, PA-820",
PAN-PA-820-WF-3YR,PALO,"WildFire subscription 3-year prepaid, PA-820",
PAN-PA-820-WF-3YR-R,PALO,"WildFire subscription renewal 3-year prepaid, PA-820",
PAN-PA-820-WF-5YR,PALO,"WildFire subscription 5-year prepaid, PA-820",
PAN-PA-820-WF-5YR-R,PALO,"WildFire subscription renewal 5-year prepaid, PA-820",
PAN-PA-820-WF-HA2,PALO,"WildFire subscription for devices in HA pair, PA-820",
PAN-PA-820-WF-HA2-R,PALO,"WildFire subscription renewal for devices in HA pair, PA-820",
PAN-PA-820-WF-3YR-HA2,PALO,"WildFire subscription 3-year prepaid for device in an HA pair, PA-820",
PAN-PA-820-WF-3YR-HA2-R,PALO,"WildFire subscription 3-year prepaid renewal for device in an HA pair, PA-820",
PAN-PA-820-WF-5YR-HA2,PALO,"WildFire subscription 5-year prepaid for device in an HA pair, PA-820",
PAN-PA-820-WF-5YR-HA2-R,PALO,"WildFire subscription renewal 5-year prepaid for device in an HA pair, PA-820",
PAN-PA-850-WF,PALO,"WildFire subscription year 1, PA-850",
PAN-PA-850-WF-R,PALO,"WildFire subscription renewal year 1, PA-850",
PAN-PA-850-WF-3YR,PALO,"WildFire subscription 3-year prepaid, PA-850",
PAN-PA-850-WF-3YR-R,PALO,"WildFire subscription 3-year prepaid renewal, PA-850",
PAN-PA-850-WF-5YR,PALO,"WildFire subscription 5-year prepaid, PA-850",
PAN-PA-850-WF-5YR-R,PALO,"WildFire subscription 5-year prepaid renewal, PA-850",
PAN-PA-850-WF-HA2,PALO,"WildFire subscription for device in an HA pair year 1, PA-850",
PAN-PA-850-WF-HA2-R,PALO,"WildFire subscription for device in an HA pair renewal, PA-850",
PAN-PA-850-WF-3YR-HA2,PALO,"WildFire subscription 3-year prepaid for device in an HA pair, PA-850",
PAN-PA-850-WF-3YR-HA2-R,PALO,"WildFire subscription 3-year prepaid renewal for device in an HA pair, PA-850",
PAN-PA-850-WF-5YR-HA2,PALO,"WildFire subscription 5-year prepaid for device in an HA pair, PA-850",
PAN-PA-850-WF-5YR-HA2-R,PALO,"WildFire subscription 5-year prepaid renewal for device in an HA pair, PA-850",
PAN-PA-2020-WF,PALO,"WildFire subscription year 1, PA-2020",
PAN-PA-2020-WF-R,PALO,"WildFire subscription renewal, PA-2020",
PAN-PA-2020-WF-HA2,PALO,"WildFire subscription for device in an HA pair year 1, PA-2020",
PAN-PA-2020-WF-HA2-R,PALO,"WildFire subscription for device in an HA pair renewal, PA-2020",
PAN-PA-2050-WF,PALO,"WildFire subscription year 1, PA-2050",
PAN-PA-2050-WF-R,PALO,"WildFire subscription renewal, PA-2050",
PAN-PA-2050-WF-HA2,PALO,"WildFire subscription for device in an HA pair year 1, PA-2050",
PAN-PA-2050-WF-HA2-R,PALO,"WildFire subscription for device in an HA pair renewal, PA-2050",
PAN-PA-3020-WF,PALO,"WildFire subscription year 1, PA-3020",
PAN-PA-3020-WF-R,PALO,"WildFire subscription renewal, PA-3020",
PAN-PA-3020-WF-3YR,PALO,"WildFire subscription 3-year prepaid, PA-3020",
PAN-PA-3020-WF-3YR-R,PALO,"WildFire subscription renewal 3-year prepaid, PA-3020",
PAN-PA-3020-WF-5YR,PALO,"WildFire subscription 5-year prepaid, PA-3020",
PAN-PA-3020-WF-5YR-R,PALO,"WildFire subscription renewal 5-year prepaid, PA-3020",
PAN-PA-3020-WF-HA2,PALO,"WildFire subscription for devices in HA pair, PA-3020",
PAN-PA-3020-WF-HA2-R,PALO,"WildFire subscription renewal for devices in HA pair, PA-3020",
PAN-PA-3020-WF-3YR-HA2,PALO,"WildFire subscription 3-year prepaid for device in an HA pair, PA-3020",
PAN-PA-3020-WF-3YR-HA2-R,PALO,"WildFire subscription 3-year prepaid renewal for device in an HA pair, PA-3020",
PAN-PA-3020-WF-5YR-HA2,PALO,"WildFire subscription 5-year prepaid for device in an HA pair, PA-3020",
PAN-PA-3020-WF-5YR-HA2-R,PALO,"WildFire subscription renewal 5-year prepaid for device in an HA pair, PA-3020",
PAN-PA-3050-WF,PALO,"WildFire subscription year 1, PA-3050",
PAN-PA-3050-WF-R,PALO,"WildFire subscription renewal year 1, PA-3050",
PAN-PA-3050-WF-3YR,PALO,"WildFire subscription 3-year prepaid, PA-3050",
PAN-PA-3050-WF-3YR-R,PALO,"WildFire subscription 3-year prepaid renewal, PA-3050",
PAN-PA-3050-WF-5YR,PALO,"WildFire subscription 5-year prepaid, PA-3050",
PAN-PA-3050-WF-5YR-R,PALO,"WildFire subscription 5-year prepaid renewal, PA-3050",
PAN-PA-3050-WF-HA2,PALO,"WildFire subscription for device in an HA pair year 1, PA-3050",
PAN-PA-3050-WF-HA2-R,PALO,"WildFire subscription for device in an HA pair renewal, PA-3050",
PAN-PA-3050-WF-3YR-HA2,PALO,"WildFire subscription 3-year prepaid for device in an HA pair, PA-3050",
PAN-PA-3050-WF-3YR-HA2-R,PALO,"WildFire subscription 3-year prepaid renewal for device in an HA pair, PA-3050",
,PALO,,
PAN-PA-3050-WF-5YR-HA2,PALO,"WildFire subscription 5-year prepaid for device in an HA pair, PA-3050",
PAN-PA-3050-WF-5YR-HA2-R,PALO,"WildFire subscription 5-year prepaid renewal for device in an HA pair, PA-3050",
PAN-PA-3060-WF,PALO,"WildFire subscription year 1, PA-3060",
PAN-PA-3060-WF-R,PALO,"WildFire subscription renewal year 1, PA-3060",
PAN-PA-3060-WF-3YR,PALO,"WildFire subscription 3-year prepaid, PA-3060",
PAN-PA-3060-WF-3YR-R,PALO,"WildFire subscription 3-year prepaid renewal, PA-3060",
PAN-PA-3060-WF-5YR,PALO,"WildFire subscription 5-year prepaid, PA-3060",
PAN-PA-3060-WF-5YR-R,PALO,"WildFire subscription 5-year prepaid renewal, PA-3060",
PAN-PA-3060-WF-HA2,PALO,"WildFire subscription for device in an HA pair year 1, PA-3060",
PAN-PA-3060-WF-HA2-R,PALO,"WildFire subscription for device in an HA pair renewal, PA-3060",
PAN-PA-3060-WF-3YR-HA2,PALO,"WildFire subscription 3-year prepaid for device in an HA pair, PA-3060",
PAN-PA-3060-WF-3YR-HA2-R,PALO,"WildFire subscription 3-year prepaid renewal for device in an HA pair, PA-3060",
PAN-PA-3060-WF-5YR-HA2,PALO,"WildFire subscription 5-year prepaid for device in an HA pair, PA-3060",
PAN-PA-3060-WF-5YR-HA2-R,PALO,"WildFire subscription 5-year prepaid renewal for device in an HA pair, PA-3060",
PAN-PA-4020-WF,PALO,"WildFire subscription year 1, PA-4020",
PAN-PA-4020-WF-R,PALO,"WildFire subscription renewal, PA-4020",
PAN-PA-4020-WF-HA2,PALO,"WildFire subscription for device in an HA pair year 1, PA-4020",
PAN-PA-4020-WF-HA2-R,PALO,"WildFire subscription for device in an HA pair renewal, PA-4020",
PAN-PA-4050-WF,PALO,"WildFire subscription year 1, PA-4050",
PAN-PA-4050-WF-R,PALO,"WildFire subscription renewal, PA-4050",
PAN-PA-4050-WF-HA2,PALO,"WildFire subscription for device in an HA pair year 1, PA-4050",
PAN-PA-4050-WF-HA2-R,PALO,"WildFire subscription for device in an HA pair renewal, PA-4050",
PAN-PA-4060-WF,PALO,"WildFire subscription year 1, PA-4060",
PAN-PA-4060-WF-R,PALO,"WildFire subscription renewal, PA-4060",
PAN-PA-4060-WF-HA2,PALO,"WildFire subscription for device in an HA pair year 1, PA-4060",
PAN-PA-4060-WF-HA2-R,PALO,"WildFire subscription for device in an HA pair renewal, PA-4060",
PAN-PA-5020-WF,PALO,"WildFire subscription year 1, PA-5020",
PAN-PA-5020-WF-R,PALO,"WildFire subscription renewal, PA-5020",
PAN-PA-5020-WF-3YR,PALO,"WildFire subscription 3-year prepaid, PA-5020",
PAN-PA-5020-WF-3YR-R,PALO,"WildFire subscription 3-year prepaid renewal, PA-5020",
PAN-PA-5020-WF-5YR,PALO,"WildFire subscription 5-year prepaid, PA-5020",
PAN-PA-5020-WF-5YR-R,PALO,"WildFire subscription 5-year prepaid renewal, PA-5020",
PAN-PA-5020-WF-HA2,PALO,"WildFire subscription for device in an HA pair year 1, PA-5020",
PAN-PA-5020-WF-HA2-R,PALO,"WildFire subscription for device in an HA pair renewal, PA-5020",
PAN-PA-5020-WF-3YR-HA2,PALO,"WildFire subscription 3 year prepaid for device in an HA pair, PA-5020",
PAN-PA-5020-WF-3YR-HA2-R,PALO,"WildFire subscription 3 year prepaid renewal for device in an HA pair, PA-5020",
PAN-PA-5020-WF-5YR-HA2,PALO,"WildFire subscription 5 year prepaid for device in an HA pair year 1, PA-5020",
PAN-PA-5020-WF-5YR-HA2-R,PALO,"WildFire subscription 5 year prepaid renewal for device in an HA pair year 1, PA-5020",
PAN-PA-5050-WF,PALO,"WildFire subscription year 1, PA-5050",
PAN-PA-5050-WF-R,PALO,"WildFire subscription renewal, PA-5050",
PAN-PA-5050-WF-3YR,PALO,"WildFire subscription 3-year prepaid, PA-5050",
PAN-PA-5050-WF-3YR-R,PALO,"WildFire subscription 3-year prepaid renewal, PA-5050",
PAN-PA-5050-WF-5YR,PALO,"WildFire subscription 5-year prepaid, PA-5050",
PAN-PA-5050-WF-5YR-R,PALO,"WildFire subscription 5-year prepaid renewal, PA-5050",
PAN-PA-5050-WF-HA2,PALO,"WildFire subscription for device in an HA pair year 1, PA-5050",
PAN-PA-5050-WF-HA2-R,PALO,"WildFire subscription for device in an HA pair renewal, PA-5050",
PAN-PA-5050-WF-3YR-HA2,PALO,"WildFire subscription 3 year prepaid for device in an HA pair, PA-5050",
PAN-PA-5050-WF-3YR-HA2-R,PALO,"WildFire subscription 3 year prepaid renewal for device in an HA pair, PA-5050",
PAN-PA-5050-WF-5YR-HA2,PALO,"WildFire subscription 5 year prepaid for device in an HA pair year 1, PA-5050",
PAN-PA-5050-WF-5YR-HA2-R,PALO,"WildFire subscription 5 year prepaid renewal for device in an HA pair year 1, PA-5050",
PAN-PA-5060-WF,PALO,"WildFire subscription year 1, PA-5060",
PAN-PA-5060-WF-R,PALO,"WildFire subscription renewal, PA-5060",
PAN-PA-5060-WF-3YR,PALO,"WildFire subscription 3-year prepaid, PA-5060",
PAN-PA-5060-WF-3YR-R,PALO,"WildFire subscription 3-year prepaid renewal, PA-5060",
PAN-PA-5060-WF-5YR,PALO,"WildFire subscription 5-year prepaid, PA-5060",
PAN-PA-5060-WF-5YR-R,PALO,"WildFire subscription 5-year prepaid renewal, PA-5060",
PAN-PA-5060-WF-HA2,PALO,"WildFire subscription for device in an HA pair year 1, PA-5060",
PAN-PA-5060-WF-HA2-R,PALO,"WildFire subscription for device in an HA pair renewal, PA-5060",
PAN-PA-5060-WF-3YR-HA2,PALO,"WildFire subscription 3 year prepaid for device in an HA pair, PA-5060",
PAN-PA-5060-WF-3YR-HA2-R,PALO,"WildFire subscription 3 year prepaid renewal for device in an HA pair, PA-5060",
PAN-PA-5060-WF-5YR-HA2,PALO,"WildFire subscription 5 year prepaid for device in an HA pair year 1, PA-5060",
PAN-PA-5060-WF-5YR-HA2-R,PALO,"WildFire subscription 5 year prepaid renewal for device in an HA pair year 1, PA-5060",
PAN-PA-5220-WF,PALO,"WildFire subscription year 1, PA-5220",
PAN-PA-5220-WF-R,PALO,"WildFire subscription renewal, PA-5220",
PAN-PA-5220-WF-3YR,PALO,"WildFire subscription 3-year prepaid, PA-5220",
PAN-PA-5220-WF-3YR-R,PALO,"WildFire subscription 3-year prepaid renewal, PA-5220",
PAN-PA-5220-WF-5YR,PALO,"WildFire subscription 5-year prepaid, PA-5220",
PAN-PA-5220-WF-5YR-R,PALO,"WildFire subscription 5-year prepaid renewal, PA-5220",
PAN-PA-5220-WF-HA2,PALO,"WildFire subscription for device in an HA pair year 1, PA-5220",
PAN-PA-5220-WF-HA2-R,PALO,"WildFire subscription for device in an HA pair renewal, PA-5220",
PAN-PA-5220-WF-3YR-HA2,PALO,"WildFire subscription 3 year prepaid for device in an HA pair, PA-5220",
PAN-PA-5220-WF-3YR-HA2-R,PALO,"WildFire subscription 3 year prepaid renewal for device in an HA pair, PA-5220",
PAN-PA-5220-WF-5YR-HA2,PALO,"WildFire subscription 5 year prepaid for device in an HA pair, PA-5220",
PAN-PA-5220-WF-5YR-HA2-R,PALO,"WildFire subscription 5 year prepaid renewal for device in an HA pair, PA-5220",
PAN-PA-5250-WF,PALO,"WildFire subscription year 1, PA-5250",
PAN-PA-5250-WF-R,PALO,"WildFire subscription renewal, PA-5250",
PAN-PA-5250-WF-3YR,PALO,"WildFire subscription 3-year prepaid, PA-5250",
PAN-PA-5250-WF-3YR-R,PALO,"WildFire subscription 3-year prepaid renewal, PA-5250",
PAN-PA-5250-WF-5YR,PALO,"WildFire subscription 5-year prepaid, PA-5250",
PAN-PA-5250-WF-5YR-R,PALO,"WildFire subscription 5-year prepaid renewal, PA-5250",
PAN-PA-5250-WF-HA2,PALO,"WildFire subscription for device in an HA pair year 1, PA-5250",
PAN-PA-5250-WF-HA2-R,PALO,"WildFire subscription for device in an HA pair renewal, PA-5250",
PAN-PA-5250-WF-3YR-HA2,PALO,"WildFire subscription 3 year prepaid for device in an HA pair, PA-5250",
PAN-PA-5250-WF-3YR-HA2-R,PALO,"WildFire subscription 3 year prepaid renewal for device in an HA pair, PA-5250",
PAN-PA-5250-WF-5YR-HA2,PALO,"WildFire subscription 5 year prepaid for device in an HA pair, PA-5250",
PAN-PA-5250-WF-5YR-HA2-R,PALO,"WildFire subscription 5 year prepaid renewal for device in an HA pair, PA-5250",
PAN-PA-5260-WF,PALO,"WildFire subscription year 1, PA-5260",
PAN-PA-5260-WF-R,PALO,"WildFire subscription renewal, PA-5260",
PAN-PA-5260-WF-3YR,PALO,"WildFire subscription 3-year prepaid, PA-5260",
PAN-PA-5260-WF-3YR-R,PALO,"WildFire subscription 3-year prepaid renewal, PA-5260",
PAN-PA-5260-WF-5YR,PALO,"WildFire subscription 5-year prepaid, PA-5260",
PAN-PA-5260-WF-5YR-R,PALO,"WildFire subscription 5-year prepaid renewal, PA-5260",
PAN-PA-5260-WF-HA2,PALO,"WildFire subscription for device in an HA pair year 1, PA-5260",
PAN-PA-5260-WF-HA2-R,PALO,"WildFire subscription for device in an HA pair renewal, PA-5260",
PAN-PA-5260-WF-3YR-HA2,PALO,"WildFire subscription 3 year prepaid for device in an HA pair, PA-5260",
PAN-PA-5260-WF-3YR-HA2-R,PALO,"WildFire subscription 3 year prepaid renewal for device in an HA pair, PA-5260",
,PALO,,
PAN-PA-5260-WF-5YR-HA2,PALO,"WildFire subscription 5 year prepaid for device in an HA pair, PA-5260",
PAN-PA-5260-WF-5YR-HA2-R,PALO,"WildFire subscription 5 year prepaid renewal for device in an HA pair, PA-5260",
PAN-PA-7050-WF,PALO,"WildFire subscription year 1, PA-7050",
PAN-PA-7050-WF-R,PALO,"WildFire subscription renewal year 1, PA-7050",
PAN-PA-7050-WF-3YR,PALO,"WildFire subscription 3-year prepaid, PA-7050",
PAN-PA-7050-WF-3YR-R,PALO,"WildFire subscription 3-year prepaid renewal, PA-7050",
PAN-PA-7050-WF-5YR,PALO,"WildFire subscription 5-year prepaid, PA-7050",
PAN-PA-7050-WF-5YR-R,PALO,"WildFire subscription 5-year prepaid renewal, PA-7050",
PAN-PA-7050-WF-HA2,PALO,"WildFire subscription for device in an HA pair year 1, PA-7050",
PAN-PA-7050-WF-HA2-R,PALO,"WildFire subscription for device in an HA pair renewal, PA-7050",
PAN-PA-7050-WF-3YR-HA2,PALO,"WildFire subscription 3-year prepaid for device in an HA pair, PA-7050",
PAN-PA-7050-WF-3YR-HA2-R,PALO,"WildFire subscription 3-year prepaid renewal for device in an HA pair, PA-7050",
PAN-PA-7050-WF-5YR-HA2,PALO,"WildFire subscription 5-year prepaid for device in an HA pair, PA-7050",
PAN-PA-7050-WF-5YR-HA2-R,PALO,"WildFire subscription 5-year prepaid renewal for device in an HA pair, PA-7050",
PAN-PA-7080-WF,PALO,"WildFire subscription year 1, PA-7080",
PAN-PA-7080-WF-R,PALO,"WildFire subscription renewal year 1, PA-7080",
PAN-PA-7080-WF-3YR,PALO,"WildFire subscription 3-year prepaid, PA-7080",
PAN-PA-7080-WF-3YR-R,PALO,"WildFire subscription 3-year prepaid renewal, PA-7080",
PAN-PA-7080-WF-5YR,PALO,"WildFire subscription 5-year prepaid, PA-7080",
PAN-PA-7080-WF-5YR-R,PALO,"WildFire subscription 5-year prepaid renewal, PA-7080",
PAN-PA-7080-WF-HA2,PALO,"WildFire subscription for device in an HA pair year 1, PA-7080",
PAN-PA-7080-WF-HA2-R,PALO,"WildFire subscription for device in an HA pair renewal, PA-7080",
PAN-PA-7080-WF-3YR-HA2,PALO,"WildFire subscription 3-year prepaid for device in an HA pair, PA-7080",
PAN-PA-7080-WF-3YR-HA2-R,PALO,"WildFire subscription 3-year prepaid renewal for device in an HA pair, PA-7080",
PAN-PA-7080-WF-5YR-HA2,PALO,"WildFire subscription 5-year prepaid for device in an HA pair, PA-7080",
PAN-PA-7080-WF-5YR-HA2-R,PALO,"WildFire subscription 5-year prepaid renewal for device in an HA pair, PA-7080",
PAN-VM-100-WF,PALO,"WildFire subscription, VM-100",
PAN-VM-100-WF-R,PALO,"WildFire subscription renewal, VM-100",
PAN-VM-100-WF-3YR,PALO,"WildFire subscription 3 year, VM-100",
PAN-VM-100-WF-3YR-R,PALO,"WildFire subscription 3 year renewal, VM-100",
PAN-VM-100-WF-5YR,PALO,"WildFire subscription 5 year, VM-100",
PAN-VM-100-WF-5YR-R,PALO,"WildFire subscription 5 year renewal, VM-100",
PAN-VM-100-WF-HA2,PALO,"WildFire subscription for device in an HA pair, VM-100",
PAN-VM-100-WF-HA2-R,PALO,"WildFire subscription for device in an HA pair renewal, VM-100",
PAN-VM-100-WF-3YR-HA2,PALO,"WildFire subscription for device in an HA pair, 3 year, VM-100",
PAN-VM-100-WF-3YR-HA2-R,PALO,"WildFire subscription for device in an HA pair 3 year renewal, VM-100",
PAN-VM-100-WF-5YR-HA2,PALO,"WildFire subscription for device in an HA pair, 5 year, VM-100",
PAN-VM-100-WF-5YR-HA2-R,PALO,"WildFire subscription for device in an HA pair 5 year renewal, VM-100",
PAN-VM-100-ENT-WF,PALO,"WildFire subscription, VM-100 Enterprise",
PAN-VM-100-ENT-WF-R,PALO,"WildFire subscription renewal, VM-100 Enterprise",
PAN-VM-100-ENT-WF-3YR,PALO,"WildFire subscription 3 year, VM-100 Enterprise",
PAN-VM-100-ENT-WF-3YR-R,PALO,"WildFire subscription 3 year renewal, VM-100 Enterprise",
PAN-VM-100-ENT-WF-5YR,PALO,"WildFire subscription 5 year, VM-100 Enterprise",
PAN-VM-100-ENT-WF-5YR-R,PALO,"WildFire subscription 5 year renewal, VM-100 Enterprise",
PAN-VM-100-ENT-WF-HA2,PALO,"WildFire subscription for device in an HA pair, VM-100 Enterprise",
PAN-VM-100-ENT-WF-HA2-R,PALO,"WildFire subscription for device in an HA pair renewal, VM-100 Enterprise",
PAN-VM-100-ENT-WF-3YR-HA2,PALO,"WildFire subscription for device in an HA pair, 3 year, VM-100 Enterprise",
PAN-VM-100-ENT-WF-3YR-HA2-R,PALO,"WildFire subscription for device in an HA pair 3 year renewal, VM-100 Enterprise",
PAN-VM-100-ENT-WF-5YR-HA2,PALO,"WildFire subscription for device in an HA pair, 5 year, VM-100 Enterprise",
PAN-VM-100-ENT-WF-5YR-HA2-R,PALO,"WildFire subscription for device in an HA pair 5 year renewal, VM-100 Enterprise",
PAN-VM-200-WF,PALO,"WildFire subscription, VM-200",
PAN-VM-200-WF-R,PALO,"WildFire subscription renewal, VM-200",
PAN-VM-200-WF-3YR,PALO,"WildFire subscription 3 year, VM-200",
PAN-VM-200-WF-3YR-R,PALO,"WildFire subscription 3 year renewal, VM-200",
PAN-VM-200-WF-5YR,PALO,"WildFire subscription 5 year, VM-200",
PAN-VM-200-WF-5YR-R,PALO,"WildFire subscription 5 year renewal, VM-200",
PAN-VM-200-WF-HA2,PALO,"WildFire subscription for device in an HA pair, VM-200",
PAN-VM-200-WF-HA2-R,PALO,"WildFire subscription for device in an HA pair renewal, VM-200",
PAN-VM-200-WF-3YR-HA2,PALO,"WildFire subscription for device in an HA pair, 3 year, VM-200",
PAN-VM-200-WF-3YR-HA2-R,PALO,"WildFire subscription for device in an HA pair 3 year renewal, VM-200",
PAN-VM-200-WF-5YR-HA2,PALO,"WildFire subscription for device in an HA pair, 5 year, VM-200",
PAN-VM-200-WF-5YR-HA2-R,PALO,"WildFire subscription for device in an HA pair 5 year renewal, VM-200",
PAN-VM-200-ENT-WF,PALO,"WildFire subscription, VM-200",
PAN-VM-200-ENT-WF-R,PALO,"WildFire subscription renewal, VM-200",
PAN-VM-200-ENT-WF-3YR,PALO,"WildFire subscription 3 year, VM-200",
PAN-VM-200-ENT-WF-3YR-R,PALO,"WildFire subscription 3 year renewal, VM-200",
PAN-VM-200-ENT-WF-5YR,PALO,"WildFire subscription 5 year, VM-200",
PAN-VM-200-ENT-WF-5YR-R,PALO,"WildFire subscription 5 year renewal, VM-200",
PAN-VM-200-ENT-WF-HA2,PALO,"WildFire subscription for device in an HA pair, VM-200",
PAN-VM-200-ENT-WF-HA2-R,PALO,"WildFire subscription for device in an HA pair renewal, VM-200",
PAN-VM-200-ENT-WF-3YR-HA2,PALO,"WildFire subscription for device in an HA pair, 3 year, VM-200",
PAN-VM-200-ENT-WF-3YR-HA2-R,PALO,"WildFire subscription for device in an HA pair 3 year renewal, VM-200",
PAN-VM-200-ENT-WF-5YR-HA2,PALO,"WildFire subscription for device in an HA pair, 5 year, VM-200",
PAN-VM-200-ENT-WF-5YR-HA2-R,PALO,"WildFire subscription for device in an HA pair 5 year renewal, VM-200",
PAN-VM-300-WF,PALO,"WildFire subscription, VM-300",
PAN-VM-300-WF-R,PALO,"WildFire subscription renewal, VM-300",
PAN-VM-300-WF-3YR,PALO,"WildFire subscription 3 year, VM-300",
PAN-VM-300-WF-3YR-R,PALO,"WildFire subscription 3 year renewal, VM-300",
PAN-VM-300-WF-5YR,PALO,"WildFire subscription 5 year, VM-300",
PAN-VM-300-WF-5YR-R,PALO,"WildFire subscription 5 year renewal, VM-300",
PAN-VM-300-WF-HA2,PALO,"WildFire subscription for device in an HA pair, VM-300",
PAN-VM-300-WF-HA2-R,PALO,"WildFire subscription for device in an HA pair renewal, VM-300",
PAN-VM-300-WF-3YR-HA2,PALO,"WildFire subscription for device in an HA pair, 3 year, VM-300",
PAN-VM-300-WF-3YR-HA2-R,PALO,"WildFire subscription for device in an HA pair 3 year renewal, VM-300",
PAN-VM-300-WF-5YR-HA2,PALO,"WildFire subscription for device in an HA pair, 5 year, VM-300",
PAN-VM-300-WF-5YR-HA2-R,PALO,"WildFire subscription for device in an HA pair 5 year renewal, VM-300",
PAN-VM-300-ENT-WF,PALO,"WildFire subscription, VM-300",
PAN-VM-300-ENT-WF-R,PALO,"WildFire subscription renewal, VM-300",
PAN-VM-300-ENT-WF-3YR,PALO,"WildFire subscription 3 year, VM-300",
PAN-VM-300-ENT-WF-3YR-R,PALO,"WildFire subscription 3 year renewal, VM-300",
PAN-VM-300-ENT-WF-5YR,PALO,"WildFire subscription 5 year, VM-300",
PAN-VM-300-ENT-WF-5YR-R,PALO,"WildFire subscription 5 year renewal, VM-300",
PAN-VM-300-ENT-WF-HA2,PALO,"WildFire subscription for device in an HA pair, VM-300",
PAN-VM-300-ENT-WF-HA2-R,PALO,"WildFire subscription for device in an HA pair renewal, VM-300",
PAN-VM-300-ENT-WF-3YR-HA2,PALO,"WildFire subscription for device in an HA pair, 3 year, VM-300",
PAN-VM-300-ENT-WF-3YR-HA2-R,PALO,"WildFire subscription for device in an HA pair 3 year renewal, VM-300",
,PALO,,
PAN-VM-300-ENT-WF-5YR-HA2,PALO,"WildFire subscription for device in an HA pair, 5 year, VM-300",
PAN-VM-300-ENT-WF-5YR-HA2-R,PALO,"WildFire subscription for device in an HA pair 5 year renewal, VM-300",
PAN-VM-1000-HV-WF,PALO,"WildFire subscription, VM-1000-HV",
PAN-VM-1000-HV-WF-R,PALO,"WildFire subscription renewal, VM-1000-HV",
PAN-VM-1000-HV-WF-3YR,PALO,"WildFire subscription 3 year, VM-1000-HV",
PAN-VM-1000-HV-WF-3YR-R,PALO,"WildFire subscription 3 year renewal, VM-1000-HV",
PAN-VM-1000-HV-WF-5YR,PALO,"WildFire subscription 5 year, VM-1000-HV",
PAN-VM-1000-HV-WF-5YR-R,PALO,"WildFire subscription 5 year renewal, VM-1000-HV",
PAN-VM-1000-HV-WF-HA2,PALO,"WildFire subscription for device in an HA pair, VM-1000-HV",
PAN-VM-1000-HV-WF-HA2-R,PALO,"WildFire subscription for device in an HA pair renewal, VM-1000-HV",
PAN-VM-1000-HV-WF-3YR-HA2,PALO,"WildFire subscription for device in an HA pair, 3 year, VM-1000-HV",
PAN-VM-1000-HV-WF-3YR-HA2-R,PALO,"WildFire subscription for device in an HA pair 3 year renewal, VM-1000-HV",
PAN-VM-1000-HV-WF-5YR-HA2,PALO,"WildFire subscription for device in an HA pair, 5 year, VM-1000-HV",
PAN-VM-1000-HV-WF-5YR-HA2-R,PALO,"WildFire subscription for device in an HA pair 5 year renewal, VM-1000-HV",
PAN-VM-1000-HV-ENT-WF,PALO,"WildFire subscription, VM-1000-HV-ENT",
PAN-VM-1000-HV-ENT-WF-R,PALO,"WildFire subscription renewal, VM-1000-HV-ENT",
PAN-VM-1000-HV-ENT-WF-3YR,PALO,"WildFire subscription 3 year, VM-1000-HV-ENT",
PAN-VM-1000-HV-ENT-WF-3YR-R,PALO,"WildFire subscription 3 year renewal, VM-1000-HV-ENT",
PAN-VM-1000-HV-ENT-WF-5YR,PALO,"WildFire subscription 5 year, VM-1000-HV-ENT",
PAN-VM-1000-HV-ENT-WF-5YR-R,PALO,"WildFire subscription 5 year renewal, VM-1000-HV-ENT",
PAN-VM-1000-HV-ENT-WF-HA2,PALO,"WildFire subscription for device in an HA pair, VM-1000-HV-ENT",
PAN-VM-1000-HV-ENT-WF-HA2-R,PALO,"WildFire subscription for device in an HA pair renewal, VM-1000-HV-ENT",
PAN-VM-1000-HV-ENT-WF-3YR-HA2,PALO,"WildFire subscription for device in an HA pair, 3 year, VM-1000-HV-ENT",
PAN-VM-1000-HV-ENT-WF-3YR-HA2-R,PALO,"WildFire subscription for device in an HA pair 3 year renewal, VM-1000-HV-ENT",
PAN-VM-1000-HV-ENT-WF-5YR-HA2,PALO,"WildFire subscription for device in an HA pair, 5 year, VM-1000-HV-ENT",
PAN-VM-1000-HV-ENT-WF-5YR-HA2-R,PALO,"WildFire subscription for device in an HA pair 5 year renewal, VM-1000-HV-ENT",
PAN-GP-100-WF,PALO,"WildFire subscription year 1, GP-100, 500 devices",
PAN-GP-100-WF-R,PALO,"WildFire renewal year 1, GP-100, 500 devices",
PAN-GP-100-WF-3YR,PALO,"WildFire subscription 3-year prepaid, GP-100, 500 devices",
PAN-GP-100-WF-3YR-R,PALO,"WildFire subscription 3-year prepaid renewal, GP-100, 500 devices",
PAN-GP-100-1K-WF,PALO,"WildFire subscription year 1, GP-100, 1k device",
PAN-GP-100-1K-WF-R,PALO,"WildFire renewal year 1, GP-100, 1k device",
PAN-GP-100-1K-WF-3YR,PALO,"WildFire subscription 3-year prepaid, GP-100, 1k device",
PAN-GP-100-1K-WF-3YR-R,PALO,"WildFire subscription 3-year prepaid renewal, GP-100, 1k device",
PAN-GP-100-2K-WF,PALO,"WildFire subscription year 1, GP-100, 2k device",
PAN-GP-100-2K-WF-R,PALO,"WildFire renewal year 1, GP-100, 2k device",
PAN-GP-100-2K-WF-3YR,PALO,"WildFire subscription 3-year prepaid, GP-100, 2k device",
PAN-GP-100-2K-WF-3YR-R,PALO,"WildFire subscription 3-year prepaid renewal, GP-100, 2k device",
PAN-GP-100-5K-WF,PALO,"WildFire subscription year 1, GP-100, 5k device",
PAN-GP-100-5K-WF-R,PALO,"WildFire renewal year 1, GP-100, 5k device",
PAN-GP-100-5K-WF-3YR,PALO,"WildFire subscription 3-year prepaid, GP-100, 5k device",
PAN-GP-100-5K-WF-3YR-R,PALO,"WildFire subscription 3-year prepaid renewal, GP-100, 5k device",
PAN-GP-100-10K-WF,PALO,"WildFire subscription year 1, GP-100, 10k device",
PAN-GP-100-10K-WF-R,PALO,"WildFire renewal year 1, GP-100, 10k device",
PAN-GP-100-10K-WF-3YR,PALO,"WildFire subscription 3-year prepaid, GP-100, 10k device",
PAN-GP-100-10K-WF-3YR-R,PALO,"WildFire subscription 3-year prepaid renewal, GP-100, 10k device",
PAN-GP-100-25K-WF,PALO,"WildFire subscription year 1, GP-100, 25k device",
PAN-GP-100-25K-WF-R,PALO,"WildFire renewal year 1, GP-100, 25k device",
PAN-GP-100-25K-WF-3YR,PALO,"WildFire subscription 3-year prepaid, GP-100, 25k device",
PAN-GP-100-25K-WF-3YR-R,PALO,"WildFire subscription 3-year prepaid renewal, GP-100, 25k device",
PAN-GP-100-50K-WF,PALO,"WildFire subscription year 1, GP-100, 50k device",
PAN-GP-100-50K-WF-R,PALO,"WildFire renewal year 1, GP-100, 50k device",
PAN-GP-100-50K-WF-3YR,PALO,"WildFire subscription 3-year prepaid, GP-100, 50k device",
PAN-GP-100-50K-WF-3YR-R,PALO,"WildFire subscription 3-year prepaid renewal, GP-100, 50k device",
PAN-GP-100-100K-WF,PALO,"WildFire subscription year 1, GP-100, 100k device",
PAN-GP-100-100K-WF-R,PALO,"WildFire renewal year 1, GP-100, 100k device",
PAN-GP-100-100K-WF-3YR,PALO,"WildFire subscription 3-year prepaid, GP-100, 100k device",
PAN-GP-100-100K-WF-3YR-R,PALO,"WildFire subscription 3-year prepaid renewal, GP-100, 100k device",
PAN-SVC-4HR-200,PALO,"4-Hour Premium support year 1, PA-200",
PAN-SVC-4HR-200-R,PALO,"4-Hour Premium support renewal, PA-200",
PAN-SVC-4HR-200-3YR,PALO,"4-Hour Premium support 3-year prepaid, PA-200",
PAN-SVC-4HR-200-3YR-R,PALO,"4-Hour Premium support 3-year prepaid renewal, PA-200",
PAN-SVC-4HR-200-5YR,PALO,"4-Hour Premium support 5-year prepaid, PA-200",
PAN-SVC-4HR-200-5YR-R,PALO,"4-Hour Premium support 5-year prepaid renewal, PA-200",
PAN-SVC-4HRUSG-200,PALO,"For US Government accounts only. 4-Hour Premium support year 1, PA-200",
PAN-SVC-4HRUSG-200-R,PALO,"For US Government accounts only. 4-Hour Premium support renewal, PA-200",
PAN-SVC-4HRUSG-200-3YR,PALO,"For US Government accounts only. 4-Hour Premium support 3-year prepaid, PA-200",
PAN-SVC-4HRUSG-200-3YR-R,PALO,"For US Government accounts only. 4-Hour Premium support 3-year prepaid renewal, PA-200",
PAN-SVC-4HRUSG-200-5YR,PALO,"For US Government accounts only. 4-Hour Premium support 5-year prepaid, PA-200",
PAN-SVC-4HRUSG-200-5YR-R,PALO,"For US Government accounts only. 4-Hour Premium support 5-year prepaid renewal, PA-200",
PAN-SVC-4HR-200E,PALO,"4-Hour Premium support year 1, PA-200, Enterprise",
PAN-SVC-4HR-200E-R,PALO,"4-Hour Premium support renewal, PA-200, Enterprise",
PAN-SVC-4HR-200E-3YR,PALO,"4-Hour Premium support 3-year prepaid, PA-200, Enterprise",
PAN-SVC-4HR-200E-3YR-R,PALO,"4-Hour Premium support 3-year prepaid renewal, PA-200, Enterprise",
PAN-SVC-4HR-200E-5YR,PALO,"4-Hour Premium support 5-year prepaid, PA-200, Enterprise",
PAN-SVC-4HR-200E-5YR-R,PALO,"4-Hour Premium support 5-year prepaid renewal, PA-200, Enterprise",
PAN-SVC-4HRUSG-200E,PALO,"For US Government accounts only. 4-Hour Premium support year 1, PA-200, Enterprise",
PAN-SVC-4HRUSG-200E-R,PALO,"For US Government accounts only. 4-Hour Premium support renewal, PA-200, Enterprise",
PAN-SVC-4HRUSG-200E-3YR,PALO,"For US Government accounts only. 4-Hour Premium support 3-year prepaid, PA-200, Enterprise",
PAN-SVC-4HRUSG-200E-3YR-R,PALO,"For US Government accounts only. 4-Hour Premium support 3-year prepaid renewal, PA-200, Enterprise",
PAN-SVC-4HRUSG-200E-5YR,PALO,"For US Government accounts only. 4-Hour Premium support 5-year prepaid, PA-200, Enterprise",
PAN-SVC-4HRUSG-200E-5YR-R,PALO,"For US Government accounts only. 4-Hour Premium support 5-year prepaid renewal, PA-200, Enterprise",
PAN-SVC-4HR-220,PALO,"4-Hour Premium support year 1, PA-220",
PAN-SVC-4HR-220-R,PALO,"4-Hour Premium support renewal, PA-220",
PAN-SVC-4HR-220-3YR,PALO,"4-Hour Premium support 3-year prepaid, PA-220",
PAN-SVC-4HR-220-3YR-R,PALO,"4-Hour Premium support 3-year prepaid renewal, PA-220",
PAN-SVC-4HR-220-5YR,PALO,"4-Hour Premium support 5-year prepaid, PA-220",
PAN-SVC-4HR-220-5YR-R,PALO,"4-Hour Premium support 5-year prepaid renewal, PA-220",
PAN-SVC-4HRUSG-220,PALO,"For US Government accounts only. 4-Hour Premium support year 1, PA-220",
PAN-SVC-4HRUSG-220-R,PALO,"For US Government accounts only. 4-Hour Premium support renewal, PA-220",
PAN-SVC-4HRUSG-220-3YR,PALO,"For US Government accounts only. 4-Hour Premium support 3-year prepaid, PA-220",
PAN-SVC-4HRUSG-220-3YR-R,PALO,"For US Government accounts only. 4-Hour Premium support 3-year prepaid renewal, PA-220",
PAN-SVC-4HRUSG-220-5YR,PALO,"For US Government accounts only. 4-Hour Premium support 5-year prepaid, PA-220",
PAN-SVC-4HRUSG-220-5YR-R,PALO,"For US Government accounts only. 4-Hour Premium support 5-year prepaid renewal, PA-220",
PAN-SVC-4HR-500,PALO,"4-Hour Premium support year 1, PA-500",
PAN-SVC-4HR-500-R,PALO,"4-Hour Premium support renewal, PA-500",
,PALO,,
PAN-SVC-4HR-500-3YR,PALO,"4-Hour Premium support 3-year prepaid, PA-500",
PAN-SVC-4HR-500-3YR-R,PALO,"4-Hour Premium support 3-year prepaid renewal, PA-500",
PAN-SVC-4HR-500-5YR,PALO,"4-Hour Premium support 5-year prepaid, PA-500",
PAN-SVC-4HR-500-5YR-R,PALO,"4-Hour Premium support 5-year prepaid renewal, PA-500",
PAN-SVC-4HRUSG-500,PALO,"For US Government accounts only. 4-Hour Premium support year 1, PA-500",
PAN-SVC-4HRUSG-500-R,PALO,"For US Government accounts only. 4-Hour Premium support renewal, PA-500",
PAN-SVC-4HRUSG-500-3YR,PALO,"For US Government accounts only. 4-Hour Premium support 3-year prepaid, PA-500",
PAN-SVC-4HRUSG-500-3YR-R,PALO,"For US Government accounts only. 4-Hour Premium support 3-year prepaid renewal, PA-500",
PAN-SVC-4HRUSG-500-5YR,PALO,"For US Government accounts only. 4-Hour Premium support 5-year prepaid, PA-500",
PAN-SVC-4HRUSG-500-5YR-R,PALO,"For US Government accounts only. 4-Hour Premium support 5-year prepaid renewal, PA-500",
PAN-SVC-4HR-820,PALO,"4-Hour premium support year 1, PA-820",
PAN-SVC-4HR-820-R,PALO,"4-Hour premium support year 1 renewal, PA-820",
PAN-SVC-4HR-820-3YR,PALO,"4-Hour premium support 3 year prepaid, PA-820",
PAN-SVC-4HR-820-3YR-R,PALO,"4-Hour premium support 3 year prepaid renewal, PA-820",
PAN-SVC-4HR-820-5YR,PALO,"4-Hour premium support 5 year prepaid, PA-820",
PAN-SVC-4HR-820-5YR-R,PALO,"4-Hour premium support 5 year prepaid renewal, PA-820",
PAN-SVC-4HRUSG-820,PALO,"For US Government accounts only. 4-Hour Premium support year 1, PA-820",
PAN-SVC-4HRUSG-820-R,PALO,"For US Government accounts only. 4-Hour Premium support renewal, PA-820",
PAN-SVC-4HRUSG-820-3YR,PALO,"For US Government accounts only. 4-Hour Premium support 3-year prepaid, PA-820",
PAN-SVC-4HRUSG-820-3YR-R,PALO,"For US Government accounts only. 4-Hour Premium support 3-year prepaid renewal, PA-820",
PAN-SVC-4HRUSG-820-5YR,PALO,"For US Government accounts only. 4-Hour Premium support 5-year prepaid, PA-820",
PAN-SVC-4HRUSG-820-5YR-R,PALO,"For US Government accounts only. 4-Hour Premium support 5-year prepaid renewal, PA-820",
PAN-SVC-4HR-850,PALO,"4-Hour premium support year 1, PA-850",
PAN-SVC-4HR-850-R,PALO,"4-Hour premium support year 1 renewal, PA-850",
PAN-SVC-4HR-850-3YR,PALO,"4-Hour premium support 3 year prepaid, PA-850",
PAN-SVC-4HR-850-3YR-R,PALO,"4-Hour premium support 3 year prepaid renewal, PA-850",
PAN-SVC-4HR-850-5YR,PALO,"4-Hour premium support 5 year prepaid, PA-850",
PAN-SVC-4HR-850-5YR-R,PALO,"4-Hour premium support 5 year prepaid renewal, PA-850",
PAN-SVC-4HRUSG-850,PALO,"For US Government accounts only. 4-Hour Premium support year 1, PA-850",
PAN-SVC-4HRUSG-850-R,PALO,"For US Government accounts only. 4-Hour Premium support renewal, PA-850",
PAN-SVC-4HRUSG-850-3YR,PALO,"For US Government accounts only. 4-Hour Premium support 3-year prepaid, PA-850",
PAN-SVC-4HRUSG-850-3YR-R,PALO,"For US Government accounts only. 4-Hour Premium support 3-year prepaid renewal, PA-850",
PAN-SVC-4HRUSG-850-5YR,PALO,"For US Government accounts only. 4-Hour Premium support 5-year prepaid, PA-850",
PAN-SVC-4HRUSG-850-5YR-R,PALO,"For US Government accounts only. 4-Hour Premium support 5-year prepaid renewal, PA-850",
PAN-SVC-4HR-2020-R,PALO,"4-Hour Premium support renewal, PA-2020",
PAN-SVC-4HRUSG-2020-R,PALO,"For US Government accounts only. 4-Hour Premium support renewal, PA-2020",
PAN-SVC-4HR-2050-R,PALO,"4-Hour Premium support renewal, PA-2050",
PAN-SVC-4HRUSG-2050-R,PALO,"For US Government accounts only. 4-Hour Premium support renewal, PA-2050",
PAN-SVC-4HR-3020,PALO,"4-Hour premium support year 1, PA-3020",
PAN-SVC-4HR-3020-R,PALO,"4-Hour premium support year 1 renewal, PA-3020",
PAN-SVC-4HR-3020-3YR,PALO,"4-Hour premium support 3 year prepaid, PA-3020",
PAN-SVC-4HR-3020-3YR-R,PALO,"4-Hour premium support 3 year prepaid renewal, PA-3020",
PAN-SVC-4HR-3020-5YR,PALO,"4-Hour premium support 5 year prepaid, PA-3020",
PAN-SVC-4HR-3020-5YR-R,PALO,"4-Hour premium support 5 year prepaid renewal, PA-3020",
PAN-SVC-4HRUSG-3020,PALO,"For US Government accounts only. 4-Hour premium support year 1, PA-3020",
PAN-SVC-4HRUSG-3020-R,PALO,"For US Government accounts only. 4-Hour premium support year 1 renewal, PA-3020",
PAN-SVC-4HRUSG-3020-3YR,PALO,"For US Government accounts only. 4-Hour premium support 3 year prepaid, PA-3020",
PAN-SVC-4HRUSG-3020-3YR-R,PALO,"For US Government accounts only. 4-Hour premium support 3 year prepaid renewal, PA-3020",
PAN-SVC-4HRUSG-3020-5YR,PALO,"For US Government accounts only. 4-Hour premium support 5 year prepaid, PA-3020",
PAN-SVC-4HRUSG-3020-5YR-R,PALO,"For US Government accounts only. 4-Hour premium support 5 year prepaid renewal, PA-3020",
PAN-SVC-4HR-3050,PALO,"4-Hour premium support year 1, PA-3050",
PAN-SVC-4HR-3050-R,PALO,"4-Hour premium support year 1 renewal, PA-3050",
PAN-SVC-4HR-3050-3YR,PALO,"4-Hour premium support 3 year prepaid, PA-3050",
PAN-SVC-4HR-3050-3YR-R,PALO,"4-Hour premium support 3 year prepaid renewal, PA-3050",
PAN-SVC-4HR-3050-5YR,PALO,"4-Hour premium support 5 year prepaid, PA-3050",
PAN-SVC-4HR-3050-5YR-R,PALO,"4-Hour premium support 5 year prepaid renewal, PA-3050",
PAN-SVC-4HRUSG-3050,PALO,"For US Government accounts only. 4-Hour premium support year 1, PA-3050",
PAN-SVC-4HRUSG-3050-R,PALO,"For US Government accounts only. 4-Hour premium support year 1 renewal, PA-3050",
PAN-SVC-4HRUSG-3050-3YR,PALO,"For US Government accounts only. 4-Hour premium support 3 year prepaid, PA-3050",
PAN-SVC-4HRUSG-3050-3YR-R,PALO,"For US Government accounts only. 4-Hour premium support 3 year prepaid renewal, PA-3050",
PAN-SVC-4HRUSG-3050-5YR,PALO,"For US Government accounts only. 4-Hour premium support 5 year prepaid, PA-3050",
PAN-SVC-4HRUSG-3050-5YR-R,PALO,"For US Government accounts only. 4-Hour premium support 5 year prepaid renewal, PA-3050",
PAN-SVC-4HR-3060,PALO,"4-Hour premium support year 1, PA-3060",
PAN-SVC-4HR-3060-R,PALO,"4-Hour premium support year 1 renewal, PA-3060",
PAN-SVC-4HR-3060-3YR,PALO,"4-Hour premium support 3 year prepaid, PA-3060",
PAN-SVC-4HR-3060-3YR-R,PALO,"4-Hour premium support 3 year prepaid renewal, PA-3060",
PAN-SVC-4HR-3060-5YR,PALO,"4-Hour premium support 5 year prepaid, PA-3060",
PAN-SVC-4HR-3060-5YR-R,PALO,"4-Hour premium support 5 year prepaid renewal, PA-3060",
PAN-SVC-4HRUSG-3060,PALO,"For US Government accounts only. 4-Hour premium support year 1, PA-3060",
PAN-SVC-4HRUSG-3060-R,PALO,"For US Government accounts only. 4-Hour premium support year 1 renewal, PA-3060",
PAN-SVC-4HRUSG-3060-3YR,PALO,"For US Government accounts only. 4-Hour premium support 3 year prepaid, PA-3060",
PAN-SVC-4HRUSG-3060-3YR-R,PALO,"For US Government accounts only. 4-Hour premium support 3 year prepaid renewal, PA-3060",
PAN-SVC-4HRUSG-3060-5YR,PALO,"For US Government accounts only. 4-Hour premium support 5 year prepaid, PA-3060",
PAN-SVC-4HRUSG-3060-5YR-R,PALO,"For US Government accounts only. 4-Hour premium support 5 year prepaid renewal, PA-3060",
PAN-SVC-4HR-4020-R,PALO,"4-Hour Premium support renewal, PA-4020",
PAN-SVC-4HRUSG-4020-R,PALO,"For US Government accounts only. 4-Hour Premium support renewal, PA-4020",
PAN-SVC-4HR-4050-R,PALO,"4-Hour Premium support renewal, PA-4050",
PAN-SVC-4HRUSG-4050-R,PALO,"For US Government accounts only. 4-Hour Premium support renewal, PA-4050",
PAN-SVC-4HR-4060-R,PALO,"4-Hour Premium support renewal, PA-4060",
PAN-SVC-4HRUSG-4060-R,PALO,"For US Government accounts only. 4-Hour Premium support renewal, PA-4060",
PAN-SVC-4HR-5020,PALO,"4-Hour Premium support year 1, PA-5020",
PAN-SVC-4HR-5020-R,PALO,"4-Hour Premium support renewal, PA-5020",
PAN-SVC-4HR-5020-3YR,PALO,"4-Hour Premium support 3-year prepaid, PA-5020",
PAN-SVC-4HR-5020-3YR-R,PALO,"PA-200 Lab Unit Renewal Service Bundle (Threat Prevention, BrightCloud URL Filtering, GlobalProtect, WildFire, Standard Support)",
PAN-SVC-4HR-5020-5YR,PALO,"4-Hour Premium support 5 year prepaid, PA-5020",
PAN-SVC-4HR-5020-5YR-R,PALO,"4-Hour Premium support 5 year prepaid renewal, PA-5020",
PAN-SVC-4HRUSG-5020,PALO,"For US Government accounts only. 4-Hour Premium support year 1, PA-5020",
PAN-SVC-4HRUSG-5020-R,PALO,"For US Government accounts only. 4-Hour Premium support renewal, PA-5020",
PAN-SVC-4HRUSG-5020-3YR,PALO,"For US Government accounts only. 4-Hour Premium support 3-year prepaid, PA-5020",
PAN-SVC-4HRUSG-5020-3YR-R,PALO,"For US Government accounts only. 4-Hour Premium support 3-year prepaid renewal, PA-5020",
PAN-SVC-4HRUSG-5020-5YR,PALO,"For US Government accounts only. 4-Hour Premium support 5 year prepaid, PA-5020",
PAN-SVC-4HRUSG-5020-5YR-R,PALO,"For US Government accounts only. 4-Hour Premium support 5 year prepaid renewal, PA-5020",
PAN-SVC-4HR-5050,PALO,"4-Hour Premium support year 1, PA-5050",
PAN-SVC-4HR-5050-R,PALO,"4-Hour Premium support renewal, PA-5050",
PAN-SVC-4HR-5050-3YR,PALO,"4-Hour Premium support 3-year prepaid, PA-5050",
,PALO,,
PAN-SVC-4HR-5050-3YR-R,PALO,"4-Hour Premium support 3-year prepaid renewal, PA-5050",
PAN-SVC-4HR-5050-5YR,PALO,"4-Hour Premium support 5 year prepaid, PA-5050",
PAN-SVC-4HR-5050-5YR-R,PALO,"4-Hour Premium support 5 year prepaid renewal, PA-5050",
PAN-SVC-4HRUSG-5050,PALO,"For US Government accounts only. 4-Hour Premium support year 1, PA-5050",
PAN-SVC-4HRUSG-5050-R,PALO,"For US Government accounts only. 4-Hour Premium support renewal, PA-5050",
PAN-SVC-4HRUSG-5050-3YR,PALO,"For US Government accounts only. 4-Hour Premium support 3-year prepaid, PA-5050",
PAN-SVC-4HRUSG-5050-3YR-R,PALO,"For US Government accounts only. 4-Hour Premium support 3-year prepaid renewal, PA-5050",
PAN-SVC-4HRUSG-5050-5YR,PALO,"For US Government accounts only. 4-Hour Premium support 5 year prepaid, PA-5050",
PAN-SVC-4HRUSG-5050-5YR-R,PALO,"For US Government accounts only. 4-Hour Premium support 5 year prepaid renewal, PA-5050",
PAN-SVC-4HR-5060,PALO,"4-Hour Premium support year 1, PA-5060",
PAN-SVC-4HR-5060-R,PALO,"4-Hour Premium support renewal, PA-5060",
PAN-SVC-4HR-5060-3YR,PALO,"4-Hour Premium support 3-year prepaid, PA-5060",
PAN-SVC-4HR-5060-3YR-R,PALO,"4-Hour Premium support 3-year prepaid renewal, PA-5060",
PAN-SVC-4HR-5060-5YR,PALO,"4-Hour Premium support 5 year prepaid, PA-5060",
PAN-SVC-4HR-5060-5YR-R,PALO,"4-Hour Premium support 5 year prepaid renewal, PA-5060",
PAN-SVC-4HRUSG-5060,PALO,"For US Government accounts only. 4-Hour Premium support year 1, PA-5060",
PAN-SVC-4HRUSG-5060-R,PALO,"For US Government accounts only. 4-Hour Premium support renewal, PA-5060",
PAN-SVC-4HRUSG-5060-3YR,PALO,"For US Government accounts only. 4-Hour Premium support 3-year prepaid, PA-5060",
PAN-SVC-4HRUSG-5060-3YR-R,PALO,"For US Government accounts only. 4-Hour Premium support 3-year prepaid renewal, PA-5060",
PAN-SVC-4HRUSG-5060-5YR,PALO,"For US Government accounts only. 4-Hour Premium support 5 year prepaid, PA-5060",
PAN-SVC-4HRUSG-5060-5YR-R,PALO,"For US Government accounts only. 4-Hour Premium support 5 year prepaid renewal, PA-5060",
PAN-SVC-4HR-5220,PALO,"4-Hour Premium support year 1, PA-5220",
PAN-SVC-4HR-5220-R,PALO,"4-Hour Premium support renewal, PA-5220",
PAN-SVC-4HR-5220-3YR,PALO,"4-Hour Premium support 3-year prepaid, PA-5220",
PAN-SVC-4HR-5220-3YR-R,PALO,"4-Hour Premium support 3-year prepaid renewal, PA-5220",
PAN-SVC-4HR-5220-5YR,PALO,"4-Hour Premium support 5 year prepaid, PA-5220",
PAN-SVC-4HR-5220-5YR-R,PALO,"4-Hour Premium support 5 year prepaid renewal, PA-5220",
PAN-SVC-4HRUSG-5220,PALO,"For US Government accounts only. 4-Hour Premium support year 1, PA-5220",
PAN-SVC-4HRUSG-5220-R,PALO,"For US Government accounts only. 4-Hour Premium support renewal, PA-5220",
PAN-SVC-4HRUSG-5220-3YR,PALO,"For US Government accounts only. 4-Hour Premium support 3-year prepaid, PA-5220",
PAN-SVC-4HRUSG-5220-3YR-R,PALO,"For US Government accounts only. 4-Hour Premium support 3-year prepaid renewal, PA-5220",
PAN-SVC-4HRUSG-5220-5YR,PALO,"For US Government accounts only. 4-Hour Premium support 5 year prepaid, PA-5220",
PAN-SVC-4HRUSG-5220-5YR-R,PALO,"For US Government accounts only. 4-Hour Premium support 5 year prepaid renewal, PA-5220",
PAN-SVC-4HR-5250,PALO,"4-Hour Premium support year 1, PA-5250",
PAN-SVC-4HR-5250-R,PALO,"4-Hour Premium support renewal, PA-5250",
PAN-SVC-4HR-5250-3YR,PALO,"4-Hour Premium support 3-year prepaid, PA-5250",
PAN-SVC-4HR-5250-3YR-R,PALO,"4-Hour Premium support 3-year prepaid renewal, PA-5250",
PAN-SVC-4HR-5250-5YR,PALO,"4-Hour Premium support 5 year prepaid, PA-5250",
PAN-SVC-4HR-5250-5YR-R,PALO,"4-Hour Premium support 5 year prepaid renewal, PA-5250",
PAN-SVC-4HRUSG-5250,PALO,"For US Government accounts only. 4-Hour Premium support year 1, PA-5250",
PAN-SVC-4HRUSG-5250-R,PALO,"For US Government accounts only. 4-Hour Premium support renewal, PA-5250",
PAN-SVC-4HRUSG-5250-3YR,PALO,"For US Government accounts only. 4-Hour Premium support 3-year prepaid, PA-5250",
PAN-SVC-4HRUSG-5250-3YR-R,PALO,"For US Government accounts only. 4-Hour Premium support 3-year prepaid renewal, PA-5250",
PAN-SVC-4HRUSG-5250-5YR,PALO,"For US Government accounts only. 4-Hour Premium support 5 year prepaid, PA-5250",
PAN-SVC-4HRUSG-5250-5YR-R,PALO,"For US Government accounts only. 4-Hour Premium support 5 year prepaid renewal, PA-5250",
PAN-SVC-4HR-5260,PALO,"4-Hour Premium support year 1, PA-5260",
PAN-SVC-4HR-5260-R,PALO,"4-Hour Premium support renewal, PA-5260",
PAN-SVC-4HR-5260-3YR,PALO,"4-Hour Premium support 3-year prepaid, PA-5260",
PAN-SVC-4HR-5260-3YR-R,PALO,"4-Hour Premium support 3-year prepaid renewal, PA-5260",
PAN-SVC-4HR-5260-5YR,PALO,"4-Hour Premium support 5 year prepaid, PA-5260",
PAN-SVC-4HR-5260-5YR-R,PALO,"4-Hour Premium support 5 year prepaid renewal, PA-5260",
PAN-SVC-4HRUSG-5260,PALO,"For US Government accounts only. 4-Hour Premium support year 1, PA-5260",
PAN-SVC-4HRUSG-5260-R,PALO,"For US Government accounts only. 4-Hour Premium support renewal, PA-5260",
PAN-SVC-4HRUSG-5260-3YR,PALO,"For US Government accounts only. 4-Hour Premium support 3-year prepaid, PA-5260",
PAN-SVC-4HRUSG-5260-3YR-R,PALO,"For US Government accounts only. 4-Hour Premium support 3-year prepaid renewal, PA-5260",
PAN-SVC-4HRUSG-5260-5YR,PALO,"For US Government accounts only. 4-Hour Premium support 5 year prepaid, PA-5260",
PAN-SVC-4HRUSG-5260-5YR-R,PALO,"For US Government accounts only. 4-Hour Premium support 5 year prepaid renewal, PA-5260",
PAN-SVC-4HR-7050,PALO,"4-Hour premium support year 1, PA-7050",
PAN-SVC-4HR-7050-R,PALO,"4-Hour premium support year 1 renewal, PA-7050",
PAN-SVC-4HR-7050-3YR,PALO,"4-Hour premium support 3 year prepaid, PA-7050",
PAN-SVC-4HR-7050-3YR-R,PALO,"4-Hour premium support 3 year prepaid renewal, PA-7050",
PAN-SVC-4HR-7050-5YR,PALO,"4-Hour premium support 5 year prepaid, PA-7050",
PAN-SVC-4HR-7050-5YR-R,PALO,"4-Hour premium support 5 year prepaid renewal, PA-7050",
PAN-SVC-4HRUSG-7050,PALO,"For US Government accounts only. 4-Hour premium support year 1, PA-7050",
PAN-SVC-4HRUSG-7050-R,PALO,"For US Government accounts only. 4-Hour premium support year 1 renewal, PA-7050",
PAN-SVC-4HRUSG-7050-3YR,PALO,"For US Government accounts only. 4-Hour premium support 3 year prepaid, PA-7050",
PAN-SVC-4HRUSG-7050-3YR-R,PALO,"For US Government accounts only. 4-Hour premium support 3 year prepaid renewal, PA-7050",
PAN-SVC-4HRUSG-7050-5YR,PALO,"For US Government accounts only. 4-Hour premium support 5 year prepaid, PA-7050",
PAN-SVC-4HRUSG-7050-5YR-R,PALO,"For US Government accounts only. 4-Hour premium support 5 year prepaid renewal, PA-7050",
PAN-SVC-4HR-7080,PALO,"4-Hour Premium support year 1, PA-7080",
PAN-SVC-4HR-7080-R,PALO,"4-Hour Premium support year 1 renewal, PA-7080",
PAN-SVC-4HR-7080-3YR,PALO,"4-Hour Premium support 3 year prepaid, PA-7080",
PAN-SVC-4HR-7080-3YR-R,PALO,"4-Hour Premium support 3 year prepaid renewal, PA-7080",
PAN-SVC-4HR-7080-5YR,PALO,"4-Hour Premium support 5 year prepaid, PA-7080",
PAN-SVC-4HR-7080-5YR-R,PALO,"4-Hour Premium support 5 year prepaid renewal, PA-7080",
PAN-SVC-4HRUSG-7080,PALO,"For US Government accounts only. 4-Hour premium support 1 year, PA-7080",
PAN-SVC-4HRUSG-7080-R,PALO,"For US Government accounts only. 4-Hour premium support 1 year renewal, PA-7080",
PAN-SVC-4HRUSG-7080-3YR,PALO,"For US Government accounts only. 4-Hour premium support 3 year prepaid, PA-7080",
PAN-SVC-4HRUSG-7080-3YR-R,PALO,"For US Government accounts only. 4-Hour premium support 3 year prepaid renewal, PA-7080",
PAN-SVC-4HRUSG-7080-5YR,PALO,"For US Government accounts only. 4-Hour premium support 5 year prepaid, PA-7080",
PAN-SVC-4HRUSG-7080-5YR-R,PALO,"For US Government accounts only. 4-Hour premium support 5 year prepaid renewal, PA-7080",
PAN-SVC-4HR-M-100-P-25,PALO,"4-Hour Premium support year 1, Panorama M-100 25 devices or log collector",
PAN-SVC-4HR-M-100-P-25-R,PALO,"4-Hour Premium support renewal, Panorama M-100 25 devices or log collector",
PAN-SVC-4HR-M-100-P-25-3Y,PALO,"4-Hour Premium support 3-year prepaid, Panorama M-100 25 devices or log collector",
PAN-SVC-4HR-M-100-P-25-3Y-R,PALO,"4-Hour Premium support 3-year prepaid renewal, Panorama M-100 25 devices or log collector",
PAN-SVC-4HR-M-100-P-25-5Y,PALO,"4-Hour Premium support 5-year prepaid, Panorama M-100 25 devices or log collector",
PAN-SVC-4HR-M-100-P-25-5Y-R,PALO,"4-Hour Premium support 5-year prepaid renewal, Panorama M-100 25 devices or log collector",
PAN-SVC-4HRUSG-M-100-P-25,PALO,"For US Government accounts only. 4-Hour Premium support year 1, Panorama M-100 25 devices or log collector",
PAN-SVC-4HRUSG-M-100-P-25-R,PALO,"For US Government accounts only. 4-Hour Premium support renewal, Panorama M-100 25 devices or log collector",
PAN-SVC-4HRUSG-M-100-P-25-3YR,PALO,"For US Government accounts only. 4-Hour Premium support 3-year prepaid, Panorama M-100 25 devices or log collector",
PAN-SVC-4HRUSG-M-100-P-25-3YR-R,PALO,"For US Government accounts only. 4-Hour Premium support 3-year prepaid renewal, Panorama M-100 25 devices or log collector",
PAN-SVC-4HRUSG-M-100-P-25-5YR,PALO,"For US Government accounts only. 4-Hour Premium support 5-year prepaid, Panorama M-100 25 devices or log collector",
,PALO,,
PAN-SVC-4HRUSG-M-100-P-25-5YR-R,PALO,"For US Government accounts only. 4-Hour Premium support 5-year prepaid renewal, Panorama M-100 25 devices or log collector",
PAN-SVC-4HR-M-100-P-100,PALO,"4-Hour Premium support year 1, Panorama M-100 100 devices",
PAN-SVC-4HR-M-100-P-100-R,PALO,"4-Hour Premium support renewal, Panorama M-100 100 devices",
PAN-SVC-4HR-M-100-P-100-3Y,PALO,"4-Hour Premium support 3-year prepaid, Panorama M-100 100 devices",
PAN-SVC-4HR-M-100-P-100-3Y-R,PALO,"4-Hour Premium support 3-year prepaid renewal, Panorama M-100 100 devices",
PAN-SVC-4HR-M-100-P-100-5Y,PALO,"4-Hour Premium support 5-year prepaid, Panorama M-100 100 devices",
PAN-SVC-4HR-M-100-P-100-5Y-R,PALO,"4-Hour Premium support 5-year prepaid renewal, Panorama M-100 100 devices",
PAN-SVC-4HRUSG-M-100-P-100,PALO,"For US Government accounts only. 4-Hour Premium support year 1, Panorama M-100 100 devices",
PAN-SVC-4HRUSG-M-100-P-100-R,PALO,"For US Government accounts only. 4-Hour Premium support renewal, Panorama M-100 100 devices",
PAN-SVC-4HRUSG-M-100-P-100-3YR,PALO,"For US Government accounts only. 4-Hour Premium support 3-year prepaid, Panorama M-100 100 devices",
PAN-SVC-4HRUSG-M-100-P-100-3YR-R,PALO,"For US Government accounts only. 4-Hour Premium support 3-year prepaid renewal, Panorama M-100 100 devices",
PAN-SVC-4HRUSG-M-100-P-100-5YR,PALO,"For US Government accounts only. 4-Hour Premium support 5-year prepaid, Panorama M-100 100 devices",
PAN-SVC-4HRUSG-M-100-P-100-5YR-R,PALO,"For US Government accounts only. 4-Hour Premium support 5-year prepaid renewal, Panorama M-100 100 devices",
PAN-SVC-4HR-M-100-P-1K,PALO,"4-Hour Premium support year 1, Panorama M-100 1000 devices",
PAN-SVC-4HR-M-100-P-1K-R,PALO,"4-Hour Premium support renewal, Panorama M-100 1000 devices",
PAN-SVC-4HR-M-100-P-1K-3Y,PALO,"4-Hour Premium support 3-year prepaid, Panorama M-100 1000 devices",
PAN-SVC-4HR-M-100-P-1K-3Y-R,PALO,"4-Hour Premium support 3-year prepaid renewal, Panorama M-100 1000 devices",
PAN-SVC-4HR-M-100-P-1K-5Y,PALO,"4-Hour Premium support 5-year prepaid, Panorama M-100 1000 devices",
PAN-SVC-4HR-M-100-P-1K-5Y-R,PALO,"4-Hour Premium support 5-year prepaid renewal, Panorama M-100 1000 devices",
PAN-SVC-4HRUSG-M-100-P-1K,PALO,"For US Government accounts only. 4-Hour Premium support year 1, Panorama M-100 1000 devices",
PAN-SVC-4HRUSG-M-100-P-1K-R,PALO,"For US Government accounts only. 4-Hour Premium support renewal, Panorama M-100 1000 devices",
PAN-SVC-4HRUSG-M-100-P-1K-3YR,PALO,"For US Government accounts only. 4-Hour Premium support 3-year prepaid, Panorama M-100 1000 devices",
PAN-SVC-4HRUSG-M-100-P-1K-3YR-R,PALO,"For US Government accounts only. 4-Hour Premium support 3-year prepaid renewal, Panorama M-100 1000 devices",
PAN-SVC-4HRUSG-M-100-P-1K-5YR,PALO,"For US Government accounts only. 4-Hour Premium support 5-year prepaid, Panorama M-100 1000 devices",
PAN-SVC-4HRUSG-M-100-P-1K-5YR-R,PALO,"For US Government accounts only. 4-Hour Premium support 5-year prepaid renewal, Panorama M-100 1000 devices",
PAN-SVC-4HR-M-500-P-25,PALO,"4-Hour Premium support, Panorama M-500 25 devices, PAN-DB Private Cloud or log collector",
PAN-SVC-4HR-M-500-P-25-R,PALO,"4-Hour Premium support renewal, Panorama M-500 25 devices, PAN-DB Private Cloud or log collector",
PAN-SVC-4HR-M-500-P-25-3Y,PALO,"4-Hour Premium support 3-year prepaid, Panorama M-500 25 devices, PAN-DB Private Cloud or log collector",
PAN-SVC-4HR-M-500-P-25-3Y-R,PALO,"4-Hour Premium support 3-year prepaid renewal, Panorama M-500 25 devices, PAN-DB Private Cloud or log collector",
PAN-SVC-4HR-M-500-P-25-5Y,PALO,"4-Hour Premium support 5-year prepaid, Panorama M-500 25 devices, PAN-DB Private Cloud or log collector",
PAN-SVC-4HR-M-500-P-25-5Y-R,PALO,"4-Hour Premium support 5-year prepaid renewal, Panorama M-500 25 devices, PAN-DB Private Cloud or log collector",
PAN-SVC-4HRUSG-M-500-P-25,PALO,"For US Government accounts only. 4-Hour Premium support year 1, Panorama M-500 25 devices or log collector",
PAN-SVC-4HRUSG-M-500-P-25-R,PALO,"For US Government accounts only. 4-Hour Premium support renewal, Panorama M-500 25 devices or log collector",
PAN-SVC-4HRUSG-M-500-P-25-3YR,PALO,"For US Government accounts only. 4-Hour Premium support 3-year prepaid, Panorama M-500 25 devices or log collector",
PAN-SVC-4HRUSG-M-500-P-25-3YR-R,PALO,"For US Government accounts only. 4-Hour Premium support 3-year prepaid renewal, Panorama M-500 25 devices or log collector",
PAN-SVC-4HRUSG-M-500-P-25-5YR,PALO,"For US Government accounts only. 4-Hour Premium support 5-year prepaid, Panorama M-500 25 devices or log collector",
PAN-SVC-4HRUSG-M-500-P-25-5YR-R,PALO,"For US Government accounts only. 4-Hour Premium support 5-year prepaid renewal, Panorama M-500 25 devices or log collector",
PAN-SVC-4HR-M-500-P-100,PALO,"4-Hour Premium support, Panorama M-500 100 devices",
PAN-SVC-4HR-M-500-P-100-R,PALO,"4-Hour Premium support renewal, Panorama M-500 100 devices",
PAN-SVC-4HR-M-500-P-100-3Y,PALO,"4-Hour Premium support 3-year prepaid, Panorama M-500 100 devices",
PAN-SVC-4HR-M-500-P-100-3Y-R,PALO,"4-Hour Premium support 3-year prepaid renewal, Panorama M-500 100 devices",
PAN-SVC-4HR-M-500-P-100-5Y,PALO,"4-Hour Premium support 5-year prepaid, Panorama M-500 100 devices",
PAN-SVC-4HR-M-500-P-100-5Y-R,PALO,"4-Hour Premium support 5-year prepaid renewal, Panorama M-500 100 devices",
PAN-SVC-4HRUSG-M-500-P-100,PALO,"For US Government accounts only. 4-Hour Premium support year 1, Panorama M-500 100 devices",
PAN-SVC-4HRUSG-M-500-P-100-R,PALO,"For US Government accounts only. 4-Hour Premium support renewal, Panorama M-500 100 devices",
PAN-SVC-4HRUSG-M-500-P-100-3YR,PALO,"For US Government accounts only. 4-Hour Premium support 3-year prepaid, Panorama M-500 100 devices",
PAN-SVC-4HRUSG-M-500-P-100-3YR-R,PALO,"For US Government accounts only. 4-Hour Premium support 3-year prepaid renewal, Panorama M-500 100 devices",
PAN-SVC-4HRUSG-M-500-P-100-5YR,PALO,"For US Government accounts only. 4-Hour Premium support 5-year prepaid, Panorama M-500 100 devices",
PAN-SVC-4HRUSG-M-500-P-100-5YR-R,PALO,"For US Government accounts only. 4-Hour Premium support 5-year prepaid renewal, Panorama M-500 100 devices",
PAN-SVC-4HR-M-500-P-1K,PALO,"4-Hour Premium support, Panorama M-500 1K devices",
PAN-SVC-4HR-M-500-P-1K-R,PALO,"4-Hour Premium support renewal, Panorama M-500 1K devices",
PAN-SVC-4HR-M-500-P-1K-3Y,PALO,"4-Hour Premium support 3-year prepaid, Panorama M-500 1K devices",
PAN-SVC-4HR-M-500-P-1K-3Y-R,PALO,"4-Hour Premium support 3-year prepaid renewal, Panorama M-500 1K devices",
PAN-SVC-4HR-M-500-P-1K-5Y,PALO,"4-Hour Premium support 5-year prepaid, Panorama M-500 1K devices",
PAN-SVC-4HR-M-500-P-1K-5Y-R,PALO,"4-Hour Premium support 5-year prepaid renewal, Panorama M-500 1K devices",
PAN-SVC-4HRUSG-M-500-P-1K,PALO,"For US Government accounts only. 4-Hour Premium support year 1, Panorama M-500 1000 devices",
PAN-SVC-4HRUSG-M-500-P-1K-R,PALO,"For US Government accounts only. 4-Hour Premium support renewal, Panorama M-500 1000 devices",
PAN-SVC-4HRUSG-M-500-P-1K-3YR,PALO,"For US Government accounts only. 4-Hour Premium support 3-year prepaid, Panorama M-500 1000 devices",
PAN-SVC-4HRUSG-M-500-P-1K-3YR-R,PALO,"For US Government accounts only. 4-Hour Premium support 3-year prepaid renewal, Panorama M-500 1000 devices",
PAN-SVC-4HRUSG-M-500-P-1K-5YR,PALO,"For US Government accounts only. 4-Hour Premium support 5-year prepaid, Panorama M-500 1000 devices",
PAN-SVC-4HRUSG-M-500-P-1K-5YR-R,PALO,"For US Government accounts only. 4-Hour Premium support 5-year prepaid renewal, Panorama M-500 1000 devices",
PAN-SVC-PREM-200,PALO,"Premium support year 1, PA-200",
PAN-SVC-PREM-200-R,PALO,"Premium support renewal, PA-200",
PAN-SVC-PREM-200-3YR,PALO,"Premium support 3-year prepaid, PA-200",
PAN-SVC-PREM-200-3YR-R,PALO,"Premium support 3-year prepaid renewal, PA-200",
PAN-SVC-PREM-200-5YR,PALO,"Premium support 5-year prepaid, PA-200",
PAN-SVC-PREM-200-5YR-R,PALO,"Premium support 5-year prepaid renewal, PA-200",
PAN-SVC-PREMUSG-200,PALO,"For US Government accounts only. Premium support year 1, PA-200",
PAN-SVC-PREMUSG-200-R,PALO,"For US Government accounts only. Premium support renewal, PA-200",
PAN-SVC-PREMUSG-200-3YR,PALO,"For US Government accounts only. Premium support 3-year prepaid, PA-200",
PAN-SVC-PREMUSG-200-3YR-R,PALO,"For US Government accounts only. Premium support 3-year prepaid renewal, PA-200",
PAN-SVC-PREMUSG-200-5YR,PALO,"For US Government accounts only. Premium support 5-year prepaid, PA-200",
PAN-SVC-PREMUSG-200-5YR-R,PALO,"For US Government accounts only. Premium support 5-year prepaid renewal, PA-200",
PAN-SVC-PREM-200E-5YR,PALO,"Premium support 5-year prepaid, PA-200, Enterprise",
PAN-SVC-PREM-200E-5YR-R,PALO,"Premium support 5-year prepaid renewal, PA-200, Enterprise",
PAN-SVC-PREM-200E,PALO,"Premium support year 1, PA-200, Enterprise",
PAN-SVC-PREM-200E-R,PALO,"Premium support renewal, PA-200, Enterprise",
PAN-SVC-PREM-200E-3YR,PALO,"Premium support 3-year prepaid, PA-200, Enterprise",
PAN-SVC-PREM-200E-3YR-R,PALO,"Premium support 3-year prepaid renewal, PA-200, Enterprise",
PAN-SVC-PREMUSG-200E,PALO,"For US Government accounts only. Premium support year 1, PA-200, Enterprise",
PAN-SVC-PREMUSG-200E-R,PALO,"For US Government accounts only. Premium support renewal, PA-200, Enterprise",
PAN-SVC-PREMUSG-200E-3YR,PALO,"For US Government accounts only. Premium support 3-year prepaid, PA-200, Enterprise",
PAN-SVC-PREMUSG-200E-3YR-R,PALO,"For US Government accounts only. Premium support 3-year prepaid renewal, PA-200, Enterprise",
PAN-SVC-PREMUSG-200E-5YR,PALO,"For US Government accounts only. Premium support 5-year prepaid, PA-200, Enterprise",
PAN-SVC-PREMUSG-200E-5YR-R,PALO,"For US Government accounts only. Premium support 5-year prepaid renewal, PA-200, Enterprise",
PAN-SVC-PREM-220,PALO,"Premium support year 1, PA-220",
PAN-SVC-PREM-220-R,PALO,"Premium support renewal, PA-220",
PAN-SVC-PREM-220-3YR,PALO,"Premium support 3-year prepaid, PA-220",
PAN-SVC-PREM-220-3YR-R,PALO,"Premium support 3-year prepaid renewal, PA-220",
PAN-SVC-PREM-220-5YR,PALO,"Premium support 5-year prepaid, PA-220",
PAN-SVC-PREM-220-5YR-R,PALO,"Premium support 5-year prepaid renewal, PA-220",
,PALO,,
PAN-SVC-PREMUSG-220,PALO,"For US Government accounts only. Premium support year 1, PA-220",
PAN-SVC-PREMUSG-220-R,PALO,"For US Government accounts only. Premium support renewal, PA-220",
PAN-SVC-PREMUSG-220-3YR,PALO,"For US Government accounts only. Premium support 3-year prepaid, PA-220",
PAN-SVC-PREMUSG-220-3YR-R,PALO,"For US Government accounts only. Premium support 3-year prepaid renewal, PA-220",
PAN-SVC-PREMUSG-220-5YR,PALO,"For US Government accounts only. Premium support 5-year prepaid, PA-220",
PAN-SVC-PREMUSG-220-5YR-R,PALO,"For US Government accounts only. Premium support 5-year prepaid renewal, PA-220",
PAN-SVC-PREM-500,PALO,"Premium support year 1, PA-500",
PAN-SVC-PREM-500-R,PALO,"Premium support renewal, PA-500",
PAN-SVC-PREM-500-3YR,PALO,"Premium support 3-year prepaid, PA-500",
PAN-SVC-PREM-500-3YR-R,PALO,"Premium support 3-year prepaid renewal, PA-500",
PAN-SVC-PREM-500-5YR,PALO,"Premium support 5-year prepaid, PA-500",
PAN-SVC-PREM-500-5YR-R,PALO,"Premium support 5-year prepaid renewal, PA-500",
PAN-SVC-PREMUSG-500,PALO,"For US Government accounts only. Premium support year 1, PA-500",
PAN-SVC-PREMUSG-500-R,PALO,"For US Government accounts only. Premium support renewal, PA-500",
PAN-SVC-PREMUSG-500-3YR,PALO,"For US Government accounts only. Premium support 3-year prepaid, PA-500",
PAN-SVC-PREMUSG-500-3YR-R,PALO,"For US Government accounts only. Premium support 3-year prepaid renewal, PA-500",
PAN-SVC-PREMUSG-500-5YR,PALO,"For US Government accounts only. Premium support 5-year prepaid, PA-500",
PAN-SVC-PREMUSG-500-5YR-R,PALO,"For US Government accounts only. Premium support 5-year prepaid renewal, PA-500",
PAN-SVC-PREM-820,PALO,"Premium support year 1, PA-820",
PAN-SVC-PREM-820-R,PALO,"Premium support year 1 renewal, PA-820",
PAN-SVC-PREM-820-3YR,PALO,"Premium support 3-year prepaid, PA-820",
PAN-SVC-PREM-820-3YR-R,PALO,"Premium support 3-year prepaid renewal, PA-820",
PAN-SVC-PREM-820-5YR,PALO,"Premium support 5 year prepaid, PA-820",
PAN-SVC-PREM-820-5YR-R,PALO,"Premium support 5 year prepaid renewal, PA-820",
PAN-SVC-PREMUSG-820,PALO,"For US Government accounts only. Premium support year 1, PA-820",
PAN-SVC-PREMUSG-820-R,PALO,"For US Government accounts only. Premium support renewal, PA-820",
PAN-SVC-PREMUSG-820-3YR,PALO,"For US Government accounts only. Premium support 3-year prepaid, PA-820",
PAN-SVC-PREMUSG-820-3YR-R,PALO,"For US Government accounts only. Premium support 3-year prepaid renewal, PA-820",
PAN-SVC-PREMUSG-820-5YR,PALO,"For US Government accounts only. Premium support 5-year prepaid, PA-820",
PAN-SVC-PREMUSG-820-5YR-R,PALO,"For US Government accounts only. Premium support 5-year prepaid renewal, PA-820",
PAN-SVC-PREM-850,PALO,"Premium support year 1, PA-850",
PAN-SVC-PREM-850-R,PALO,"Premium support year 1 renewal, PA-850",
PAN-SVC-PREM-850-3YR,PALO,"Premium support 3-year prepaid, PA-850",
PAN-SVC-PREM-850-3YR-R,PALO,"Premium support 3-year prepaid renewal, PA-850",
PAN-SVC-PREM-850-5YR,PALO,"Premium support 5 year prepaid, PA-850",
PAN-SVC-PREM-850-5YR-R,PALO,"Premium support 5 year prepaid renewal, PA-850",
PAN-SVC-PREMUSG-850,PALO,"For US Government accounts only. Premium support year 1, PA-850",
PAN-SVC-PREMUSG-850-R,PALO,"For US Government accounts only. Premium support renewal, PA-850",
PAN-SVC-PREMUSG-850-3YR,PALO,"For US Government accounts only. Premium support 3-year prepaid, PA-850",
PAN-SVC-PREMUSG-850-3YR-R,PALO,"For US Government accounts only. Premium support 3-year prepaid renewal, PA-850",
PAN-SVC-PREMUSG-850-5YR,PALO,"For US Government accounts only. Premium support 5-year prepaid, PA-850",
PAN-SVC-PREMUSG-850-5YR-R,PALO,"For US Government accounts only. Premium support 5-year prepaid renewal, PA-850",
PAN-SVC-PREM-2020-R,PALO,"Premium support renewal, PA-2020",
PAN-SVC-PREMUSG-2020-R,PALO,"For US Government accounts only. Premium support renewal, PA-2020",
PAN-SVC-PREM-2050-R,PALO,"Premium support renewal, PA-2050",
PAN-SVC-PREMUSG-2050-R,PALO,"For US Government accounts only. Premium support renewal, PA-2050",
PAN-SVC-PREM-3020,PALO,"Premium support year 1, PA-3020",
PAN-SVC-PREM-3020-R,PALO,"Premium support year 1 renewal, PA-3020",
PAN-SVC-PREM-3020-3YR,PALO,"Premium support 3-year prepaid, PA-3020",
PAN-SVC-PREM-3020-3YR-R,PALO,"Premium support 3-year prepaid renewal, PA-3020",
PAN-SVC-PREM-3020-5YR,PALO,"Premium support 5 year prepaid, PA-3020",
PAN-SVC-PREM-3020-5YR-R,PALO,"Premium support 5 year prepaid renewal, PA-3020",
PAN-SVC-PREMUSG-3020,PALO,"For US Government accounts only. Premium support year 1, PA-3020",
PAN-SVC-PREMUSG-3020-R,PALO,"For US Government accounts only. Premium support year 1 renewal, PA-3020",
PAN-SVC-PREMUSG-3020-3YR,PALO,"For US Government accounts only. Premium support 3-year prepaid, PA-3020",
PAN-SVC-PREMUSG-3020-3YR-R,PALO,"For US Government accounts only. Premium support 3-year prepaid renewal, PA-3020",
PAN-SVC-PREMUSG-3020-5YR,PALO,"For US Government accounts only. Premium support 5 year prepaid, PA-3020",
PAN-SVC-PREMUSG-3020-5YR-R,PALO,"For US Government accounts only. Premium support 5 year prepaid renewal, PA-3020",
PAN-SVC-PREM-3050,PALO,"Premium support year 1, PA-3050",
PAN-SVC-PREM-3050-R,PALO,"Premium support year 1 renewal, PA-3050",
PAN-SVC-PREM-3050-3YR,PALO,"Premium support 3-year prepaid, PA-3050",
PAN-SVC-PREM-3050-3YR-R,PALO,"Premium support 3-year prepaid renewal, PA-3050",
PAN-SVC-PREM-3050-5YR,PALO,"Premium support 5 year prepaid, PA-3050",
PAN-SVC-PREM-3050-5YR-R,PALO,"Premium support 5 year prepaid renewal, PA-3050",
PAN-SVC-PREMUSG-3050,PALO,"For US Government accounts only. Premium support year 1, PA-3050",
PAN-SVC-PREMUSG-3050-R,PALO,"For US Government accounts only. Premium support year 1 renewal, PA-3050",
PAN-SVC-PREMUSG-3050-3YR,PALO,"For US Government accounts only. Premium support 3-year prepaid, PA-3050",
PAN-SVC-PREMUSG-3050-3YR-R,PALO,"For US Government accounts only. Premium support 3-year prepaid renewal, PA-3050",
PAN-SVC-PREMUSG-3050-5YR,PALO,"For US Government accounts only. Premium support 5 year prepaid, PA-3050",
PAN-SVC-PREMUSG-3050-5YR-R,PALO,"For US Government accounts only. Premium support 5 year prepaid renewal, PA-3050",
PAN-SVC-PREM-3060,PALO,"Premium support year 1, PA-3060",
PAN-SVC-PREM-3060-R,PALO,"Premium support year 1 renewal, PA-3060",
PAN-SVC-PREM-3060-3YR,PALO,"Premium support 3-year prepaid, PA-3060",
PAN-SVC-PREM-3060-3YR-R,PALO,"Premium support 3-year prepaid renewal, PA-3060",
PAN-SVC-PREM-3060-5YR,PALO,"Premium support 5 year prepaid, PA-3060",
PAN-SVC-PREM-3060-5YR-R,PALO,"Premium support 5 year prepaid renewal, PA-3060",
PAN-SVC-PREMUSG-3060,PALO,"For US Government accounts only. Premium support year 1, PA-3060",
PAN-SVC-PREMUSG-3060-R,PALO,"For US Government accounts only. Premium support year 1 renewal, PA-3060",
PAN-SVC-PREMUSG-3060-3YR,PALO,"For US Government accounts only. Premium support 3-year prepaid, PA-3060",
PAN-SVC-PREMUSG-3060-3YR-R,PALO,"For US Government accounts only. Premium support 3-year prepaid renewal, PA-3060",
PAN-SVC-PREMUSG-3060-5YR,PALO,"For US Government accounts only. Premium support 5 year prepaid, PA-3060",
PAN-SVC-PREMUSG-3060-5YR-R,PALO,"For US Government accounts only. Premium support 5 year prepaid renewal, PA-3060",
PAN-SVC-PREM-4020-R,PALO,"Premium support renewal, PA-4020",
PAN-SVC-PREMUSG-4020-R,PALO,"For US Government accounts only. Premium support renewal, PA-4020",
PAN-SVC-PREM-4050-R,PALO,"Premium support renewal, PA-4050",
PAN-SVC-PREMUSG-4050-R,PALO,"For US Government accounts only. Premium support renewal, PA-4050",
PAN-SVC-PREM-4060-R,PALO,"Premium support renewal, PA-4060",
PAN-SVC-PREMUSG-4060-R,PALO,"For US Government accounts only. Premium support renewal, PA-4060",
PAN-SVC-PREM-5020,PALO,"Premium support year 1, PA-5020",
PAN-SVC-PREM-5020-R,PALO,"Premium support renewal, PA-5020",
PAN-SVC-PREM-5020-3YR,PALO,"Premium support 3-year prepaid, PA-5020",
PAN-SVC-PREM-5020-3YR-R,PALO,"Premium support 3-year prepaid renewal, PA-5020",
PAN-SVC-PREM-5020-5YR,PALO,"Premium support 5 year prepaid, PA-5020",
PAN-SVC-PREM-5020-5YR-R,PALO,"Premium support 5 year prepaid renewal, PA-5020",
PAN-SVC-PREMUSG-5020,PALO,"For US Government accounts only. Premium support year 1, PA-5020",
PAN-SVC-PREMUSG-5020-R,PALO,"For US Government accounts only. Premium support renewal, PA-5020",
,PALO,,
PAN-SVC-PREMUSG-5020-3YR,PALO,"For US Government accounts only. Premium support 3-year prepaid, PA-5020",
PAN-SVC-PREMUSG-5020-3YR-R,PALO,"For US Government accounts only. Premium support 3-year prepaid renewal, PA-5020",
PAN-SVC-PREMUSG-5020-5YR,PALO,"For US Government accounts only. Premium support 5 year prepaid, PA-5020",
PAN-SVC-PREMUSG-5020-5YR-R,PALO,"For US Government accounts only. Premium support 5 year prepaid renewal, PA-5020",
PAN-SVC-PREM-5050,PALO,"Premium support year 1, PA-5050",
PAN-SVC-PREM-5050-R,PALO,"Premium support renewal, PA-5050",
PAN-SVC-PREM-5050-3YR,PALO,"Premium support 3-year prepaid, PA-5050",
PAN-SVC-PREM-5050-3YR-R,PALO,"Premium support 3-year prepaid renewal, PA-5050",
PAN-SVC-PREM-5050-5YR,PALO,"Premium support 5 year prepaid, PA-5050",
PAN-SVC-PREM-5050-5YR-R,PALO,"Premium support 5 year prepaid renewal, PA-5050",
PAN-SVC-PREMUSG-5050,PALO,"For US Government accounts only. Premium support year 1, PA-5050",
PAN-SVC-PREMUSG-5050-R,PALO,"For US Government accounts only. Premium support renewal, PA-5050",
PAN-SVC-PREMUSG-5050-3YR,PALO,"For US Government accounts only. Premium support 3-year prepaid, PA-5050",
PAN-SVC-PREMUSG-5050-3YR-R,PALO,"For US Government accounts only. Premium support 3-year prepaid renewal, PA-5050",
PAN-SVC-PREMUSG-5050-5YR,PALO,"For US Government accounts only. Premium support 5 year prepaid, PA-5050",
PAN-SVC-PREMUSG-5050-5YR-R,PALO,"For US Government accounts only. Premium support 5 year prepaid renewal, PA-5050",
PAN-SVC-PREM-5060,PALO,"Premium support year 1, PA-5060",
PAN-SVC-PREM-5060-R,PALO,"Premium support renewal, PA-5060",
PAN-SVC-PREM-5060-3YR,PALO,"Premium support 3-year prepaid, PA-5060",
PAN-SVC-PREM-5060-3YR-R,PALO,"Premium support 3-year prepaid renewal, PA-5060",
PAN-SVC-PREM-5060-5YR,PALO,"Premium support 5 year prepaid, PA-5060",
PAN-SVC-PREM-5060-5YR-R,PALO,"Premium support 5 year prepaid renewal, PA-5060",
PAN-SVC-PREMUSG-5060,PALO,"For US Government accounts only. Premium support year 1, PA-5060",
PAN-SVC-PREMUSG-5060-R,PALO,"For US Government accounts only. Premium support renewal, PA-5060",
PAN-SVC-PREMUSG-5060-3YR,PALO,"For US Government accounts only. Premium support 3-year prepaid, PA-5060",
PAN-SVC-PREMUSG-5060-3YR-R,PALO,"For US Government accounts only. Premium support 3-year prepaid renewal, PA-5060",
PAN-SVC-PREMUSG-5060-5YR,PALO,"For US Government accounts only. Premium support 5 year prepaid, PA-5060",
PAN-SVC-PREMUSG-5060-5YR-R,PALO,"For US Government accounts only. Premium support 5 year prepaid renewal, PA-5060",
PAN-SVC-PREM-5220,PALO,"Premium support year 1, PA-5220",
PAN-SVC-PREM-5220-R,PALO,"Premium support renewal, PA-5220",
PAN-SVC-PREM-5220-3YR,PALO,"Premium support 3-year prepaid, PA-5220",
PAN-SVC-PREM-5220-3YR-R,PALO,"Premium support 3-year prepaid renewal, PA-5220",
PAN-SVC-PREM-5220-5YR,PALO,"Premium support 5 year prepaid, PA-5220",
PAN-SVC-PREM-5220-5YR-R,PALO,"Premium support 5 year prepaid renewal, PA-5220",
PAN-SVC-PREMUSG-5220,PALO,"For US Government accounts only. Premium support year 1, PA-5220",
PAN-SVC-PREMUSG-5220-R,PALO,"For US Government accounts only. Premium support renewal, PA-5220",
PAN-SVC-PREMUSG-5220-3YR,PALO,"For US Government accounts only. Premium support 3-year prepaid, PA-5220",
PAN-SVC-PREMUSG-5220-3YR-R,PALO,"For US Government accounts only. Premium support 3-year prepaid renewal, PA-5220",
PAN-SVC-PREMUSG-5220-5YR,PALO,"For US Government accounts only. Premium support 5 year prepaid, PA-5220",
PAN-SVC-PREMUSG-5220-5YR-R,PALO,"For US Government accounts only. Premium support 5 year prepaid renewal, PA-5220",
PAN-SVC-PREM-5250,PALO,"Premium support year 1, PA-5250",
PAN-SVC-PREM-5250-R,PALO,"Premium support renewal, PA-5250",
PAN-SVC-PREM-5250-3YR,PALO,"Premium support 3-year prepaid, PA-5250",
PAN-SVC-PREM-5250-3YR-R,PALO,"Premium support 3-year prepaid renewal, PA-5250",
PAN-SVC-PREM-5250-5YR,PALO,"Premium support 5 year prepaid, PA-5250",
PAN-SVC-PREM-5250-5YR-R,PALO,"Premium support 5 year prepaid renewal, PA-5250",
PAN-SVC-PREMUSG-5250,PALO,"For US Government accounts only. Premium support year 1, PA-5250",
PAN-SVC-PREMUSG-5250-R,PALO,"For US Government accounts only. Premium support renewal, PA-5250",
PAN-SVC-PREMUSG-5250-3YR,PALO,"For US Government accounts only. Premium support 3-year prepaid, PA-5250",
PAN-SVC-PREMUSG-5250-3YR-R,PALO,"For US Government accounts only. Premium support 3-year prepaid renewal, PA-5250",
PAN-SVC-PREMUSG-5250-5YR,PALO,"For US Government accounts only. Premium support 5 year prepaid, PA-5250",
PAN-SVC-PREMUSG-5250-5YR-R,PALO,"For US Government accounts only. Premium support 5 year prepaid renewal, PA-5250",
PAN-SVC-PREM-5260,PALO,"Premium support year 1, PA-5260",
PAN-SVC-PREM-5260-R,PALO,"Premium support renewal, PA-5260",
PAN-SVC-PREM-5260-3YR,PALO,"Premium support 3-year prepaid, PA-5260",
PAN-SVC-PREM-5260-3YR-R,PALO,"Premium support 3-year prepaid renewal, PA-5260",
PAN-SVC-PREM-5260-5YR,PALO,"Premium support 5 year prepaid, PA-5260",
PAN-SVC-PREM-5260-5YR-R,PALO,"Premium support 5 year prepaid renewal, PA-5260",
PAN-SVC-PREMUSG-5260,PALO,"For US Government accounts only. Premium support year 1, PA-5260",
PAN-SVC-PREMUSG-5260-R,PALO,"For US Government accounts only. Premium support renewal, PA-5260",
PAN-SVC-PREMUSG-5260-3YR,PALO,"For US Government accounts only. Premium support 3-year prepaid, PA-5260",
PAN-SVC-PREMUSG-5260-3YR-R,PALO,"For US Government accounts only. Premium support 3-year prepaid renewal, PA-5260",
PAN-SVC-PREMUSG-5260-5YR,PALO,"For US Government accounts only. Premium support 5 year prepaid, PA-5260",
PAN-SVC-PREMUSG-5260-5YR-R,PALO,"For US Government accounts only. Premium support 5 year prepaid renewal, PA-5260",
PAN-SVC-PREM-7050,PALO,"Premium support year 1, PA-7050",
PAN-SVC-PREM-7050-R,PALO,"Premium support year 1 renewal, PA-7050",
PAN-SVC-PREM-7050-3YR,PALO,"Premium support 3-year prepaid, PA-7050",
PAN-SVC-PREM-7050-3YR-R,PALO,"Premium support 3-year prepaid renewal, PA-7050",
PAN-SVC-PREM-7050-5YR,PALO,"Premium support 5 year prepaid, PA-7050",
PAN-SVC-PREM-7050-5YR-R,PALO,"Premium support 5 year prepaid renewal, PA-7050",
PAN-SVC-PREMUSG-7050,PALO,"For US Government accounts only. Premium support year 1, PA-7050",
PAN-SVC-PREMUSG-7050-R,PALO,"For US Government accounts only. Premium support year 1 renewal, PA-7050",
PAN-SVC-PREMUSG-7050-3YR,PALO,"For US Government accounts only. Premium support 3-year prepaid, PA-7050",
PAN-SVC-PREMUSG-7050-3YR-R,PALO,"For US Government accounts only. Premium support 3-year prepaid renewal, PA-7050",
PAN-SVC-PREMUSG-7050-5YR,PALO,"For US Government accounts only. Premium support 5 year prepaid, PA-7050",
PAN-SVC-PREMUSG-7050-5YR-R,PALO,"For US Government accounts only. Premium support 5 year prepaid renewal, PA-7050",
PAN-SVC-PREM-7080,PALO,"Premium support year 1, PA-7080",
PAN-SVC-PREM-7080-R,PALO,"Premium support year 1 renewal, PA-7080",
PAN-SVC-PREM-7080-3YR,PALO,"Premium support 3-year prepaid, PA-7080",
PAN-SVC-PREM-7080-3YR-R,PALO,"Premium support 3-year prepaid renewal, PA-7080",
PAN-SVC-PREM-7080-5YR,PALO,"Premium support 5 year prepaid, PA-7080",
PAN-SVC-PREM-7080-5YR-R,PALO,"Premium support 5 year prepaid renewal, PA-7080",
PAN-SVC-PREMUSG-7080,PALO,"For US Government accounts only. Premium support 1 year, PA-7080",
PAN-SVC-PREMUSG-7080-R,PALO,"For US Government accounts only. Premium support 1 year renewal, PA-7080",
PAN-SVC-PREMUSG-7080-3YR,PALO,"For US Government accounts only. Premium support 3 year prepaid, PA-7080",
PAN-SVC-PREMUSG-7080-3YR-R,PALO,"For US Government accounts only. Premium support 3 year prepaid renewal, PA-7080",
PAN-SVC-PREMUSG-7080-5YR,PALO,"For US Government accounts only. Premium support 5 year prepaid, PA-7080",
PAN-SVC-PREMUSG-7080-5YR-R,PALO,"For US Government accounts only. Premium support 5 year prepaid renewal, PA-7080",
PAN-SVC-PREM-PRA-25,PALO,"Premium support year 1, Panorama 25 devices",
PAN-SVC-PREM-PRA-25-R,PALO,"Premium support renewal, Panorama 25 devices",
PAN-SVC-PREM-PRA-25-3YR,PALO,"Premium support 3 year prepaid, Panorama 25 devices",
PAN-SVC-PREM-PRA-25-3YR-R,PALO,"Premium support 3 year prepaid renewal, Panorama 25 devices",
PAN-SVC-PREM-PRA-25-5YR,PALO,"Premium support 5 year prepaid, Panorama 25 devices",
PAN-SVC-PREM-PRA-25-5YR-R,PALO,"Premium support 5 year prepaid renewal, Panorama 25 devices",
PAN-SVC-PREMUSG-PRA-25,PALO,"For US Government accounts only. Premium support year 1, Panorama 25 devices",
PAN-SVC-PREMUSG-PRA-25-R,PALO,"For US Government accounts only. Premium support renewal, Panorama 25 devices",
,PALO,,
PAN-SVC-PREMUSG-PRA-25-3YR,PALO,For US Government accounts only. Premium support,
PAN-SVC-PREMUSG-PRA-25-3YR-R,PALO,For US Government accounts only. Premium support,
PAN-SVC-PREMUSG-PRA-25-5YR,PALO,"For US Government accounts only. Premium support 5 year prepaid, Panorama 25 devices",
PAN-SVC-PREMUSG-PRA-25-5YR-R,PALO,"For US Government accounts only. Premium support 5 year prepaid renewal, Panorama 25 devices",
PAN-SVC-PREM-PRA-100,PALO,"Premium support year 1, Panorama 100 devices",
PAN-SVC-PREM-PRA-100-R,PALO,"Premium support renewal, Panorama 100 devices",
PAN-SVC-PREM-PRA-100-3YR,PALO,"Premium support 3 year prepaid, Panorama 100 devices",
PAN-SVC-PREM-PRA-100-3YR-R,PALO,"Premium support 3 year prepaid renewal, Panorama 100 devices",
PAN-SVC-PREM-PRA-100-5YR,PALO,"Premium support 5 year prepaid, Panorama 100 devices",
PAN-SVC-PREM-PRA-100-5YR-R,PALO,"Premium support 5 year prepaid renewal, Panorama 100 devices",
PAN-SVC-PREMUSG-PRA-100,PALO,"For US Government accounts only. Premium support year 1, Panorama 100 devices",
PAN-SVC-PREMUSG-PRA-100-R,PALO,"For US Government accounts only. Premium support renewal, Panorama 100 devices",
PAN-SVC-PREMUSG-PRA-100-3YR,PALO,For US Government accounts only. Premium support,
PAN-SVC-PREMUSG-PRA-100-3YR-R,PALO,For US Government accounts only. Premium support,
PAN-SVC-PREMUSG-PRA-100-5YR,PALO,"For US Government accounts only. Premium support 5 year prepaid, Panorama 100 devices",
PAN-SVC-PREMUSG-PRA-100-5YR-R,PALO,"For US Government accounts only. Premium support 5 year prepaid renewal, Panorama 100 devices",
PAN-SVC-PREM-PRA-1K,PALO,"Premium support year 1, Panorama 1000 devices",
PAN-SVC-PREM-PRA-1K-R,PALO,"Premium support renewal, Panorama 1000 devices",
PAN-SVC-PREM-PRA-1K-3YR,PALO,"Premium support 3 year prepaid, Panorama 1000 devices",
PAN-SVC-PREM-PRA-1K-3YR-R,PALO,"Premium support 3 year prepaid renewal, Panorama 1000 devices",
PAN-SVC-PREM-PRA-1K-5YR,PALO,"Premium support 5 year prepaid, Panorama 1000 devices",
PAN-SVC-PREM-PRA-1K-5YR-R,PALO,"Premium support 5 year prepaid renewal, Panorama 1000 devices",
PAN-SVC-PREMUSG-PRA-1K,PALO,"For US Government accounts only. Premium support year 1, Panorama 1000 devices",
PAN-SVC-PREMUSG-PRA-1K-R,PALO,"For US Government accounts only. Premium support renewal, Panorama 1000 devices",
PAN-SVC-PREMUSG-PRA-1K-3YR,PALO,For US Government accounts only. Premium support,
PAN-SVC-PREMUSG-PRA-1K-3YR-R,PALO,For US Government accounts only. Premium support,
PAN-SVC-PREMUSG-PRA-1K-5YR,PALO,"For US Government accounts only. Premium support 5 year prepaid, Panorama 1000 devices",
PAN-SVC-PREMUSG-PRA-1K-5YR-R,PALO,"For US Government accounts only. Premium support 5 year prepaid renewal, Panorama 1000 devices",
PAN-SVC-PREM-VM-100,PALO,"Premium support year 1, VM-100",
PAN-SVC-PREM-VM-100-R,PALO,"Premium support year 1 renewal, VM-100",
PAN-SVC-PREM-VM-100-3YR,PALO,"Premium support 3-year prepaid, VM-100",
PAN-SVC-PREM-VM-100-3YR-R,PALO,"Premium support 3-year prepaid renewal, VM-100",
PAN-SVC-PREM-VM-100-5YR,PALO,"Premium support 5 year prepaid, VM-100",
PAN-SVC-PREM-VM-100-5YR-R,PALO,"Premium support 5 year prepaid renewal, VM-100",
PAN-SVC-PREMUSG-VM-100,PALO,"For US Government accounts only. Premium support year 1, VM-100",
PAN-SVC-PREMUSG-VM-100-R,PALO,"For US Government accounts only. Premium support year 1 renewal, VM-100",
PAN-SVC-PREMUSG-VM-100-3YR,PALO,"For US Government accounts only. Premium support 3-year prepaid, VM-100",
PAN-SVC-PREMUSG-VM-100-3YR-R,PALO,"For US Government accounts only. Premium support 3-year prepaid renewal, VM-100",
PAN-SVC-PREMUSG-VM-100-5YR,PALO,"For US Government accounts only. Premium support 5 year prepaid, VM-100",
PAN-SVC-PREMUSG-VM-100-5YR-R,PALO,"For US Government accounts only. Premium support 5 year prepaid renewal, VM-100",
PAN-SVC-PREM-VM-100-ENT,PALO,"Premium support year 1, VM-100-ENT",
PAN-SVC-PREM-VM-100-ENT-R,PALO,"Premium support year 1 renewal, VM-100-ENT",
PAN-SVC-PREM-VM-100-ENT-3YR,PALO,"Premium support 3-year prepaid, VM-100-ENT",
PAN-SVC-PREM-VM-100-ENT-3YR-R,PALO,"Premium support 3-year prepaid renewal, VM-100-ENT",
PAN-SVC-PREM-VM-100-ENT-5YR,PALO,"Premium support 5 year prepaid, VM-100-ENT",
PAN-SVC-PREM-VM-100-ENT-5YR-R,PALO,"Premium support 5 year prepaid renewal, VM-100-ENT",
PAN-SVC-PREMUSG-VM-100-ENT,PALO,"For US Government accounts only. Premium support year 1, VM-100-ENT",
PAN-SVC-PREMUSG-VM-100-ENT-R,PALO,"For US Government accounts only. Premium support year 1 renewal, VM-100-ENT",
PAN-SVC-PREMUSG-VM-100-ENT-3YR,PALO,"For US Government accounts only. Premium support 3-year prepaid, VM-100-ENT",
PAN-SVC-PREMUSG-VM-100-ENT-3YR-R,PALO,"For US Government accounts only. Premium support 3-year prepaid renewal, VM-100-ENT",
PAN-SVC-PREMUSG-VM-100-ENT-5YR,PALO,"For US Government accounts only. Premium support 5 year prepaid, VM-100-ENT",
PAN-SVC-PREMUSG-VM-100-ENT-5YR-R,PALO,"For US Government accounts only. Premium support 5 year prepaid renewal, VM-100-ENT",
PAN-SVC-PREM-VM-200,PALO,"Premium support year 1, VM-200",
PAN-SVC-PREM-VM-200-R,PALO,"Premium support year 1 renewal, VM-200",
PAN-SVC-PREM-VM-200-3YR,PALO,"Premium support 3-year prepaid, VM-200",
PAN-SVC-PREM-VM-200-3YR-R,PALO,"Premium support 3-year prepaid renewal, VM-200",
PAN-SVC-PREM-VM-200-5YR,PALO,"Premium support 5 year prepaid, VM-200",
PAN-SVC-PREM-VM-200-5YR-R,PALO,"Premium support 5 year prepaid renewal, VM-200",
PAN-SVC-PREMUSG-VM-200,PALO,"For US Government accounts only. Premium support year 1, VM-200",
PAN-SVC-PREMUSG-VM-200-R,PALO,"For US Government accounts only. Premium support year 1 renewal, VM-200",
PAN-SVC-PREMUSG-VM-200-3YR,PALO,"For US Government accounts only. Premium support 3-year prepaid, VM-200",
PAN-SVC-PREMUSG-VM-200-3YR-R,PALO,"For US Government accounts only. Premium support 3-year prepaid renewal, VM-200",
PAN-SVC-PREMUSG-VM-200-5YR,PALO,"For US Government accounts only. Premium support 5 year prepaid, VM-200",
PAN-SVC-PREMUSG-VM-200-5YR-R,PALO,"For US Government accounts only. Premium support 5 year prepaid renewal, VM-200",
PAN-SVC-PREM-VM-200-ENT,PALO,"Premium support year 1, VM-200-ENT",
PAN-SVC-PREM-VM-200-ENT-R,PALO,"Premium support year 1 renewal, VM-200-ENT",
PAN-SVC-PREM-VM-200-ENT-3YR,PALO,"Premium support 3-year prepaid, VM-200-ENT",
PAN-SVC-PREM-VM-200-ENT-3YR-R,PALO,"Premium support 3-year prepaid renewal, VM-200-ENT",
PAN-SVC-PREM-VM-200-ENT-5YR,PALO,"Premium support 5 year prepaid, VM-200-ENT",
PAN-SVC-PREM-VM-200-ENT-5YR-R,PALO,"Premium support 5 year prepaid renewal, VM-200-ENT",
PAN-SVC-PREMUSG-VM-200-ENT,PALO,"For US Government accounts only. Premium support year 1, VM-200-ENT",
PAN-SVC-PREMUSG-VM-200-ENT-R,PALO,"For US Government accounts only. Premium support year 1 renewal, VM-200-ENT",
PAN-SVC-PREMUSG-VM-200-ENT-3YR,PALO,"For US Government accounts only. Premium support 3-year prepaid, VM-200-ENT",
PAN-SVC-PREMUSG-VM-200-ENT-3YR-R,PALO,"For US Government accounts only. Premium support 3-year prepaid renewal, VM-200-ENT",
PAN-SVC-PREMUSG-VM-200-ENT-5YR,PALO,"For US Government accounts only. Premium support 5 year prepaid, VM-200-ENT",
PAN-SVC-PREMUSG-VM-200-ENT-5YR-R,PALO,"For US Government accounts only. Premium support 5 year prepaid renewal, VM-200-ENT",
PAN-SVC-PREM-VM-300,PALO,"Premium support year 1, VM-300",
PAN-SVC-PREM-VM-300-R,PALO,"Premium support year 1 renewal, VM-300",
PAN-SVC-PREM-VM-300-3YR,PALO,"Premium support 3-year prepaid, VM-300",
PAN-SVC-PREM-VM-300-3YR-R,PALO,"Premium support 3-year prepaid renewal, VM-300",
PAN-SVC-PREM-VM-300-5YR,PALO,"Premium support 5 year prepaid, VM-300",
PAN-SVC-PREM-VM-300-5YR-R,PALO,"Premium support 5 year prepaid renewal, VM-300",
PAN-SVC-PREMUSG-VM-300,PALO,"For US Government accounts only. Premium support year 1, VM-300",
PAN-SVC-PREMUSG-VM-300-R,PALO,"For US Government accounts only. Premium support year 1 renewal, VM-300",
PAN-SVC-PREMUSG-VM-300-3YR,PALO,"For US Government accounts only. Premium support 3-year prepaid, VM-300",
PAN-SVC-PREMUSG-VM-300-3YR-R,PALO,"For US Government accounts only. Premium support 3-year prepaid renewal, VM-300",
PAN-SVC-PREMUSG-VM-300-5YR,PALO,"For US Government accounts only. Premium support 5 year prepaid, VM-300",
PAN-SVC-PREMUSG-VM-300-5YR-R,PALO,"For US Government accounts only. Premium support 5 year prepaid renewal, VM-300",
PAN-SVC-PREM-VM-300-ENT,PALO,"Premium support year 1, VM-300-ENT",
PAN-SVC-PREM-VM-300-ENT-R,PALO,"Premium support year 1 renewal, VM-300-ENT",
PAN-SVC-PREM-VM-300-ENT-3YR,PALO,"Premium support 3-year prepaid, VM-300-ENT",
PAN-SVC-PREM-VM-300-ENT-3YR-R,PALO,"Premium support 3-year prepaid renewal, VM-300-ENT",
PAN-SVC-PREM-VM-300-ENT-5YR,PALO,"Premium support 5 year prepaid, VM-300-ENT",
PAN-SVC-PREM-VM-300-ENT-5YR-R,PALO,"Premium support 5 year prepaid renewal, VM-300-ENT",
PAN-SVC-PREMUSG-VM-300-ENT,PALO,"For US Government accounts only. Premium support year 1, VM-300-ENT",
PAN-SVC-PREMUSG-VM-300-ENT-R,PALO,"For US Government accounts only. Premium support year 1 renewal, VM-300-ENT",
,PALO,,
PAN-SVC-PREMUSG-VM-300-ENT-3YR,PALO,"For US Government accounts only. Premium support 3-year prepaid, VM-300-ENT",
PAN-SVC-PREMUSG-VM-300-ENT-3YR-R,PALO,"For US Government accounts only. Premium support 3-year prepaid renewal, VM-300-ENT",
PAN-SVC-PREMUSG-VM-300-ENT-5YR,PALO,"For US Government accounts only. Premium support 5 year prepaid, VM-300-ENT",
PAN-SVC-PREMUSG-VM-300-ENT-5YR-R,PALO,"For US Government accounts only. Premium support 5 year prepaid renewal, VM-300-ENT",
PAN-SVC-PREM-VM-1000-HV,PALO,"Premium support year 1, VM-1000-HV",
PAN-SVC-PREM-VM-1000-HV-R,PALO,"Premium support year 1 renewal, VM-1000-HV",
PAN-SVC-PREM-VM-1000-HV-3YR,PALO,"Premium support 3-year prepaid, VM-1000-HV",
PAN-SVC-PREM-VM-1000-HV-3YR-R,PALO,"Premium support 3-year prepaid renewal, VM-1000-HV",
PAN-SVC-PREM-VM-1000-HV-5YR,PALO,"Premium support 5 year prepaid, VM-1000-HV",
PAN-SVC-PREM-VM-1000-HV-5YR-R,PALO,"Premium support 5 year prepaid renewal, VM-1000-HV",
PAN-SVC-PREMUSG-VM-1000-HV,PALO,"For US Government accounts only. Premium support year 1, VM-1000-HV",
PAN-SVC-PREMUSG-VM-1000-HV-R,PALO,"For US Government accounts only. Premium support year 1 renewal, VM-1000-HV",
PAN-SVC-PREMUSG-VM-1000-HV-3YR,PALO,"For US Government accounts only. Premium support 3-year prepaid, VM-1000-HV",
PAN-SVC-PREMUSG-VM-1000-HV-3YR-R,PALO,"For US Government accounts only. Premium support 3-year prepaid renewal, VM-1000-HV",
PAN-SVC-PREMUSG-VM-1000-HV-5YR,PALO,"For US Government accounts only. Premium support 5 year prepaid, VM-1000-HV",
PAN-SVC-PREMUSG-VM-1000-HV-5YR-R,PALO,"For US Government accounts only. Premium support 5 year prepaid renewal, VM-1000-HV",
PAN-SVC-PREM-VM-1000-HV-ENT,PALO,"Premium support year 1, VM-1000-HV-ENT",
PAN-SVC-PREM-VM-1000-HV-ENT-R,PALO,"Premium support year 1 renewal, VM-1000-HV-ENT",
PAN-SVC-PREM-VM-1000-HV-ENT-3YR,PALO,"Premium support 3-year prepaid, VM-1000-HV-ENT",
PAN-SVC-PREM-VM-1000-HV-ENT-3YR-R,PALO,"Premium support 3-year prepaid renewal, VM-1000-HV-ENT",
PAN-SVC-PREM-VM-1000-HV-ENT-5YR,PALO,"Premium support 5 year prepaid, VM-1000-HV-ENT",
PAN-SVC-PREM-VM-1000-HV-ENT-5YR-R,PALO,"Premium support 5 year prepaid renewal, VM-1000-HV-ENT",
PAN-SVC-PREMUSG-VM-1000-HV-ENT,PALO,"For US Government accounts only. Premium support year 1, VM-1000-HV-ENT",
PAN-SVC-PREMUSG-VM-1000-HV-ENT-R,PALO,"For US Government accounts only. Premium support year 1 renewal, VM-1000-HV-ENT",
PAN-SVC-PREMUSG-VM-1000-HV-ENT-3YR,PALO,"For US Government accounts only. Premium support 3-year prepaid, VM-1000-HV-ENT",
PAN-SVC-PREMUSG-VM-1000-HV-ENT-3YR-R,PALO,"For US Government accounts only. Premium support 3-year prepaid renewal, VM-1000-HV-ENT",
PAN-SVC-PREMUSG-VM-1000-HV-ENT-5YR,PALO,"For US Government accounts only. Premium support 5 year prepaid, VM-1000-HV-ENT",
PAN-SVC-PREMUSG-VM-1000-HV-ENT-5YR-R,PALO,"For US Government accounts only. Premium support 5 year prepaid renewal, VM-1000-HV-ENT",
PAN-SVC-PREM-WF-500,PALO,"Premium support year 1, WF-500",
PAN-SVC-PREM-WF-500-R,PALO,"Premium support renewal, WF-500",
PAN-SVC-PREM-WF-500-3YR,PALO,"Premium support 3-year prepaid, WF-500",
PAN-SVC-PREM-WF-500-3YR-R,PALO,"Premium support 3-year prepaid renewal, WF-500",
PAN-SVC-PREM-WF-500-5YR,PALO,"Premium support 5-year prepaid, WF-500",
PAN-SVC-PREM-WF-500-5YR-R,PALO,"Premium support 5-year prepaid renewal, WF-500",
PAN-SVC-PREMUSG-WF-500,PALO,"For US Government accounts only. Premium support year 1, WF-500",
PAN-SVC-PREMUSG-WF-500-R,PALO,"For US Government accounts only. Premium support renewal, WF-500",
PAN-SVC-PREMUSG-WF-500-3YR,PALO,"For US Government accounts only. Premium support 3-year prepaid, WF-500",
PAN-SVC-PREMUSG-WF-500-3YR-R,PALO,"For US Government accounts only. Premium support 3-year prepaid renewal, WF-500",
PAN-SVC-PREMUSG-WF-500-5YR,PALO,"For US Government accounts only. Premium support 5-year prepaid, WF-500",
PAN-SVC-PREMUSG-WF-500-5YR-R,PALO,"For US Government accounts only. Premium support 5-year prepaid renewal, WF-500",
PAN-SVC-PREM-M-100-P-25,PALO,"Premium support year 1, Panorama M-100 25 devices or log collector",
PAN-SVC-PREM-M-100-P-25-R,PALO,"Premium support renewal, Panorama M-100 25 devices or log collector",
PAN-SVC-PREM-M-100-P-25-3Y,PALO,"Premium support 3-year prepaid, Panorama M-100 25 devices or log collector",
PAN-SVC-PREM-M-100-P-25-3Y-R,PALO,"Premium support 3-year prepaid renewal, Panorama M-100 25 devices or log collector",
PAN-SVC-PREM-M-100-P-25-5Y,PALO,"Premium support 5-year prepaid, Panorama M-100 25 devices or log collector",
PAN-SVC-PREM-M-100-P-25-5Y-R,PALO,"Premium support 5-year prepaid renewal, Panorama M-100 25 devices or log collector",
PAN-SVC-PREMUSG-M-100-P-25,PALO,"For US Government accounts only. Premium support year 1, Panorama M-100 25 devices or log collector",
PAN-SVC-PREMUSG-M-100-P-25-R,PALO,"For US Government accounts only. Premium support renewal, Panorama M-100 25 devices or log collector",
PAN-SVC-PREMUSG-M-100-P-25-3YR,PALO,"For US Government accounts only. Premium support 3-year prepaid, Panorama M-100 25 devices or log collector",
PAN-SVC-PREMUSG-M-100-P-25-3YR-R,PALO,"For US Government accounts only. Premium support 3-year prepaid renewal, Panorama M-100 25 devices or log collector",
PAN-SVC-PREMUSG-M-100-P-25-5YR,PALO,"For US Government accounts only. Premium support 5-year prepaid, Panorama M-100 25 devices or log collector",
PAN-SVC-PREMUSG-M-100-P-25-5YR-R,PALO,"For US Government accounts only. Premium support 5-year prepaid renewal, Panorama M-100 25 devices or log collector",
PAN-SVC-PREM-M-100-P-100,PALO,"Premium support year 1, Panorama M-100 100 devices",
PAN-SVC-PREM-M-100-P-100-R,PALO,"Premium support renewal, Panorama M-100 100 devices",
PAN-SVC-PREM-M-100-P-100-3Y,PALO,"Premium support 3-year prepaid, Panorama M-100 100 devices",
PAN-SVC-PREM-M-100-P-100-3Y-R,PALO,"Premium support 3-year prepaid renewal, Panorama M-100 100 devices",
PAN-SVC-PREM-M-100-P-100-5Y,PALO,"Premium support 5-year prepaid, Panorama M-100 100 devices",
PAN-SVC-PREM-M-100-P-100-5Y-R,PALO,"Premium support 5-year prepaid renewal, Panorama M-100 100 devices",
PAN-SVC-PREMUSG-M-100-P-100,PALO,"For US Government accounts only. Premium support year 1, Panorama M-100 100 devices",
PAN-SVC-PREMUSG-M-100-P-100-R,PALO,"For US Government accounts only. Premium support renewal, Panorama M-100 100 devices",
PAN-SVC-PREMUSG-M-100-P-100-3YR,PALO,"For US Government accounts only. Premium support 3-year prepaid, Panorama M-100 100 devices",
PAN-SVC-PREMUSG-M-100-P-100-3YR-R,PALO,"For US Government accounts only. Premium support 3-year prepaid renewal, Panorama M-100 100 devices",
PAN-SVC-PREMUSG-M-100-P-100-5YR,PALO,"For US Government accounts only. Premium support 5-year prepaid, Panorama M-100 100 devices",
PAN-SVC-PREMUSG-M-100-P-100-5YR-R,PALO,"For US Government accounts only. Premium support 5-year prepaid renewal, Panorama M-100 100 devices",
PAN-SVC-PREM-M-100-P-1K,PALO,"Premium support year 1, Panorama M-100 1000 devices",
PAN-SVC-PREM-M-100-P-1K-R,PALO,"Premium support renewal, Panorama M-100 1000 devices",
PAN-SVC-PREM-M-100-P-1K-3Y,PALO,"Premium support 3-year prepaid, Panorama M-100 1000 devices",
PAN-SVC-PREM-M-100-P-1K-3Y-R,PALO,"Premium support 3-year prepaid renewal, Panorama M-100 1000 devices",
PAN-SVC-PREM-M-100-P-1K-5Y,PALO,"Premium support 5-year prepaid, Panorama M-100 1000 devices",
PAN-SVC-PREM-M-100-P-1K-5Y-R,PALO,"Premium support 5-year prepaid renewal, Panorama M-100 1000 devices",
PAN-SVC-PREMUSG-M-100-P-1K,PALO,"For US Government accounts only. Premium support year 1, Panorama M-100 1000 devices",
PAN-SVC-PREMUSG-M-100-P-1K-R,PALO,"For US Government accounts only. Premium support renewal, Panorama M-100 1000 devices",
PAN-SVC-PREMUSG-M-100-P-1K-3YR,PALO,"For US Government accounts only. Premium support 3-year prepaid, Panorama M-100 1000 devices",
PAN-SVC-PREMUSG-M-100-P-1K-3YR-R,PALO,"For US Government accounts only. Premium support 3-year prepaid renewal, Panorama M-100 1000 devices",
PAN-SVC-PREMUSG-M-100-P-1K-5YR,PALO,"For US Government accounts only. Premium support 5-year prepaid, Panorama M-100 1000 devices",
PAN-SVC-PREMUSG-M-100-P-1K-5YR-R,PALO,"For US Government accounts only. Premium support 5-year prepaid renewal, Panorama M-100 1000 devices",
PAN-SVC-PREM-M-500-P-25,PALO,"Premium support, Panorama M-500 25 devices, PAN-DB Private Cloud or log collector",
PAN-SVC-PREM-M-500-P-25-R,PALO,"Premium support renewal, Panorama M-500 25 devices, PAN-DB Private Cloud or log collector",
PAN-SVC-PREM-M-500-P-25-3Y,PALO,"Premium support 3-year prepaid, Panorama M-500 25 devices, PAN-DB Private Cloud or log collector",
PAN-SVC-PREM-M-500-P-25-3Y-R,PALO,"Premium support 3-year prepaid renewal, Panorama M-500 25 devices, PAN-DB Private Cloud or log collector",
PAN-SVC-PREM-M-500-P-25-5Y,PALO,"Premium support 5-year prepaid, Panorama M-500 25 devices, PAN-DB Private Cloud or log collector",
PAN-SVC-PREM-M-500-P-25-5Y-R,PALO,"Premium support 5-year prepaid renewal, Panorama M-500 25 devices, PAN-DB Private Cloud or log collector",
PAN-SVC-PREMUSG-M-500-P-25,PALO,"For US Government accounts only. Premium support year 1, Panorama M-500 25 devices or log collector",
PAN-SVC-PREMUSG-M-500-P-25-R,PALO,"For US Government accounts only. Premium support renewal, Panorama M-500 25 devices or log collector",
PAN-SVC-PREMUSG-M-500-P-25-3YR,PALO,"For US Government accounts only. Premium support 3-year prepaid, Panorama M-500 25 devices or log collector",
PAN-SVC-PREMUSG-M-500-P-25-3YR-R,PALO,"For US Government accounts only. Premium support 3-year prepaid renewal, Panorama M-500 25 devices or log collector",
PAN-SVC-PREMUSG-M-500-P-25-5YR,PALO,"For US Government accounts only. Premium support 5-year prepaid, Panorama M-500 25 devices or log collector",
PAN-SVC-PREMUSG-M-500-P-25-5YR-R,PALO,"For US Government accounts only. Premium support 5-year prepaid renewal, Panorama M-500 25 devices or log collector",
PAN-SVC-PREM-M-500-P-100,PALO,"Premium support, Panorama M-500 100 devices",
PAN-SVC-PREM-M-500-P-100-R,PALO,"Premium support renewal, Panorama M-500 100 devices",
PAN-SVC-PREM-M-500-P-100-3Y,PALO,"Premium support 3-year prepaid, Panorama M-500 100 devices",
PAN-SVC-PREM-M-500-P-100-3Y-R,PALO,"Premium support 3-year prepaid renewal, Panorama M-500 100 devices",
,PALO,,
PAN-SVC-PREM-M-500-P-100-5Y,PALO,"Premium support 5-year prepaid, Panorama M-500 100 devices",
PAN-SVC-PREM-M-500-P-100-5Y-R,PALO,"Premium support 5-year prepaid renewal, Panorama M-500 100 devices",
PAN-SVC-PREMUSG-M-500-P-100,PALO,"For US Government accounts only. Premium support year 1, Panorama M-500 100 devices",
PAN-SVC-PREMUSG-M-500-P-100-R,PALO,"For US Government accounts only. Premium support renewal, Panorama M-500 100 devices",
PAN-SVC-PREMUSG-M-500-P-100-3YR,PALO,"For US Government accounts only. Premium support 3-year prepaid, Panorama M-500 100 devices",
PAN-SVC-PREMUSG-M-500-P-100-3YR-R,PALO,"For US Government accounts only. Premium support 3-year prepaid renewal, Panorama M-500 100 devices",
PAN-SVC-PREMUSG-M-500-P-100-5YR,PALO,"For US Government accounts only. Premium support 5-year prepaid, Panorama M-500 100 devices",
PAN-SVC-PREMUSG-M-500-P-100-5YR-R,PALO,"For US Government accounts only. Premium support 5-year prepaid renewal, Panorama M-500 100 devices",
PAN-SVC-PREM-M-500-P-1K,PALO,"Premium support, Panorama M-500 1K devices",
PAN-SVC-PREM-M-500-P-1K-R,PALO,"Premium support renewal, Panorama M-500 1K devices",
PAN-SVC-PREM-M-500-P-1K-3Y,PALO,"Premium support 3-year prepaid, Panorama M-500 1K devices",
PAN-SVC-PREM-M-500-P-1K-3Y-R,PALO,"Premium support 3-year prepaid renewal, Panorama M-500 1K devices",
PAN-SVC-PREM-M-500-P-1K-5Y,PALO,"Premium support 5-year prepaid, Panorama M-500 1K devices",
PAN-SVC-PREM-M-500-P-1K-5Y-R,PALO,"Premium support 5-year prepaid renewal, Panorama M-500 1K devices",
PAN-SVC-PREMUSG-M-500-P-1K,PALO,"For US Government accounts only. Premium support year 1, Panorama M-500 1000 devices",
PAN-SVC-PREMUSG-M-500-P-1K-R,PALO,"For US Government accounts only. Premium support renewal, Panorama M-500 1000 devices",
PAN-SVC-PREMUSG-M-500-P-1K-3YR,PALO,"For US Government accounts only. Premium support 3-year prepaid, Panorama M-500 1000 devices",
PAN-SVC-PREMUSG-M-500-P-1K-3YR-R,PALO,"For US Government accounts only. Premium support 3-year prepaid renewal, Panorama M-500 1000 devices",
PAN-SVC-PREMUSG-M-500-P-1K-5YR,PALO,"For US Government accounts only. Premium support 5-year prepaid, Panorama M-500 1000 devices",
PAN-SVC-PREMUSG-M-500-P-1K-5YR-R,PALO,"For US Government accounts only. Premium support 5-year prepaid renewal, Panorama M-500 1000 devices",
PAN-SVC-PREM-GP-100-R,PALO,"Premium Support renewal, GP-100 500 Devices",
PAN-SVC-PREM-GP-100-3YR-R,PALO,"Premium Support 3-year prepaid renewal, GP-100 500 Devices",
PAN-SVC-PREM-GP-100-1K-R,PALO,"Premium Support renewal, GP-100 1K Devices",
PAN-SVC-PREM-GP-100-1K-3YR-R,PALO,"Premium Support 3-year prepaid renewal, GP-100 1K Devices",
PAN-SVC-PREM-GP-100-2K-R,PALO,"Premium Support renewal, GP-100 2K Devices",
PAN-SVC-PREM-GP-100-2K-3YR-R,PALO,"Premium Support 3-year prepaid renewal, GP-100 2K Devices",
PAN-SVC-PREM-GP-100-5K-R,PALO,"Premium Support renewal, GP-100 5K Devices",
PAN-SVC-PREM-GP-100-5K-3YR-R,PALO,"Premium Support 3-year prepaid renewal, GP-100 5K Devices",
PAN-SVC-PREM-GP-100-10K-R,PALO,"Premium Support renewal, GP-100 10K Devices",
PAN-SVC-PREM-GP-100-10K-3YR-R,PALO,"Premium Support 3-year prepaid renewal, GP-100 10K Devices",
PAN-SVC-PREM-GP-100-25K-R,PALO,"Premium Support renewal, GP-100 25K Devices",
PAN-SVC-PREM-GP-100-25K-3YR-R,PALO,"Premium Support 3-year prepaid renewal, GP-100 25K Devices",
PAN-SVC-PREM-GP-100-50K-R,PALO,"Premium Support renewal, GP-100 50K Devices",
PAN-SVC-PREM-GP-100-50K-3YR-R,PALO,"Premium Support 3-year prepaid renewal, GP-100 50K Devices",
PAN-SVC-PREM-GP-100-100K-R,PALO,"Premium Support renewal, GP-100 100K Devices",
PAN-SVC-PREM-GP-100-100K-3YR-R,PALO,"Premium Support 3-year prepaid renewal, GP-100 100K Devices",
PAN-SVC-STND-500,PALO,"Standard support year 1, PA-500",
PAN-SVC-STND-500-R,PALO,"Standard support renewal, PA-500",
PAN-SVC-STND-500-3YR,PALO,"Standard support 3-year prepaid, PA-500",
PAN-SVC-STND-500-3YR-R,PALO,"Standard support 3-year prepaid renewal, PA-500",
PAN-SVC-STND-820,PALO,"Standard support year 1, PA-820",
PAN-SVC-STND-820-R,PALO,"Standard support year 1 renewal, PA-820",
PAN-SVC-STND-820-3YR,PALO,"Standard support 3 year prepaid, PA-820",
PAN-SVC-STND-820-3YR-R,PALO,"Standard support 3 year prepaid renewal, PA-820",
PAN-SVC-STND-850,PALO,"Standard support year 1, PA-850",
PAN-SVC-STND-850-R,PALO,"Standard support year 1 renewal, PA-850",
PAN-SVC-STND-850-3YR,PALO,"Standard support 3 year prepaid, PA-850",
PAN-SVC-STND-850-3YR-R,PALO,"Standard support 3 year prepaid renewal, PA-850",
PAN-SVC-STND-2020-R,PALO,"Standard support renewal, PA-2020",
PAN-SVC-STND-2050-R,PALO,"Standard support renewal, PA-2050",
PAN-SVC-STND-3020,PALO,"Standard support year 1, PA-3020",
PAN-SVC-STND-3020-R,PALO,"Standard support year 1 renewal, PA-3020",
PAN-SVC-STND-3020-3YR,PALO,"Standard support 3 year prepaid, PA-3020",
PAN-SVC-STND-3020-3YR-R,PALO,"Standard support 3 year prepaid renewal, PA-3020",
PAN-SVC-STND-3050,PALO,"Standard support year 1, PA-3050",
PAN-SVC-STND-3050-R,PALO,"Standard support year 1 renewal, PA-3050",
PAN-SVC-STND-3050-3YR,PALO,"Standard support 3 year prepaid, PA-3050",
PAN-SVC-STND-3050-3YR-R,PALO,"Standard support 3 year prepaid renewal, PA-3050",
PAN-SVC-STND-3060,PALO,"Standard support year 1, PA-3060",
PAN-SVC-STND-3060-R,PALO,"Standard support year 1 renewal, PA-3060",
PAN-SVC-STND-3060-3YR,PALO,"Standard support 3 year prepaid, PA-3060",
PAN-SVC-STND-3060-3YR-R,PALO,"Standard support 3 year prepaid renewal, PA-3060",
PAN-SVC-STND-4020-R,PALO,"Standard support renewal, PA-4020",
PAN-SVC-STND-4050-R,PALO,"Standard support renewal, PA-4050",
PAN-SVC-STND-4060-R,PALO,"Standard support renewal, PA-4060",
PAN-SVC-STND-5020,PALO,"Standard support year 1, PA-5020",
PAN-SVC-STND-5020-R,PALO,"Standard support renewal, PA-5020",
PAN-SVC-STND-5020-3YR,PALO,"Standard support 3-year prepaid, PA-5020",
PAN-SVC-STND-5020-3YR-R,PALO,"Standard support 3-year prepaid renewal, PA-5020",
PAN-SVC-STND-5050,PALO,"Standard support year 1, PA-5050",
PAN-SVC-STND-5050-R,PALO,"Standard support renewal, PA-5050",
PAN-SVC-STND-5050-3YR,PALO,"Standard support 3-year prepaid, PA-5050",
PAN-SVC-STND-5050-3YR-R,PALO,"Standard support 3-year prepaid renewal, PA-5050",
PAN-SVC-STND-5060,PALO,"Standard support year 1, PA-5060",
PAN-SVC-STND-5060-R,PALO,"Standard support renewal, PA-5060",
PAN-SVC-STND-5060-3YR,PALO,"Standard support 3-year prepaid, PA-5060",
PAN-SVC-STND-5060-3YR-R,PALO,"Standard support 3-year prepaid renewal, PA-5060",
PAN-SVC-STND-5220,PALO,"Standard support year 1, PA-5220",
PAN-SVC-STND-5220-R,PALO,"Standard support renewal, PA-5220",
PAN-SVC-STND-5220-3YR,PALO,"Standard support 3-year prepaid, PA-5220",
PAN-SVC-STND-5220-3YR-R,PALO,"Standard support 3-year prepaid renewal, PA-5220",
PAN-SVC-STND-5250,PALO,"Standard support year 1, PA-5250",
PAN-SVC-STND-5250-R,PALO,"Standard support renewal, PA-5250",
PAN-SVC-STND-5250-3YR,PALO,"Standard support 3-year prepaid, PA-5250",
PAN-SVC-STND-5250-3YR-R,PALO,"Standard support 3-year prepaid renewal, PA-5250",
PAN-SVC-STND-5260,PALO,"Standard support year 1, PA-5260",
PAN-SVC-STND-5260-R,PALO,"Standard support renewal, PA-5260",
PAN-SVC-STND-5260-3YR,PALO,"Standard support 3-year prepaid, PA-5260",
PAN-SVC-STND-5260-3YR-R,PALO,"Standard support 3-year prepaid renewal, PA-5260",
PAN-SVC-STND-7050,PALO,"Standard support year 1, PA-7050",
PAN-SVC-STND-7050-3YR,PALO,"Standard support 3 year prepaid, PA-7050",
PAN-SVC-STND-7050-3YR-R,PALO,"Standard support 3 year prepaid renewal, PA-7050",
PAN-SVC-STND-7050-R,PALO,"Standard support year 1 renewal, PA-7050",
PAN-SVC-STND-7080,PALO,"Standard support year 1, PA-7080",
PAN-SVC-STND-7080-R,PALO,"Standard support year 1 renewal, PA-7080",
PAN-SVC-STND-7080-3YR,PALO,"Standard support 3 year prepaid, PA-7080",
,PALO,,
PAN-SVC-STND-7080-3YR-R,PALO,"Standard support 3 year prepaid renewal, PA-7080",
PAN-SVC-B4HR-200,PALO,"Partner enabled 4-Hour Premium support year 1, PA-200",
PAN-SVC-B4HR-200-R,PALO,"Partner enabled 4-Hour Premium support renewal, PA-200",
PAN-SVC-B4HR-200-3YR,PALO,"Partner enabled 4-Hour Premium support 3-year prepaid, PA-200",
PAN-SVC-B4HR-200-3YR-R,PALO,"Partner enabled 4-Hour Premium support 3-year prepaid renewal, PA-200",
PAN-SVC-B4HR-200-5YR,PALO,"Partner enabled 4-Hour Premium support 5-year prepaid, PA-200",
PAN-SVC-B4HR-200-5YR-R,PALO,"Partner enabled 4-Hour Premium support 5-year prepaid renewal, PA-200",
PAN-SVC-B4HRUSG-200,PALO,"For US Government accounts only. Partner enabled 4-Hour Premium support year 1, PA-200",
PAN-SVC-B4HRUSG-200-R,PALO,"For US Government accounts only. Partner enabled 4-Hour Premium support renewal, PA-200",
PAN-SVC-B4HRUSG-200-3YR,PALO,"For US Government accounts only. Partner enabled 4-Hour Premium support 3-year prepaid, PA-200",
PAN-SVC-B4HRUSG-200-3YR-R,PALO,"For US Government accounts only. Partner enabled 4-Hour Premium support 3-year prepaid renewal, PA-200",
PAN-SVC-B4HRUSG-200-5YR,PALO,"For US Government accounts only. Partner enabled 4-Hour Premium support 5-year prepaid, PA-200",
PAN-SVC-B4HRUSG-200-5YR-R,PALO,"For US Government accounts only. Partner enabled 4-Hour Premium support 5-year prepaid renewal, PA-200",
PAN-SVC-B4HR-200E,PALO,"Partner enabled 4-Hour Premium support year 1, PA-200, Enterprise",
PAN-SVC-B4HR-200E-R,PALO,"Partner enabled 4-Hour Premium support renewal, PA-200, Enterprise",
PAN-SVC-B4HR-200E-3YR,PALO,"Partner enabled 4-Hour Premium support 3-year prepaid, PA-200, Enterprise",
PAN-SVC-B4HR-200E-3YR-R,PALO,"Partner enabled 4-Hour Premium support 3-year prepaid renewal, PA-200, Enterprise",
PAN-SVC-B4HR-200E-5YR,PALO,"Partner enabled 4-Hour Premium support 5-year prepaid, PA-200, Enterprise",
PAN-SVC-B4HR-200E-5YR-R,PALO,"Partner enabled 4-Hour Premium support 5-year prepaid renewal, PA-200, Enterprise",
PAN-SVC-B4HRUSG-200E,PALO,"For US Government accounts only. Partner enabled 4-Hour Premium support year 1, PA-200, Enterprise",
PAN-SVC-B4HRUSG-200E-R,PALO,"For US Government accounts only. Partner enabled 4-Hour Premium support renewal, PA-200, Enterprise",
PAN-SVC-B4HRUSG-200E-3YR,PALO,"For US Government accounts only. Partner enabled 4-Hour Premium support 3-year prepaid, PA-200, Enterprise",
PAN-SVC-B4HRUSG-200E-3YR-R,PALO,"For US Government accounts only. Partner enabled 4-Hour Premium support 3-year prepaid renewal, PA-200, Enterprise",
PAN-SVC-B4HRUSG-200E-5YR,PALO,"For US Government accounts only. Partner enabled 4-Hour Premium support 5-year prepaid, PA-200, Enterprise",
PAN-SVC-B4HRUSG-200E-5YR-R,PALO,"For US Government accounts only. Partner enabled 4-Hour Premium support 5-year prepaid renewal, PA-200, Enterprise",
PAN-SVC-B4HR-220,PALO,"Partner enabled 4-Hour Premium support year 1, PA-220",
PAN-SVC-B4HR-220-R,PALO,"Partner enabled 4-Hour Premium support renewal, PA-220",
PAN-SVC-B4HR-220-3YR,PALO,"Partner enabled 4-Hour Premium support 3-year prepaid, PA-220",
PAN-SVC-B4HR-220-3YR-R,PALO,"Partner enabled 4-Hour Premium support 3-year prepaid renewal, PA-220",
PAN-SVC-B4HR-220-5YR,PALO,"Partner enabled 4-Hour Premium support 5-year prepaid, PA-220",
PAN-SVC-B4HR-220-5YR-R,PALO,"Partner enabled 4-Hour Premium support 5-year prepaid renewal, PA-220",
PAN-SVC-B4HRUSG-220,PALO,"For US Government accounts only. Partner enabled 4-Hour Premium support year 1, PA-220",
PAN-SVC-B4HRUSG-220-R,PALO,"For US Government accounts only. Partner enabled 4-Hour Premium support renewal, PA-220",
PAN-SVC-B4HRUSG-220-3YR,PALO,"For US Government accounts only. Partner enabled 4-Hour Premium support 3-year prepaid, PA-220",
PAN-SVC-B4HRUSG-220-3YR-R,PALO,"For US Government accounts only. Partner enabled 4-Hour Premium support 3-year prepaid renewal, PA-220",
PAN-SVC-B4HRUSG-220-5YR,PALO,"For US Government accounts only. Partner enabled 4-Hour Premium support 5-year prepaid, PA-220",
PAN-SVC-B4HRUSG-220-5YR-R,PALO,"For US Government accounts only. Partner enabled 4-Hour Premium support 5-year prepaid renewal, PA-220",
PAN-SVC-B4HR-500,PALO,"Partner enabled 4-Hour Premium support year 1, PA-500",
PAN-SVC-B4HR-500-R,PALO,"Partner enabled 4-Hour Premium support renewal, PA-500",
PAN-SVC-B4HR-500-3YR,PALO,"Partner enabled 4-Hour Premium support 3-year prepaid, PA-500",
PAN-SVC-B4HR-500-3YR-R,PALO,"Partner enabled 4-Hour Premium support 3-year prepaid renewal, PA-500",
PAN-SVC-B4HR-500-5YR,PALO,"Partner enabled 4-Hour Premium support 5-year prepaid, PA-500",
PAN-SVC-B4HR-500-5YR-R,PALO,"Partner enabled 4-Hour Premium support 5-year prepaid renewal, PA-500",
PAN-SVC-B4HRUSG-500,PALO,"For US Government accounts only. Partner enabled 4-Hour Premium support year 1, PA-500",
PAN-SVC-B4HRUSG-500-R,PALO,"For US Government accounts only. Partner enabled 4-Hour Premium support renewal, PA-500",
PAN-SVC-B4HRUSG-500-3YR,PALO,"For US Government accounts only. Partner enabled 4-Hour Premium support 3-year prepaid, PA-500",
PAN-SVC-B4HRUSG-500-3YR-R,PALO,"For US Government accounts only. Partner enabled 4-Hour Premium support 3-year prepaid renewal, PA-500",
PAN-SVC-B4HRUSG-500-5YR,PALO,"For US Government accounts only. Partner enabled 4-Hour Premium support 5-year prepaid, PA-500",
PAN-SVC-B4HRUSG-500-5YR-R,PALO,"For US Government accounts only. Partner enabled 4-Hour Premium support 5-year prepaid renewal, PA-500",
PAN-SVC-B4HR-820,PALO,"Partner enabled 4-Hour premium support year 1, PA-820",
PAN-SVC-B4HR-820-R,PALO,"Partner enabled 4-Hour premium support year 1 renewal, PA-820",
PAN-SVC-B4HR-820-3YR,PALO,"Partner enabled 4-Hour premium support 3 year prepaid, PA-820",
PAN-SVC-B4HR-820-3YR-R,PALO,"Partner enabled 4-Hour premium support 3 year prepaid renewal, PA-820",
PAN-SVC-B4HR-820-5YR,PALO,"Partner enabled 4-Hour premium support 5 year prepaid, PA-820",
PAN-SVC-B4HR-820-5YR-R,PALO,"Partner enabled 4-Hour premium support 5 year prepaid renewal, PA-820",
PAN-SVC-B4HRUSG-820,PALO,"For US Government accounts only. Partner enabled 4-Hour Premium support year 1, PA-820",
PAN-SVC-B4HRUSG-820-R,PALO,"For US Government accounts only. Partner enabled 4-Hour Premium support renewal, PA-820",
PAN-SVC-B4HRUSG-820-3YR,PALO,"For US Government accounts only. Partner enabled 4-Hour Premium support 3-year prepaid, PA-820",
PAN-SVC-B4HRUSG-820-3YR-R,PALO,"For US Government accounts only. Partner enabled 4-Hour Premium support 3-year prepaid renewal, PA-820",
PAN-SVC-B4HRUSG-820-5YR,PALO,"For US Government accounts only. Partner enabled 4-Hour Premium support 5-year prepaid, PA-820",
PAN-SVC-B4HRUSG-820-5YR-R,PALO,"For US Government accounts only. Partner enabled 4-Hour Premium support 5-year prepaid renewal, PA-820",
PAN-SVC-B4HR-850,PALO,"Partner enabled 4-Hour premium support year 1, PA-850",
PAN-SVC-B4HR-850-R,PALO,"Partner enabled 4-Hour premium support year 1 renewal, PA-850",
PAN-SVC-B4HR-850-3YR,PALO,"Partner enabled 4-Hour premium support 3 year prepaid, PA-850",
PAN-SVC-B4HR-850-3YR-R,PALO,"Partner enabled 4-Hour premium support 3 year prepaid renewal, PA-850",
PAN-SVC-B4HR-850-5YR,PALO,"Partner enabled 4-Hour premium support 5 year prepaid, PA-850",
PAN-SVC-B4HR-850-5YR-R,PALO,"Partner enabled 4-Hour premium support 5 year prepaid renewal, PA-850",
PAN-SVC-B4HRUSG-850,PALO,"For US Government accounts only. Partner enabled 4-Hour Premium support year 1, PA-850",
PAN-SVC-B4HRUSG-850-R,PALO,"For US Government accounts only. Partner enabled 4-Hour Premium support renewal, PA-850",
PAN-SVC-B4HRUSG-850-3YR,PALO,"For US Government accounts only. Partner enabled 4-Hour Premium support 3-year prepaid, PA-850",
PAN-SVC-B4HRUSG-850-3YR-R,PALO,"For US Government accounts only. Partner enabled 4-Hour Premium support 3-year prepaid renewal, PA-850",
PAN-SVC-B4HRUSG-850-5YR,PALO,"For US Government accounts only. Partner enabled 4-Hour Premium support 5-year prepaid, PA-850",
PAN-SVC-B4HRUSG-850-5YR-R,PALO,"For US Government accounts only. Partner enabled 4-Hour Premium support 5-year prepaid renewal, PA-850",
PAN-SVC-B4HR-2020-R,PALO,"Partner enabled 4-Hour Premium support renewal, PA-2020",
PAN-SVC-B4HRUSG-2020-R,PALO,"For US Government accounts only. Partner enabled 4-Hour Premium support renewal, PA-2020",
PAN-SVC-B4HR-2050-R,PALO,"Partner enabled 4-Hour Premium support renewal, PA-2050",
PAN-SVC-B4HRUSG-2050-R,PALO,"For US Government accounts only. Partner enabled 4-Hour Premium support renewal, PA-2050",
PAN-SVC-B4HR-3020,PALO,"Partner enabled 4-Hour premium support year 1, PA-3020",
PAN-SVC-B4HR-3020-R,PALO,"Partner enabled 4-Hour premium support year 1 renewal, PA-3020",
PAN-SVC-B4HR-3020-3YR,PALO,"Partner enabled 4-Hour premium support 3 year prepaid, PA-3020",
PAN-SVC-B4HR-3020-3YR-R,PALO,"Partner enabled 4-Hour premium support 3 year prepaid renewal, PA-3020",
PAN-SVC-B4HR-3020-5YR,PALO,"Partner enabled 4-Hour premium support 5 year prepaid, PA-3020",
PAN-SVC-B4HR-3020-5YR-R,PALO,"Partner enabled 4-Hour premium support 5 year prepaid renewal, PA-3020",
PAN-SVC-B4HRUSG-3020,PALO,"For US Government accounts only. Partner enabled 4-Hour premium support year 1, PA-3020",
PAN-SVC-B4HRUSG-3020-R,PALO,"For US Government accounts only. Partner enabled 4-Hour premium support year 1 renewal, PA-3020",
PAN-SVC-B4HRUSG-3020-3YR,PALO,"For US Government accounts only. Partner enabled 4-Hour premium support 3 year prepaid, PA-3020",
PAN-SVC-B4HRUSG-3020-3YR-R,PALO,"For US Government accounts only. Partner enabled 4-Hour premium support 3 year prepaid renewal, PA-3020",
PAN-SVC-B4HRUSG-3020-5YR,PALO,"For US Government accounts only. Partner enabled 4-Hour premium support 5 year prepaid, PA-3020",
PAN-SVC-B4HRUSG-3020-5YR-R,PALO,"For US Government accounts only. Partner enabled 4-Hour premium support 5 year prepaid renewal, PA-3020",
PAN-SVC-B4HR-3050,PALO,"Partner enabled 4-Hour premium support year 1, PA-3050",
PAN-SVC-B4HR-3050-R,PALO,"Partner enabled 4-Hour premium support year 1 renewal, PA-3050",
PAN-SVC-B4HR-3050-3YR,PALO,"Partner enabled 4-Hour premium support 3 year prepaid, PA-3050",
PAN-SVC-B4HR-3050-3YR-R,PALO,"Partner enabled 4-Hour premium support 3 year prepaid renewal, PA-3050",
PAN-SVC-B4HR-3050-5YR,PALO,"Partner enabled 4-Hour premium support 5 year prepaid, PA-3050",
,PALO,,
PAN-SVC-B4HR-3050-5YR-R,PALO,"Partner enabled 4-Hour premium support 5 year prepaid renewal, PA-3050",
PAN-SVC-B4HRUSG-3050,PALO,"For US Government accounts only. Partner enabled 4-Hour premium support year 1, PA-3050",
PAN-SVC-B4HRUSG-3050-R,PALO,"For US Government accounts only. Partner enabled 4-Hour premium support year 1 renewal, PA-3050",
PAN-SVC-B4HRUSG-3050-3YR,PALO,"For US Government accounts only. Partner enabled 4-Hour premium support 3 year prepaid, PA-3050",
PAN-SVC-B4HRUSG-3050-3YR-R,PALO,"For US Government accounts only. Partner enabled 4-Hour premium support 3 year prepaid renewal, PA-3050",
PAN-SVC-B4HRUSG-3050-5YR,PALO,"For US Government accounts only. Partner enabled 4-Hour premium support 5 year prepaid, PA-3050",
PAN-SVC-B4HRUSG-3050-5YR-R,PALO,"For US Government accounts only. Partner enabled 4-Hour premium support 5 year prepaid renewal, PA-3050",
PAN-SVC-B4HR-3060,PALO,"Partner enabled 4-Hour premium support year 1, PA-3060",
PAN-SVC-B4HR-3060-R,PALO,"Partner enabled 4-Hour premium support year 1 renewal, PA-3060",
PAN-SVC-B4HR-3060-3YR,PALO,"Partner enabled 4-Hour premium support 3 year prepaid, PA-3060",
PAN-SVC-B4HR-3060-3YR-R,PALO,"Partner enabled 4-Hour premium support 3 year prepaid renewal, PA-3060",
PAN-SVC-B4HR-3060-5YR,PALO,"Partner enabled 4-Hour premium support 5 year prepaid, PA-3060",
PAN-SVC-B4HR-3060-5YR-R,PALO,"Partner enabled 4-Hour premium support 5 year prepaid renewal, PA-3060",
PAN-SVC-B4HRUSG-3060,PALO,"For US Government accounts only. Partner enabled 4-Hour premium support year 1, PA-3060",
PAN-SVC-B4HRUSG-3060-R,PALO,"For US Government accounts only. Partner enabled 4-Hour premium support year 1 renewal, PA-3060",
PAN-SVC-B4HRUSG-3060-3YR,PALO,"For US Government accounts only. Partner enabled 4-Hour premium support 3 year prepaid, PA-3060",
PAN-SVC-B4HRUSG-3060-3YR-R,PALO,"For US Government accounts only. Partner enabled 4-Hour premium support 3 year prepaid renewal, PA-3060",
PAN-SVC-B4HRUSG-3060-5YR,PALO,"For US Government accounts only. Partner enabled 4-Hour premium support 5 year prepaid, PA-3060",
PAN-SVC-B4HRUSG-3060-5YR-R,PALO,"For US Government accounts only. Partner enabled 4-Hour premium support 5 year prepaid renewal, PA-3060",
PAN-SVC-B4HR-4020-R,PALO,"Partner enabled 4-Hour Premium support renewal, PA-4020",
PAN-SVC-B4HRUSG-4020-R,PALO,"For US Government accounts only. Partner enabled 4-Hour Premium support renewal, PA-4020",
PAN-SVC-B4HR-4050-R,PALO,"Partner enabled 4-Hour Premium support renewal, PA-4050",
PAN-SVC-B4HRUSG-4050-R,PALO,"For US Government accounts only. Partner enabled 4-Hour Premium support renewal, PA-4050",
PAN-SVC-B4HR-4060-R,PALO,"Partner enabled 4-Hour Premium support renewal, PA-4060",
PAN-SVC-B4HRUSG-4060-R,PALO,"For US Government accounts only. Partner enabled 4-Hour Premium support renewal, PA-4060",
PAN-SVC-B4HR-5020,PALO,"Partner enabled 4-Hour Premium support year 1, PA-5020",
PAN-SVC-B4HR-5020-R,PALO,"Partner enabled 4-Hour Premium support renewal, PA-5020",
PAN-SVC-B4HR-5020-3YR,PALO,"Partner enabled 4-Hour Premium support 3-year prepaid, PA-5020",
PAN-SVC-B4HR-5020-3YR-R,PALO,"Partner enabled 4-Hour Premium support 3-year prepaid renewal, PA-5020",
PAN-SVC-B4HR-5020-5YR,PALO,"Partner enabled 4-Hour Premium support 5 year prepaid, PA-5020",
PAN-SVC-B4HR-5020-5YR-R,PALO,"Partner enabled 4-Hour Premium support 5 year prepaid renewal, PA-5020",
PAN-SVC-B4HRUSG-5020,PALO,"For US Government accounts only. Partner enabled 4-Hour Premium support year 1, PA-5020",
PAN-SVC-B4HRUSG-5020-R,PALO,"For US Government accounts only. Partner enabled 4-Hour Premium support renewal, PA-5020",
PAN-SVC-B4HRUSG-5020-3YR,PALO,"For US Government accounts only. Partner enabled 4-Hour Premium support 3-year prepaid, PA-5020",
PAN-SVC-B4HRUSG-5020-3YR-R,PALO,"For US Government accounts only. Partner enabled 4-Hour Premium support 3-year prepaid renewal, PA-5020",
PAN-SVC-B4HRUSG-5020-5YR,PALO,"For US Government accounts only. Partner enabled 4-Hour Premium support 5 year prepaid, PA-5020",
PAN-SVC-B4HRUSG-5020-5YR-R,PALO,"For US Government accounts only. Partner enabled 4-Hour Premium support 5 year prepaid renewal, PA-5020",
PAN-SVC-B4HR-5050,PALO,"Partner enabled 4-Hour Premium support year 1, PA-5050",
PAN-SVC-B4HR-5050-R,PALO,"Partner enabled 4-Hour Premium support renewal, PA-5050",
PAN-SVC-B4HR-5050-3YR,PALO,"Partner enabled 4-Hour Premium support 3-year prepaid, PA-5050",
PAN-SVC-B4HR-5050-3YR-R,PALO,"Partner enabled 4-Hour Premium support 3-year prepaid renewal, PA-5050",
PAN-SVC-B4HR-5050-5YR,PALO,"Partner enabled 4-Hour Premium support 5 year prepaid, PA-5050",
PAN-SVC-B4HR-5050-5YR-R,PALO,"Partner enabled 4-Hour Premium support 5 year prepaid renewal, PA-5050",
PAN-SVC-B4HRUSG-5050,PALO,"For US Government accounts only. Partner enabled 4-Hour Premium support year 1, PA-5050",
PAN-SVC-B4HRUSG-5050-R,PALO,"For US Government accounts only. Partner enabled 4-Hour Premium support renewal, PA-5050",
PAN-SVC-B4HRUSG-5050-3YR,PALO,"For US Government accounts only. Partner enabled 4-Hour Premium support 3-year prepaid, PA-5050",
PAN-SVC-B4HRUSG-5050-3YR-R,PALO,"For US Government accounts only. Partner enabled 4-Hour Premium support 3-year prepaid renewal, PA-5050",
PAN-SVC-B4HRUSG-5050-5YR,PALO,"For US Government accounts only. Partner enabled 4-Hour Premium support 5 year prepaid, PA-5050",
PAN-SVC-B4HRUSG-5050-5YR-R,PALO,"For US Government accounts only. Partner enabled 4-Hour Premium support 5 year prepaid renewal, PA-5050",
PAN-SVC-B4HR-5060,PALO,"Partner enabled 4-Hour Premium support year 1, PA-5060",
PAN-SVC-B4HR-5060-R,PALO,"Partner enabled 4-Hour Premium support renewal, PA-5060",
PAN-SVC-B4HR-5060-3YR,PALO,"Partner enabled 4-Hour Premium support 3-year prepaid, PA-5060",
PAN-SVC-B4HR-5060-3YR-R,PALO,"Partner enabled 4-Hour Premium support 3-year prepaid renewal, PA-5060",
PAN-SVC-B4HR-5060-5YR,PALO,"Partner enabled 4-Hour Premium support 5 year prepaid, PA-5060",
PAN-SVC-B4HR-5060-5YR-R,PALO,"Partner enabled 4-Hour Premium support 5 year prepaid renewal, PA-5060",
PAN-SVC-B4HRUSG-5060,PALO,"For US Government accounts only. Partner enabled 4-Hour Premium support year 1, PA-5060",
PAN-SVC-B4HRUSG-5060-R,PALO,"For US Government accounts only. Partner enabled 4-Hour Premium support renewal, PA-5060",
PAN-SVC-B4HRUSG-5060-3YR,PALO,"For US Government accounts only. Partner enabled 4-Hour Premium support 3-year prepaid, PA-5060",
PAN-SVC-B4HRUSG-5060-3YR-R,PALO,"For US Government accounts only. Partner enabled 4-Hour Premium support 3-year prepaid renewal, PA-5060",
PAN-SVC-B4HRUSG-5060-5YR,PALO,"For US Government accounts only. Partner enabled 4-Hour Premium support 5 year prepaid, PA-5060",
PAN-SVC-B4HRUSG-5060-5YR-R,PALO,"For US Government accounts only. Partner enabled 4-Hour Premium support 5 year prepaid renewal, PA-5060",
PAN-SVC-B4HR-5220,PALO,"Partner enabled 4-Hour Premium support year 1, PA-5220",
PAN-SVC-B4HR-5220-R,PALO,"Partner enabled 4-Hour Premium support renewal, PA-5220",
PAN-SVC-B4HR-5220-3YR,PALO,"Partner enabled 4-Hour Premium support 3-year prepaid, PA-5220",
PAN-SVC-B4HR-5220-3YR-R,PALO,"Partner enabled 4-Hour Premium support 3-year prepaid renewal, PA-5220",
PAN-SVC-B4HR-5220-5YR,PALO,"Partner enabled 4-Hour Premium support 5 year prepaid, PA-5220",
PAN-SVC-B4HR-5220-5YR-R,PALO,"Partner enabled 4-Hour Premium support 5 year prepaid renewal, PA-5220",
PAN-SVC-B4HRUSG-5220,PALO,"For US Government accounts only. Partner enabled 4-Hour Premium support year 1, PA-5220",
PAN-SVC-B4HRUSG-5220-R,PALO,"For US Government accounts only. Partner enabled 4-Hour Premium support renewal, PA-5220",
PAN-SVC-B4HRUSG-5220-3YR,PALO,"For US Government accounts only. Partner enabled 4-Hour Premium support 3-year prepaid, PA-5220",
PAN-SVC-B4HRUSG-5220-3YR-R,PALO,"For US Government accounts only. Partner enabled 4-Hour Premium support 3-year prepaid renewal, PA-5220",
PAN-SVC-B4HRUSG-5220-5YR,PALO,"For US Government accounts only. Partner enabled 4-Hour Premium support 5 year prepaid, PA-5220",
PAN-SVC-B4HRUSG-5220-5YR-R,PALO,"For US Government accounts only. Partner enabled 4-Hour Premium support 5 year prepaid renewal, PA-5220",
PAN-SVC-B4HR-5250,PALO,"Partner enabled 4-Hour Premium support year 1, PA-5250",
PAN-SVC-B4HR-5250-R,PALO,"Partner enabled 4-Hour Premium support renewal, PA-5250",
PAN-SVC-B4HR-5250-3YR,PALO,"Partner enabled 4-Hour Premium support 3-year prepaid, PA-5250",
PAN-SVC-B4HR-5250-3YR-R,PALO,"Partner enabled 4-Hour Premium support 3-year prepaid renewal, PA-5250",
PAN-SVC-B4HR-5250-5YR,PALO,"Partner enabled 4-Hour Premium support 5 year prepaid, PA-5250",
PAN-SVC-B4HR-5250-5YR-R,PALO,"Partner enabled 4-Hour Premium support 5 year prepaid renewal, PA-5250",
PAN-SVC-B4HRUSG-5250,PALO,"For US Government accounts only. Partner enabled 4-Hour Premium support year 1, PA-5250",
PAN-SVC-B4HRUSG-5250-R,PALO,"For US Government accounts only. Partner enabled 4-Hour Premium support renewal, PA-5250",
PAN-SVC-B4HRUSG-5250-3YR,PALO,"For US Government accounts only. Partner enabled 4-Hour Premium support 3-year prepaid, PA-5250",
PAN-SVC-B4HRUSG-5250-3YR-R,PALO,"For US Government accounts only. Partner enabled 4-Hour Premium support 3-year prepaid renewal, PA-5250",
PAN-SVC-B4HRUSG-5250-5YR,PALO,"For US Government accounts only. Partner enabled 4-Hour Premium support 5 year prepaid, PA-5250",
PAN-SVC-B4HRUSG-5250-5YR-R,PALO,"For US Government accounts only. Partner enabled 4-Hour Premium support 5 year prepaid renewal, PA-5250",
PAN-SVC-B4HR-5260,PALO,"Partner enabled 4-Hour Premium support year 1, PA-5260",
PAN-SVC-B4HR-5260-R,PALO,"Partner enabled 4-Hour Premium support renewal, PA-5260",
PAN-SVC-B4HR-5260-3YR,PALO,"Partner enabled 4-Hour Premium support 3-year prepaid, PA-5260",
PAN-SVC-B4HR-5260-3YR-R,PALO,"Partner enabled 4-Hour Premium support 3-year prepaid renewal, PA-5260",
PAN-SVC-B4HR-5260-5YR,PALO,"Partner enabled 4-Hour Premium support 5 year prepaid, PA-5260",
PAN-SVC-B4HR-5260-5YR-R,PALO,"Partner enabled 4-Hour Premium support 5 year prepaid renewal, PA-5260",
PAN-SVC-B4HRUSG-5260,PALO,"For US Government accounts only. Partner enabled 4-Hour Premium support year 1, PA-5260",
PAN-SVC-B4HRUSG-5260-R,PALO,"For US Government accounts only. Partner enabled 4-Hour Premium support renewal, PA-5260",
PAN-SVC-B4HRUSG-5260-3YR,PALO,"For US Government accounts only. Partner enabled 4-Hour Premium support 3-year prepaid, PA-5260",
PAN-SVC-B4HRUSG-5260-3YR-R,PALO,"For US Government accounts only. Partner enabled 4-Hour Premium support 3-year prepaid renewal, PA-5260",
PAN-SVC-B4HRUSG-5260-5YR,PALO,"For US Government accounts only. Partner enabled 4-Hour Premium support 5 year prepaid, PA-5260",
,PALO,,
PAN-SVC-B4HRUSG-5260-5YR-R,PALO,"For US Government accounts only. Partner enabled 4-Hour Premium support 5 year prepaid renewal, PA-5260",
PAN-SVC-B4HR-7050,PALO,"Partner enabled 4-Hour premium support year 1, PA-7050",
PAN-SVC-B4HR-7050-R,PALO,"Partner enabled 4-Hour premium support year 1 renewal, PA-7050",
PAN-SVC-B4HR-7050-3YR,PALO,"Partner enabled 4-Hour premium support 3 year prepaid, PA-7050",
PAN-SVC-B4HR-7050-3YR-R,PALO,"Partner enabled 4-Hour premium support 3 year prepaid renewal, PA-7050",
PAN-SVC-B4HR-7050-5YR,PALO,"Partner enabled 4-Hour premium support 5 year prepaid, PA-7050",
PAN-SVC-B4HR-7050-5YR-R,PALO,"Partner enabled 4-Hour premium support 5 year prepaid renewal, PA-7050",
PAN-SVC-B4HRUSG-7050,PALO,"For US Government accounts only. Partner enabled 4-Hour premium support year 1, PA-7050",
PAN-SVC-B4HRUSG-7050-R,PALO,"For US Government accounts only. Partner enabled 4-Hour premium support year 1 renewal, PA-7050",
PAN-SVC-B4HRUSG-7050-3YR,PALO,"For US Government accounts only. Partner enabled 4-Hour premium support 3 year prepaid, PA-7050",
PAN-SVC-B4HRUSG-7050-3YR-R,PALO,"For US Government accounts only. Partner enabled 4-Hour premium support 3 year prepaid renewal, PA-7050",
PAN-SVC-B4HRUSG-7050-5YR,PALO,"For US Government accounts only. Partner enabled 4-Hour premium support 5 year prepaid, PA-7050",
PAN-SVC-B4HRUSG-7050-5YR-R,PALO,"For US Government accounts only. Partner enabled 4-Hour premium support 5 year prepaid renewal, PA-7050",
PAN-SVC-B4HR-7080,PALO,"Partner enabled 4-Hour Premium support year 1, PA-7080",
PAN-SVC-B4HR-7080-R,PALO,"Partner enabled 4-Hour Premium support year 1 renewal, PA-7080",
PAN-SVC-B4HR-7080-3YR,PALO,"Partner enabled 4-Hour Premium support 3 year prepaid, PA-7080",
PAN-SVC-B4HR-7080-3YR-R,PALO,"Partner enabled 4-Hour Premium support 3 year prepaid renewal, PA-7080",
PAN-SVC-B4HR-7080-5YR,PALO,"Partner enabled 4-Hour Premium support 5 year prepaid, PA-7080",
PAN-SVC-B4HR-7080-5YR-R,PALO,"Partner enabled 4-Hour Premium support 5 year prepaid renewal, PA-7080",
PAN-SVC-B4HRUSG-7080,PALO,"For US Government accounts only. Partner enabled 4-Hour premium support 1 year, PA-7080",
PAN-SVC-B4HRUSG-7080-R,PALO,"For US Government accounts only. Partner enabled 4-Hour premium support 1 year renewal, PA-7080",
PAN-SVC-B4HRUSG-7080-3YR,PALO,"For US Government accounts only. Partner enabled 4-Hour premium support 3 year prepaid, PA-7080",
PAN-SVC-B4HRUSG-7080-3YR-R,PALO,"For US Government accounts only. Partner enabled 4-Hour premium support 3 year prepaid renewal, PA-7080",
PAN-SVC-B4HRUSG-7080-5YR,PALO,"For US Government accounts only. Partner enabled 4-Hour premium support 5 year prepaid, PA-7080",
PAN-SVC-B4HRUSG-7080-5YR-R,PALO,"For US Government accounts only. Partner enabled 4-Hour premium support 5 year prepaid renewal, PA-7080",
PAN-SVC-B4HR-M-100-P-25,PALO,"4-Hour Partner enabled premium support year 1, Panorama M-100 25 devices or log collector",
PAN-SVC-B4HR-M-100-P-25-R,PALO,"4-Hour Partner enabled premium support renewal, Panorama M-100 25 devices or log collector",
PAN-SVC-B4HR-M-100-P-25-3Y,PALO,"4-Hour Partner enabled premium support 3-year prepaid, Panorama M-100 25 devices or log collector",
PAN-SVC-B4HR-M-100-P-25-3Y-R,PALO,"4-Hour Partner enabled premium support 3-year prepaid renewal, Panorama M-100 25 devices or log collector",
PAN-SVC-B4HR-M-100-P-25-5Y,PALO,"4-Hour Partner enabled premium support 5-year prepaid, Panorama M-100 25 devices or log collector",
PAN-SVC-B4HR-M-100-P-25-5Y-R,PALO,"4-Hour Partner enabled premium support 5-year prepaid renewal, Panorama M-100 25 devices or log collector",
PAN-SVC-B4HRUSG-M-100-P-25,PALO,"For US Government accounts only. Partner enabled 4-Hour premium support year 1, Panorama M-100 25 devices or log collector",
PAN-SVC-B4HRUSG-M-100-P-25-R,PALO,"For US Government accounts only. Partner enabled 4-Hour premium support renewal, Panorama M-100 25 devices or log collector",
PAN-SVC-B4HRUSG-M-100-P-25-3YR,PALO,"For US Government accounts only. Partner enabled 4-Hour premium support 3-year prepaid, Panorama M-100 25 devices or log
collector",
PAN-SVC-B4HRUSG-M-100-P-25-3YR-R,PALO,"For US Government accounts only. Partner enabled 4-Hour premium support 3-year prepaid renewal, Panorama M-100 25 devices or
log collector",
PAN-SVC-B4HRUSG-M-100-P-25-5YR,PALO,"For US Government accounts only. Partner enabled 4-Hour premium support 5-year prepaid, Panorama M-100 25 devices or log
collector",
PAN-SVC-B4HRUSG-M-100-P-25-5YR-R,PALO,"For US Government accounts only. Partner enabled 4-Hour premium support 5-year prepaid renewal, Panorama M-100 25 devices or
log collector",
PAN-SVC-B4HR-M-100-P-100,PALO,"4-Hour Partner enabled premium support year 1, Panorama M-100 100 devices",
PAN-SVC-B4HR-M-100-P-100-R,PALO,"4-Hour Partner enabled premium support renewal, Panorama M-100 100 devices",
PAN-SVC-B4HR-M-100-P-100-3Y,PALO,"4-Hour Partner enabled premium support 3-year prepaid, Panorama M-100 100 devices",
PAN-SVC-B4HR-M-100-P-100-3Y-R,PALO,"4-Hour Partner enabled premium support 3-year prepaid renewal, Panorama M-100 100 devices",
PAN-SVC-B4HR-M-100-P-100-5Y,PALO,"4-Hour Partner enabled premium support 5-year prepaid, Panorama M-100 100 devices",
PAN-SVC-B4HR-M-100-P-100-5Y-R,PALO,"4-Hour Partner enabled premium support 5-year prepaid renewal, Panorama M-100 100 devices",
PAN-SVC-B4HRUSG-M-100-P-100,PALO,"For US Government accounts only. Partner enabled 4-Hour premium support year 1, Panorama M-100 100 devices",
PAN-SVC-B4HRUSG-M-100-P-100-R,PALO,"For US Government accounts only. Partner enabled 4-Hour premium support renewal, Panorama M-100 100 devices",
PAN-SVC-B4HRUSG-M-100-P-100-3YR,PALO,"For US Government accounts only. Partner enabled 4-Hour premium support 3-year prepaid, Panorama M-100 100 devices",
PAN-SVC-B4HRUSG-M-100-P-100-3YR-R,PALO,"For US Government accounts only. Partner enabled 4-Hour premium support 3-year prepaid renewal, Panorama M-100 100 devices",
PAN-SVC-B4HRUSG-M-100-P-100-5YR,PALO,"For US Government accounts only. Partner enabled 4-Hour premium support 5-year prepaid, Panorama M-100 100 devices",
PAN-SVC-B4HRUSG-M-100-P-100-5YR-R,PALO,"For US Government accounts only. Partner enabled 4-Hour premium support 5-year prepaid renewal, Panorama M-100 100 devices",
PAN-SVC-B4HR-M-100-P-1K,PALO,"4-Hour Partner enabled premium support year 1, Panorama M-100 1000 devices",
PAN-SVC-B4HR-M-100-P-1K-R,PALO,"4-Hour Partner enabled premium support renewal, Panorama M-100 1000 devices",
PAN-SVC-B4HR-M-100-P-1K-3Y,PALO,"4-Hour Partner enabled premium support 3-year prepaid, Panorama M-100 1000 devices",
PAN-SVC-B4HR-M-100-P-1K-3Y-R,PALO,"4-Hour Partner enabled premium support 3-year prepaid renewal, Panorama M-100 1000 devices",
PAN-SVC-B4HR-M-100-P-1K-5Y,PALO,"4-Hour Partner enabled premium support 5-year prepaid, Panorama M-100 1000 devices",
PAN-SVC-B4HR-M-100-P-1K-5Y-R,PALO,"4-Hour Partner enabled premium support 5-year prepaid renewal, Panorama M-100 1000 devices",
PAN-SVC-B4HRUSG-M-100-P-1K,PALO,"For US Government accounts only. Partner enabled 4-Hour premium support year 1, Panorama M-100 1000 devices",
PAN-SVC-B4HRUSG-M-100-P-1K-R,PALO,"For US Government accounts only. Partner enabled 4-Hour premium support renewal, Panorama M-100 1000 devices",
PAN-SVC-B4HRUSG-M-100-P-1K-3YR,PALO,"For US Government accounts only. Partner enabled 4-Hour premium support 3-year prepaid, Panorama M-100 1000 devices",
PAN-SVC-B4HRUSG-M-100-P-1K-3YR-R,PALO,"For US Government accounts only. Partner enabled 4-Hour premium support 3-year prepaid renewal, Panorama M-100 1000 devices",
PAN-SVC-B4HRUSG-M-100-P-1K-5YR,PALO,"For US Government accounts only. Partner enabled 4-Hour premium support 5-year prepaid, Panorama M-100 1000 devices",
PAN-SVC-B4HRUSG-M-100-P-1K-5YR-R,PALO,"For US Government accounts only. Partner enabled 4-Hour premium support 5-year prepaid renewal, Panorama M-100 1000 devices",
PAN-SVC-B4HR-M-500-P-25,PALO,"4-Hour Partner enabled Premium support, Panorama M-500 25 devices, PAN-DB Private Cloud or log collector",
PAN-SVC-B4HR-M-500-P-25-R,PALO,"4-Hour Partner enabled Premium support renewal, Panorama M-500 25 devices, PAN-DB Private Cloud or log collector",
PAN-SVC-B4HR-M-500-P-25-3Y,PALO,"4-Hour Partner enabled Premium support 3-year prepaid, Panorama M-500 25 devices, PAN-DB Private Cloud or log collector",
PAN-SVC-B4HR-M-500-P-25-3Y-R,PALO,"4-Hour Partner enabled Premium support 3-year prepaid renewal, Panorama M-500 25 devices, PAN-DB Private Cloud or log collector",
PAN-SVC-B4HR-M-500-P-25-5Y,PALO,"4-Hour Partner enabled Premium support 5-year prepaid, Panorama M-500 25 devices, PAN-DB Private Cloud or log collector",
PAN-SVC-B4HR-M-500-P-25-5Y-R,PALO,"4-Hour Partner enabled Premium support 5-year prepaid renewal, Panorama M-500 25 devices, PAN-DB Private Cloud or log collector",
PAN-SVC-B4HRUSG-M-500-P-25,PALO,"For US Government accounts only. Partner enabled 4-Hour premium support year 1, Panorama M-500 25 devices or log collector",
PAN-SVC-B4HRUSG-M-500-P-25-R,PALO,"For US Government accounts only. Partner enabled 4-Hour premium support renewal, Panorama M-500 25 devices or log collector",
PAN-SVC-B4HRUSG-M-500-P-25-3YR,PALO,"For US Government accounts only. Partner enabled 4-Hour premium support 3-year prepaid, Panorama M-500 25 devices or log
collector",
PAN-SVC-B4HRUSG-M-500-P-25-3YR-R,PALO,"For US Government accounts only. Partner enabled 4-Hour premium support 3-year prepaid renewal, Panorama M-500 25 devices or
log collector",
PAN-SVC-B4HRUSG-M-500-P-25-5YR,PALO,"For US Government accounts only. Partner enabled 4-Hour premium support 5-year prepaid, Panorama M-500 25 devices or log
collector",
,PALO,,
PAN-SVC-B4HRUSG-M-500-P-25-5YR-R,PALO,"For US Government accounts only. Partner enabled 4-Hour premium support 5-year prepaid renewal, Panorama M-500 25 devices or
log collector",
PAN-SVC-B4HR-M-500-P-100,PALO,"4-Hour Partner enabled Premium support, Panorama M-500 100 devices",
PAN-SVC-B4HR-M-500-P-100-R,PALO,"4-Hour Partner enabled Premium support renewal, Panorama M-500 100 devices",
PAN-SVC-B4HR-M-500-P-100-3Y,PALO,"4-Hour Partner enabled Premium support 3-year prepaid, Panorama M-500 100 devices",
PAN-SVC-B4HR-M-500-P-100-3Y-R,PALO,"4-Hour Partner enabled Premium support 3-year prepaid renewal, Panorama M-500 100 devices",
PAN-SVC-B4HR-M-500-P-100-5Y,PALO,"4-Hour Partner enabled Premium support 5-year prepaid, Panorama M-500 100 devices",
PAN-SVC-B4HR-M-500-P-100-5Y-R,PALO,"4-Hour Partner enabled Premium support 5-year prepaid renewal, Panorama M-500 100 devices",
PAN-SVC-B4HRUSG-M-500-P-100,PALO,"For US Government accounts only. Partner enabled 4-Hour premium support year 1, Panorama M-500 100 devices",
PAN-SVC-B4HRUSG-M-500-P-100-R,PALO,"For US Government accounts only. Partner enabled 4-Hour premium support renewal, Panorama M-500 100 devices",
PAN-SVC-B4HRUSG-M-500-P-100-3YR,PALO,"For US Government accounts only. Partner enabled 4-Hour premium support 3-year prepaid, Panorama M-500 100 devices",
PAN-SVC-B4HRUSG-M-500-P-100-3YR-R,PALO,"For US Government accounts only. Partner enabled 4-Hour premium support 3-year prepaid renewal, Panorama M-500 100 devices",
PAN-SVC-B4HRUSG-M-500-P-100-5YR,PALO,"For US Government accounts only. Partner enabled 4-Hour premium support 5-year prepaid, Panorama M-500 100 devices",
PAN-SVC-B4HRUSG-M-500-P-100-5YR-R,PALO,"For US Government accounts only. Partner enabled 4-Hour premium support 5-year prepaid renewal, Panorama M-500 100 devices",
PAN-SVC-B4HR-M-500-P-1K,PALO,"4-Hour Partner enabled Premium support, Panorama M-500 1K devices",
PAN-SVC-B4HR-M-500-P-1K-R,PALO,"4-Hour Partner enabled Premium support renewal, Panorama M-500 1K devices",
PAN-SVC-B4HR-M-500-P-1K-3Y,PALO,"4-Hour Partner enabled Premium support 3-year prepaid, Panorama M-500 1K devices",
PAN-SVC-B4HR-M-500-P-1K-3Y-R,PALO,"4-Hour Partner enabled Premium support 3-year prepaid renewal, Panorama M-500 1K devices",
PAN-SVC-B4HR-M-500-P-1K-5Y,PALO,"4-Hour Partner enabled Premium support 5-year prepaid, Panorama M-500 1K devices",
PAN-SVC-B4HR-M-500-P-1K-5Y-R,PALO,"4-Hour Partner enabled Premium support 5-year prepaid renewal, Panorama M-500 1K devices",
PAN-SVC-B4HRUSG-M-500-P-1K,PALO,"For US Government accounts only. Partner enabled 4-Hour premium support year 1, Panorama M-500 1000 devices",
PAN-SVC-B4HRUSG-M-500-P-1K-R,PALO,"For US Government accounts only. Partner enabled 4-Hour premium support renewal, Panorama M-500 1000 devices",
PAN-SVC-B4HRUSG-M-500-P-1K-3YR,PALO,"For US Government accounts only. Partner enabled 4-Hour premium support 3-year prepaid, Panorama M-500 1000 devices",
PAN-SVC-B4HRUSG-M-500-P-1K-3YR-R,PALO,"For US Government accounts only. Partner enabled 4-Hour premium support 3-year prepaid renewal, Panorama M-500 1000 devices",
PAN-SVC-B4HRUSG-M-500-P-1K-5YR,PALO,"For US Government accounts only. Partner enabled 4-Hour premium support 5-year prepaid, Panorama M-500 1000 devices",
PAN-SVC-B4HRUSG-M-500-P-1K-5YR-R,PALO,"For US Government accounts only. Partner enabled 4-Hour premium support 5-year prepaid renewal, Panorama M-500 1000 devices",
PAN-SVC-BKLN-200,PALO,"Partner enabled premium support year 1, PA-200",
PAN-SVC-BKLN-200-R,PALO,"Partner enabled premium support renewal, PA-200",
PAN-SVC-BKLN-200-3YR,PALO,"Partner enabled premium support 3-year prepaid, PA-200",
PAN-SVC-BKLN-200-3YR-R,PALO,"Partner enabled premium support 3-year prepaid renewal, PA-200",
PAN-SVC-BKLN-200-5YR,PALO,"Partner enabled premium support 5-year prepaid, PA-200",
PAN-SVC-BKLN-200-5YR-R,PALO,"Partner enabled premium support 5-year prepaid renewal, PA-200",
PAN-SVC-BKLNUSG-200,PALO,"For US Government accounts only. Partner enabled premium support year 1, PA-200",
PAN-SVC-BKLNUSG-200-R,PALO,"For US Government accounts only. Partner enabled premium support renewal, PA-200",
PAN-SVC-BKLNUSG-200-3YR,PALO,"For US Government accounts only. Partner enabled premium support 3-year prepaid, PA-200",
PAN-SVC-BKLNUSG-200-3YR-R,PALO,"For US Government accounts only. Partner enabled premium support 3-year prepaid renewal, PA-200",
PAN-SVC-BKLNUSG-200-5YR,PALO,"For US Government accounts only. Partner enabled premium support 5-year prepaid, PA-200",
PAN-SVC-BKLNUSG-200-5YR-R,PALO,"For US Government accounts only. Partner enabled premium support 5-year prepaid renewal, PA-200",
PAN-SVC-BKLN-200E,PALO,"Partner enabled premium support year 1, PA-200, Enterprise",
PAN-SVC-BKLN-200E-R,PALO,"Partner enabled premium support renewal, PA-200, Enterprise",
PAN-SVC-BKLN-200E-3YR,PALO,"Partner enabled premium support 3-year prepaid, PA-200, Enterprise",
PAN-SVC-BKLN-200E-3YR-R,PALO,"Partner enabled premium support 3-year prepaid renewal, PA-200, Enterprise",
PAN-SVC-BKLN-200E-5YR,PALO,"Partner enabled premium support 5-year prepaid, PA-200, Enterprise",
PAN-SVC-BKLN-200E-5YR-R,PALO,"Partner enabled premium support 5-year prepaid renewal, PA-200, Enterprise",
PAN-SVC-BKLNUSG-200E,PALO,"For US Government accounts only. Partner enabled premium support year 1, PA-200, Enterprise",
PAN-SVC-BKLNUSG-200E-R,PALO,"For US Government accounts only. Partner enabled premium support renewal, PA-200, Enterprise",
PAN-SVC-BKLNUSG-200E-3YR,PALO,"For US Government accounts only. Partner enabled premium support 3-year prepaid, PA-200, Enterprise",
PAN-SVC-BKLNUSG-200E-3YR-R,PALO,"For US Government accounts only. Partner enabled premium support 3-year prepaid renewal, PA-200, Enterprise",
PAN-SVC-BKLNUSG-200E-5YR,PALO,"For US Government accounts only. Partner enabled premium support 5-year prepaid, PA-200, Enterprise",
PAN-SVC-BKLNUSG-200E-5YR-R,PALO,"For US Government accounts only. Partner enabled premium support 5-year prepaid renewal, PA-200, Enterprise",
PAN-SVC-BKLN-220,PALO,"Partner enabled premium support year 1, PA-220",
PAN-SVC-BKLN-220-R,PALO,"Partner enabled premium support renewal, PA-220",
PAN-SVC-BKLN-220-3YR,PALO,"Partner enabled premium support 3-year prepaid, PA-220",
PAN-SVC-BKLN-220-3YR-R,PALO,"Partner enabled premium support 3-year prepaid renewal, PA-220",
PAN-SVC-BKLN-220-5YR,PALO,"Partner enabled premium support 5-year prepaid, PA-220",
PAN-SVC-BKLN-220-5YR-R,PALO,"Partner enabled premium support 5-year prepaid renewal, PA-220",
PAN-SVC-BKLNUSG-220,PALO,"For US Government accounts only. Partner enabled premium support year 1, PA-220",
PAN-SVC-BKLNUSG-220-R,PALO,"For US Government accounts only. Partner enabled premium support renewal, PA-220",
PAN-SVC-BKLNUSG-220-3YR,PALO,"For US Government accounts only. Partner enabled premium support 3-year prepaid, PA-220",
PAN-SVC-BKLNUSG-220-3YR-R,PALO,"For US Government accounts only. Partner enabled premium support 3-year prepaid renewal, PA-220",
PAN-SVC-BKLNUSG-220-5YR,PALO,"For US Government accounts only. Partner enabled premium support 5-year prepaid, PA-220",
PAN-SVC-BKLNUSG-220-5YR-R,PALO,"For US Government accounts only. Partner enabled premium support 5-year prepaid renewal, PA-220",
PAN-SVC-BKLN-500,PALO,"Partner enabled premium support year 1, PA-500",
PAN-SVC-BKLN-500-R,PALO,"Partner enabled premium support renewal, PA-500",
PAN-SVC-BKLN-500-3YR,PALO,"Partner enabled premium support 3-year prepaid, PA-500",
PAN-SVC-BKLN-500-3YR-R,PALO,"Partner enabled premium support 3-year prepaid renewal, PA-500",
PAN-SVC-BKLN-500-5YR,PALO,"Partner enabled premium support 5-year prepaid, PA-500",
PAN-SVC-BKLN-500-5YR-R,PALO,"Partner enabled premium support 5-year prepaid renewal, PA-500",
PAN-SVC-BKLNUSG-500,PALO,"For US Government accounts only. Partner enabled premium support year 1, PA-500",
PAN-SVC-BKLNUSG-500-R,PALO,"For US Government accounts only. Partner enabled premium support renewal, PA-500",
PAN-SVC-BKLNUSG-500-3YR,PALO,"For US Government accounts only. Partner enabled premium support 3-year prepaid, PA-500",
PAN-SVC-BKLNUSG-500-3YR-R,PALO,"For US Government accounts only. Partner enabled premium support 3-year prepaid renewal, PA-500",
PAN-SVC-BKLNUSG-500-5YR,PALO,"For US Government accounts only. Partner enabled premium support 5-year prepaid, PA-500",
PAN-SVC-BKLNUSG-500-5YR-R,PALO,"For US Government accounts only. Partner enabled premium support 5-year prepaid renewal, PA-500",
PAN-SVC-BKLN-820,PALO,"Partner enabled premium support year 1, PA-820",
PAN-SVC-BKLN-820-R,PALO,"Partner enabled premium support year 1 renewal, PA-820",
PAN-SVC-BKLN-820-3YR,PALO,"Partner enabled premium support 3 year prepaid, PA-820",
PAN-SVC-BKLN-820-3YR-R,PALO,"Partner enabled premium support 3 year prepaid renewal, PA-820",
PAN-SVC-BKLN-820-5YR,PALO,"Partner enabled premium support 5 year prepaid, PA-820",
PAN-SVC-BKLN-820-5YR-R,PALO,"Partner enabled premium support 5 year prepaid renewal, PA-820",
PAN-SVC-BKLNUSG-820,PALO,"For US Government accounts only. Partner enabled premium support year 1, PA-820",
PAN-SVC-BKLNUSG-820-R,PALO,"For US Government accounts only. Partner enabled premium support renewal, PA-820",
PAN-SVC-BKLNUSG-820-3YR,PALO,"For US Government accounts only. Partner enabled premium support 3-year prepaid, PA-820",
PAN-SVC-BKLNUSG-820-3YR-R,PALO,"For US Government accounts only. Partner enabled premium support 3-year prepaid renewal, PA-820",
PAN-SVC-BKLNUSG-820-5YR,PALO,"For US Government accounts only. Partner enabled premium support 5-year prepaid, PA-820",
PAN-SVC-BKLNUSG-820-5YR-R,PALO,"For US Government accounts only. Partner enabled premium support 5-year prepaid renewal, PA-820",
PAN-SVC-BKLN-850,PALO,"Partner enabled premium support year 1, PA-850",
PAN-SVC-BKLN-850-R,PALO,"Partner enabled premium support year 1 renewal, PA-850",
,PALO,,
PAN-SVC-BKLN-850-3YR,PALO,"Partner enabled premium support 3 year prepaid, PA-850",
PAN-SVC-BKLN-850-3YR-R,PALO,"Partner enabled premium support 3 year prepaid renewal, PA-850",
PAN-SVC-BKLN-850-5YR,PALO,"Partner enabled premium support 5 year prepaid, PA-850",
PAN-SVC-BKLN-850-5YR-R,PALO,"Partner enabled premium support 5 year prepaid renewal, PA-850",
PAN-SVC-BKLNUSG-850,PALO,"For US Government accounts only. Partner enabled premium support year 1, PA-850",
PAN-SVC-BKLNUSG-850-R,PALO,"For US Government accounts only. Partner enabled premium support renewal, PA-850",
PAN-SVC-BKLNUSG-850-3YR,PALO,"For US Government accounts only. Partner enabled premium support 3-year prepaid, PA-850",
PAN-SVC-BKLNUSG-850-3YR-R,PALO,"For US Government accounts only. Partner enabled premium support 3-year prepaid renewal, PA-850",
PAN-SVC-BKLNUSG-850-5YR,PALO,"For US Government accounts only. Partner enabled premium support 5-year prepaid, PA-850",
PAN-SVC-BKLNUSG-850-5YR-R,PALO,"For US Government accounts only. Partner enabled premium support 5-year prepaid renewal, PA-850",
PAN-SVC-BKLN-2020-R,PALO,"Partner enabled premium support renewal, PA-2020",
PAN-SVC-BKLNUSG-2020-R,PALO,"For US Government accounts only. Partner enabled premium support renewal, PA-2020",
PAN-SVC-BKLN-2050-R,PALO,"Partner enabled premium support renewal, PA-2050",
PAN-SVC-BKLNUSG-2050-R,PALO,"For US Government accounts only. Partner enabled premium support renewal, PA-2050",
PAN-SVC-BKLN-3020,PALO,"Partner enabled premium support year 1, PA-3020",
PAN-SVC-BKLN-3020-R,PALO,"Partner enabled premium support year 1 renewal, PA-3020",
PAN-SVC-BKLN-3020-3YR,PALO,"Partner enabled premium support 3 year prepaid, PA-3020",
PAN-SVC-BKLN-3020-3YR-R,PALO,"Partner enabled premium support 3 year prepaid renewal, PA-3020",
PAN-SVC-BKLN-3020-5YR,PALO,"Partner enabled premium support 5 year prepaid, PA-3020",
PAN-SVC-BKLN-3020-5YR-R,PALO,"Partner enabled premium support 5 year prepaid renewal, PA-3020",
PAN-SVC-BKLNUSG-3020,PALO,"For US Government accounts only. Partner enabled premium support year 1, PA-3020",
PAN-SVC-BKLNUSG-3020-R,PALO,"For US Government accounts only. Partner enabled premium support year 1 renewal, PA-3020",
PAN-SVC-BKLNUSG-3020-3YR,PALO,"For US Government accounts only. Partner enabled premium support 3 year prepaid, PA-3020",
PAN-SVC-BKLNUSG-3020-3YR-R,PALO,"For US Government accounts only. Partner enabled premium support 3 year prepaid renewal, PA-3020",
PAN-SVC-BKLNUSG-3020-5YR,PALO,"For US Government accounts only. Partner enabled premium support 5 year prepaid, PA-3020",
PAN-SVC-BKLNUSG-3020-5YR-R,PALO,"For US Government accounts only. Partner enabled premium support 5 year prepaid renewal, PA-3020",
PAN-SVC-BKLN-3050,PALO,"Partner enabled premium support year 1, PA-3050",
PAN-SVC-BKLN-3050-R,PALO,"Partner enabled premium support year 1 renewal, PA-3050",
PAN-SVC-BKLN-3050-3YR,PALO,"Partner enabled premium support 3 year prepaid, PA-3050",
PAN-SVC-BKLN-3050-3YR-R,PALO,"Partner enabled premium support 3 year prepaid renewal, PA-3050",
PAN-SVC-BKLN-3050-5YR,PALO,"Partner enabled premium support 5 year prepaid, PA-3050",
PAN-SVC-BKLN-3050-5YR-R,PALO,"Partner enabled premium support 5 year prepaid renewal, PA-3050",
PAN-SVC-BKLNUSG-3050,PALO,"For US Government accounts only. Partner enabled premium support year 1, PA-3050",
PAN-SVC-BKLNUSG-3050-R,PALO,"For US Government accounts only. Partner enabled premium support year 1 renewal, PA-3050",
PAN-SVC-BKLNUSG-3050-3YR,PALO,"For US Government accounts only. Partner enabled premium support 3 year prepaid, PA-3050",
PAN-SVC-BKLNUSG-3050-3YR-R,PALO,"For US Government accounts only. Partner enabled premium support 3 year prepaid renewal, PA-3050",
PAN-SVC-BKLNUSG-3050-5YR,PALO,"For US Government accounts only. Partner enabled premium support 5 year prepaid, PA-3050",
PAN-SVC-BKLNUSG-3050-5YR-R,PALO,"For US Government accounts only. Partner enabled premium support 5 year prepaid renewal, PA-3050",
PAN-SVC-BKLN-3060,PALO,"Partner enabled premium support year 1, PA-3060",
PAN-SVC-BKLN-3060-R,PALO,"Partner enabled premium support year 1 renewal, PA-3060",
PAN-SVC-BKLN-3060-3YR,PALO,"Partner enabled premium support 3 year prepaid, PA-3060",
PAN-SVC-BKLN-3060-3YR-R,PALO,"Partner enabled premium support 3 year prepaid renewal, PA-3060",
PAN-SVC-BKLN-3060-5YR,PALO,"Partner enabled premium support 5 year prepaid, PA-3060",
PAN-SVC-BKLN-3060-5YR-R,PALO,"Partner enabled premium support 5 year prepaid renewal, PA-3060",
PAN-SVC-BKLNUSG-3060,PALO,"For US Government accounts only. Partner enabled premium support year 1, PA-3060",
PAN-SVC-BKLNUSG-3060-R,PALO,"For US Government accounts only. Partner enabled premium support year 1 renewal, PA-3060",
PAN-SVC-BKLNUSG-3060-3YR,PALO,"For US Government accounts only. Partner enabled premium support 3 year prepaid, PA-3060",
PAN-SVC-BKLNUSG-3060-3YR-R,PALO,"For US Government accounts only. Partner enabled premium support 3 year prepaid renewal, PA-3060",
PAN-SVC-BKLNUSG-3060-5YR,PALO,"For US Government accounts only. Partner enabled premium support 5 year prepaid, PA-3060",
PAN-SVC-BKLNUSG-3060-5YR-R,PALO,"For US Government accounts only. Partner enabled premium support 5 year prepaid renewal, PA-3060",
PAN-SVC-BKLN-4020-R,PALO,"Partner enabled premium support renewal, PA-4020",
PAN-SVC-BKLNUSG-4020-R,PALO,"For US Government accounts only. Partner enabled premium support renewal, PA-4020",
PAN-SVC-BKLN-4050-R,PALO,"Partner enabled premium support renewal, PA-4050",
PAN-SVC-BKLNUSG-4050-R,PALO,"For US Government accounts only. Partner enabled premium support renewal, PA-4050",
PAN-SVC-BKLN-4060-R,PALO,"Partner enabled premium support renewal, PA-4060",
PAN-SVC-BKLNUSG-4060-R,PALO,"For US Government accounts only. Partner enabled premium support renewal, PA-4060",
PAN-SVC-BKLN-5020,PALO,"Partner enabled premium support year 1, PA-5020",
PAN-SVC-BKLN-5020-R,PALO,"Partner enabled premium support renewal, PA-5020",
PAN-SVC-BKLN-5020-3YR,PALO,"Partner enabled premium support 3-year prepaid, PA-5020",
PAN-SVC-BKLN-5020-3YR-R,PALO,"Partner enabled premium support 3-year prepaid renewal, PA-5020",
PAN-SVC-BKLN-5020-5YR,PALO,"Partner enabled premium support 5 year prepaid, PA-5020",
PAN-SVC-BKLN-5020-5YR-R,PALO,"Partner enabled premium support 5 year prepaid renewal, PA-5020",
PAN-SVC-BKLNUSG-5020,PALO,"For US Government accounts only. Partner enabled premium support year 1, PA-5020",
PAN-SVC-BKLNUSG-5020-R,PALO,"For US Government accounts only. Partner enabled premium support renewal, PA-5020",
PAN-SVC-BKLNUSG-5020-3YR,PALO,"For US Government accounts only. Partner enabled premium support 3-year prepaid, PA-5020",
PAN-SVC-BKLNUSG-5020-3YR-R,PALO,"For US Government accounts only. Partner enabled premium support 3-year prepaid renewal, PA-5020",
PAN-SVC-BKLNUSG-5020-5YR,PALO,"For US Government accounts only. Partner enabled premium support 5 year prepaid, PA-5020",
PAN-SVC-BKLNUSG-5020-5YR-R,PALO,"For US Government accounts only. Partner enabled premium support 5 year prepaid renewal, PA-5020",
PAN-SVC-BKLN-5050,PALO,"Partner enabled premium support year 1, PA-5050",
PAN-SVC-BKLN-5050-R,PALO,"Partner enabled premium support renewal, PA-5050",
PAN-SVC-BKLN-5050-3YR,PALO,"Partner enabled premium support 3-year prepaid, PA-5050",
PAN-SVC-BKLN-5050-3YR-R,PALO,"Partner enabled premium support 3-year prepaid renewal, PA-5050",
PAN-SVC-BKLN-5050-5YR,PALO,"Partner enabled premium support 5 year prepaid, PA-5050",
PAN-SVC-BKLN-5050-5YR-R,PALO,"Partner enabled premium support 5 year prepaid renewal, PA-5050",
PAN-SVC-BKLNUSG-5050,PALO,"For US Government accounts only. Partner enabled premium support year 1, PA-5050",
PAN-SVC-BKLNUSG-5050-R,PALO,"For US Government accounts only. Partner enabled premium support renewal, PA-5050",
PAN-SVC-BKLNUSG-5050-3YR,PALO,"For US Government accounts only. Partner enabled premium support 3-year prepaid, PA-5050",
PAN-SVC-BKLNUSG-5050-3YR-R,PALO,"For US Government accounts only. Partner enabled premium support 3-year prepaid renewal, PA-5050",
PAN-SVC-BKLNUSG-5050-5YR,PALO,"For US Government accounts only. Partner enabled premium support 5 year prepaid, PA-5050",
PAN-SVC-BKLNUSG-5050-5YR-R,PALO,"For US Government accounts only. Partner enabled premium support 5 year prepaid renewal, PA-5050",
PAN-SVC-BKLN-5060,PALO,"Partner enabled premium support year 1, PA-5060",
PAN-SVC-BKLN-5060-R,PALO,"Partner enabled premium support renewal, PA-5060",
PAN-SVC-BKLN-5060-3YR,PALO,"Partner enabled premium support 3-year prepaid, PA-5060",
PAN-SVC-BKLN-5060-3YR-R,PALO,"Partner enabled premium support 3-year prepaid renewal, PA-5060",
PAN-SVC-BKLN-5060-5YR,PALO,"Partner enabled premium support 5 year prepaid, PA-5060",
PAN-SVC-BKLN-5060-5YR-R,PALO,"Partner enabled premium support 5 year prepaid renewal, PA-5060",
PAN-SVC-BKLNUSG-5060,PALO,"For US Government accounts only. Partner enabled premium support year 1, PA-5060",
PAN-SVC-BKLNUSG-5060-R,PALO,"For US Government accounts only. Partner enabled premium support renewal, PA-5060",
PAN-SVC-BKLNUSG-5060-3YR,PALO,"For US Government accounts only. Partner enabled premium support 3-year prepaid, PA-5060",
PAN-SVC-BKLNUSG-5060-3YR-R,PALO,"For US Government accounts only. Partner enabled premium support 3-year prepaid renewal, PA-5060",
PAN-SVC-BKLNUSG-5060-5YR,PALO,"For US Government accounts only. Partner enabled premium support 5 year prepaid, PA-5060",
PAN-SVC-BKLNUSG-5060-5YR-R,PALO,"For US Government accounts only. Partner enabled premium support 5 year prepaid renewal, PA-5060",
PAN-SVC-BKLN-5220,PALO,"Partner enabled premium support year 1, PA-5220",
PAN-SVC-BKLN-5220-R,PALO,"Partner enabled premium support renewal, PA-5220",
PAN-SVC-BKLN-5220-3YR,PALO,"Partner enabled premium support 3-year prepaid, PA-5220",
PAN-SVC-BKLN-5220-3YR-R,PALO,"Partner enabled premium support 3-year prepaid renewal, PA-5220",
,PALO,,
PAN-SVC-BKLN-5220-5YR,PALO,"Partner enabled premium support 5 year prepaid, PA-5220",
PAN-SVC-BKLN-5220-5YR-R,PALO,"Partner enabled premium support 5 year prepaid renewal, PA-5220",
PAN-SVC-BKLNUSG-5220,PALO,"For US Government accounts only. Partner enabled premium support year 1, PA-5220",
PAN-SVC-BKLNUSG-5220-R,PALO,"For US Government accounts only. Partner enabled premium support renewal, PA-5220",
PAN-SVC-BKLNUSG-5220-3YR,PALO,"For US Government accounts only. Partner enabled premium support 3-year prepaid, PA-5220",
PAN-SVC-BKLNUSG-5220-3YR-R,PALO,"For US Government accounts only. Partner enabled premium support 3-year prepaid renewal, PA-5220",
PAN-SVC-BKLNUSG-5220-5YR,PALO,"For US Government accounts only. Partner enabled premium support 5 year prepaid, PA-5220",
PAN-SVC-BKLNUSG-5220-5YR-R,PALO,"For US Government accounts only. Partner enabled premium support 5 year prepaid renewal, PA-5220",
PAN-SVC-BKLN-5250,PALO,"Partner enabled premium support year 1, PA-5250",
PAN-SVC-BKLN-5250-R,PALO,"Partner enabled premium support renewal, PA-5250",
PAN-SVC-BKLN-5250-3YR,PALO,"Partner enabled premium support 3-year prepaid, PA-5250",
PAN-SVC-BKLN-5250-3YR-R,PALO,"Partner enabled premium support 3-year prepaid renewal, PA-5250",
PAN-SVC-BKLN-5250-5YR,PALO,"Partner enabled premium support 5 year prepaid, PA-5250",
PAN-SVC-BKLN-5250-5YR-R,PALO,"Partner enabled premium support 5 year prepaid renewal, PA-5250",
PAN-SVC-BKLNUSG-5250,PALO,"For US Government accounts only. Partner enabled premium support year 1, PA-5250",
PAN-SVC-BKLNUSG-5250-R,PALO,"For US Government accounts only. Partner enabled premium support renewal, PA-5250",
PAN-SVC-BKLNUSG-5250-3YR,PALO,"For US Government accounts only. Partner enabled premium support 3-year prepaid, PA-5250",
PAN-SVC-BKLNUSG-5250-3YR-R,PALO,"For US Government accounts only. Partner enabled premium support 3-year prepaid renewal, PA-5250",
PAN-SVC-BKLNUSG-5250-5YR,PALO,"For US Government accounts only. Partner enabled premium support 5 year prepaid, PA-5250",
PAN-SVC-BKLNUSG-5250-5YR-R,PALO,"For US Government accounts only. Partner enabled premium support 5 year prepaid renewal, PA-5250",
PAN-SVC-BKLN-5260,PALO,"Partner enabled premium support year 1, PA-5260",
PAN-SVC-BKLN-5260-R,PALO,"Partner enabled premium support renewal, PA-5260",
PAN-SVC-BKLN-5260-3YR,PALO,"Partner enabled premium support 3-year prepaid, PA-5260",
PAN-SVC-BKLN-5260-3YR-R,PALO,"Partner enabled premium support 3-year prepaid renewal, PA-5260",
PAN-SVC-BKLN-5260-5YR,PALO,"Partner enabled premium support 5 year prepaid, PA-5260",
PAN-SVC-BKLN-5260-5YR-R,PALO,"Partner enabled premium support 5 year prepaid renewal, PA-5260",
PAN-SVC-BKLNUSG-5260,PALO,"For US Government accounts only. Partner enabled premium support year 1, PA-5260",
PAN-SVC-BKLNUSG-5260-R,PALO,"For US Government accounts only. Partner enabled premium support renewal, PA-5260",
PAN-SVC-BKLNUSG-5260-3YR,PALO,"For US Government accounts only. Partner enabled premium support 3-year prepaid, PA-5260",
PAN-SVC-BKLNUSG-5260-3YR-R,PALO,"For US Government accounts only. Partner enabled premium support 3-year prepaid renewal, PA-5260",
PAN-SVC-BKLNUSG-5260-5YR,PALO,"For US Government accounts only. Partner enabled premium support 5 year prepaid, PA-5260",
PAN-SVC-BKLNUSG-5260-5YR-R,PALO,"For US Government accounts only. Partner enabled premium support 5 year prepaid renewal, PA-5260",
PAN-SVC-BKLN-7050,PALO,"Partner enabled premium support year 1, PA-7050",
PAN-SVC-BKLN-7050-R,PALO,"Partner enabled premium support year 1 renewal, PA-7050",
PAN-SVC-BKLN-7050-3YR,PALO,"Partner enabled premium support 3 year prepaid, PA-7050",
PAN-SVC-BKLN-7050-3YR-R,PALO,"Partner enabled premium support 3 year prepaid renewal, PA-7050",
PAN-SVC-BKLN-7050-5YR,PALO,"Partner enabled premium support 5 year prepaid, PA-7050",
PAN-SVC-BKLN-7050-5YR-R,PALO,"Partner enabled premium support 5 year prepaid renewal, PA-7050",
PAN-SVC-BKLNUSG-7050,PALO,"For US Government accounts only. Partner enabled premium support year 1, PA-7050",
PAN-SVC-BKLNUSG-7050-R,PALO,"For US Government accounts only. Partner enabled premium support year 1 renewal, PA-7050",
PAN-SVC-BKLNUSG-7050-3YR,PALO,"For US Government accounts only. Partner enabled premium support 3 year prepaid, PA-7050",
PAN-SVC-BKLNUSG-7050-3YR-R,PALO,"For US Government accounts only. Partner enabled premium support 3 year prepaid renewal, PA-7050",
PAN-SVC-BKLNUSG-7050-5YR,PALO,"For US Government accounts only. Partner enabled premium support 5 year prepaid, PA-7050",
PAN-SVC-BKLNUSG-7050-5YR-R,PALO,"For US Government accounts only. Partner enabled premium support 5 year prepaid renewal, PA-7050",
PAN-SVC-BKLN-7080,PALO,"Partner enabled Premium support year 1, PA-7080",
PAN-SVC-BKLN-7080-R,PALO,"Partner enabled Premium support year 1 renewal, PA-7080",
PAN-SVC-BKLN-7080-3YR,PALO,"Partner enabled Premium support 3 year prepaid, PA-7080",
PAN-SVC-BKLN-7080-3YR-R,PALO,"Partner enabled Premium support 3 year prepaid renewal, PA-7080",
PAN-SVC-BKLN-7080-5YR,PALO,"Partner enabled Premium support 5 year prepaid, PA-7080",
PAN-SVC-BKLN-7080-5YR-R,PALO,"Partner enabled Premium support 5 year prepaid renewal, PA-7080",
PAN-SVC-BKLNUSG-7080,PALO,"For US Government accounts only. Partner enabled premium support 1 year, PA-7080",
PAN-SVC-BKLNUSG-7080-R,PALO,"For US Government accounts only. Partner enabled premium support 1 year renewal, PA-7080",
PAN-SVC-BKLNUSG-7080-3YR,PALO,"For US Government accounts only. Partner enabled premium support 3 year prepaid, PA-7080",
PAN-SVC-BKLNUSG-7080-3YR-R,PALO,"For US Government accounts only. Partner enabled premium support 3 year prepaid renewal, PA-7080",
PAN-SVC-BKLNUSG-7080-5YR,PALO,"For US Government accounts only. Partner enabled premium support 5 year prepaid, PA-7080",
PAN-SVC-BKLNUSG-7080-5YR-R,PALO,"For US Government accounts only. Partner enabled premium support 5 year prepaid renewal, PA-7080",
PAN-SVC-BKLN-VM-100,PALO,"Partner enabled premium support year 1, VM-100",
PAN-SVC-BKLN-VM-100-R,PALO,"Partner enabled premium support year 1 renewal, VM-100",
PAN-SVC-BKLN-VM-100-3YR,PALO,"Partner enabled premium support 3 year prepaid, VM-100",
PAN-SVC-BKLN-VM-100-3YR-R,PALO,"Partner enabled premium support 3 year prepaid renewal, VM-100",
PAN-SVC-BKLN-VM-100-5YR,PALO,"Partner enabled premium support 5 year prepaid, VM-100",
PAN-SVC-BKLN-VM-100-5YR-R,PALO,"Partner enabled premium support 5 year prepaid renewal, VM-100",
PAN-SVC-BKLNUSG-VM-100,PALO,"For US Government accounts only. Partner enabled premium support year 1, VM-100",
PAN-SVC-BKLNUSG-VM-100-R,PALO,"For US Government accounts only. Partner enabled premium support year 1 renewal, VM-100",
PAN-SVC-BKLNUSG-VM-100-3YR,PALO,"For US Government accounts only. Partner enabled premium support 3 year prepaid, VM-100",
PAN-SVC-BKLNUSG-VM-100-3YR-R,PALO,"For US Government accounts only. Partner enabled premium support 3 year prepaid renewal, VM-100",
PAN-SVC-BKLNUSG-VM-100-5YR,PALO,"For US Government accounts only. Partner enabled premium support 5 year prepaid, VM-100",
PAN-SVC-BKLNUSG-VM-100-5YR-R,PALO,"For US Government accounts only. Partner enabled premium support 5 year prepaid renewal, VM-100",
PAN-SVC-BKLN-VM-100-ENT,PALO,"Partner enabled premium support year 1, VM-100-ENT",
PAN-SVC-BKLN-VM-100-ENT-R,PALO,"Partner enabled premium support year 1 renewal, VM-100-ENT",
PAN-SVC-BKLN-VM-100-ENT-3YR,PALO,"Partner enabled premium support 3 year prepaid, VM-100-ENT",
PAN-SVC-BKLN-VM-100-ENT-3YR-R,PALO,"Partner enabled premium support 3 year prepaid renewal, VM-100-ENT",
PAN-SVC-BKLN-VM-100-ENT-5YR,PALO,"Partner enabled premium support 5 year prepaid, VM-100-ENT",
PAN-SVC-BKLN-VM-100-ENT-5YR-R,PALO,"Partner enabled premium support 5 year prepaid renewal, VM-100-ENT",
PAN-SVC-BKLNUSG-VM-100-ENT,PALO,"For US Government accounts only. Partner enabled premium support year 1, VM-100-ENT",
PAN-SVC-BKLNUSG-VM-100-ENT-R,PALO,"For US Government accounts only. Partner enabled premium support year 1 renewal, VM-100-ENT",
PAN-SVC-BKLNUSG-VM-100-ENT-3YR,PALO,"For US Government accounts only. Partner enabled premium support 3 year prepaid, VM-100-ENT",
PAN-SVC-BKLNUSG-VM-100-ENT-3YR-R,PALO,"For US Government accounts only. Partner enabled premium support 3 year prepaid renewal, VM-100-ENT",
PAN-SVC-BKLNUSG-VM-100-ENT-5YR,PALO,"For US Government accounts only. Partner enabled premium support 5 year prepaid, VM-100-ENT",
PAN-SVC-BKLNUSG-VM-100-ENT-5YR-R,PALO,"For US Government accounts only. Partner enabled premium support 5 year prepaid renewal, VM-100-ENT",
PAN-SVC-BKLN-VM-200,PALO,"Partner enabled premium support year 1, VM-200",
PAN-SVC-BKLN-VM-200-R,PALO,"Partner enabled premium support year 1 renewal, VM-200",
PAN-SVC-BKLN-VM-200-3YR,PALO,"Partner enabled premium support 3 year prepaid, VM-200",
PAN-SVC-BKLN-VM-200-3YR-R,PALO,"Partner enabled premium support 3 year prepaid renewal, VM-200",
PAN-SVC-BKLN-VM-200-5YR,PALO,"Partner enabled premium support 5 year prepaid, VM-200",
PAN-SVC-BKLN-VM-200-5YR-R,PALO,"Partner enabled premium support 5 year prepaid renewal, VM-200",
PAN-SVC-BKLNUSG-VM-200,PALO,"For US Government accounts only. Partner enabled premium support year 1, VM-200",
PAN-SVC-BKLNUSG-VM-200-R,PALO,"For US Government accounts only. Partner enabled premium support year 1 renewal, VM-200",
PAN-SVC-BKLNUSG-VM-200-3YR,PALO,"For US Government accounts only. Partner enabled premium support 3 year prepaid, VM-200",
PAN-SVC-BKLNUSG-VM-200-3YR-R,PALO,"For US Government accounts only. Partner enabled premium support 3 year prepaid renewal, VM-200",
PAN-SVC-BKLNUSG-VM-200-5YR,PALO,"For US Government accounts only. Partner enabled premium support 5 year prepaid, VM-200",
PAN-SVC-BKLNUSG-VM-200-5YR-R,PALO,"For US Government accounts only. Partner enabled premium support 5 year prepaid renewal, VM-200",
PAN-SVC-BKLN-VM-200-ENT,PALO,"Partner enabled premium support year 1, VM-200-ENT",
PAN-SVC-BKLN-VM-200-ENT-R,PALO,"Partner enabled premium support year 1 renewal, VM-200-ENT",
PAN-SVC-BKLN-VM-200-ENT-3YR,PALO,"Partner enabled premium support 3 year prepaid, VM-200-ENT",
PAN-SVC-BKLN-VM-200-ENT-3YR-R,PALO,"Partner enabled premium support 3 year prepaid renewal, VM-200-ENT",
,PALO,,
PAN-SVC-BKLN-VM-200-ENT-5YR,PALO,"Partner enabled premium support 5 year prepaid, VM-200-ENT",
PAN-SVC-BKLN-VM-200-ENT-5YR-R,PALO,"Partner enabled premium support 5 year prepaid renewal, VM-200-ENT",
PAN-SVC-BKLNUSG-VM-200-ENT,PALO,"For US Government accounts only. Partner enabled premium support year 1, VM-200-ENT",
PAN-SVC-BKLNUSG-VM-200-ENT-R,PALO,"For US Government accounts only. Partner enabled premium support year 1 renewal, VM-200-ENT",
PAN-SVC-BKLNUSG-VM-200-ENT-3YR,PALO,"For US Government accounts only. Partner enabled premium support 3 year prepaid, VM-200-ENT",
PAN-SVC-BKLNUSG-VM-200-ENT-3YR-R,PALO,"For US Government accounts only. Partner enabled premium support 3 year prepaid renewal, VM-200-ENT",
PAN-SVC-BKLNUSG-VM-200-ENT-5YR,PALO,"For US Government accounts only. Partner enabled premium support 5 year prepaid, VM-200-ENT",
PAN-SVC-BKLNUSG-VM-200-ENT-5YR-R,PALO,"For US Government accounts only. Partner enabled premium support 5 year prepaid renewal, VM-200-ENT",
PAN-SVC-BKLN-VM-300,PALO,"Partner enabled premium support year 1, VM-300",
PAN-SVC-BKLN-VM-300-R,PALO,"Partner enabled premium support year 1 renewal, VM-300",
PAN-SVC-BKLN-VM-300-3YR,PALO,"Partner enabled premium support 3 year prepaid, VM-300",
PAN-SVC-BKLN-VM-300-3YR-R,PALO,"Partner enabled premium support 3 year prepaid renewal, VM-300",
PAN-SVC-BKLN-VM-300-5YR,PALO,"Partner enabled premium support 5 year prepaid, VM-300",
PAN-SVC-BKLN-VM-300-5YR-R,PALO,"Partner enabled premium support 5 year prepaid renewal, VM-300",
PAN-SVC-BKLNUSG-VM-300,PALO,"For US Government accounts only. Partner enabled premium support year 1, VM-300",
PAN-SVC-BKLNUSG-VM-300-R,PALO,"For US Government accounts only. Partner enabled premium support year 1 renewal, VM-300",
PAN-SVC-BKLNUSG-VM-300-3YR,PALO,"For US Government accounts only. Partner enabled premium support 3 year prepaid, VM-300",
PAN-SVC-BKLNUSG-VM-300-3YR-R,PALO,"For US Government accounts only. Partner enabled premium support 3 year prepaid renewal, VM-300",
PAN-SVC-BKLNUSG-VM-300-5YR,PALO,"For US Government accounts only. Partner enabled premium support 5 year prepaid, VM-300",
PAN-SVC-BKLNUSG-VM-300-5YR-R,PALO,"For US Government accounts only. Partner enabled premium support 5 year prepaid renewal, VM-300",
PAN-SVC-BKLN-VM-300-ENT,PALO,"Partner enabled premium support year 1, VM-300-ENT",
PAN-SVC-BKLN-VM-300-ENT-R,PALO,"Partner enabled premium support year 1 renewal, VM-300-ENT",
PAN-SVC-BKLN-VM-300-ENT-3YR,PALO,"Partner enabled premium support 3 year prepaid, VM-300-ENT",
PAN-SVC-BKLN-VM-300-ENT-3YR-R,PALO,"Partner enabled premium support 3 year prepaid renewal, VM-300-ENT",
PAN-SVC-BKLN-VM-300-ENT-5YR,PALO,"Partner enabled premium support 5 year prepaid, VM-300-ENT",
PAN-SVC-BKLN-VM-300-ENT-5YR-R,PALO,"Partner enabled premium support 5 year prepaid renewal, VM-300-ENT",
PAN-SVC-BKLNUSG-VM-300-ENT,PALO,"For US Government accounts only. Partner enabled premium support year 1, VM-300-ENT",
PAN-SVC-BKLNUSG-VM-300-ENT-R,PALO,"For US Government accounts only. Partner enabled premium support year 1 renewal, VM-300-ENT",
PAN-SVC-BKLNUSG-VM-300-ENT-3YR,PALO,"For US Government accounts only. Partner enabled premium support 3 year prepaid, VM-300-ENT",
PAN-SVC-BKLNUSG-VM-300-ENT-3YR-R,PALO,"For US Government accounts only. Partner enabled premium support 3 year prepaid renewal, VM-300-ENT",
PAN-SVC-BKLNUSG-VM-300-ENT-5YR,PALO,"For US Government accounts only. Partner enabled premium support 5 year prepaid, VM-300-ENT",
PAN-SVC-BKLNUSG-VM-300-ENT-5YR-R,PALO,"For US Government accounts only. Partner enabled premium support 5 year prepaid renewal, VM-300-ENT",
PAN-SVC-BKLN-VM-1000-HV,PALO,"Partner enabled premium support year 1, VM-1000-HV",
PAN-SVC-BKLN-VM-1000-HV-R,PALO,"Partner enabled premium support year 1 renewal, VM-1000-HV",
PAN-SVC-BKLN-VM-1000-HV-3YR,PALO,"Partner enabled premium support 3 year prepaid, VM-1000-HV",
PAN-SVC-BKLN-VM-1000-HV-3YR-R,PALO,"Partner enabled premium support 3 year prepaid renewal, VM-1000-HV",
PAN-SVC-BKLN-VM-1000-HV-5YR,PALO,"Partner enabled premium support 5 year prepaid, VM-1000-HV",
PAN-SVC-BKLN-VM-1000-HV-5YR-R,PALO,"Partner enabled premium support 5 year prepaid renewal, VM-1000-HV",
PAN-SVC-BKLNUSG-VM-1000-HV,PALO,"For US Government accounts only. Partner enabled premium support year 1, VM-1000-HV",
PAN-SVC-BKLNUSG-VM-1000-HV-R,PALO,"For US Government accounts only. Partner enabled premium support year 1 renewal, VM-1000-HV",
PAN-SVC-BKLNUSG-VM-1000-HV-3YR,PALO,"For US Government accounts only. Partner enabled premium support 3 year prepaid, VM-1000-HV",
PAN-SVC-BKLNUSG-VM-1000-HV-3YR-R,PALO,"For US Government accounts only. Partner enabled premium support 3 year prepaid renewal, VM-1000-HV",
PAN-SVC-BKLNUSG-VM-1000-HV-5YR,PALO,"For US Government accounts only. Partner enabled premium support 5 year prepaid, VM-1000-HV",
PAN-SVC-BKLNUSG-VM-1000-HV-5YR-R,PALO,"For US Government accounts only. Partner enabled premium support 5 year prepaid renewal, VM-1000-HV",
PAN-SVC-BKLN-VM-1000-HV-ENT,PALO,"Partner enabled premium support year 1, VM-1000-HV-ENT",
PAN-SVC-BKLN-VM-1000-HV-ENT-R,PALO,"Partner enabled premium support year 1 renewal, VM-1000-HV-ENT",
PAN-SVC-BKLN-VM-1000-HV-ENT-3YR,PALO,"Partner enabled premium support 3 year prepaid, VM-1000-HV-ENT",
PAN-SVC-BKLN-VM-1000-HV-ENT-3YR-R,PALO,"Partner enabled premium support 3 year prepaid renewal, VM-1000-HV-ENT",
PAN-SVC-BKLN-VM-1000-HV-ENT-5YR,PALO,"Partner enabled premium support 5 year prepaid, VM-1000-HV-ENT",
PAN-SVC-BKLN-VM-1000-HV-ENT-5YR-R,PALO,"Partner enabled premium support 5 year prepaid renewal, VM-1000-HV-ENT",
PAN-SVC-BKLNUSG-VM-1000-HV-ENT,PALO,"For US Government accounts only. Partner enabled premium support year 1, VM-1000-HV-ENT",
PAN-SVC-BKLNUSG-VM-1000-HV-ENT-R,PALO,"For US Government accounts only. Partner enabled premium support year 1 renewal, VM-1000-HV-ENT",
PAN-SVC-BKLNUSG-VM-1000-HV-ENT-3YR,PALO,"For US Government accounts only. Partner enabled premium support 3 year prepaid, VM-1000-HV-ENT",
PAN-SVC-BKLNUSG-VM-1000-HV-ENT-3YR-R,PALO,"For US Government accounts only. Partner enabled premium support 3 year prepaid renewal, VM-1000-HV-ENT",
PAN-SVC-BKLNUSG-VM-1000-HV-ENT-5YR,PALO,"For US Government accounts only. Partner enabled premium support 5 year prepaid, VM-1000-HV-ENT",
PAN-SVC-BKLNUSG-VM-1000-HV-ENT-5YR-R,PALO,"For US Government accounts only. Partner enabled premium support 5 year prepaid renewal, VM-1000-HV-ENT",
PAN-SVC-BKLN-WF-500,PALO,"Partner enabled premium support year 1, WF-500",
PAN-SVC-BKLN-WF-500-R,PALO,"Partner enabled premium support renewal, WF-500",
PAN-SVC-BKLN-WF-500-3YR,PALO,"Partner enabled premium support 3-year prepaid, WF-500",
PAN-SVC-BKLN-WF-500-3YR-R,PALO,"Partner enabled premium support 3-year prepaid renewal, WF-500",
PAN-SVC-BKLN-WF-500-5YR,PALO,"Partner enabled premium support 5-year prepaid, WF-500",
PAN-SVC-BKLN-WF-500-5YR-R,PALO,"Partner enabled premium support 5-year prepaid renewal, WF-500",
PAN-SVC-BKLNUSG-WF-500,PALO,"For US Government accounts only. Partner enabled premium support year 1, WF-500",
PAN-SVC-BKLNUSG-WF-500-R,PALO,"For US Government accounts only. Partner enabled premium support renewal, WF-500",
PAN-SVC-BKLNUSG-WF-500-3YR,PALO,"For US Government accounts only. Partner enabled premium support 3-year prepaid, WF-500",
PAN-SVC-BKLNUSG-WF-500-3YR-R,PALO,"For US Government accounts only. Partner enabled premium support 3-year prepaid renewal, WF-500",
PAN-SVC-BKLNUSG-WF-500-5YR,PALO,"For US Government accounts only. Partner enabled premium support 5-year prepaid, WF-500",
PAN-SVC-BKLNUSG-WF-500-5YR-R,PALO,"For US Government accounts only. Partner enabled premium support 5-year prepaid renewal, WF-500",
PAN-SVC-BKLN-GP-100-R,PALO,"Partner Enabled Premium Support renewal, GP-100 500 Devices",
PAN-SVC-BKLN-GP-100-3YR-R,PALO,"Partner Enabled Premium Support 3-year prepaid renewal, GP-100 500 Devices",
PAN-SVC-BKLN-GP-100-1K-R,PALO,"Partner Enabled Premium Support renewal, GP-100 1K Devices",
PAN-SVC-BKLN-GP-100-1K-3YR-R,PALO,"Partner Enabled Premium Support 3-year prepaid renewal, GP-100 1K Devices",
PAN-SVC-BKLN-GP-100-2K-R,PALO,"Partner Enabled Premium Support renewal, GP-100 2K Devices",
PAN-SVC-BKLN-GP-100-2K-3YR-R,PALO,"Partner Enabled Premium Support 3-year prepaid renewal, GP-100 2K Devices",
PAN-SVC-BKLN-GP-100-5K-R,PALO,"Partner Enabled Premium Support renewal, GP-100 5K Devices",
PAN-SVC-BKLN-GP-100-5K-3YR-R,PALO,"Partner Enabled Premium Support 3-year prepaid renewal, GP-100 5K Devices",
PAN-SVC-BKLN-GP-100-10K-R,PALO,"Partner Enabled Premium Support renewal, GP-100 10K Devices",
PAN-SVC-BKLN-GP-100-10K-3YR-R,PALO,"Partner Enabled Premium Support 3-year prepaid renewal, GP-100 10K Devices",
PAN-SVC-BKLN-GP-100-25K-R,PALO,"Partner Enabled Premium Support renewal, GP-100 25K Devices",
PAN-SVC-BKLN-GP-100-25K-3YR-R,PALO,"Partner Enabled Premium Support 3-year prepaid renewal, GP-100 25K Devices",
PAN-SVC-BKLN-GP-100-50K-R,PALO,"Partner Enabled Premium Support renewal, GP-100 50K Devices",
PAN-SVC-BKLN-GP-100-50K-3YR-R,PALO,"Partner Enabled Premium Support 3-year prepaid renewal, GP-100 50K Devices",
PAN-SVC-BKLN-GP-100-100K-R,PALO,"Partner Enabled Premium Support renewal, GP-100 100K Devices",
PAN-SVC-BKLN-GP-100-100K-3YR-R,PALO,"Partner Enabled Premium Support 3-year prepaid renewal, GP-100 100K Devices",
PAN-SVC-BKLN-PRA-25,PALO,"Partner enabled premium support year 1, Panorama 25 devices",
PAN-SVC-BKLN-PRA-25-R,PALO,"Partner enabled premium support renewal, Panorama 25 devices",
PAN-SVC-BKLN-PRA-25-3YR,PALO,"Partner enabled premium support 3 year prepaid, Panorama 25 devices",
PAN-SVC-BKLN-PRA-25-3YR-R,PALO,"Partner enabled premium support 3 year prepaid renewal, Panorama 25 devices",
PAN-SVC-BKLN-PRA-25-5YR,PALO,"Partner enabled premium support 5 year prepaid, Panorama 25 devices",
PAN-SVC-BKLN-PRA-25-5YR-R,PALO,"Partner enabled premium support 5 year prepaid renewal, Panorama 25 devices",
PAN-SVC-BKLNUSG-PRA-25,PALO,"For US Government accounts only. Partner enabled premium support year 1, Panorama 25 devices",
PAN-SVC-BKLNUSG-PRA-25-R,PALO,"For US Government accounts only. Partner enabled premium support renewal, Panorama 25 devices",
PAN-SVC-BKLNUSG-PRA-25-3YR,PALO,"For US Government accounts only. Partner enabled premium support 3 year prepaid, Panorama 25 devices",
PAN-SVC-BKLNUSG-PRA-25-3YR-R,PALO,"For US Government accounts only. Partner enabled premium support 3 year prepaid renewal, Panorama 25 devices",
PAN-SVC-BKLNUSG-PRA-25-5YR,PALO,"For US Government accounts only. Partner enabled premium support 5 year prepaid, Panorama 25 devices",
PAN-SVC-BKLNUSG-PRA-25-5YR-R,PALO,"For US Government accounts only. Partner enabled premium support 5 year prepaid renewal, Panorama 25 devices",
,PALO,,
PAN-SVC-BKLN-PRA-100,PALO,"Partner enabled premium support year 1, Panorama 100 devices",
PAN-SVC-BKLN-PRA-100-R,PALO,"Partner enabled premium support renewal, Panorama 100 devices",
PAN-SVC-BKLN-PRA-100-3YR,PALO,"Partner enabled premium support 3 year prepaid, Panorama 100 devices",
PAN-SVC-BKLN-PRA-100-3YR-R,PALO,"Partner enabled premium support 3 year prepaid renewal, Panorama 100 devices",
PAN-SVC-BKLN-PRA-100-5YR,PALO,"Partner enabled premium support 5 year prepaid, Panorama 100 devices",
PAN-SVC-BKLN-PRA-100-5YR-R,PALO,"Partner enabled premium support 5 year prepaid renewal, Panorama 100 devices",
PAN-SVC-BKLNUSG-PRA-100,PALO,"For US Government accounts only. Partner enabled premium support year 1, Panorama 100 devices",
PAN-SVC-BKLNUSG-PRA-100-R,PALO,"For US Government accounts only. Partner enabled premium support renewal, Panorama 100 devices",
PAN-SVC-BKLNUSG-PRA-100-3YR,PALO,"For US Government accounts only. Partner enabled premium support 3 year prepaid, Panorama 100 devices",
PAN-SVC-BKLNUSG-PRA-100-3YR-R,PALO,"For US Government accounts only. Partner enabled premium support 3 year prepaid renewal, Panorama 100 devices",
PAN-SVC-BKLNUSG-PRA-100-5YR,PALO,"For US Government accounts only. Partner enabled premium support 5 year prepaid, Panorama 100 devices",
PAN-SVC-BKLNUSG-PRA-100-5YR-R,PALO,"For US Government accounts only. Partner enabled premium support 5 year prepaid renewal, Panorama 100 devices",
PAN-SVC-BKLN-PRA-1K,PALO,"Partner enabled premium support year 1, Panorama 1000 devices",
PAN-SVC-BKLN-PRA-1K-R,PALO,"Partner enabled premium support renewal, Panorama 1000 devices",
PAN-SVC-BKLN-PRA-1K-3YR,PALO,"Partner enabled premium support 3 year prepaid, Panorama 1000 devices",
PAN-SVC-BKLN-PRA-1K-3YR-R,PALO,"Partner enabled premium support 3 year prepaid renewal, Panorama 1000 devices",
PAN-SVC-BKLN-PRA-1K-5YR,PALO,"Partner enabled premium support 5 year prepaid, Panorama 1000 devices",
PAN-SVC-BKLN-PRA-1K-5YR-R,PALO,"Partner enabled premium support 5 year prepaid renewal, Panorama 1000 devices",
PAN-SVC-BKLNUSG-PRA-1K,PALO,"For US Government accounts only. Partner enabled premium support year 1, Panorama 1000 devices",
PAN-SVC-BKLNUSG-PRA-1K-R,PALO,"For US Government accounts only. Partner enabled premium support renewal, Panorama 1000 devices",
PAN-SVC-BKLNUSG-PRA-1K-3YR,PALO,"For US Government accounts only. Partner enabled premium support 3 year prepaid, Panorama 1000 devices",
PAN-SVC-BKLNUSG-PRA-1K-3YR-R,PALO,"For US Government accounts only. Partner enabled premium support 3 year prepaid renewal, Panorama 1000 devices",
PAN-SVC-BKLNUSG-PRA-1K-5YR,PALO,"For US Government accounts only. Partner enabled premium support 5 year prepaid, Panorama 1000 devices",
PAN-SVC-BKLNUSG-PRA-1K-5YR-R,PALO,"For US Government accounts only. Partner enabled premium support 5 year prepaid renewal, Panorama 1000 devices",
PAN-SVC-BKLN-M-100-P-25,PALO,"Partner enabled premium support year 1, Panorama M-100 25 devices or log collector",
PAN-SVC-BKLN-M-100-P-25-R,PALO,"Partner enabled premium support renewal, Panorama M-100 25 devices or log collector",
PAN-SVC-BKLN-M-100-P-25-3Y,PALO,"Partner enabled premium support 3-year prepaid, Panorama M-100 25 devices or log collector",
PAN-SVC-BKLN-M-100-P-25-3Y-R,PALO,"Partner enabled premium support 3-year prepaid renewal, Panorama M-100 25 devices or log collector",
PAN-SVC-BKLN-M-100-P-25-5Y,PALO,"Partner enabled premium support 5-year prepaid, Panorama M-100 25 devices or log collector",
PAN-SVC-BKLN-M-100-P-25-5Y-R,PALO,"Partner enabled premium support 5-year prepaid renewal, Panorama M-100 25 devices or log collector",
PAN-SVC-BKLNUSG-M-100-P-25,PALO,"For US Government accounts only. Partner enabled premium support year 1, Panorama M-100 25 devices or log collector",
PAN-SVC-BKLNUSG-M-100-P-25-R,PALO,"For US Government accounts only. Partner enabled premium support renewal, Panorama M-100 25 devices or log collector",
PAN-SVC-BKLNUSG-M-100-P-25-3YR,PALO,"For US Government accounts only. Partner enabled premium support 3-year prepaid, Panorama M-100 25 devices or log collector",
PAN-SVC-BKLNUSG-M-100-P-25-3YR-R,PALO,"For US Government accounts only. Partner enabled premium support 3-year prepaid renewal, Panorama M-100 25 devices or log
collector",
PAN-SVC-BKLNUSG-M-100-P-25-5YR,PALO,"For US Government accounts only. Partner enabled premium support 5-year prepaid, Panorama M-100 25 devices or log collector",
PAN-SVC-BKLNUSG-M-100-P-25-5YR-R,PALO,"For US Government accounts only. Partner enabled premium support 5-year prepaid renewal, Panorama M-100 25 devices or log
collector",
PAN-SVC-BKLN-M-100-P-100,PALO,"Partner enabled premium support year 1, Panorama M-100 100 devices",
PAN-SVC-BKLN-M-100-P-100-R,PALO,"Partner enabled premium support renewal, Panorama M-100 100 devices",
PAN-SVC-BKLN-M-100-P-100-3Y,PALO,"Partner enabled premium support 3-year prepaid, Panorama M-100 100 devices",
PAN-SVC-BKLN-M-100-P-100-3Y-R,PALO,"Partner enabled premium support 3-year prepaid renewal, Panorama M-100 100 devices",
PAN-SVC-BKLN-M-100-P-100-5Y,PALO,"Partner enabled premium support 5-year prepaid, Panorama M-100 100 devices",
PAN-SVC-BKLN-M-100-P-100-5Y-R,PALO,"Partner enabled premium support 5-year prepaid renewal, Panorama M-100 100 devices",
PAN-SVC-BKLNUSG-M-100-P-100,PALO,"For US Government accounts only. Partner enabled premium support year 1, Panorama M-100 100 devices",
PAN-SVC-BKLNUSG-M-100-P-100-R,PALO,"For US Government accounts only. Partner enabled premium support renewal, Panorama M-100 100 devices",
PAN-SVC-BKLNUSG-M-100-P-100-3YR,PALO,"For US Government accounts only. Partner enabled premium support 3-year prepaid, Panorama M-100 100 devices",
PAN-SVC-BKLNUSG-M-100-P-100-3YR-R,PALO,"For US Government accounts only. Partner enabled premium support 3-year prepaid renewal, Panorama M-100 100 devices",
PAN-SVC-BKLNUSG-M-100-P-100-5YR,PALO,"For US Government accounts only. Partner enabled premium support 5-year prepaid, Panorama M-100 100 devices",
PAN-SVC-BKLNUSG-M-100-P-100-5YR-R,PALO,"For US Government accounts only. Partner enabled premium support 5-year prepaid renewal, Panorama M-100 100 devices",
PAN-SVC-BKLN-M-100-P-1K,PALO,"Partner enabled premium support year 1, Panorama M-100 1000 devices",
PAN-SVC-BKLN-M-100-P-1K-R,PALO,"Partner enabled premium support renewal, Panorama M-100 1000 devices",
PAN-SVC-BKLN-M-100-P-1K-3Y,PALO,"Partner enabled premium support 3-year prepaid, Panorama M-100 1000 devices",
PAN-SVC-BKLN-M-100-P-1K-3Y-R,PALO,"Partner enabled premium support 3-year prepaid renewal, Panorama M-100 1000 devices",
PAN-SVC-BKLN-M-100-P-1K-5Y,PALO,"Partner enabled premium support 5-year prepaid, Panorama M-100 1000 devices",
PAN-SVC-BKLN-M-100-P-1K-5Y-R,PALO,"Partner enabled premium support 5-year prepaid renewal, Panorama M-100 1000 devices",
PAN-SVC-BKLNUSG-M-100-P-1K,PALO,"For US Government accounts only. Partner enabled premium support year 1, Panorama M-100 1000 devices",
PAN-SVC-BKLNUSG-M-100-P-1K-R,PALO,"For US Government accounts only. Partner enabled premium support renewal, Panorama M-100 1000 devices",
PAN-SVC-BKLNUSG-M-100-P-1K-3YR,PALO,"For US Government accounts only. Partner enabled premium support 3-year prepaid, Panorama M-100 1000 devices",
PAN-SVC-BKLNUSG-M-100-P-1K-3YR-R,PALO,"For US Government accounts only. Partner enabled premium support 3-year prepaid renewal, Panorama M-100 1000 devices",
PAN-SVC-BKLNUSG-M-100-P-1K-5YR,PALO,"For US Government accounts only. Partner enabled premium support 5-year prepaid, Panorama M-100 1000 devices",
PAN-SVC-BKLNUSG-M-100-P-1K-5YR-R,PALO,"For US Government accounts only. Partner enabled premium support 5-year prepaid renewal, Panorama M-100 1000 devices",
PAN-SVC-BKLN-M-500-P-25,PALO,"Partner enabled Premium support, Panorama M-500 25 devices, PAN-DB Private Cloud or log collector",
PAN-SVC-BKLN-M-500-P-25-R,PALO,"Partner enabled Premium support renewal, Panorama M-500 25 devices, PAN-DB Private Cloud or log collector",
PAN-SVC-BKLN-M-500-P-25-3Y,PALO,"Partner enabled Premium support 3-year prepaid, Panorama M-500 25 devices, PAN-DB Private Cloud or log collector",
PAN-SVC-BKLN-M-500-P-25-3Y-R,PALO,"Partner enabled Premium support 3-year prepaid renewal, Panorama M-500 25 devices, PAN-DB Private Cloud or log collector",
PAN-SVC-BKLN-M-500-P-25-5Y,PALO,"Partner enabled Premium support 5-year prepaid, Panorama M-500 25 devices, PAN-DB Private Cloud or log collector",
PAN-SVC-BKLN-M-500-P-25-5Y-R,PALO,"Partner enabled Premium support 5-year prepaid renewal, Panorama M-500 25 devices, PAN-DB Private Cloud or log collector",
PAN-SVC-BKLNUSG-M-500-P-25,PALO,"For US Government accounts only. Partner enabled premium support year 1, Panorama M-500 25 devices or log collector",
PAN-SVC-BKLNUSG-M-500-P-25-R,PALO,"For US Government accounts only. Partner enabled premium support renewal, Panorama M-500 25 devices or log collector",
PAN-SVC-BKLNUSG-M-500-P-25-3YR,PALO,"For US Government accounts only. Partner enabled premium support 3-year prepaid, Panorama M-500 25 devices or log collector",
PAN-SVC-BKLNUSG-M-500-P-25-3YR-R,PALO,"For US Government accounts only. Partner enabled premium support 3-year prepaid renewal, Panorama M-500 25 devices or log
collector",
PAN-SVC-BKLNUSG-M-500-P-25-5YR,PALO,"For US Government accounts only. Partner enabled premium support 5-year prepaid, Panorama M-500 25 devices or log collector",
PAN-SVC-BKLNUSG-M-500-P-25-5YR-R,PALO,"For US Government accounts only. Partner enabled premium support 5-year prepaid renewal, Panorama M-500 25 devices or log
collector",
PAN-SVC-BKLN-M-500-P-100,PALO,"Partner enabled Premium support, Panorama M-500 100 devices",
PAN-SVC-BKLN-M-500-P-100-R,PALO,"Partner enabled Premium support renewal, Panorama M-500 100 devices",
PAN-SVC-BKLN-M-500-P-100-3Y,PALO,"Partner enabled Premium support 3-year prepaid, Panorama M-500 100 devices",
PAN-SVC-BKLN-M-500-P-100-3Y-R,PALO,"Partner enabled Premium support 3-year prepaid renewal, Panorama M-500 100 devices",
PAN-SVC-BKLN-M-500-P-100-5Y,PALO,"Partner enabled Premium support 5-year prepaid, Panorama M-500 100 devices",
PAN-SVC-BKLN-M-500-P-100-5Y-R,PALO,"Partner enabled Premium support 5-year prepaid renewal, Panorama M-500 100 devices",
,PALO,,
PAN-SVC-BKLNUSG-M-500-P-100,PALO,"For US Government accounts only. Partner enabled premium support year 1, Panorama M-500 100 devices",
PAN-SVC-BKLNUSG-M-500-P-100-R,PALO,"For US Government accounts only. Partner enabled premium support renewal, Panorama M-500 100 devices",
PAN-SVC-BKLNUSG-M-500-P-100-3YR,PALO,"For US Government accounts only. Partner enabled premium support 3-year prepaid, Panorama M-500 100 devices",
PAN-SVC-BKLNUSG-M-500-P-100-3YR-R,PALO,"For US Government accounts only. Partner enabled premium support 3-year prepaid renewal, Panorama M-500 100 devices",
PAN-SVC-BKLNUSG-M-500-P-100-5YR,PALO,"For US Government accounts only. Partner enabled premium support 5-year prepaid, Panorama M-500 100 devices",
PAN-SVC-BKLNUSG-M-500-P-100-5YR-R,PALO,"For US Government accounts only. Partner enabled premium support 5-year prepaid renewal, Panorama M-500 100 devices",
PAN-SVC-BKLN-M-500-P-1K,PALO,"Partner enabled Premium support, Panorama M-500 1K devices",
PAN-SVC-BKLN-M-500-P-1K-R,PALO,"Partner enabled Premium support renewal, Panorama M-500 1K devices",
PAN-SVC-BKLN-M-500-P-1K-3Y,PALO,"Partner enabled Premium support 3-year prepaid, Panorama M-500 1K devices",
PAN-SVC-BKLN-M-500-P-1K-3Y-R,PALO,"Partner enabled Premium support 3-year prepaid renewal, Panorama M-500 1K devices",
PAN-SVC-BKLN-M-500-P-1K-5Y,PALO,"Partner enabled Premium support 5-year prepaid, Panorama M-500 1K devices",
PAN-SVC-BKLN-M-500-P-1K-5Y-R,PALO,"Partner enabled Premium support 5-year prepaid renewal, Panorama M-500 1K devices",
PAN-SVC-BKLNUSG-M-500-P-1K,PALO,"For US Government accounts only. Partner enabled premium support year 1, Panorama M-500 1000 devices",
PAN-SVC-BKLNUSG-M-500-P-1K-R,PALO,"For US Government accounts only. Partner enabled premium support renewal, Panorama M-500 1000 devices",
PAN-SVC-BKLNUSG-M-500-P-1K-3YR,PALO,"For US Government accounts only. Partner enabled premium support 3-year prepaid, Panorama M-500 1000 devices",
PAN-SVC-BKLNUSG-M-500-P-1K-3YR-R,PALO,"For US Government accounts only. Partner enabled premium support 3-year prepaid renewal, Panorama M-500 1000 devices",
PAN-SVC-BKLNUSG-M-500-P-1K-5YR,PALO,"For US Government accounts only. Partner enabled premium support 5-year prepaid, Panorama M-500 1000 devices",
PAN-SVC-BKLNUSG-M-500-P-1K-5YR-R,PALO,"For US Government accounts only. Partner enabled premium support 5-year prepaid renewal, Panorama M-500 1000 devices",
PAN-SVC-PREM-PLUS,PALO,"Palo Alto Networks Premium Plus Support, year 1",
PAN-SVC-PREM-PLUS-3YR,PALO,"Palo Alto Networks Premium Plus Support, 3 year prepaid",
PAN-SVC-PREM-PLUS-5YR,PALO,"Palo Alto Networks Premium Plus Support, 5 year prepaid",
PAN-SVC-PREM-PLUS-USG,PALO,"Palo Alto Networks Premium Plus US Government Support, 1 year",
PAN-SVC-PREM-PLUS-USG-3YR,PALO,"Palo Alto Networks Premium Plus US Government Support, 3 year prepaid",
PAN-SVC-PREM-PLUS-USG-5YR,PALO,"Palo Alto Networks Premium Plus US Government Support, 5 year prepaid",
PAN-SVC-GPREM-PLUS,PALO,"Palo Alto Networks Global Premium Plus Support, year 1",
PAN-SVC-GPREM-PLUS-3YR,PALO,"Palo Alto Networks Global Premium Plus Support, 3 year prepaid",
PAN-SVC-GPREM-PLUS-5YR,PALO,"Palo Alto Networks Global Premium Plus Support, 5 year prepaid",
PAN-SVC-PREM-TAM-6MO,PALO,"Palo Alto Networks Premium Technical Account Management, 6 month",
PAN-SVC-PREM-TAM,PALO,"Palo Alto Networks Premium Technical Account Management, Year 1",
PAN-SVC-PREM-TAM-3YR,PALO,"Palo Alto Networks Premium Technical Account Management, 3-year prepaid",
PAN-SVC-PREM-TAM-5YR,PALO,"Palo Alto Networks Premium Technical Account Management, 5-year prepaid",
PAN-SVC-PREMUSG-TAM-6MO,PALO,"Palo Alto Networks Premium US Government Technical Account Management, 6 month",
PAN-SVC-PREMUSG-TAM,PALO,"Palo Alto Networks Premium US Government Technical Account Management, Year 1",
PAN-SVC-PREMUSG-TAM-3YR,PALO,"Palo Alto Networks Premium US Government Technical Account Management, 3-year prepaid",
PAN-SVC-PREMUSG-TAM-5YR,PALO,"Palo Alto Networks Premium US Government Technical Account Management, 5-year prepaid",
PAN-SVC-PREM-GTAM,PALO,"Palo Alto Networks Premium Technical Account Management, Year 1",
PAN-SVC-PREM-GTAM-3YR,PALO,"Palo Alto Networks Global Premium Technical Account Management, 3-year prepaid",
PAN-SVC-PREM-GTAM-5YR,PALO,"Palo Alto Networks Global Premium Technical Account Management, 5-year prepaid",
PAN-SVC-PREM-DTAM,PALO,"Palo Alto Networks Dedicated Premium Technical Account Management, Year 1",
PAN-SVC-PREM-DTAM-3YR,PALO,"Palo Alto Networks Dedicated Premium Technical Account Management, 3-year prepaid",
PAN-SVC-PREM-DTAM-5YR,PALO,"Palo Alto Networks Dedicated Premium Technical Account Management, 5-year prepaid",
PAN-SVC-PREMUSG-DTAM,PALO,"Palo Alto Networks Dedicated Premium US GovernmentTechnical Account Management, Year 1",
PAN-SVC-PREMUSG-DTAM-3YR,PALO,"Palo Alto Networks Dedicated Premium US Government Technical Account Management, 3-year prepaid",
PAN-SVC-PREMUSG-DTAM-5YR,PALO,"Palo Alto Networks Dedicated Premium US Government Technical Account Management, 5-year prepaid",
PAN-PA-200-OSS,PALO,On-Site Spare Palo Alto Networks PA-200,
PAN-PA-220-OSS,PALO,On-Site Spare Palo Alto Networks PA-220,
PAN-PA-500-2GB-OSS,PALO,On-Site Spare Palo Alto Networks PA-500 2GB Memory,
PAN-PA-820-OSS,PALO,"Palo Alto Networks PA-820, OnSite Spare unit",
PAN-PA-850-OSS,PALO,"Palo Alto Networks PA-850, OnSite Spare unit",
PAN-PA-3020-OSS,PALO,"Palo Alto Networks PA-3020, OnSite Spare unit",
PAN-PA-3050-OSS,PALO,"Palo Alto Networks PA-3050, OnSite Spare unit",
PAN-PA-3060-OSS,PALO,"Palo Alto Networks PA-3060, OnSite Spare unit",
PAN-PA-5020-DC-NEBS-D-OSS,PALO,"On site spare DC Version of NEBS Compliant Palo Alto Networks PA-5020 with redundant DC power supplies and dual 240GB SSD
drive",
PAN-PA-5020-NEBS-D-OSS,PALO,On site spare AC version of NEBS Compliant Palo Alto Networks PA-5020 with redundant AC power supplies and dual 240GB SSD drive,
PAN-PA-5020-SSD2-D-OSS,PALO,On site spare unit with dual 240GB SSD drive,
PAN-PA-5020-SSD2-OSS,PALO,On-Site Spare Palo Alto Networks PA-5020 with redundant AC power supplies and single 240GB SSD drive,
PAN-PA-5050-DC-NEBS-D-OSS,PALO,On site spare DC version of NEBS Compliant Palo Alto Networks PA-5050 with redundant DC power supplies and dual 240GB SSD drive,
PAN-PA-5050-NEBS-D-OSS,PALO,On site spare AC version of NEBS Compliant Palo Alto Networks PA-5050 with redundant AC power supplies and dual 240GB SSD drive,
PAN-PA-5050-SSD2-D-OSS,PALO,On site spare unit with dual 240GB SSD drive,
PAN-PA-5050-SSD2-OSS,PALO,On-Site Spare Palo Alto Networks PA-5050 with redundant AC power supplies and single 240GB SSD drive,
PAN-PA-5060-DC-NEBS-D-OSS,PALO,On site spare DC version of NEBS Compliant Palo Alto Networks PA-5060 with redundant DC power supplies and dual 240GB SSD drive,
PAN-PA-5060-NEBS-D-OSS,PALO,"On site spare AC version of NEBS Compliant Palo Alto Networks PA-5060 with redundant AC power supplies and dual 240GB SSD
drive, spare",
PAN-PA-5060-SSD2-D-OSS,PALO,Spare unit with dual 240GB SSD drive,
PAN-PA-5060-SSD2-OSS,PALO,On-Site Spare Palo Alto Networks PA-5060 with redundant AC power supplies and single 240GB SSD drive,
PAN-PA-5220-AC-OSS,PALO,On-Site Spare Palo Alto Networks PA-5220 with redundant AC power supplies,
PAN-PA-5220-DC-OSS,PALO,Palo Alto Networks PA-5220 with redundant DC power supplies,
PAN-PA-5250-AC-OSS,PALO,On-Site Spare Palo Alto Networks PA-5250 with redundant AC power supplies,
PAN-PA-5250-DC-OSS,PALO,Palo Alto Networks PA-5250 with redundant DC power supplies,
PAN-PA-5260-AC-OSS,PALO,On-Site Spare Palo Alto Networks PA-5260 with redundant AC power supplies,
PAN-PA-5260-DC-OSS,PALO,Palo Alto Networks PA-5260 with redundant DC power supplies,
PAN-PA-7000-20G-NPC-OSF,PALO,"PA-7000 Network Processing Card with 12x10/100/1000 RJ-45 Ethernet, 8x1GbE SFP and 4x10GbE SFP+, 4M sessions, on site FRU.",
PAN-PA-7000-20GQ-NPC-OSF,PALO,"PA-7000 Network Processing Card with 12x10GbE SFP+ and 2x40GbE QSFP+ interfaces, 4M sessions, on site FRU.",
PAN-PA-7000-20GXM-NPC-OSF,PALO,"PA-7000 Network Processing Card with 12x10/100/1000 RJ-45 Ethernet, 8x1GbE SFP and 4x10GbE SFP+, 8M sessions, Extended
memory, on site FRU.",
PAN-PA-7000-20GQXM-NPC-OSF,PALO,"PA-7000 Network Processing Card with 12x10GbE SFP+ and 2x40GbE QSFP+ interfaces, 8M sessions, Extended memory, on site FRU",
PAN-PA-7000-AMC-BLNK-OSF,PALO,"PA-7000 AMC Blank card, on site FRU",
PAN-PA-7000-AMC-1TB-PAIR-OSF,PALO,"PA-7000 Pair of 1TB AMC cards for the Log Processing Card, paired to ensure RAID integrity, on site FRU",
PAN-PA-7000-AMC-2TB-PAIR-OSF,PALO,"PA-7000 Pair of 2TB AMC cards for the Log Processing Card, paired to ensure RAID integrity, on site FRU",
PAN-PA-7000-BLNK-OSF,PALO,"PA-7000 Blank card, on site FRU",
PAN-PA-7000-LPC-OSF,PALO,"PA-7000 Log Processing Card. One LPC required per system, on site FRU",
PAN-PA-7050-FANTRAY-OSF,PALO,"Fan tray for PA-7050 chassis, on site FRU",
PAN-PA-7050-FLTR-OSF,PALO,"Air filter for PA-7050 chassis, on site FRU",
PAN-PA-7050-PWR25-AC-OSF,PALO,"PA-7050 AC power supply, 2500 watts for PAN-PA-CHA-AC, on site FRU",
PAN-PA-7050-SMC-OSF,PALO,"PA-7050 Switch Management Card, included in PAN-PA-7050-AC and PAN-PA-7050-DC, on site FRU",
,PALO,,
PAN-PA-7050-PWR25-DC-OSF,PALO,"PA-7050 DC power supply, 2500 watts for PAN-PA-CHA, on site FRU",
PAN-PA-7050-CHA-OSS,PALO,"PA-7050 Bare chassis for AC or DC, no fan trays, no power supplies, no filter, on site spare",
PAN-PA-7080-DC-PEM-OSF,PALO,"PA-7080 DC power entry module for PAN-PA-7080-CHA, on site FRU",
PAN-PA-7080-FANTRAY-OSF,PALO,"Fan tray for PA-7080 chassis, on site FRU",
PAN-PA-7080-FLTR-OSF,PALO,"Air filter for PA-7080 chassis, on site FRU",
PAN-PA-7080-PWR25-AC-OSF,PALO,"PA-7080 AC power supply, 2500 watts for PAN-PA-CHA-AC, on site FRU",
PAN-PA-7080-PWR25-DC-OSF,PALO,"PA-7080 DC power supply, 2500 watts for PAN-PA-7080-CHA-DC, on site FRU",
PAN-PA-7080-CHA-AC-OSS,PALO,"PA-7080 Bare chassis for AC power only, no fan trays, no power supplies, no filter, on site spare",
PAN-PA-7080-CHA-DC-OSS,PALO,"PA-7080 Bare chassis for DC power only, includes 2 DC PEMS, no fan trays, no power supplies, no filter, on site spare",
PAN-PA-7080-SMC-OSF,PALO,"PA-7080 Switch Management Card, included in PAN-PA-7080-AC and PAN-PA-7080-DC, on site FRU",
PAN-M-100-4TB-OSS,PALO,"Palo Alto Networks M-100, 4TB RAID storage (8 1TB RAID certified drives preinstalled) On Site Spare",
PAN-M-100-OSS,PALO,"Palo Alto Networks M-100, 1TB RAID storage (2 1TB RAID certified drives preinstalled) On-Site Spare",
PAN-M-500-OSS,PALO,"Palo Alto Networks M-500, 4TB RAID storage (4 2TB RAID certified drives preinstalled) On-Site Spare",
PAN-WF-500-OSS,PALO,"Palo Alto Networks WF-500, 2TB RAID storage (4 1TB RAID certified drives preinstalled) On-Site Spare",
PAN-PA-200-PKG-SET,PALO,PA-200 shipping boxes with packaging - qty 5,
PAN-PA-500-PKG-SET,PALO,"PA-500 series packaging set - 1 each of ESD unit bag, foam set, insert tray, and shipping box",
PAN-PA-800-PKG-SET,PALO,PA-800 Series packaging set of one,
PAN-PA-2000-PKG-SET,PALO,"PA-2000 series packaging set - 1 each of ESD unit bag, foam set, insert tray, and shipping box",
PAN-PA-3000-PKG-SET,PALO,"PA-3000 series packaging set - 1 each of ESD unit bag, foam set, insert tray, and shipping box",
PAN-PA-3060-PKG-SET,PALO,"PA-3060 packaging set - 1 each of ESD unit bag, foam set, insert tray, and shipping box",
PAN-PA-4000-PKG-SET,PALO,"PA-4000 series packaging set - 1 each of ESD unit bag, foam set, insert tray, and shipping box",
PAN-PA-5000-PKG-SET,PALO,"PA-5000 series packaging set - 1 each of ESD unit bag, foam set, insert tray, and shipping box",
PAN-PA-5200-PKG-SET,PALO,"PA-5200 packaging set - 1 each of ESD unit bag, foam set, insert tray, and shipping box",
PAN-PA-7000-PKG-SET-AMC,PALO,PA-7000 Packing box for AMC Module,
PAN-PA-7000-PKG-SET-CARD,PALO,"PA-7000 Packing box for PA-7000 system cards, blank or PA-7050 fan tray",
PAN-PA-7050-PKG-SET-PWR,PALO,"PA-7050, packaging set for PA-7050, used for individual power supply either AC or DC",
PAN-PA-7050-PKG-SET-CHA,PALO,PA-7050 Chassis packaging set for PAN-PA-7050-CHA-AC or PAN-PA-7050-CHA-DC with pallet and straps,
PAN-PA-7050-PKG-SET-OVRPK,PALO,"PA-7050 Overpack set for cards in a PA-7050 system, includes overpack box, pallet, banding",
PAN-PA-7080-PKG-SET-PWR,PALO,"PA-7080, packaging for one (1) PA-7080 power supply, suitable for AC or DC power supply",
PAN-PA-7080-PKG-SET-CHA,PALO,PA-7080 Chassis packaging set for PAN-PA-7080-CHA-AC or PAN-PA-7080-CHA-DC with pallet and straps,
PAN-PA-7080-PKG-SET-OVRPK,PALO,"PA-7080 Overpack set for cards in a PA-7080 system, includes overpack box, pallet, banding",
PAN-PA-7080-CHA-MISC,PALO,"PA-7080, miscellaneous chassis accessories, 6 fiber guides, 4 DC PEM covers, 4 AC power retainer bails",
PAN-PA-7080-FRONT-BRACKETS,PALO,"PA-7080, one (1) left and one right (1) front rack mount bracket, suitable for AC or DC chassis",
PAN-PA-7080-MID-BRACKETS,PALO,"PA-7080, one (1) left and one right (1) mid-rack mount bracket, suitable for AC or DC chassis",
PAN-PA-7080-PKG-SET-FANTRAY,PALO,"PA-7080, packaging for one (1) PA-7080 fan tray",
PAN-PA-7080-PKG-SET-PEM,PALO,"PA-7080, packaging for one (1) PA-7080 DC power entry module, for DC system only",
PAN-PA-7080-PWR-BLANK,PALO,"PA-7080, one (1) power supply module blank plate for PA-7080, suitable for AC or DC chassis",
PAN-WF-500-PKG-SET,PALO,"WF-500 and M-500 spare packaging set - 1 each of ESD unit bag, foram set, insert tray, and shipping box",
PAN-M-100-PKG-SET,PALO,"M-100 spare packaging set - 1 each of ESD unit bag, foram set, insert tray, and shipping box",
PAN-PA-220-BOX-SET,PALO,PA-220 shipping boxes with packaging - qty 5,
PAN-PA-500-BOX-SET,PALO,PA-500 series shipping boxes - 5 cartons,
PAN-PA-800-BOX-SET,PALO,PA-800 Series shipping boxes - 5 cartons,
PAN-PA-2000-BOX-SET,PALO,PA-2000 series shipping boxes - 5 cartons,
PAN-PA-3000-BOX-SET,PALO,PA-3000 series shipping boxes - 5 cartons,
PAN-PA-4000-BOX-SET,PALO,PA-4000 series shipping boxes - 5 cartons,
PAN-PA-5000-BOX-SET,PALO,PA-5000 series shipping boxes - 5 cartons,
PAN-PA-5200-BOX-SET,PALO,PA-5200 series shipping boxes - 5 cartons,
PAN-M-100-BOX-SET,PALO,M-100 spare shipping boxes - 5 cartons,
PAN-WF-500-BOX-SET,PALO,WF-500 and M-500 spare shipping boxes - 5 cartons,
PAN-PA-5000-SSD-120-IMG,PALO,PA-5000 Series spare hard drive - 120GB Solid State Drive (SSD) Imaged with 4.1.6,
PAN-PA-5000-SSD-240-IMG,PALO,PA-5000 Series spare hard drive - 240GB Solid State Drive (SSD) Imaged with 4.1.6,
PAN-PA-5200-SSD-240GB-IMG,PALO,Imaged SSD for PA-5200 Series.,
PAN-SITE-250-URL2,PALO,"Bright cloud URL filtering site license subscription for all devices, up to 250 users",
PAN-SITE-250-URL2-R,PALO,"Bright cloud URL filtering site license subscription renewal for all devices, up to 250 users",
PAN-SITE-500-URL2,PALO,"Bright cloud URL filtering site license subscription for all devices, up to 500 users",
PAN-SITE-500-URL2-R,PALO,"Bright cloud URL filtering site license subscription renewal for all devices, up to 500 users",
PAN-SITE-1000-URL2,PALO,"Bright cloud URL filtering site license subscription for all devices, up to 1,000 users",
PAN-SITE-1000-URL2-R,PALO,"Bright cloud URL filtering site license subscription renewal for all devices, up to 1,000 users",
PAN-SITE-2000-URL2,PALO,"Bright cloud URL filtering site license subscription for all devices, up to 2,000 users",
PAN-SITE-2000-URL2-R,PALO,"Bright cloud URL filtering site license subscription renewal for all devices, up to 2,000 users",
PAN-SITE-5000-URL2,PALO,"Bright cloud URL filtering site license subscription for all devices, up to 5,000 users",
PAN-SITE-5000-URL2-R,PALO,"Bright cloud URL filtering site license subscription renewal for all devices, up to 5,000 users",
PAN-SITE-10K-URL2,PALO,"Bright cloud URL filtering site license subscription for all devices, up to 10,000 users",
PAN-SITE-10K-URL2-R,PALO,"Bright cloud URL filtering site license subscription renewal for all devices, up to 10,000 users",
PAN-SITE-25K-URL2,PALO,"Bright cloud URL filtering site license subscription for all devices, up to 25,000 users",
PAN-SITE-25K-URL2-R,PALO,"Bright cloud URL filtering site license subscription renewal for all devices, up to 25,000 users",
PAN-SITE-50K-URL2,PALO,"Bright cloud URL filtering site license subscription for all devices, up to 50,000 users",
PAN-SITE-50K-URL2-R,PALO,"Bright cloud URL filtering site license subscription renewal for all devices, up to 50,000 users",
PAN-SITE-75K-URL2,PALO,"Bright cloud URL filtering site license subscription for all devices, up to 75,000 users",
PAN-SITE-75K-URL2-R,PALO,"Bright cloud URL filtering site license subscription renewal for all devices, up to 75,000 users",
PAN-SITE-100K-URL2,PALO,"Bright cloud URL filtering site license subscription for all devices, up to 100,000 users",
PAN-SITE-100K-URL2-R,PALO,"Bright cloud URL filtering site license subscription renewal for all devices, up to 100,000 users",
PAN-SITE-250-URL4,PALO,"PANDB URL filtering site license subscription for all devices, up to 250 users",
PAN-SITE-250-URL4-R,PALO,"PANDB URL filtering site license subscription renewal for all devices, up to 250 users",
PAN-SITE-500-URL4,PALO,"PANDB URL filtering site license subscription for all devices, up to 500 users",
PAN-SITE-500-URL4-R,PALO,"PANDB URL filtering site license subscription renewal for all devices, up to 500 users",
PAN-SITE-1000-URL4,PALO,"PANDB URL filtering site license subscription for all devices, up to 1,000 users",
PAN-SITE-1000-URL4-R,PALO,"PANDB URL filtering site license subscription renewal for all devices, up to 1,000 users",
PAN-SITE-2000-URL4,PALO,"PANDB URL filtering site license subscription for all devices, up to 2,000 users",
PAN-SITE-2000-URL4-R,PALO,"PANDB URL filtering site license subscription renewal for all devices, up to 2,000 users",
PAN-SITE-5000-URL4,PALO,"PANDB URL filtering site license subscription for all devices, up to 5,000 users",
PAN-SITE-5000-URL4-R,PALO,"PANDB URL filtering site license subscription renewal for all devices, up to 5,000 users",
PAN-SITE-10K-URL4,PALO,"PANDB URL filtering site license subscription for all devices, up to 10,000 users",
PAN-SITE-10K-URL4-R,PALO,"PANDB URL filtering site license subscription renewal for all devices, up to 10,000 users",
PAN-SITE-25K-URL4,PALO,"PANDB URL filtering site license subscription for all devices, up to 25,000 users",
PAN-SITE-25K-URL4-R,PALO,"PANDB URL filtering site license subscription renewal for all devices, up to 25,000 users",
PAN-SITE-50K-URL4,PALO,"PANDB URL filtering site license subscription for all devices, up to 50,000 users",
PAN-SITE-50K-URL4-R,PALO,"PANDB URL filtering site license subscription renewal for all devices, up to 50,000 users",
PAN-SITE-75K-URL4,PALO,"PANDB URL filtering site license subscription for all devices, up to 75,000 users",
PAN-SITE-75K-URL4-R,PALO,"PANDB URL filtering site license subscription renewal for all devices, up to 75,000 users",
PAN-SITE-100K-URL4,PALO,"PANDB URL filtering site license subscription for all devices, up to 100,000 users",
PAN-SITE-100K-URL4-R,PALO,"PANDB URL filtering site license subscription renewal for all devices, up to 100,000 users",
PAN-VM-50-ELA-BND2-PREM-1YR,PALO,"Palo Alto Networks ELA Bundle for VM-Series includes VM-50, Threat Prevention, PANDB, URL filtering, Global Protect, and WildFire
subscriptions, unlimited Panorama and Premium Support, 1 YR",
PAN-VM-50-ELA-BND2-PREM-3YR,PALO,"Palo Alto Networks ELA Bundle for VM-Series includes VM-50, Threat Prevention, PANDB, URL filtering, Global Protect, and WildFire
subscriptions, unlimited Panorama and Premium Support, 3 YRS",
,PALO,,
PAN-VM-50-ELA-BND2-PREM-5YR,PALO,"Palo Alto Networks ELA Bundle for VM-Series includes VM-50, Threat Prevention, PANDB, URL filtering, Global Protect, and WildFire
subscriptions, unlimited Panorama and Premium Support, 5 YRS",
PAN-VM-50-ELA-BND2-USG-1YR,PALO,"Palo Alto Networks ELA Bundle for VM-Series includes VM-50, Threat Prevention, PANDB, URL filtering, Global Protect, and WildFire
subscriptions, unlimited Panorama and USG Premium Support, 1 YR",
PAN-VM-50-ELA-BND2-USG-3YR,PALO,"Palo Alto Networks ELA Bundle for VM-Series includes VM-50, Threat Prevention, PANDB, URL filtering, Global Protect, and WildFire
subscriptions, unlimited Panorama and USG Premium Support, 3 YRS",
PAN-VM-50-ELA-BND2-USG-5YR,PALO,"Palo Alto Networks ELA Bundle for VM-Series includes VM-50, Threat Prevention, PANDB, URL filtering, Global Protect, and WildFire
subscriptions, unlimited Panorama and USG Premium Support, 5 YRS",
PAN-VM-100-ELA-BND2-PREM-1YR,PALO,"Palo Alto Networks ELA Bundle for VM-Series includes VM-100, Threat Prevention, PANDB, URL filtering, Global Protect, and WildFire
subscriptions, unlimited Panorama and Premium Support, 1 YR",
PAN-VM-100-ELA-BND2-PREM-3YR,PALO,"Palo Alto Networks ELA Bundle for VM-Series includes VM-100, Threat Prevention, PANDB, URL filtering, Global Protect, and WildFire
subscriptions, unlimited Panorama and Premium Support, 3 YRS",
PAN-VM-100-ELA-BND2-PREM-5YR,PALO,"Palo Alto Networks ELA Bundle for VM-Series includes VM-100, Threat Prevention, PANDB, URL filtering, Global Protect, and WildFire
subscriptions, unlimited Panorama and Premium Support, 5 YRS",
PAN-VM-100-ELA-BND2-USG-1YR,PALO,"Palo Alto Networks ELA Bundle for VM-Series includes VM-100, Threat Prevention, PANDB, URL filtering, Global Protect, and WildFire
subscriptions, unlimited Panorama and USG Premium Support, 1 YR",
PAN-VM-100-ELA-BND2-USG-3YR,PALO,"Palo Alto Networks ELA Bundle for VM-Series includes VM-100, Threat Prevention, PANDB, URL filtering, Global Protect, and WildFire
subscriptions, unlimited Panorama and USG Premium Support, 3 YRS",
PAN-VM-100-ELA-BND2-USG-5YR,PALO,"Palo Alto Networks ELA Bundle for VM-Series includes VM-100, Threat Prevention, PANDB, URL filtering, Global Protect, and WildFire
subscriptions, unlimited Panorama and USG Premium Support, 5 YRS",
PAN-VM-300-ELA-BND2-PREM-1YR,PALO,"Palo Alto Networks ELA Bundle for VM-Series includes VM-300, Threat Prevention, PANDB, URL filtering, Global Protect, and WildFire
subscriptions, unlimited Panorama and Premium Support, 1 YR",
PAN-VM-300-ELA-BND2-PREM-3YR,PALO,"Palo Alto Networks ELA Bundle for VM-Series includes VM-300, Threat Prevention, PANDB, URL filtering, Global Protect, and WildFire
subscriptions, unlimited Panorama and Premium Support, 3 YRS",
PAN-VM-300-ELA-BND2-PREM-5YR,PALO,"Palo Alto Networks ELA Bundle for VM-Series includes VM-300, Threat Prevention, PANDB, URL filtering, Global Protect, and WildFire
subscriptions, unlimited Panorama and Premium Support, 5 YRS",
PAN-VM-300-ELA-BND2-USG-1YR,PALO,"Palo Alto Networks ELA Bundle for VM-Series includes VM-300, Threat Prevention, PANDB, URL filtering, Global Protect, and WildFire
subscriptions, unlimited Panorama and USG Premium Support, 1 YR",
PAN-VM-300-ELA-BND2-USG-3YR,PALO,"Palo Alto Networks ELA Bundle for VM-Series includes VM-300, Threat Prevention, PANDB, URL filtering, Global Protect, and WildFire
subscriptions, unlimited Panorama and USG Premium Support, 3 YRS",
PAN-VM-300-ELA-BND2-USG-5YR,PALO,"Palo Alto Networks ELA Bundle for VM-Series includes VM-300, Threat Prevention, PANDB, URL filtering, Global Protect, and WildFire
subscriptions, unlimited Panorama and USG Premium Support, 5 YRS",
PAN-VM-500-ELA-BND2-PREM-1YR,PALO,"Palo Alto Networks ELA Bundle for VM-Series includes VM-500, Threat Prevention, PANDB, URL filtering, Global Protect, and WildFire
subscriptions, unlimited Panorama and Premium Support, 1 YR",
PAN-VM-500-ELA-BND2-PREM-3YR,PALO,"Palo Alto Networks ELA Bundle for VM-Series includes VM-500, Threat Prevention, PANDB, URL filtering, Global Protect, and WildFire
subscriptions, unlimited Panorama and Premium Support, 3 YRS",
PAN-VM-500-ELA-BND2-PREM-5YR,PALO,"Palo Alto Networks ELA Bundle for VM-Series includes VM-500, Threat Prevention, PANDB, URL filtering, Global Protect, and WildFire
subscriptions, unlimited Panorama and Premium Support, 5 YRS",
PAN-VM-500-ELA-BND2-USG-1YR,PALO,"Palo Alto Networks ELA Bundle for VM-Series includes VM-500, Threat Prevention, PANDB, URL filtering, Global Protect, and WildFire
subscriptions, unlimited Panorama and USG Premium Support, 1 YR",
PAN-VM-500-ELA-BND2-USG-3YR,PALO,"Palo Alto Networks ELA Bundle for VM-Series includes VM-500, Threat Prevention, PANDB, URL filtering, Global Protect, and WildFire
subscriptions, unlimited Panorama and USG Premium Support, 3 YRS",
PAN-VM-500-ELA-BND2-USG-5YR,PALO,"Palo Alto Networks ELA Bundle for VM-Series includes VM-500, Threat Prevention, PANDB, URL filtering, Global Protect, and WildFire
subscriptions, unlimited Panorama and USG Premium Support, 5 YRS",
PAN-VM-700-ELA-BND2-PREM-1YR,PALO,"Palo Alto Networks ELA Bundle for VM-Series includes VM-700, Threat Prevention, PANDB, URL filtering, Global Protect, and WildFire
subscriptions, unlimited Panorama and Premium Support, 1 YR",
PAN-VM-700-ELA-BND2-PREM-3YR,PALO,"Palo Alto Networks ELA Bundle for VM-Series includes VM-700, Threat Prevention, PANDB, URL filtering, Global Protect, and WildFire
subscriptions, unlimited Panorama and Premium Support, 3 YRS",
PAN-VM-700-ELA-BND2-PREM-5YR,PALO,"Palo Alto Networks ELA Bundle for VM-Series includes VM-700, Threat Prevention, PANDB, URL filtering, Global Protect, and WildFire
subscriptions, unlimited Panorama and Premium Support, 5 YRS",
PAN-VM-700-ELA-BND2-USG-1YR,PALO,"Palo Alto Networks ELA Bundle for VM-Series includes VM-700, Threat Prevention, PANDB, URL filtering, Global Protect, and WildFire
subscriptions, unlimited Panorama and USG Premium Support, 1 YR",
PAN-VM-700-ELA-BND2-USG-3YR,PALO,"Palo Alto Networks ELA Bundle for VM-Series includes VM-700, Threat Prevention, PANDB, URL filtering, Global Protect, and WildFire
subscriptions, unlimited Panorama and USG Premium Support, 3 YRS",
PAN-VM-700-ELA-BND2-USG-5YR,PALO,"Palo Alto Networks ELA Bundle for VM-Series includes VM-700, Threat Prevention, PANDB, URL filtering, Global Protect, and WildFire
subscriptions, unlimited Panorama and USG Premium Support, 5 YRS",
PAN-VM-1000-HV-ELA-1YR,PALO,"Palo Alto Networks ELA Bundle for VM-Series includes VM-50, Threat Prevention, PANDB, URL filtering, Global Protect, and WildFire
subscriptions, unlimited Panorama and Premium Support, 1 YR",
PAN-VM-1000-HV-ELA-3YR,PALO,"Palo Alto Networks ELA Bundle for VM-Series includes VM-50, Threat Prevention, PANDB, URL filtering, Global Protect, and WildFire
subscriptions, unlimited Panorama and Premium Support, 3 YRS",
PAN-VM-1000-HV-ELA-5YR,PALO,"Palo Alto Networks ELA Bundle for VM-Series includes VM-50, Threat Prevention, PANDB, URL filtering, Global Protect, and WildFire
subscriptions, unlimited Panorama and Premium Support, 5 YRS",
PAN-VM-1000-HV-ELA-USG-1YR,PALO,"Palo Alto Networks ELA Bundle for VM-Series includes VM-50, Threat Prevention, PANDB, URL filtering, Global Protect, and WildFire
subscriptions, unlimited Panorama and USG Premium Support, 1 YR",
PAN-VM-1000-HV-ELA-USG-3YR,PALO,"Palo Alto Networks ELA Bundle for VM-Series includes VM-50, Threat Prevention, PANDB, URL filtering, Global Protect, and WildFire
subscriptions, unlimited Panorama and USG Premium Support, 3 YRS",
PAN-VM-1000-HV-ELA-USG-5YR,PALO,"Palo Alto Networks ELA Bundle for VM-Series includes VM-50, Threat Prevention, PANDB, URL filtering, Global Protect, and WildFire
subscriptions, unlimited Panorama and USG Premium Support, 5 YRS",
PAN-ENT-SUB-ELA-A-1YR,PALO,"Enterprise License Agreement, TP, PANDB URL, WF, GP, 1 year, Tier A",
PAN-ENT-SUB-ELA-A-3YR,PALO,"Enterprise License Agreement, TP, PANDB URL, WF, GP, 3 year, Tier A",
PAN-ENT-SUB-ELA-B-1YR,PALO,"Enterprise License Agreement, TP, PANDB URL, WF, GP, 1 year, Tier B",
PAN-ENT-SUB-ELA-B-3YR,PALO,"Enterprise License Agreement, TP, PANDB URL, WF, GP, 3 year, Tier B",
PAN-ENT-SUB-ELA-C-1YR,PALO,"Enterprise License Agreement, TP, PANDB URL, WF, GP, 1 year, Tier C",
PAN-ENT-SUB-ELA-C-3YR,PALO,"Enterprise License Agreement, TP, PANDB URL, WF, GP, 3 year, Tier C",
PAN-ENT-SUB-ELA-D-1YR,PALO,"Enterprise License Agreement, TP, PANDB URL, WF, GP, 1 year, Tier D",
PAN-ENT-SUB-ELA-D-3YR,PALO,"Enterprise License Agreement, TP, PANDB URL, WF, GP, 3 year, Tier D",
PAN-ENT-SUB-ELA-E-1YR,PALO,"Enterprise License Agreement, TP, PANDB URL, WF, GP, 1 year, Tier E",
PAN-ENT-SUB-ELA-E-3YR,PALO,"Enterprise License Agreement, TP, PANDB URL, WF, GP, 3 year, Tier E",
PAN-ENT-SUB-ELA-F-1YR,PALO,"Enterprise License Agreement, TP, PANDB URL, WF, GP, 1 year, Tier F",
PAN-ENT-SUB-ELA-F-3YR,PALO,"Enterprise License Agreement, TP, PANDB URL, WF, GP, 3 year, Tier F",
PAN-ENT-SUB-ELA-G-1YR,PALO,"Enterprise License Agreement, TP, PANDB URL, WF, GP, 1 year, Tier G",
PAN-ENT-SUB-ELA-G-3YR,PALO,"Enterprise License Agreement, TP, PANDB URL, WF, GP, 3 year, Tier G",
PAN-ENT-SUB-ELA-H-1YR,PALO,"Enterprise License Agreement, TP, PANDB URL, WF, GP, 1 year, Tier H",
PAN-ENT-SUB-ELA-H-3YR,PALO,"Enterprise License Agreement, TP, PANDB URL, WF, GP, 3 year, Tier H",
PAN-ENT-SUB-ELA-I-1YR,PALO,"Enterprise License Agreement, TP, PANDB URL, WF, GP, 1 year, Tier I",
PAN-ENT-SUB-ELA-I-3YR,PALO,"Enterprise License Agreement, TP, PANDB URL, WF, GP, 3 year, Tier I",
PAN-ENT-SUB-ELA-J-1YR,PALO,"Enterprise License Agreement, TP, PANDB URL, WF, GP, 1 year, Tier J",
PAN-ENT-SUB-ELA-J-3YR,PALO,"Enterprise License Agreement, TP, PANDB URL, WF, GP, 3 year, Tier J",
PAN-ENT-SUB-ELA-K-1YR,PALO,"Enterprise License Agreement, TP, PANDB URL, WF, GP, 1 year, Tier K",
PAN-ENT-SUB-ELA-K-3YR,PALO,"Enterprise License Agreement, TP, PANDB URL, WF, GP, 3 year, Tier K",
PAN-ENT-SUB-ELA-L-1YR,PALO,"Enterprise License Agreement, TP, PANDB URL, WF, GP, 1 year, Tier L",
PAN-ENT-SUB-ELA-L-3YR,PALO,"Enterprise License Agreement, TP, PANDB URL, WF, GP, 3 year, Tier L",
PAN-ENT-SUB-ELA-M-1YR,PALO,"Enterprise License Agreement, TP, PANDB URL, WF, GP, 1 year, Tier M",
PAN-ENT-SUB-ELA-M-3YR,PALO,"Enterprise License Agreement, TP, PANDB URL, WF, GP, 3 year, Tier M",
PAN-ENT-SUB-ELA-N-1YR,PALO,"Enterprise License Agreement, TP, PANDB URL, WF, GP, 1 year, Tier N",
,PALO,,
PAN-ENT-SUB-ELA-N-3YR,PALO,"Enterprise License Agreement, TP, PANDB URL, WF, GP, 3 year, Tier N",
PAN-ENT-SUB-ELA-O-1YR,PALO,"Enterprise License Agreement, TP, PANDB URL, WF, GP, 1 year, Tier O",
PAN-ENT-SUB-ELA-O-3YR,PALO,"Enterprise License Agreement, TP, PANDB URL, WF, GP, 3 year, Tier O",
PAN-ENT-SUB-ELA-P-1YR,PALO,"Enterprise License Agreement, TP, PANDB URL, WF, GP, 1 year, Tier P",
PAN-ENT-SUB-ELA-P-3YR,PALO,"Enterprise License Agreement, TP, PANDB URL, WF, GP, 3 year, Tier P",
PAN-ENT-SUB-ELA-Q-1YR,PALO,"Enterprise License Agreement, TP, PANDB URL, WF, GP, 1 year, Tier Q",
PAN-ENT-SUB-ELA-Q-3YR,PALO,"Enterprise License Agreement, TP, PANDB URL, WF, GP, 3 year, Tier Q",
PAN-ENT-SUB-ELA-R-1YR,PALO,"Enterprise License Agreement, TP, PANDB URL, WF, GP, 1 year, Tier R",
PAN-ENT-SUB-ELA-R-3YR,PALO,"Enterprise License Agreement, TP, PANDB URL, WF, GP, 3 year, Tier R",
PAN-ENT-SUB-ELA-S-1YR,PALO,"Enterprise License Agreement, TP, PANDB URL, WF, GP, 1 year, Tier S",
PAN-ENT-SUB-ELA-S-3YR,PALO,"Enterprise License Agreement, TP, PANDB URL, WF, GP, 3 year, Tier S",
PAN-ENT-SUB-ELA-T-1YR,PALO,"Enterprise License Agreement, TP, PANDB URL, WF, GP, 1 year, Tier T",
PAN-ENT-SUB-ELA-T-3YR,PALO,"Enterprise License Agreement, TP, PANDB URL, WF, GP, 3 year, Tier T",
PAN-ENT-SUB-ELA-U-1YR,PALO,"Enterprise License Agreement, TP, PANDB URL, WF, GP, 1 year, Tier U",
PAN-ENT-SUB-ELA-U-3YR,PALO,"Enterprise License Agreement, TP, PANDB URL, WF, GP, 3 year, Tier U",
PAN-ENT-SUB-ELA-V-1YR,PALO,"Enterprise License Agreement, TP, PANDB URL, WF, GP, 1 year, Tier V",
PAN-ENT-SUB-ELA-V-3YR,PALO,"Enterprise License Agreement, TP, PANDB URL, WF, GP, 3 year, Tier V",
PAN-ENT-SUB-ELA-W-1YR,PALO,"Enterprise License Agreement, TP, PANDB URL, WF, GP, 1 year, Tier W",
PAN-ENT-SUB-ELA-W-3YR,PALO,"Enterprise License Agreement, TP, PANDB URL, WF, GP, 3 year, Tier W",
PAN-ENT-SUB-ELA-X-1YR,PALO,"Enterprise License Agreement, TP, PANDB URL, WF, GP, 1 year, Tier X",
PAN-ENT-SUB-ELA-X-3YR,PALO,"Enterprise License Agreement, TP, PANDB URL, WF, GP, 3 year, Tier X",
PAN-ENT-SUB-ELA-Y-1YR,PALO,"Enterprise License Agreement, TP, PANDB URL, WF, GP, 1 year, Tier Y",
PAN-ENT-SUB-ELA-Y-3YR,PALO,"Enterprise License Agreement, TP, PANDB URL, WF, GP, 3 year, Tier Y",
PAN-ENT-SUB-ELA-Z-1YR,PALO,"Enterprise License Agreement, TP, PANDB URL, WF, GP, 1 year, Tier Z",
PAN-ENT-SUB-ELA-Z-3YR,PALO,"Enterprise License Agreement, TP, PANDB URL, WF, GP, 3 year, Tier Z",
PAN-ENT-SUB-ELA-AA-1YR,PALO,"Enterprise License Agreement, TP, PANDB URL, WF, GP, 1 year, Tier AA",
PAN-ENT-SUB-ELA-AA-3YR,PALO,"Enterprise License Agreement, TP, PANDB URL, WF, GP, 3 year, Tier AA",
PAN-ENT-SUB-ELA-BB-1YR,PALO,"Enterprise License Agreement, TP, PANDB URL, WF, GP, 1 year, Tier BB",
PAN-ENT-SUB-ELA-BB-3YR,PALO,"Enterprise License Agreement, TP, PANDB URL, WF, GP, 3 year, Tier BB",
PAN-ENT-SUB-ELA-CC-1YR,PALO,"Enterprise License Agreement, TP, PANDB URL, WF, GP, 1 year, Tier CC",
PAN-ENT-SUB-ELA-CC-3YR,PALO,"Enterprise License Agreement, TP, PANDB URL, WF, GP, 3 year, Tier CC",
PAN-ENT-SUB-ELA-DD-1YR,PALO,"Enterprise License Agreement, TP, PANDB URL, WF, GP, 1 year, Tier DD",
PAN-ENT-SUB-ELA-DD-3YR,PALO,"Enterprise License Agreement, TP, PANDB URL, WF, GP, 3 year, Tier DD",
PAN-ENT-SUB-ELA-EE-1YR,PALO,"Enterprise License Agreement, TP, PANDB URL, WF, GP, 1 year, Tier EE",
PAN-ENT-SUB-ELA-EE-3YR,PALO,"Enterprise License Agreement, TP, PANDB URL, WF, GP, 3 year, Tier EE",
PAN-ENT-SUB-ELA-FF-1YR,PALO,"Enterprise License Agreement, TP, PANDB URL, WF, GP, 1 year, Tier FF",
PAN-ENT-SUB-ELA-FF-3YR,PALO,"Enterprise License Agreement, TP, PANDB URL, WF, GP, 3 year, Tier FF",
PAN-ENT-SUB-ELA-GG-1YR,PALO,"Enterprise License Agreement, TP, PANDB URL, WF, GP, 1 year, Tier GG",
PAN-ENT-SUB-ELA-GG-3YR,PALO,"Enterprise License Agreement, TP, PANDB URL, WF, GP, 3 year, Tier GG",
PAN-ENT-SUB-ELA-HH-1YR,PALO,"Enterprise License Agreement, TP, PANDB URL, WF, GP, 1 year, Tier HH",
PAN-ENT-SUB-ELA-HH-3YR,PALO,"Enterprise License Agreement, TP, PANDB URL, WF, GP, 3 year, Tier HH",
PAN-ENT-SUB-ELA-II-1YR,PALO,"Enterprise License Agreement, TP, PANDB URL, WF, GP, 1 year, Tier II",
PAN-ENT-SUB-ELA-II-3YR,PALO,"Enterprise License Agreement, TP, PANDB URL, WF, GP, 3 year, Tier II",
PAN-ENT-SUB-ELA-JJ-1YR,PALO,"Enterprise License Agreement, TP, PANDB URL, WF, GP, 1 year, Tier JJ",
PAN-ENT-SUB-ELA-JJ-3YR,PALO,"Enterprise License Agreement, TP, PANDB URL, WF, GP, 3 year, Tier JJ",
PAN-ENT-SUB-ELA-KK-1YR,PALO,"Enterprise License Agreement, TP, PANDB URL, WF, GP, 1 year, Tier KK",
PAN-ENT-SUB-ELA-KK-3YR,PALO,"Enterprise License Agreement, TP, PANDB URL, WF, GP, 3 year, Tier KK",
PAN-ENT-SUB-ELA-LL-1YR,PALO,"Enterprise License Agreement, TP, PANDB URL, WF, GP, 1 year, Tier LL",
PAN-ENT-SUB-ELA-LL-3YR,PALO,"Enterprise License Agreement, TP, PANDB URL, WF, GP, 3 year, Tier LL",
PAN-ENT-SUB-ELA-MM-1YR,PALO,"Enterprise License Agreement, TP, PANDB URL, WF, GP, 1 year, Tier MM",
PAN-ENT-SUB-ELA-MM-3YR,PALO,"Enterprise License Agreement, TP, PANDB URL, WF, GP, 3 year, Tier MM",
PAN-ENT-SUB-ELA-NN-1YR,PALO,"Enterprise License Agreement, TP, PANDB URL, WF, GP, 1 year, Tier NN",
PAN-ENT-SUB-ELA-NN-3YR,PALO,"Enterprise License Agreement, TP, PANDB URL, WF, GP, 3 year, Tier NN",
PAN-ENT-SUB-ELA-OO-1YR,PALO,"Enterprise License Agreement, TP, PANDB URL, WF, GP, 1 year, Tier OO",
PAN-ENT-SUB-ELA-OO-3YR,PALO,"Enterprise License Agreement, TP, PANDB URL, WF, GP, 3 year, Tier OO",
PAN-ENT-SUB-ELA-PP-1YR,PALO,"Enterprise License Agreement, TP, PANDB URL, WF, GP, 1 year, Tier PP",
PAN-ENT-SUB-ELA-PP-3YR,PALO,"Enterprise License Agreement, TP, PANDB URL, WF, GP, 3 year, Tier PP",
PAN-ENT-SUB-ELA-QQ-1YR,PALO,"Enterprise License Agreement, TP, PANDB URL, WF, GP, 1 year, Tier QQ",
PAN-ENT-SUB-ELA-QQ-3YR,PALO,"Enterprise License Agreement, TP, PANDB URL, WF, GP, 3 year, Tier QQ",
PAN-ENT-SUB-ELA-RR-1YR,PALO,"Enterprise License Agreement, TP, PANDB URL, WF, GP, 1 year, Tier RR",
PAN-ENT-SUB-ELA-RR-3YR,PALO,"Enterprise License Agreement, TP, PANDB URL, WF, GP, 3 year, Tier RR",
PAN-ENT-SUB-ELA-SS-1YR,PALO,"Enterprise License Agreement, TP, PANDB URL, WF, GP, 1 year, Tier SS",
PAN-ENT-SUB-ELA-SS-3YR,PALO,"Enterprise License Agreement, TP, PANDB URL, WF, GP, 3 year, Tier SS",
PAN-ENT-SUB-ELA-TT-1YR,PALO,"Enterprise License Agreement, TP, PANDB URL, WF, GP, 1 year, Tier TT",
PAN-ENT-SUB-ELA-TT-3YR,PALO,"Enterprise License Agreement, TP, PANDB URL, WF, GP, 3 year, Tier TT",
PAN-ENT-SUB-ELA-UU-1YR,PALO,"Enterprise License Agreement, TP, PANDB URL, WF, GP, 1 year, Tier UU",
PAN-ENT-SUB-ELA-UU-3YR,PALO,"Enterprise License Agreement, TP, PANDB URL, WF, GP, 3 year, Tier UU",
PAN-ENT-SUB-ELA-VV-1YR,PALO,"Enterprise License Agreement, TP, PANDB URL, WF, GP, 1 year, Tier VV",
PAN-ENT-SUB-ELA-VV-3YR,PALO,"Enterprise License Agreement, TP, PANDB URL, WF, GP, 3 year, Tier VV",
PAN-ENT-SUB-ELA-WW-1YR,PALO,"Enterprise License Agreement, TP, PANDB URL, WF, GP, 1 year, Tier WW",
PAN-ENT-SUB-ELA-WW-3YR,PALO,"Enterprise License Agreement, TP, PANDB URL, WF, GP, 3 year, Tier WW",
PAN-ENT-SUB-ELA-XX-1YR,PALO,"Enterprise License Agreement, TP, PANDB URL, WF, GP, 1 year, Tier XX",
PAN-ENT-SUB-ELA-XX-3YR,PALO,"Enterprise License Agreement, TP, PANDB URL, WF, GP, 3 year, Tier XX",
PAN-ENT-SUB-ELA-YY-1YR,PALO,"Enterprise License Agreement, TP, PANDB URL, WF, GP, 1 year, Tier YY",
PAN-ENT-SUB-ELA-YY-3YR,PALO,"Enterprise License Agreement, TP, PANDB URL, WF, GP, 3 year, Tier YY",
PAN-ENT-SUB-ELA-ZZ-1YR,PALO,"Enterprise License Agreement, TP, PANDB URL, WF, GP, 1 year, Tier ZZ",
PAN-ENT-SUB-ELA-ZZ-3YR,PALO,"Enterprise License Agreement, TP, PANDB URL, WF, GP, 3 year, Tier ZZ",
PAN-ENT-SUB-ELA-AB-1YR,PALO,"Enterprise License Agreement, TP, PANDB URL, WF, GP, 1 year, Tier AB",
PAN-ENT-SUB-ELA-AB-3YR,PALO,"Enterprise License Agreement, TP, PANDB URL, WF, GP, 3 year, Tier AB",
PAN-ENT-SUB-ELA-AC-1YR,PALO,"Enterprise License Agreement, TP, PANDB URL, WF, GP, 1 year, Tier AC",
PAN-ENT-SUB-ELA-AC-3YR,PALO,"Enterprise License Agreement, TP, PANDB URL, WF, GP, 3 year, Tier AC",
PAN-ENT-SUB-ELA-AD-1YR,PALO,"Enterprise License Agreement, TP, PANDB URL, WF, GP, 1 year, Tier AD",
PAN-ENT-SUB-ELA-AD-3YR,PALO,"Enterprise License Agreement, TP, PANDB URL, WF, GP, 3 year, Tier AD",
PAN-ENT-SUB-ELA-AE-1YR,PALO,"Enterprise License Agreement, TP, PANDB URL, WF, GP, 1 year, Tier AE",
PAN-ENT-SUB-ELA-AE-3YR,PALO,"Enterprise License Agreement, TP, PANDB URL, WF, GP, 3 year, Tier AE",
PAN-ENT-SUB-ELA-AF-1YR,PALO,"Enterprise License Agreement, TP, PANDB URL, WF, GP, 1 year, Tier AF",
PAN-ENT-SUB-ELA-AF-3YR,PALO,"Enterprise License Agreement, TP, PANDB URL, WF, GP, 3 year, Tier AF",
PAN-ENT-SUB-ELA-AG-1YR,PALO,"Enterprise License Agreement, TP, PANDB URL, WF, GP, 1 year, Tier AG",
PAN-ENT-SUB-ELA-AG-3YR,PALO,"Enterprise License Agreement, TP, PANDB URL, WF, GP, 3 year, Tier AG",
PAN-ENT-SUB-ELA-AH-1YR,PALO,"Enterprise License Agreement, TP, PANDB URL, WF, GP, 1 year, Tier AH",
PAN-ENT-SUB-ELA-AH-3YR,PALO,"Enterprise License Agreement, TP, PANDB URL, WF, GP, 3 year, Tier AH",
PAN-ENT-PREM-ESA-A-1YR,PALO,"Enterprise Support Agreement, 1 year Premium Support, Tier A",
PAN-ENT-PREM-ESA-A-3YR,PALO,"Enterprise Support Agreement, 3 year Premium Support, Tier A",
PAN-ENT-PREM-ESA-B-1YR,PALO,"Enterprise Support Agreement, 1 year Premium Support, Tier B",
PAN-ENT-PREM-ESA-B-3YR,PALO,"Enterprise Support Agreement, 3 years Premium Support, Tier B",
PAN-ENT-PREM-ESA-C-1YR,PALO,"Enterprise Support Agreement, 1 year Premium Support, Tier C",
,PALO,,
PAN-ENT-PREM-ESA-C-3YR,PALO,"Enterprise Support Agreement, 3 years Premium Support, Tier C",
PAN-ENT-PREM-ESA-D-1YR,PALO,"Enterprise Support Agreement, 1 year Premium Support, Tier D",
PAN-ENT-PREM-ESA-D-3YR,PALO,"Enterprise Support Agreement, 3 years Premium Support, Tier D",
PAN-ENT-PREM-ESA-E-1YR,PALO,"Enterprise Support Agreement, 1 year Premium Support, Tier E",
PAN-ENT-PREM-ESA-E-3YR,PALO,"Enterprise Support Agreement, 3 years Premium Support, Tier E",
PAN-ENT-PREM-ESA-F-1YR,PALO,"Enterprise Support Agreement, 1 year Premium Support, Tier F",
PAN-ENT-PREM-ESA-F-3YR,PALO,"Enterprise Support Agreement, 3 years Premium Support, Tier F",
PAN-ENT-PREM-ESA-G-1YR,PALO,"Enterprise Support Agreement, 1 year Premium Support, Tier G",
PAN-ENT-PREM-ESA-G-3YR,PALO,"Enterprise Support Agreement, 3 years Premium Support, Tier G",
PAN-ENT-PREM-ESA-H-1YR,PALO,"Enterprise Support Agreement, 1 year Premium Support, Tier H",
PAN-ENT-PREM-ESA-H-3YR,PALO,"Enterprise Support Agreement, 3 years Premium Support, Tier H",
PAN-ENT-PREM-ESA-I-1YR,PALO,"Enterprise Support Agreement, 1 year Premium Support, Tier I",
PAN-ENT-PREM-ESA-I-3YR,PALO,"Enterprise Support Agreement, 3 years Premium Support, Tier I",
PAN-ENT-PREM-ESA-J-1YR,PALO,"Enterprise Support Agreement, 1 year Premium Support, Tier J",
PAN-ENT-PREM-ESA-J-3YR,PALO,"Enterprise Support Agreement, 3 years Premium Support, Tier J",
PAN-ENT-PREM-ESA-K-1YR,PALO,"Enterprise Support Agreement, 1 year Premium Support, Tier K",
PAN-ENT-PREM-ESA-K-3YR,PALO,"Enterprise Support Agreement, 3 years Premium Support, Tier K",
PAN-ENT-PREM-ESA-L-1YR,PALO,"Enterprise Support Agreement, 1 year Premium Support, Tier L",
PAN-ENT-PREM-ESA-L-3YR,PALO,"Enterprise Support Agreement, 3 years Premium Support, Tier L",
PAN-ENT-PREM-ESA-M-1YR,PALO,"Enterprise Support Agreement, 1 year Premium Support, Tier M",
PAN-ENT-PREM-ESA-M-3YR,PALO,"Enterprise Support Agreement, 3 years Premium Support, Tier M",
PAN-ENT-PREM-ESA-N-1YR,PALO,"Enterprise Support Agreement, 1 year Premium Support, Tier N",
PAN-ENT-PREM-ESA-N-3YR,PALO,"Enterprise Support Agreement, 3 years Premium Support, Tier N",
PAN-ENT-PREM-ESA-O-1YR,PALO,"Enterprise Support Agreement, 1 year Premium Support, includes a TAM, Tier O",
PAN-ENT-PREM-ESA-O-3YR,PALO,"Enterprise Support Agreement, 3 years Premium Support, includes a TAM, Tier O",
PAN-ENT-PREM-ESA-P-1YR,PALO,"Enterprise Support Agreement, 1 year Premium Support, includes a TAM, Tier P",
PAN-ENT-PREM-ESA-P-3YR,PALO,"Enterprise Support Agreement, 3 years Premium Support, includes a TAM, Tier P",
PAN-ENT-PREM-ESA-Q-1YR,PALO,"Enterprise Support Agreement, 1 year Premium Support, includes a TAM, Tier Q",
PAN-ENT-PREM-ESA-Q-3YR,PALO,"Enterprise Support Agreement, 3 years Premium Support, includes a TAM, Tier Q",
PAN-ENT-PREM-ESA-R-1YR,PALO,"Enterprise Support Agreement, 1 year Premium Support, includes a TAM, Tier R",
PAN-ENT-PREM-ESA-R-3YR,PALO,"Enterprise Support Agreement, 3 years Premium Support, includes a TAM, Tier R",
PAN-ENT-PREM-ESA-S-1YR,PALO,"Enterprise Support Agreement, 1 year Premium Support, includes a TAM, Tier S",
PAN-ENT-PREM-ESA-S-3YR,PALO,"Enterprise Support Agreement, 3 years Premium Support, includes a TAM, Tier S",
PAN-ENT-PREM-ESA-T-1YR,PALO,"Enterprise Support Agreement, 1 year Premium Support, includes a TAM, Tier T",
PAN-ENT-PREM-ESA-T-3YR,PALO,"Enterprise Support Agreement, 3 years Premium Support, includes a TAM, Tier T",
PAN-ENT-PREM-ESA-U-1YR,PALO,"Enterprise Support Agreement, 1 year Premium Support, includes a TAM, Tier U",
PAN-ENT-PREM-ESA-U-3YR,PALO,"Enterprise Support Agreement, 3 years Premium Support, includes a TAM, Tier U",
PAN-ENT-PREM-ESA-V-1YR,PALO,"Enterprise Support Agreement, 1 year Premium Support, includes a TAM, Tier V",
PAN-ENT-PREM-ESA-V-3YR,PALO,"Enterprise Support Agreement, 3 years Premium Support, includes a TAM, Tier V",
PAN-ENT-PREM-ESA-W-1YR,PALO,"Enterprise Support Agreement, 1 year Premium Support, includes a TAM, Tier W",
PAN-ENT-PREM-ESA-W-3YR,PALO,"Enterprise Support Agreement, 3 years Premium Support, includes a TAM, Tier W",
PAN-ENT-PREM-ESA-X-1YR,PALO,"Enterprise Support Agreement, 1 year Premium Support, includes a TAM, Tier X",
PAN-ENT-PREM-ESA-X-3YR,PALO,"Enterprise Support Agreement, 3 years Premium Support, includes a TAM, Tier X",
PAN-ENT-PREM-ESA-Y-1YR,PALO,"Enterprise Support Agreement, 1 year Premium Support, includes Premium Plus, Tier Y",
PAN-ENT-PREM-ESA-Y-3YR,PALO,"Enterprise Support Agreement, 3 years Premium Support, includes Premium Plus, Tier Y",
PAN-ENT-PREM-ESA-Z-1YR,PALO,"Enterprise Support Agreement, 1 year Premium Support, includes Premium Plus, Tier Z",
PAN-ENT-PREM-ESA-Z-3YR,PALO,"Enterprise Support Agreement, 3 years Premium Support, includes Premium Plus, Tier Z",
PAN-ENT-PREM-ESA-AA-1YR,PALO,"Enterprise Support Agreement, 1 year Premium Support, includes Premium Plus, Tier AA",
PAN-ENT-PREM-ESA-AA-3YR,PALO,"Enterprise Support Agreement, 3 years Premium Support, includes Premium Plus, Tier AA",
PAN-ENT-PREM-ESA-BB-1YR,PALO,"Enterprise Support Agreement, 1 year Premium Support, includes Premium Plus, Tier BB",
PAN-ENT-PREM-ESA-BB-3YR,PALO,"Enterprise Support Agreement, 3 years Premium Support, includes Premium Plus, Tier BB",
PAN-ENT-PREM-ESA-CC-1YR,PALO,"Enterprise Support Agreement, 1 year Premium Support, includes Premium Plus, Tier CC",
PAN-ENT-PREM-ESA-CC-3YR,PALO,"Enterprise Support Agreement, 3 years Premium Support, includes Premium Plus, Tier CC",
PAN-ENT-PREM-ESA-DD-1YR,PALO,"Enterprise Support Agreement, 1 year Premium Support, includes Premium Plus, Tier DD",
PAN-ENT-PREM-ESA-DD-3YR,PALO,"Enterprise Support Agreement, 3 years Premium Support, includes Premium Plus, Tier DD",
PAN-ENT-PREM-ESA-EE-1YR,PALO,"Enterprise Support Agreement, 1 year Premium Support, includes Premium Plus, Tier EE",
PAN-ENT-PREM-ESA-EE-3YR,PALO,"Enterprise Support Agreement, 3 years Premium Support, includes Premium Plus, Tier EE",
PAN-ENT-PREM-ESA-FF-1YR,PALO,"Enterprise Support Agreement, 1 year Premium Support, includes Premium Plus, Tier FF",
PAN-ENT-PREM-ESA-FF-3YR,PALO,"Enterprise Support Agreement, 3 years Premium Support, includes Premium Plus, Tier FF",
PAN-ENT-PREM-ESA-GG-1YR,PALO,"Enterprise Support Agreement, 1 year Premium Support, includes Premium Plus, Tier GG",
PAN-ENT-PREM-ESA-GG-3YR,PALO,"Enterprise Support Agreement, 3 years Premium Support, includes Premium Plus, Tier GG",
PAN-ENT-PREM-ESA-HH-1YR,PALO,"Enterprise Support Agreement, 1 year Premium Support, includes Premium Plus, Tier HH",
PAN-ENT-PREM-ESA-HH-3YR,PALO,"Enterprise Support Agreement, 3 years Premium Support, includes Premium Plus, Tier HH",
PAN-ENT-PREM-ESA-II-1YR,PALO,"Enterprise Support Agreement, 1 year Premium Support, includes Premium Plus , Tier II",
PAN-ENT-PREM-ESA-II-3YR,PALO,"Enterprise Support Agreement, 3 years Premium Support, includes Premium Plus , Tier II",
PAN-ENT-PREM-ESA-JJ-1YR,PALO,"Enterprise Support Agreement, 1 year Premium Support, includes Premium Plus , Tier JJ",
PAN-ENT-PREM-ESA-JJ-3YR,PALO,"Enterprise Support Agreement, 3 years Premium Support, includes Premium Plus , Tier JJ",
PAN-ENT-PREM-ESA-KK-1YR,PALO,"Enterprise Support Agreement, 1 year Premium Support, includes Premium Plus , Tier KK",
PAN-ENT-PREM-ESA-KK-3YR,PALO,"Enterprise Support Agreement, 3 years Premium Support, includes Premium Plus , Tier KK",
PAN-ENT-PREM-ESA-LL-1YR,PALO,"Enterprise Support Agreement, 1 year Premium Support, includes Premium Plus , Tier LL",
PAN-ENT-PREM-ESA-LL-3YR,PALO,"Enterprise Support Agreement, 3 years Premium Support, includes Premium Plus , Tier LL",
PAN-ENT-PREM-ESA-MM-1YR,PALO,"Enterprise Support Agreement, 1 year Premium Support, includes Premium Plus , Tier MM",
PAN-ENT-PREM-ESA-MM-3YR,PALO,"Enterprise Support Agreement, 3 years Premium Support, includes Premium Plus , Tier MM",
PAN-ENT-PREM-ESA-NN-1YR,PALO,"Enterprise Support Agreement, 1 year Premium Support, includes Premium Plus x2, Tier NN",
PAN-ENT-PREM-ESA-NN-3YR,PALO,"Enterprise Support Agreement, 3 years Premium Support, includes Premium Plus x2, Tier NN",
PAN-ENT-PREM-ESA-OO-1YR,PALO,"Enterprise Support Agreement, 1 year Premium Support, includes Premium Plus x2, Tier OO",
PAN-ENT-PREM-ESA-OO-3YR,PALO,"Enterprise Support Agreement, 3 years Premium Support, includes Premium Plus x2, Tier OO",
PAN-ENT-PREM-ESA-PP-1YR,PALO,"Enterprise Support Agreement, 1 year Premium Support, includes Premium Plus x2, Tier PP",
PAN-ENT-PREM-ESA-PP-3YR,PALO,"Enterprise Support Agreement, 3 years Premium Support, includes Premium Plus x2, Tier PP",
PAN-ENT-PREM-ESA-QQ-1YR,PALO,"Enterprise Support Agreement, 1 year Premium Support, includes Premium Plus x2, Tier QQ",
PAN-ENT-PREM-ESA-QQ-3YR,PALO,"Enterprise Support Agreement, 3 years Premium Support, includes Premium Plus x2, Tier QQ",
PAN-ENT-PREM-ESA-RR-1YR,PALO,"Enterprise Support Agreement, 1 year Premium Support, includes Premium Plus x2, Tier RR",
PAN-ENT-PREM-ESA-RR-3YR,PALO,"Enterprise Support Agreement, 3 years Premium Support, includes Premium Plus x2, Tier RR",
PAN-ENT-PREM-ESA-SS-1YR,PALO,"Enterprise Support Agreement, 1 year Premium Support, includes Premium Plus x2, Tier SS",
PAN-ENT-PREM-ESA-SS-3YR,PALO,"Enterprise Support Agreement, 3 years Premium Support, includes Premium Plus x2, Tier SS",
PAN-ENT-PREM-ESA-TT-1YR,PALO,"Enterprise Support Agreement, 1 year Premium Support, includes Premium Plus x2, Tier TT",
PAN-ENT-PREM-ESA-TT-3YR,PALO,"Enterprise Support Agreement, 3 years Premium Support, includes Premium Plus x2, Tier TT",
PAN-ENT-PREM-ESA-UU-1YR,PALO,"Enterprise Support Agreement, 1 year Premium Support, includes Premium Plus x2, Tier UU",
PAN-ENT-PREM-ESA-UU-3YR,PALO,"Enterprise Support Agreement, 3 years Premium Support, includes Premium Plus x2, Tier UU",
PAN-ENT-PREM-ESA-VV-1YR,PALO,"Enterprise Support Agreement, 1 year Premium Support, includes Premium Plus x2, Tier VV",
PAN-ENT-PREM-ESA-VV-3YR,PALO,"Enterprise Support Agreement, 3 years Premium Support, includes Premium Plus x2, Tier VV",
PAN-ENT-PREM-ESA-WW-1YR,PALO,"Enterprise Support Agreement, 1 year Premium Support, includes Premium Plus x2, Tier WW",
PAN-ENT-PREM-ESA-WW-3YR,PALO,"Enterprise Support Agreement, 3 years Premium Support, includes Premium Plus x2, Tier WW",
PAN-ENT-PREM-ESA-XX-1YR,PALO,"Enterprise Support Agreement, 1 year Premium Support, includes Premium Plus x2, Tier XX",
PAN-ENT-PREM-ESA-XX-3YR,PALO,"Enterprise Support Agreement, 3 years Premium Support, includes Premium Plus x2, Tier XX",
PAN-ENT-PREM-ESA-YY-1YR,PALO,"Enterprise Support Agreement, 1 year Premium Support, includes Premium Plus x2, Tier YY",
,PALO,,
PAN-ENT-PREM-ESA-YY-3YR,PALO,"Enterprise Support Agreement, 3 years Premium Support, includes Premium Plus x2, Tier YY",
PAN-ENT-PREM-ESA-ZZ-1YR,PALO,"Enterprise Support Agreement, 1 year Premium Support, includes Premium Plus x2, Tier ZZ",
PAN-ENT-PREM-ESA-ZZ-3YR,PALO,"Enterprise Support Agreement, 3 years Premium Support, includes Premium Plus x2, Tier ZZ",
PAN-ENT-PREM-ESA-AB-1YR,PALO,"Enterprise Support Agreement, 1 year Premium Support, includes Premium Plus, Tier AB",
PAN-ENT-PREM-ESA-AB-3YR,PALO,"Enterprise Support Agreement, 3 years Premium Support, includes Premium Plus, Tier AB",
PAN-ENT-PREM-ESA-AC-1YR,PALO,"Enterprise Support Agreement, 1 year Premium Support, includes Premium Plus, Tier AC",
PAN-ENT-PREM-ESA-AC-3YR,PALO,"Enterprise Support Agreement, 3 years Premium Support, includes Premium Plus, Tier AC",
PAN-ENT-PREM-ESA-AD-1YR,PALO,"Enterprise Support Agreement, 1 year Premium Support, includes Premium Plus, Tier AD",
PAN-ENT-PREM-ESA-AD-3YR,PALO,"Enterprise Support Agreement, 3 years Premium Support, includes Premium Plus, Tier AD",
PAN-ENT-PREM-ESA-AE-1YR,PALO,"Enterprise Support Agreement, 1 year Premium Support, includes Premium Plus, Tier AE",
PAN-ENT-PREM-ESA-AE-3YR,PALO,"Enterprise Support Agreement, 3 years Premium Support, includes Premium Plus, Tier AE",
PAN-ENT-PREM-ESA-AF-1YR,PALO,"Enterprise Support Agreement, 1 year Premium Support, includes Premium Plus, Tier AF",
PAN-ENT-PREM-ESA-AF-3YR,PALO,"Enterprise Support Agreement, 3 years Premium Support, includes Premium Plus, Tier AF",
PAN-ENT-PREM-ESA-AG-1YR,PALO,"Enterprise Support Agreement, 1 year Premium Support, includes Premium Plus, Tier AG",
PAN-ENT-PREM-ESA-AG-3YR,PALO,"Enterprise Support Agreement, 3 years Premium Support, includes Premium Plus, Tier AG",
PAN-ENT-PREM-ESA-AH-1YR,PALO,"Enterprise Support Agreement, 1 year Premium Support, includes Premium Plus, Tier AH",
PAN-ENT-PREM-ESA-AH-3YR,PALO,"Enterprise Support Agreement, 3 years Premium Support, includes Premium Plus, Tier AH",
PAN-ENT-USG-ESA-A-1YR,PALO,"Enterprise Support Agreement, 1 year US Government Premium Support, Tier A",
PAN-ENT-USG-ESA-A-3YR,PALO,"Enterprise Support Agreement, 3 years US Government Premium Support, Tier A",
PAN-ENT-USG-ESA-B-1YR,PALO,"Enterprise Support Agreement, 1 year US Government Premium Support, Tier B",
PAN-ENT-USG-ESA-B-3YR,PALO,"Enterprise Support Agreement, 3 years US Government Premium Support, Tier B",
PAN-ENT-USG-ESA-C-1YR,PALO,"Enterprise Support Agreement, 1 year US Government Premium Support, Tier C",
PAN-ENT-USG-ESA-C-3YR,PALO,"Enterprise Support Agreement, 3 years US Government Premium Support, Tier C",
PAN-ENT-USG-ESA-D-1YR,PALO,"Enterprise Support Agreement, 1 year US Government Premium Support, Tier D",
PAN-ENT-USG-ESA-D-3YR,PALO,"Enterprise Support Agreement, 3 years US Government Premium Support, Tier D",
PAN-ENT-USG-ESA-E-1YR,PALO,"Enterprise Support Agreement, 1 year US Government Premium Support, Tier E",
PAN-ENT-USG-ESA-E-3YR,PALO,"Enterprise Support Agreement, 3 years US Government Premium Support, Tier E",
PAN-ENT-USG-ESA-F-1YR,PALO,"Enterprise Support Agreement, 1 year US Government Premium Support, Tier F",
PAN-ENT-USG-ESA-F-3YR,PALO,"Enterprise Support Agreement, 3 years US Government Premium Support, Tier F",
PAN-ENT-USG-ESA-G-1YR,PALO,"Enterprise Support Agreement, 1 year US Government Premium Support, Tier G",
PAN-ENT-USG-ESA-G-3YR,PALO,"Enterprise Support Agreement, 3 years US Government Premium Support, Tier G",
PAN-ENT-USG-ESA-H-1YR,PALO,"Enterprise Support Agreement, 1 year US Government Premium Support, Tier H",
PAN-ENT-USG-ESA-H-3YR,PALO,"Enterprise Support Agreement, 3 years US Government Premium Support, Tier H",
PAN-ENT-USG-ESA-I-1YR,PALO,"Enterprise Support Agreement, 1 year US Government Premium Support, Tier I",
PAN-ENT-USG-ESA-I-3YR,PALO,"Enterprise Support Agreement, 3 years US Government Premium Support, Tier I",
PAN-ENT-USG-ESA-J-1YR,PALO,"Enterprise Support Agreement, 1 year US Government Premium Support, Tier J",
PAN-ENT-USG-ESA-J-3YR,PALO,"Enterprise Support Agreement, 3 years US Government Premium Support, Tier J",
PAN-ENT-USG-ESA-K-1YR,PALO,"Enterprise Support Agreement, 1 year US Government Premium Support, Tier K",
PAN-ENT-USG-ESA-K-3YR,PALO,"Enterprise Support Agreement, 3 years US Government Premium Support, Tier K",
PAN-ENT-USG-ESA-L-1YR,PALO,"Enterprise Support Agreement, 1 year US Government Premium Support, Tier L",
PAN-ENT-USG-ESA-L-3YR,PALO,"Enterprise Support Agreement, 3 years US Government Premium Support, Tier L",
PAN-ENT-USG-ESA-M-1YR,PALO,"Enterprise Support Agreement, 1 year US Government Premium Support, Tier M",
PAN-ENT-USG-ESA-M-3YR,PALO,"Enterprise Support Agreement, 3 years US Government Premium Support, Tier M",
PAN-ENT-USG-ESA-N-1YR,PALO,"Enterprise Support Agreement, 1 year US Government Premium Support, Tier N",
PAN-ENT-USG-ESA-N-3YR,PALO,"Enterprise Support Agreement, 3 years US Government Premium Support, Tier N",
PAN-ENT-USG-ESA-O-1YR,PALO,"Enterprise Support Agreement, 1 year US Government Premium Support, includes a TAM, Tier O",
PAN-ENT-USG-ESA-O-3YR,PALO,"Enterprise Support Agreement, 3 years US Government Premium Support, includes a TAM, Tier O",
PAN-ENT-USG-ESA-P-1YR,PALO,"Enterprise Support Agreement, 1 year US Government Premium Support, includes a TAM, Tier P",
PAN-ENT-USG-ESA-P-3YR,PALO,"Enterprise Support Agreement, 3 years US Government Premium Support, includes a TAM, Tier P",
PAN-ENT-USG-ESA-Q-1YR,PALO,"Enterprise Support Agreement, 1 year US Government Premium Support, includes a TAM, Tier Q",
PAN-ENT-USG-ESA-Q-3YR,PALO,"Enterprise Support Agreement, 3 years US Government Premium Support, includes a TAM, Tier Q",
PAN-ENT-USG-ESA-R-1YR,PALO,"Enterprise Support Agreement, 1 year US Government Premium Support, includes a TAM, Tier R",
PAN-ENT-USG-ESA-R-3YR,PALO,"Enterprise Support Agreement, 3 years US Government Premium Support, includes a TAM, Tier R",
PAN-ENT-USG-ESA-S-1YR,PALO,"Enterprise Support Agreement, 1 year US Government Premium Support, includes a TAM, Tier S",
PAN-ENT-USG-ESA-S-3YR,PALO,"Enterprise Support Agreement, 3 years US Government Premium Support, includes a TAM, Tier S",
PAN-ENT-USG-ESA-T-1YR,PALO,"Enterprise Support Agreement, 1 year US Government Premium Support, includes a TAM, Tier T",
PAN-ENT-USG-ESA-T-3YR,PALO,"Enterprise Support Agreement, 3 years US Government Premium Support, includes a TAM, Tier T",
PAN-ENT-USG-ESA-U-1YR,PALO,"Enterprise Support Agreement, 1 year US Government Premium Support, includes a TAM, Tier U",
PAN-ENT-USG-ESA-U-3YR,PALO,"Enterprise Support Agreement, 3 years US Government Premium Support, includes a TAM, Tier U",
PAN-ENT-USG-ESA-V-1YR,PALO,"Enterprise Support Agreement, 1 year US Government Premium Support, includes a TAM, Tier V",
PAN-ENT-USG-ESA-V-3YR,PALO,"Enterprise Support Agreement, 3 years US Government Premium Support, includes a TAM, Tier V",
PAN-ENT-USG-ESA-W-1YR,PALO,"Enterprise Support Agreement, 1 year US Government Premium Support, includes a TAM, Tier W",
PAN-ENT-USG-ESA-W-3YR,PALO,"Enterprise Support Agreement, 3 years US Government Premium Support, includes a TAM, Tier W",
PAN-ENT-USG-ESA-X-1YR,PALO,"Enterprise Support Agreement, 1 year US Government Premium Support, includes a TAM, Tier X",
PAN-ENT-USG-ESA-X-3YR,PALO,"Enterprise Support Agreement, 3 years US Government Premium Support, includes a TAM, Tier X",
PAN-ENT-USG-ESA-Y-1YR,PALO,"Enterprise Support Agreement, 1 year US Government Premium Support, includes Premium Plus, Tier Y",
PAN-ENT-USG-ESA-Y-3YR,PALO,"Enterprise Support Agreement, 3 years US Government Premium Support, includes Premium Plus, Tier Y",
PAN-ENT-USG-ESA-Z-1YR,PALO,"Enterprise Support Agreement, 1 year US Government Premium Support, includes Premium Plus, Tier Z",
PAN-ENT-USG-ESA-Z-3YR,PALO,"Enterprise Support Agreement, 3 years US Government Premium Support, includes Premium Plus, Tier Z",
PAN-ENT-USG-ESA-AA-1YR,PALO,"Enterprise Support Agreement, 1 year US Government Premium Support, includes Premium Plus, Tier AA",
PAN-ENT-USG-ESA-AA-3YR,PALO,"Enterprise Support Agreement, 3 years US Government Premium Support, includes Premium Plus, Tier AA",
PAN-ENT-USG-ESA-BB-1YR,PALO,"Enterprise Support Agreement, 1 year US Government Premium Support, includes Premium Plus, Tier BB",
PAN-ENT-USG-ESA-BB-3YR,PALO,"Enterprise Support Agreement, 3 years US Government Premium Support, includes Premium Plus, Tier BB",
PAN-ENT-USG-ESA-CC-1YR,PALO,"Enterprise Support Agreement, 1 year US Government Premium Support, includes Premium Plus, Tier CC",
PAN-ENT-USG-ESA-CC-3YR,PALO,"Enterprise Support Agreement, 3 years US Government Premium Support, includes Premium Plus, Tier CC",
PAN-ENT-USG-ESA-DD-1YR,PALO,"Enterprise Support Agreement, 1 year US Government Premium Support, includes Premium Plus, Tier DD",
PAN-ENT-USG-ESA-DD-3YR,PALO,"Enterprise Support Agreement, 3 years US Government Premium Support, includes Premium Plus, Tier DD",
PAN-ENT-USG-ESA-EE-1YR,PALO,"Enterprise Support Agreement, 1 year US Government Premium Support, includes Premium Plus, Tier EE",
PAN-ENT-USG-ESA-EE-3YR,PALO,"Enterprise Support Agreement, 3 years US Government Premium Support, includes Premium Plus, Tier EE",
PAN-ENT-USG-ESA-FF-1YR,PALO,"Enterprise Support Agreement, 1 year US Government Premium Support, includes Premium Plus, Tier FF",
PAN-ENT-USG-ESA-FF-3YR,PALO,"Enterprise Support Agreement, 3 years US Government Premium Support, includes Premium Plus, Tier FF",
PAN-ENT-USG-ESA-GG-1YR,PALO,"Enterprise Support Agreement, 1 year US Government Premium Support, includes Premium Plus, Tier GG",
PAN-ENT-USG-ESA-GG-3YR,PALO,"Enterprise Support Agreement, 3 years US Government Premium Support, includes Premium Plus, Tier GG",
PAN-ENT-USG-ESA-HH-1YR,PALO,"Enterprise Support Agreement, 1 year US Government Premium Support, includes Premium Plus, Tier HH",
PAN-ENT-USG-ESA-HH-3YR,PALO,"Enterprise Support Agreement, 3 years US Government Premium Support, includes Premium Plus, Tier HH",
PAN-ENT-USG-ESA-II-1YR,PALO,"Enterprise Support Agreement, 1 year US Government Premium Support, includes Premium Plus , Tier II",
PAN-ENT-USG-ESA-II-3YR,PALO,"Enterprise Support Agreement, 3 years US Government Premium Support, includes Premium Plus , Tier II",
PAN-ENT-USG-ESA-JJ-1YR,PALO,"Enterprise Support Agreement, 1 year US Government Premium Support, includes Premium Plus , Tier JJ",
PAN-ENT-USG-ESA-JJ-3YR,PALO,"Enterprise Support Agreement, 3 years US Government Premium Support, includes Premium Plus , Tier JJ",
PAN-ENT-USG-ESA-KK-1YR,PALO,"Enterprise Support Agreement, 1 year US Government Premium Support, includes Premium Plus , Tier KK",
PAN-ENT-USG-ESA-KK-3YR,PALO,"Enterprise Support Agreement, 3 years US Government Premium Support, includes Premium Plus , Tier KK",
PAN-ENT-USG-ESA-LL-1YR,PALO,"Enterprise Support Agreement, 1 year US Government Premium Support, includes Premium Plus , Tier LL",
PAN-ENT-USG-ESA-LL-3YR,PALO,"Enterprise Support Agreement, 3 years US Government Premium Support, includes Premium Plus , Tier LL",
PAN-ENT-USG-ESA-MM-1YR,PALO,"Enterprise Support Agreement, 1 year US Government Premium Support, includes Premium Plus , Tier MM",
PAN-ENT-USG-ESA-MM-3YR,PALO,"Enterprise Support Agreement, 3 years US Government Premium Support, includes Premium Plus , Tier MM",
PAN-ENT-USG-ESA-NN-1YR,PALO,"Enterprise Support Agreement, 1 year US Government Premium Support, includes Premium Plus x2, Tier NN",
,PALO,,
PAN-ENT-USG-ESA-NN-3YR,PALO,"Enterprise Support Agreement, 3 years US Government Premium Support, includes Premium Plus x2, Tier NN",
PAN-ENT-USG-ESA-OO-1YR,PALO,"Enterprise Support Agreement, 1 year US Government Premium Support, includes Premium Plus x2, Tier OO",
PAN-ENT-USG-ESA-OO-3YR,PALO,"Enterprise Support Agreement, 3 years US Government Premium Support, includes Premium Plus x2, Tier OO",
PAN-ENT-USG-ESA-PP-1YR,PALO,"Enterprise Support Agreement, 1 year US Government Premium Support, includes Premium Plus x2, Tier PP",
PAN-ENT-USG-ESA-PP-3YR,PALO,"Enterprise Support Agreement, 3 years US Government Premium Support, includes Premium Plus x2, Tier PP",
PAN-ENT-USG-ESA-QQ-1YR,PALO,"Enterprise Support Agreement, 1 year US Government Premium Support, includes Premium Plus x2, Tier QQ",
PAN-ENT-USG-ESA-QQ-3YR,PALO,"Enterprise Support Agreement, 3 years US Government Premium Support, includes Premium Plus x2, Tier QQ",
PAN-ENT-USG-ESA-RR-1YR,PALO,"Enterprise Support Agreement, 1 year US Government Premium Support, includes Premium Plus x2, Tier RR",
PAN-ENT-USG-ESA-RR-3YR,PALO,"Enterprise Support Agreement, 3 years US Government Premium Support, includes Premium Plus x2, Tier RR",
PAN-ENT-USG-ESA-SS-1YR,PALO,"Enterprise Support Agreement, 1 year US Government Premium Support, includes Premium Plus x2, Tier SS",
PAN-ENT-USG-ESA-SS-3YR,PALO,"Enterprise Support Agreement, 3 years US Government Premium Support, includes Premium Plus x2, Tier SS",
PAN-ENT-USG-ESA-TT-1YR,PALO,"Enterprise Support Agreement, 1 year US Government Premium Support, includes Premium Plus x2, Tier TT",
PAN-ENT-USG-ESA-TT-3YR,PALO,"Enterprise Support Agreement, 3 years US Government Premium Support, includes Premium Plus x2, Tier TT",
PAN-ENT-USG-ESA-UU-1YR,PALO,"Enterprise Support Agreement, 1 year US Government Premium Support, includes Premium Plus x2, Tier UU",
PAN-ENT-USG-ESA-UU-3YR,PALO,"Enterprise Support Agreement, 3 years US Government Premium Support, includes Premium Plus x2, Tier UU",
PAN-ENT-USG-ESA-VV-1YR,PALO,"Enterprise Support Agreement, 1 year US Government Premium Support, includes Premium Plus x2, Tier VV",
PAN-ENT-USG-ESA-VV-3YR,PALO,"Enterprise Support Agreement, 3 years US Government Premium Support, includes Premium Plus x2, Tier VV",
PAN-ENT-USG-ESA-WW-1YR,PALO,"Enterprise Support Agreement, 1 year US Government Premium Support, includes Premium Plus x2, Tier WW",
PAN-ENT-USG-ESA-WW-3YR,PALO,"Enterprise Support Agreement, 3 years US Government Premium Support, includes Premium Plus x2, Tier WW",
PAN-ENT-USG-ESA-XX-1YR,PALO,"Enterprise Support Agreement, 1 year US Government Premium Support, includes Premium Plus x2, Tier XX",
PAN-ENT-USG-ESA-XX-3YR,PALO,"Enterprise Support Agreement, 3 years US Government Premium Support, includes Premium Plus x2, Tier XX",
PAN-ENT-USG-ESA-YY-1YR,PALO,"Enterprise Support Agreement, 1 year US Government Premium Support, includes Premium Plus x2, Tier YY",
PAN-ENT-USG-ESA-YY-3YR,PALO,"Enterprise Support Agreement, 3 years US Government Premium Support, includes Premium Plus x2, Tier YY",
PAN-ENT-USG-ESA-ZZ-1YR,PALO,"Enterprise Support Agreement, 1 year US Government Premium Support, includes Premium Plus x2, Tier ZZ",
PAN-ENT-USG-ESA-ZZ-3YR,PALO,"Enterprise Support Agreement, 3 years US Government Premium Support, includes Premium Plus x2, Tier ZZ",
PAN-ENT-USG-ESA-AB-1YR,PALO,"Enterprise Support Agreement, 1 year US Government Premium Support, includes Premium Plus, Tier AB",
PAN-ENT-USG-ESA-AB-3YR,PALO,"Enterprise Support Agreement, 3 years US Government Premium Support, includes Premium Plus, Tier AB",
PAN-ENT-USG-ESA-AC-1YR,PALO,"Enterprise Support Agreement, 1 year US Government Premium Support, includes Premium Plus, Tier AC",
PAN-ENT-USG-ESA-AC-3YR,PALO,"Enterprise Support Agreement, 3 years US Government Premium Support, includes Premium Plus, Tier AC",
PAN-ENT-USG-ESA-AD-1YR,PALO,"Enterprise Support Agreement, 1 year US Government Premium Support, includes Premium Plus, Tier AD",
PAN-ENT-USG-ESA-AD-3YR,PALO,"Enterprise Support Agreement, 3 years US Government Premium Support, includes Premium Plus, Tier AD",
PAN-ENT-USG-ESA-AE-1YR,PALO,"Enterprise Support Agreement, 1 year US Government Premium Support, includes Premium Plus, Tier AE",
PAN-ENT-USG-ESA-AE-3YR,PALO,"Enterprise Support Agreement, 3 years US Government Premium Support, includes Premium Plus, Tier AE",
PAN-ENT-USG-ESA-AF-1YR,PALO,"Enterprise Support Agreement, 1 year US Government Premium Support, includes Premium Plus, Tier AF",
PAN-ENT-USG-ESA-AF-3YR,PALO,"Enterprise Support Agreement, 3 years US Government Premium Support, includes Premium Plus, Tier AF",
PAN-ENT-USG-ESA-AG-1YR,PALO,"Enterprise Support Agreement, 1 year US Government Premium Support, includes Premium Plus, Tier AG",
PAN-ENT-USG-ESA-AG-3YR,PALO,"Enterprise Support Agreement, 3 years US Government Premium Support, includes Premium Plus, Tier AG",
PAN-ENT-USG-ESA-AH-1YR,PALO,"Enterprise Support Agreement, 1 year US Government Premium Support, includes Premium Plus, Tier AH",
PAN-ENT-USG-ESA-AH-3YR,PALO,"Enterprise Support Agreement, 3 years US Government Premium Support, includes Premium Plus, Tier AH",
PAN-PA-PREM-PLUS-ADDON-1YR,PALO,Premium Plus add on. Used to upgrade TAM only ESA''s and TAM site licenses to Premium Plus (additon of health check & DE),
PAN-PA-PREM-PLUS-ADDON-3YR,PALO,Premium Plus add on. Used to upgrade TAM only ESA''s and TAM site licenses to Premium Plus (additon of health check & DE),
PAN-PA-PREM-PLUS-ADDON-5YR,PALO,Premium Plus add on. Used to upgrade TAM only ESA''s and TAM site licenses to Premium Plus (additon of health check & DE),
PAN-APERTURE-1APP-1YR,PALO,"Aperture SaaS security service for 1 application, 1-user, 1-year, includes premium support",
PAN-APERTURE-1APP-3YR,PALO,"Aperture SaaS security service for 1 application, 1-user, 3-year, includes premium support",
PAN-APERTURE-1APP-5YR,PALO,"Aperture SaaS security service for 1 application, 1-user, 5-year, includes premium support",
PAN-APERTURE-ALLAPP-1YR,PALO,"Aperture SaaS security service for All application, 1-user, 1-year, includes premium support",
PAN-APERTURE-ALLAPP-3YR,PALO,"Aperture SaaS security service for All application, 1-user, 3-year, includes premium support",
PAN-APERTURE-ALLAPP-5YR,PALO,"Aperture SaaS security service for All application, 1-user, 5-year, includes premium support",
PAN-APERTURE-1APP-USG-1YR,PALO,"Aperture SaaS security service for 1 application, 1-user, 1-year, includes US Government Premium Support",
PAN-APERTURE-1APP-USG-3YR,PALO,"Aperture SaaS security service for 1 application, 1-user, 3-year, includes US Government Premium Support",
PAN-APERTURE-1APP-USG-5YR,PALO,"Aperture SaaS security service for 1 application, 1-user, 5-year, includes US Government Premium Support",
PAN-APERTURE-ALLAPP-USG-1YR,PALO,"Aperture SaaS security service for All application, 1-user, 1-year, includes US Government Premium Support",
PAN-APERTURE-ALLAPP-USG-3YR,PALO,"Aperture SaaS security service for All application, 1-user, 3-year, includes US Government Premium Support",
PAN-APERTURE-ALLAPP-USG-5YR,PALO,"Aperture SaaS security service for All application, 1-user, 5-year, includes US Government Premium Support",
PAN-APERTURE-1APP-BKLN-1YR,PALO,"Aperture SaaS security service for 1 application, 1-user, 1-year, includes Premium Partner Support",
PAN-APERTURE-1APP-BKLN-3YR,PALO,"Aperture SaaS security service for 1 application, 1-user, 3-year, includes Premium Partner Support",
PAN-APERTURE-1APP-BKLN-5YR,PALO,"Aperture SaaS security service for 1 application, 1-user, 5-year, includes Premium Partner Support",
PAN-APERTURE-ALLAPP-BKLN-1YR,PALO,"Aperture SaaS security service for all applications, 1-user, 1-year, includes Premium Partner Support",
PAN-APERTURE-ALLAPP-BKLN-3YR,PALO,"Aperture SaaS security service for all applications, 1-user, 3-year, includes Premium Partner Support",
PAN-APERTURE-ALLAPP-BKLN-5YR,PALO,"Aperture SaaS security service for all applications, 1-user, 5-year, includes Premium Partner Support",
PAN-CONSULT-1HR,PALO,Palo Alto Networks Consulting Services Hourly - 8 hour minimum,
PAN-CONSULT-CUTOVER-1HR,PALO,Palo Alto Networks Consulting Services Cutover Hourly - 4 hour minimum,
PAN-CONSULT-DAY,PALO,Palo Alto Networks consulting services (per day),
PAN-CONSULT-RE-12MO,PALO,Palo Alto Networks Resident Engineer Consulting Services – 12 months,
PAN-CONSULT-RE-6MO,PALO,Palo Alto Networks Resident Engineer Consulting Services – 6 months,
PAN-CONSULT-ARCH-DAY,PALO,Palo Alto Networks professional services architect (per day),
PAN-CONSULT-PLTFM-TRANSITION,PALO,"Palo Alto Networks Transition Services. Complete NGFW Platform deployment, preparation support, including project management,
design and planning",
PAN-CONSULT-CUSTOM,PALO,Palo Alto Networks consulting services to be used for outcome based engagements. It requires a completed SOW.,
PAN-CONSULT-TE,PALO,Palo Alto Networks Consulting Services - Travel Expenses,
PAN-CONSULT-HEALTHCHECK,PALO,"Palo Alto Networks Health Check -includes configuration review and best practice adherence for up to 3 HA pairs and Panorama
Environment. T&E included in price",
PAN-CONSULT-HEALTHCHECK-USG,PALO,"Palo Alto Networks Health Check -includes configuration review and best practice adherence for up to 3 HA pairs and Panorama
Environment. T&E included in price. For US Government accounts only.",
PAN-CONSULT-MIG-GOLD,PALO,"Palo Alto Networks Migration Bundle - includes up to 1000 total rules migrated with a maximum of 200 NAT rules migrated.
Implementation of up to 3HA PAN Active/Passive pairs, with 3 cutovers of up to 4 hours each. Configuration of up to 10 VPNs. T&E in",
PAN-CONSULT-MIG-SLVR,PALO,"Palo Alto Networks Migration Bundle - includes up to 500 total rules migrated with a maximum of 100 NAT rules migrated.
Implementation of up to 2HA PAN Active/Passive pairs, with 2 cutovers of up to 4 hours each. Configuration of up to 5 VPNs. T&E inc",
PAN-CONSULT-PRJM-DAY,PALO,Palo Alto Networks professional services project manager (per day),
PAN-CONSULT-CSS-BRONZE,PALO,"Includes implementation of up to 2 ESM Servers and 2 ESM Consoles & tuning of up to 25% of the procured Traps agents of any
supported OS/platform. This service is targeted for deployments of <2500 Traps agents.",
PAN-CONSULT-CSS-GOLD-A,PALO,"Includes implementation of up to 5 ESM Servers and 2 ESM Consoles & tuning of up to 25% of the procured Traps agents of any
supported OS/platform. This service is targeted for deployments of >10K Traps agents.",
PAN-CONSULT-CSS-SILVER-A,PALO,"Includes implementation of up to 4 ESM Servers and 2 ESM Consoles & tuning of up to 25% of the procured Traps agents of any
supported OS/platform. This service is targeted for deployments of <10K Traps agents.",
PAN-PA-200-LAB,PALO,Palo Alto Networks PA-200 Lab Unit,
PAN-PA-220-LAB,PALO,Palo Alto Networks PA-220 Lab Unit,
PAN-PA-500-2GB-LAB,PALO,Palo Alto Networks PA-500 2GB Memory Lab Unit,
PAN-PA-820-LAB,PALO,Palo Alto Networks PA-820 LAB Unit,
PAN-PA-850-LAB,PALO,Palo Alto Networks PA-850 LAB Unit,
PAN-PA-3020-LAB,PALO,Palo Alto Networks PA-3020 LAB Unit,
,PALO,,
PAN-PA-3050-LAB,PALO,Palo Alto Networks PA-3050 LAB Unit,
PAN-PA-3060-LAB,PALO,Palo Alto Networks PA-3060 LAB Unit,
PAN-PA-5020-SSD2-LAB,PALO,Palo Alto Networks PA-5020 Lab Unit with single 240GB SSD.,
PAN-PA-5050-SSD2-LAB,PALO,Palo Alto Networks PA-5050 Lab Unit with single 240GB SSD.,
PAN-PA-5060-SSD2-LAB,PALO,Palo Alto Networks PA-5060 Lab Unit with single 240GB SSD.,
PAN-PA-5220-AC-LAB,PALO,Palo Alto Networks PA-5220 Lab Unit with redundant AC power supplies,
PAN-PA-5220-DC-LAB,PALO,Palo Alto Networks PA-5220 Lab Unit with redundant DC power supplies,
PAN-PA-5250-AC-LAB,PALO,Palo Alto Networks PA-5250 Lab Unit with redundant AC power supplies,
PAN-PA-5250-DC-LAB,PALO,Palo Alto Networks PA-5250 Lab Unit with redundant DC power supplies,
PAN-PA-5260-AC-LAB,PALO,Palo Alto Networks PA-5260 Lab Unit with redundant AC power supplies,
PAN-PA-5260-DC-LAB,PALO,Palo Alto Networks PA-5260 Lab Unit with redundant DC power supplies,
PAN-PA-7050-AC-LAB,PALO,"PA-7050 Base AC Hardware Bundle. Includes AC Chassis, 4xAC power supplies, 2xFan Trays, Fan Filter, Switch Management Card, Log
Processing Card, and 4xAMC cards, lab use only",
PAN-PA-7050-DC-LAB,PALO,"PA-7050 Base DC Hardware Bundle. Includes DC Chassis, 4xDC power supplies, 2xFan Trays, Fan Filter, Switch Management Card, Log
Processing Card, and 4xAMC cards, lab use only",
PAN-PA-7080-AC-LAB,PALO,"PA-7080 Base AC Hardware Bundle. Includes AC Chassis, 4xAC power supplies, 2xFan Trays, Fan Filter, Switch Management Card, Log
Processing Card, and 4xAMC cards, lab use only",
PAN-PA-7080-DC-LAB,PALO,"PA-7080 Base DC Hardware Bundle. Includes DC Chassis, 4xDC power supplies, 2xFan Trays, Fan Filter, Switch Management Card, Log
Processing Card, and 4xAMC cards, lab use only",
PAN-VM-100-LAB,PALO,"Palo Alto Networks VM-100, LAB Unit",
PAN-VM-200-LAB,PALO,"Palo Alto Networks VM-200, LAB Unit",
PAN-VM-300-LAB,PALO,"Palo Alto Networks VM-300, LAB Unit",
PAN-VM-1000-HV-LAB,PALO,"Palo Alto Networks VM-1000-HV, LAB Unit",
PAN-WF-500-LAB,PALO,"Palo Alto Networks WF-500 Lab unit, 2TB RAID storage (4 1TB RAID certified drives preinstalled)",
PAN-PRA-LAB,PALO,"Panorama Lab license, with unlimited devices. Supersedes PAN-PRA-25-LAB.",
PAN-M-P-LAB,PALO,"Panorama Lab license, with unlimited devices or log collector for the M-series. Supersedes PAN-M-P-LAB-25.",
PAN-M-100-LAB,PALO,"Palo Alto Networks M-100 Lab unit, 1TB RAID storage (2 1TB RAID certified drives preinstalled)",
PAN-M-500-P-LAB,PALO,"Panorama Lab license, with unlimited devices or log collector for the M-500",
PAN-M-500-LAB,PALO,"Palo Alto Networks M-500 Lab unit, 4TB RAID storage (4 2TB RAID certified drives preinstalled)",
PAN-TRAPS-BND-250-LAB-1YR,PALO,"Not for production use, 250 Traps endpoints, 1 year, includes standard support",
PAN-TRAPS-BND-250-LAB-1YR-R,PALO,"Not for production use, 250 Traps endpoints, 1 year renewal, includes standard support",
PAN-TRAPS-BND-250-LAB-3YR,PALO,"Not for production use, 250 Traps endpoints, 3 year, includes standard support",
PAN-TRAPS-BND-250-LAB-3YR-R,PALO,"Not for production use, 250 Traps endpoints, 3 year renewal, includes standard support",
PAN-PA-200-BND-LAB3,PALO,"PA-200 Lab Unit First Year Service Bundle (Threat Prevention, BrightCloud URL Filtering, GlobalProtect, WildFire, Standard Support)",
PAN-PA-200-BND-LAB3-R,PALO,"PA-200 Lab Unit Renewal Service Bundle (Threat Prevention, BrightCloud URL Filtering, GlobalProtect, WildFire, Standard Support)",
PAN-PA-200-BND-LAB4,PALO,"PA-200 Lab Unit First Year Service Bundle (Threat Prevention, PANDB URL Filtering, GlobalProtect, WildFire, Standard Support)",
PAN-PA-200-BND-LAB4-R,PALO,"PA-200 Lab Unit Renewal Service Bundle (Threat Prevention, PANDB URL Filtering, GlobalProtect, WildFire, Standard Support)",
PAN-PA-200-USG-BND-LAB3,PALO,"PA-200 Lab Unit First Year Service Bundle (Threat Prevention, BrightCloud URL Filtering, GlobalProtect, WildFire, US Government
support)",
PAN-PA-200-USG-BND-LAB3-R,PALO,"PA-200 Lab Unit Renewal Service Bundle (Threat Prevention, BrightCloud URL Filtering, GlobalProtect, WildFire, US Government
support)",
PAN-PA-200-USG-BND-LAB4,PALO,"PA-200 Lab Unit First Year Service Bundle (Threat Prevention, PANDB URL Filtering, GlobalProtect, WildFire, US Government support)",
PAN-PA-200-USG-BND-LAB4-R,PALO,"PA-200 Lab Unit Renewal Service Bundle (Threat Prevention, PANDB URL Filtering, GlobalProtect, WildFire, US Government support)",
PAN-PA-220-BND-LAB3,PALO,"PA-220 Lab Unit First Year Service Bundle (Threat Prevention, BrightCloud URL Filtering, GlobalProtect, WildFire, Standard Support)",
PAN-PA-220-BND-LAB3-R,PALO,"PA-220 Lab Unit Renewal Service Bundle (Threat Prevention, BrightCloud URL Filtering, GlobalProtect, WildFire, Standard Support)",
PAN-PA-220-BND-LAB4,PALO,"PA-220 Lab Unit First Year Service Bundle (Threat Prevention, PANDB URL Filtering, GlobalProtect, WildFire, Standard Support)",
PAN-PA-220-BND-LAB4-R,PALO,"PA-220 Lab Unit Renewal Service Bundle (Threat Prevention, PANDB URL Filtering, GlobalProtect, WildFire, Standard Support)",
PAN-PA-220-USG-BND-LAB3,PALO,"PA-220 Lab Unit First Year Service Bundle (Threat Prevention, BrightCloud URL Filtering, GlobalProtect, WildFire, US Government
standard support)",
PAN-PA-220-USG-BND-LAB3-R,PALO,"PA-220 Lab Unit Renewal Service Bundle (Threat Prevention, BrightCloud URL Filtering, GlobalProtect, WildFire, US Government
standard support)",
PAN-PA-220-USG-BND-LAB4,PALO,"PA-220 Lab Unit First Year Service Bundle (Threat Prevention, PANDB URL Filtering, GlobalProtect, WildFire, US Government standard
support)",
PAN-PA-220-USG-BND-LAB4-R,PALO,"PA-220 Lab Unit Renewal Service Bundle (Threat Prevention, PANDB URL Filtering, GlobalProtect, WildFire, US Government standard
support)",
PAN-PA-500-BND-LAB3,PALO,"PA-500 Lab Unit First Year Service Bundle (Threat Prevention, BrightCloud URL Filtering, GlobalProtect, WildFire, Standard Support)",
PAN-PA-500-BND-LAB3-R,PALO,"PA-500 Lab Unit Renewal Service Bundle (Threat Prevention, BrightCloud URL Filtering, GlobalProtect, WildFire, Standard Support)",
PAN-PA-500-BND-LAB4,PALO,"PA-500 Lab Unit First Year Service Bundle (Threat Prevention, PANDB URL Filtering, GlobalProtect, WildFire, Standard Support)",
PAN-PA-500-BND-LAB4-R,PALO,"PA-500 Lab Unit Renewal Service Bundle (Threat Prevention, PANDB URL Filtering, GlobalProtect, WildFire, Standard Support)",
PAN-PA-500-USG-BND-LAB3,PALO,"PA-500 Lab Unit First Year Service Bundle (Threat Prevention, BrightCloud URL Filtering, GlobalProtect, WildFire, US Government
support)",
PAN-PA-500-USG-BND-LAB3-R,PALO,"PA-500 Lab Unit Renewal Service Bundle (Threat Prevention, BrightCloud URL Filtering, GlobalProtect, WildFire, US Government
support)",
PAN-PA-500-USG-BND-LAB4,PALO,"PA-500 Lab Unit First Year Service Bundle (Threat Prevention, PANDB URL Filtering, GlobalProtect, WildFire, US Government support)",
PAN-PA-500-USG-BND-LAB4-R,PALO,"PA-500 Lab Unit Renewal Service Bundle (Threat Prevention, PANDB URL Filtering, GlobalProtect, WildFire, US Government support)",
PAN-PA-820-BND-LAB3,PALO,"PA-820 Lab Unit First Year Service Bundle (Threat prevention, BrightCloud URL filtering, GlobalProtect, WildFire, Standard support)",
PAN-PA-820-BND-LAB3-R,PALO,"PA-820 Lab Unit Renewal Service Bundle (Threat prevention, BrightCloud URL filtering, GlobalProtect, WildFire, Standard support)",
PAN-PA-820-BND-LAB4,PALO,"PA-820 Lab Unit First Year Service Bundle (Threat prevention, PANDB URL filtering, GlobalProtect, WildFire, Standard support)",
PAN-PA-820-BND-LAB4-R,PALO,"PA-820 Lab Unit Renewal Service Bundle (Threat prevention, PANDB URL filtering, GlobalProtect, WildFire, Standard support)",
PAN-PA-820-USG-BND-LAB3,PALO,"PA-820 Lab Unit First Year Service Bundle (Threat Prevention, BrightCloud URL Filtering, GlobalProtect, WildFire, US Government
standard support)",
PAN-PA-820-USG-BND-LAB3-R,PALO,"PA-820 Lab Unit Renewal Service Bundle (Threat Prevention, BrightCloud URL Filtering, GlobalProtect, WildFire, US Government
standard support)",
PAN-PA-820-USG-BND-LAB4,PALO,"PA-820 Lab Unit First Year Service Bundle (Threat Prevention, PANDB URL Filtering, GlobalProtect, WildFire, US Government standard
support)",
,PALO,,
PAN-PA-820-USG-BND-LAB4-R,PALO,"PA-820 Lab Unit Renewal Service Bundle (Threat Prevention, PANDB URL Filtering, GlobalProtect, WildFire, US Government standard
support)",
PAN-PA-850-BND-LAB3,PALO,"PA-850 Lab Unit First Year Service Bundle (Threat prevention, BrightCloud URL filtering, GlobalProtect, WildFire, Standard support)",
PAN-PA-850-BND-LAB3-R,PALO,"PA-850 Lab Unit Renewal Service Bundle (Threat prevention, BrightCloud URL filtering, GlobalProtect, WildFire, Standard support)",
PAN-PA-850-BND-LAB4,PALO,"PA-850 Lab Unit First Year Service Bundle (Threat prevention, PANDB URL filtering, GlobalProtect, WildFire, Standard support)",
PAN-PA-850-BND-LAB4-R,PALO,"PA-850 Lab Unit Renewal Service Bundle (Threat prevention, PANDB URL filtering, GlobalProtect, WildFire, Standard support)",
PAN-PA-850-USG-BND-LAB3,PALO,"PA-850 Lab Unit First Year Service Bundle (Threat Prevention, BrightCloud URL Filtering, GlobalProtect, WildFire, US Government
standard support)",
PAN-PA-850-USG-BND-LAB3-R,PALO,"PA-850 Lab Unit Renewal Service Bundle (Threat Prevention, BrightCloud URL Filtering, GlobalProtect, WildFire, US Government
standard support)",
PAN-PA-850-USG-BND-LAB4,PALO,"PA-850 Lab Unit First Year Service Bundle (Threat Prevention, PANDB URL Filtering, GlobalProtect, WildFire, US Government standard
support)",
PAN-PA-850-USG-BND-LAB4-R,PALO,"PA-850 Lab Unit Renewal Service Bundle (Threat Prevention, PANDB URL Filtering, GlobalProtect, WildFire, US Government standard
support)",
PAN-PA-2020-BND-LAB3-R,PALO,"PA-2020 Lab Unit Renewal Service Bundle (Threat Prevention, BrightCloud URL Filtering, GlobalProtect, WildFire, VSYS-5, Standard
Support)",
PAN-PA-2020-BND-LAB4-R,PALO,"PA-2020 Lab Unit Renewal Service Bundle (Threat Prevention, PANDB URL Filtering, GlobalProtect, WildFire, VSYS-5, Standard
Support)",
PAN-PA-2020-USG-BND-LAB3-R,PALO,"PA-2020 Lab Unit Renewal Service Bundle (Threat Prevention, BrightCloud URL Filtering, GlobalProtect, WildFire, VSYS-5, US
Government support)",
PAN-PA-2020-USG-BND-LAB4-R,PALO,"PA-2020 Lab Unit Renewal Service Bundle (Threat Prevention, PANDB URL Filtering, GlobalProtect, WildFire, VSYS-5, US Government
support)",
PAN-PA-2050-BND-LAB3-R,PALO,"PA-2050 Lab Unit Renewal Service Bundle (Threat Prevention, BrightCloud URL Filtering, GlobalProtect, WildFire, VSYS-5, Standard
Support)",
PAN-PA-2050-BND-LAB4-R,PALO,"PA-2050 Lab Unit Renewal Service Bundle (Threat Prevention, PANDB URL Filtering, GlobalProtect, WildFire, VSYS-5, Standard
Support)",
PAN-PA-2050-USG-BND-LAB3-R,PALO,"PA-2050 Lab Unit Renewal Service Bundle (Threat Prevention, BrightCloud URL Filtering, GlobalProtect, WildFire, VSYS-5, US
Government support)",
PAN-PA-2050-USG-BND-LAB4-R,PALO,"PA-2050 Lab Unit Renewal Service Bundle (Threat Prevention, PANDB URL Filtering, GlobalProtect, WildFire, VSYS-5, US Government
support)",
PAN-PA-3020-BND-LAB3,PALO,"PA-3020 Lab Unit First Year Service Bundle (Threat prevention, BrightCloud URL filtering, GlobalProtect, WildFire, VSYS-5, Standard
support)",
PAN-PA-3020-BND-LAB3-R,PALO,"PA-3020 Lab Unit Renewal Service Bundle (Threat prevention, BrightCloud URL filtering, GlobalProtect, WildFire, VSYS-5, Standard
support)",
PAN-PA-3020-BND-LAB4,PALO,"PA-3020 Lab Unit First Year Service Bundle (Threat prevention, PANDB URL filtering, GlobalProtect, WildFire, VSYS-5, Standard
support)",
PAN-PA-3020-BND-LAB4-R,PALO,"PA-3020 Lab Unit Renewal Service Bundle (Threat prevention, PANDB URL filtering, GlobalProtect, WildFire, VSYS-5, Standard support)",
PAN-PA-3020-USG-BND-LAB3,PALO,"PA-3020 Lab Unit First Year Service Bundle (Threat prevention, BrightCloud URL filtering, GlobalProtect, WildFire, VSYS-5, US
Government support)",
PAN-PA-3020-USG-BND-LAB3-R,PALO,"PA-3020 Lab Unit Renewal Service Bundle (Threat prevention, BrightCloud URL filtering, GlobalProtect, WildFire, VSYS-5, US
Government support)",
PAN-PA-3020-USG-BND-LAB4,PALO,"PA-3020 Lab Unit First Year Service Bundle (Threat prevention, PANDB URL filtering, GlobalProtect, WildFire, VSYS-5, US Government
support)",
PAN-PA-3020-USG-BND-LAB4-R,PALO,"PA-3020 Lab Unit Renewal Service Bundle (Threat prevention, PANDB URL filtering, GlobalProtect, WildFire, VSYS-5, US Government
support)",
PAN-PA-3050-BND-LAB3,PALO,"PA-3050 Lab Unit First Year Service Bundle (Threat prevention, BrightCloud URL filtering, GlobalProtect, WildFire, VSYS-5, Standard
support)",
PAN-PA-3050-BND-LAB3-R,PALO,"PA-3050 Lab Unit Renewal Service Bundle (Threat prevention, BrightCloud URL filtering, GlobalProtect, WildFire, VSYS-5, Standard
support)",
PAN-PA-3050-BND-LAB4,PALO,"PA-3050 Lab Unit First Year Service Bundle (Threat prevention, PANDB URL filtering, GlobalProtect, WildFire, VSYS-5, Standard
support)",
PAN-PA-3050-BND-LAB4-R,PALO,"PA-3050 Lab Unit Renewal Service Bundle (Threat prevention, PANDB URL filtering, GlobalProtect, WildFire, VSYS-5, Standard support)",
PAN-PA-3050-USG-BND-LAB3,PALO,"PA-3050 Lab Unit First Year Service Bundle (Threat prevention, BrightCloud URL filtering, GlobalProtect, WildFire, VSYS-5, US
Government support)",
PAN-PA-3050-USG-BND-LAB3-R,PALO,"PA-3050 Lab Unit Renewal Service Bundle (Threat prevention, BrightCloud URL filtering, GlobalProtect, WildFire, VSYS-5, US
Government support)",
PAN-PA-3050-USG-BND-LAB4,PALO,"PA-3050 Lab Unit First Year Service Bundle (Threat prevention, PANDB URL filtering, GlobalProtect, WildFire, VSYS-5, US Government
support)",
PAN-PA-3050-USG-BND-LAB4-R,PALO,"PA-3050 Lab Unit Renewal Service Bundle (Threat prevention, PANDB URL filtering, GlobalProtect, WildFire, VSYS-5, US Government
support)",
PAN-PA-3060-BND-LAB3,PALO,"PA-3060 Lab Unit First Year Service Bundle (Threat prevention, BrightCloud URL filtering, GlobalProtect, WildFire, VSYS-5, Standard
support)",
PAN-PA-3060-BND-LAB3-R,PALO,"PA-3060 Lab Unit Renewal Service Bundle (Threat prevention, BrightCloud URL filtering, GlobalProtect, WildFire, VSYS-5, Standard
support)",
PAN-PA-3060-BND-LAB4,PALO,"PA-3060 Lab Unit First Year Service Bundle (Threat prevention, PANDB URL filtering, GlobalProtect, WildFire, VSYS-5, Standard
support)",
PAN-PA-3060-BND-LAB4-R,PALO,"PA-3060 Lab Unit Renewal Service Bundle (Threat prevention, PANDB URL filtering, GlobalProtect, WildFire, VSYS-5, Standard support)",
PAN-PA-3060-USG-BND-LAB3,PALO,"PA-3060 Lab Unit First Year Service Bundle (Threat prevention, BrightCloud URL filtering, GlobalProtect, WildFire, VSYS-5, US
Government support)",
PAN-PA-3060-USG-BND-LAB3-R,PALO,"PA-3060 Lab Unit Renewal Service Bundle (Threat prevention, BrightCloud URL filtering, GlobalProtect, WildFire, VSYS-5, US
Government support)",
PAN-PA-3060-USG-BND-LAB4,PALO,"PA-3060 Lab Unit First Year Service Bundle (Threat prevention, PANDB URL filtering, GlobalProtect, WildFire, VSYS-5, US Government
support)",
PAN-PA-3060-USG-BND-LAB4-R,PALO,"PA-3060 Lab Unit Renewal Service Bundle (Threat prevention, PANDB URL filtering, GlobalProtect, WildFire, VSYS-5, US Government
support)",
PAN-PA-4020-BND-LAB3-R,PALO,"PA-4020 Lab Unit Renewal Service Bundle (Threat Prevention, BrightCloud URL Filtering, GlobalProtect, WildFire, Standard Support)",
PAN-PA-4020-BND-LAB4-R,PALO,"PA-4020 Lab Unit Renewal Service Bundle (Threat Prevention, PANDB URL Filtering, GlobalProtect, WildFire, Standard Support)",
PAN-PA-4020-USG-BND-LAB3-R,PALO,"PA-4020 Lab Unit Renewal Service Bundle (Threat Prevention, BrightCloud URL Filtering, GlobalProtect, WildFire, US Government
support)",
PAN-PA-4020-USG-BND-LAB4-R,PALO,"PA-4020 Lab Unit Renewal Service Bundle (Threat Prevention, PANDB URL Filtering, GlobalProtect, WildFire, US Government support)",
PAN-PA-4050-BND-LAB3-R,PALO,"PA-4050 Lab Unit Renewal Service Bundle (Threat Prevention, BrightCloud URL Filtering, GlobalProtect, WildFire, Standard Support)",
PAN-PA-4050-BND-LAB4-R,PALO,"PA-4050 Lab Unit Renewal Service Bundle (Threat Prevention, PANDB URL Filtering, GlobalProtect, WildFire, Standard Support)",
,PALO,,
PAN-PA-4050-USG-BND-LAB3-R,PALO,"PA-4050 Lab Unit Renewal Service Bundle (Threat Prevention, BrightCloud URL Filtering, GlobalProtect, WildFire, US Government
support)",
PAN-PA-4050-USG-BND-LAB4-R,PALO,"PA-4050 Lab Unit Renewal Service Bundle (Threat Prevention, PANDB URL Filtering, GlobalProtect, WildFire, US Government support)",
PAN-PA-4060-BND-LAB3-R,PALO,"PA-4060 Lab Unit Renewal Service Bundle (Threat Prevention, BrightCloud URL Filtering, GlobalProtect, WildFire, Standard Support)",
PAN-PA-4060-BND-LAB4-R,PALO,"PA-4060 Lab Unit Renewal Service Bundle (Threat Prevention, PANDB URL Filtering, GlobalProtect, WildFire, Standard Support)",
PAN-PA-4060-USG-BND-LAB3-R,PALO,"PA-4060 Lab Unit Renewal Service Bundle (Threat Prevention, BrightCloud URL Filtering, GlobalProtect, WildFire, US Government
support)",
PAN-PA-4060-USG-BND-LAB4-R,PALO,"PA-4060 Lab Unit Renewal Service Bundle (Threat Prevention, PANDB URL Filtering, GlobalProtect, WildFire, US Government support)",
PAN-PA-5020-BND-LAB3,PALO,"PA-5020 Lab Unit First Year Service Bundle (Threat Prevention, BrightCloud URL Filtering, GlobalProtect, WildFire, Standard Support)",
PAN-PA-5020-BND-LAB3-R,PALO,"PA-5020 Lab Unit Renewal Service Bundle (Threat Prevention, BrightCloud URL Filtering, GlobalProtect, WildFire, Standard Support)",
PAN-PA-5020-BND-LAB4,PALO,"PA-5020 Lab Unit First Year Service Bundle (Threat Prevention, PANDB URL Filtering, GlobalProtect, WildFire, Standard Support)",
PAN-PA-5020-BND-LAB4-R,PALO,"PA-5020 Lab Unit Renewal Service Bundle (Threat Prevention, PANDB URL Filtering, GlobalProtect, WildFire, Standard Support)",
PAN-PA-5020-USG-BND-LAB3,PALO,"PA-5020 Lab Unit First Year Service Bundle (Threat Prevention, BrightCloud URL Filtering, GlobalProtect, WildFire, US Government
support)",
PAN-PA-5020-USG-BND-LAB3-R,PALO,"PA-5020 Lab Unit Renewal Service Bundle (Threat Prevention, BrightCloud URL Filtering, GlobalProtect, WildFire, US Government
support)",
PAN-PA-5020-USG-BND-LAB4,PALO,"PA-5020 Lab Unit First Year Service Bundle (Threat Prevention, PANDB URL Filtering, GlobalProtect, WildFire, US Government support)",
PAN-PA-5020-USG-BND-LAB4-R,PALO,"PA-5020 Lab Unit Renewal Service Bundle (Threat Prevention, PANDB URL Filtering, GlobalProtect, WildFire, US Government support)",
PAN-PA-5050-BND-LAB3,PALO,"PA-5050 Lab Unit First Year Service Bundle (Threat Prevention, BrightCloud URL Filtering, GlobalProtect, WildFire, Standard Support)",
PAN-PA-5050-BND-LAB3-R,PALO,"PA-5050 Lab Unit Renewal Service Bundle (Threat Prevention, BrightCloud URL Filtering, GlobalProtect, WildFire, Standard Support)",
PAN-PA-5050-BND-LAB4,PALO,"PA-5050 Lab Unit First Year Service Bundle (Threat Prevention, PANDB URL Filtering, GlobalProtect, WildFire, Standard Support)",
PAN-PA-5050-BND-LAB4-R,PALO,"PA-5050 Lab Unit Renewal Service Bundle (Threat Prevention, PANDB URL Filtering, GlobalProtect, WildFire, Standard Support)",
PAN-PA-5050-USG-BND-LAB3,PALO,"PA-5050 Lab Unit First Year Service Bundle (Threat Prevention, BrightCloud URL Filtering, GlobalProtect, WildFire, US Government
support)",
PAN-PA-5050-USG-BND-LAB3-R,PALO,"PA-5050 Lab Unit Renewal Service Bundle (Threat Prevention, BrightCloud URL Filtering, GlobalProtect, WildFire, US Government
support)",
PAN-PA-5050-USG-BND-LAB4,PALO,"PA-5050 Lab Unit First Year Service Bundle (Threat Prevention, PANDB URL Filtering, GlobalProtect, WildFire, US Government support)",
PAN-PA-5050-USG-BND-LAB4-R,PALO,"PA-5050 Lab Unit Renewal Service Bundle (Threat Prevention, PANDB URL Filtering, GlobalProtect, WildFire, US Government support)",
PAN-PA-5060-BND-LAB3,PALO,"PA-5060 Lab Unit First Year Service Bundle (Threat Prevention, BrightCloud URL Filtering, GlobalProtect, WildFire, Standard Support)",
PAN-PA-5060-BND-LAB3-R,PALO,"PA-5060 Lab Unit Renewal Service Bundle (Threat Prevention, BrightCloud URL Filtering, GlobalProtect, WildFire, Standard Support)",
PAN-PA-5060-BND-LAB4,PALO,"PA-5060 Lab Unit First Year Service Bundle (Threat Prevention, PANDB URL Filtering, GlobalProtect, WildFire, Standard Support)",
PAN-PA-5060-BND-LAB4-R,PALO,"PA-5060 Lab Unit Renewal Service Bundle (Threat Prevention, PANDB URL Filtering, GlobalProtect, WildFire, Standard Support)",
PAN-PA-5060-USG-BND-LAB3,PALO,"PA-5060 Lab Unit First Year Service Bundle (Threat Prevention, BrightCloud URL Filtering, GlobalProtect, WildFire, US Government
support)",
PAN-PA-5060-USG-BND-LAB3-R,PALO,"PA-5060 Lab Unit Renewal Service Bundle (Threat Prevention, BrightCloud URL Filtering, GlobalProtect, WildFire, US Government
support)",
PAN-PA-5060-USG-BND-LAB4,PALO,"PA-5060 Lab Unit First Year Service Bundle (Threat Prevention, PANDB URL Filtering, GlobalProtect, WildFire, US Government support)",
PAN-PA-5060-USG-BND-LAB4-R,PALO,"PA-5060 Lab Unit Renewal Service Bundle (Threat Prevention, PANDB URL Filtering, GlobalProtect, WildFire, US Government support)",
PAN-PA-5220-BND-LAB3,PALO,"PA-5220 Lab Unit First Year Service Bundle (Threat Prevention, BrightCloud URL Filtering, GlobalProtect, WildFire, Standard Support)",
PAN-PA-5220-BND-LAB3-R,PALO,"PA-5220 Lab Unit Renewal Service Bundle (Threat Prevention, BrightCloud URL Filtering, GlobalProtect, WildFire, Standard Support)",
PAN-PA-5220-BND-LAB4,PALO,"PA-5220 Lab Unit First Year Service Bundle (Threat Prevention, PANDB URL Filtering, GlobalProtect, WildFire, Standard Support)",
PAN-PA-5220-BND-LAB4-R,PALO,"PA-5220 Lab Unit Renewal Service Bundle (Threat Prevention, PANDB URL Filtering, GlobalProtect, WildFire, Standard Support)",
PAN-PA-5220-USG-BND-LAB3,PALO,"PA-5220 Lab Unit First Year Service Bundle (Threat Prevention, BrightCloud URL Filtering, GlobalProtect, WildFire, US Government
standard support)",
PAN-PA-5220-USG-BND-LAB3-R,PALO,"PA-5220 Lab Unit Renewal Service Bundle (Threat Prevention, BrightCloud URL Filtering, GlobalProtect, WildFire, US Government
standard support)",
PAN-PA-5220-USG-BND-LAB4,PALO,"PA-5220 Lab Unit First Year Service Bundle (Threat Prevention, PANDB URL Filtering, GlobalProtect, WildFire, US Government standard
support)",
PAN-PA-5220-USG-BND-LAB4-R,PALO,"PA-5220 Lab Unit Renewal Service Bundle (Threat Prevention, PANDB URL Filtering, GlobalProtect, WildFire, US Government standard
support)",
PAN-PA-5250-BND-LAB3,PALO,"PA-5250 Lab Unit First Year Service Bundle (Threat Prevention, BrightCloud URL Filtering, GlobalProtect, WildFire, Standard Support)",
PAN-PA-5250-BND-LAB3-R,PALO,"PA-5250 Lab Unit Renewal Service Bundle (Threat Prevention, BrightCloud URL Filtering, GlobalProtect, WildFire, Standard Support)",
PAN-PA-5250-BND-LAB4,PALO,"PA-5250 Lab Unit First Year Service Bundle (Threat Prevention, PANDB URL Filtering, GlobalProtect, WildFire, Standard Support)",
PAN-PA-5250-BND-LAB4-R,PALO,"PA-5250 Lab Unit Renewal Service Bundle (Threat Prevention, PANDB URL Filtering, GlobalProtect, WildFire, Standard Support)",
PAN-PA-5250-USG-BND-LAB3,PALO,"PA-5250 Lab Unit First Year Service Bundle (Threat Prevention, BrightCloud URL Filtering, GlobalProtect, WildFire, US Government
standard support)",
PAN-PA-5250-USG-BND-LAB3-R,PALO,"PA-5250 Lab Unit Renewal Service Bundle (Threat Prevention, BrightCloud URL Filtering, GlobalProtect, WildFire, US Government
standard support)",
PAN-PA-5250-USG-BND-LAB4,PALO,"PA-5250 Lab Unit First Year Service Bundle (Threat Prevention, PANDB URL Filtering, GlobalProtect, WildFire, US Government standard
support)",
PAN-PA-5250-USG-BND-LAB4-R,PALO,"PA-5250 Lab Unit Renewal Service Bundle (Threat Prevention, PANDB URL Filtering, GlobalProtect, WildFire, US Government standard
support)",
PAN-PA-5260-BND-LAB3,PALO,"PA-5260 Lab Unit First Year Service Bundle (Threat Prevention, BrightCloud URL Filtering, GlobalProtect, WildFire, Standard Support)",
,PALO,,
PAN-PA-5260-BND-LAB3-R,PALO,"PA-5260 Lab Unit Renewal Service Bundle (Threat Prevention, BrightCloud URL Filtering, GlobalProtect, WildFire, Standard Support)",
PAN-PA-5260-BND-LAB4,PALO,"PA-5260 Lab Unit First Year Service Bundle (Threat Prevention, PANDB URL Filtering, GlobalProtect, WildFire, Standard Support)",
PAN-PA-5260-BND-LAB4-R,PALO,"PA-5260 Lab Unit Renewal Service Bundle (Threat Prevention, PANDB URL Filtering, GlobalProtect, WildFire, Standard Support)",
PAN-PA-5260-USG-BND-LAB3,PALO,"PA-5260 Lab Unit First Year Service Bundle (Threat Prevention, BrightCloud URL Filtering, GlobalProtect, WildFire, US Government
standard support)",
PAN-PA-5260-USG-BND-LAB3-R,PALO,"PA-5260 Lab Unit Renewal Service Bundle (Threat Prevention, BrightCloud URL Filtering, GlobalProtect, WildFire, US Government
standard support)",
PAN-PA-5260-USG-BND-LAB4,PALO,"PA-5260 Lab Unit First Year Service Bundle (Threat Prevention, PANDB URL Filtering, GlobalProtect, WildFire, US Government standard
support)",
PAN-PA-5260-USG-BND-LAB4-R,PALO,"PA-5260 Lab Unit Renewal Service Bundle (Threat Prevention, PANDB URL Filtering, GlobalProtect, WildFire, US Government standard
support)",
PAN-PA-7050-BND-LAB3,PALO,"PA-7050 Lab Unit First Year Service Bundle (Threat prevention, BrightCloud URL filtering, Global protect, WildFire, Standard support)",
PAN-PA-7050-BND-LAB3-R,PALO,"PA-7050 Lab Unit Renewal Service Bundle (Threat prevention, BrightCloud URL filtering, Global protect, WildFire, Standard support)",
PAN-PA-7050-BND-LAB4,PALO,"PA-7050 Lab Unit First Year Service Bundle (Threat prevention, PANDB URL filtering, Global protect, WildFire, Standard support)",
PAN-PA-7050-BND-LAB4-R,PALO,"PA-7050 Lab Unit Renewal Service Bundle (Threat prevention, PANDB URL filtering, Global protect, WildFire, Standard support)",
PAN-PA-7050-USG-BND-LAB3,PALO,"PA-7050 Lab Unit First Year Service Bundle (Threat prevention, BrightCloud URL filtering, Global protect, WildFire, US Government
support)",
PAN-PA-7050-USG-BND-LAB3-R,PALO,"PA-7050 Lab Unit Renewal Service Bundle (Threat prevention, BrightCloud URL filtering, Global protect, WildFire, US Government
support)",
PAN-PA-7050-USG-BND-LAB4,PALO,"PA-7050 Lab Unit First Year Service Bundle (Threat prevention, PANDB URL filtering, Global protect, WildFire, US Government support)",
PAN-PA-7050-USG-BND-LAB4-R,PALO,"PA-7050 Lab Unit Renewal Service Bundle (Threat prevention, PANDB URL filtering, Global protect, WildFire, US Government support)",
PAN-PA-7080-BND-LAB3,PALO,"PA-7080 Lab Unit First Year Service Bundle (Threat prevention, BrightCloud URL filtering, GlobalProtect, WildFire, Standard support)",
PAN-PA-7080-BND-LAB3-R,PALO,"PA-7080 Lab Unit Renewal Service Bundle (Threat prevention, BrightCloud URL filtering, GlobalProtect, WildFire, Standard support)",
PAN-PA-7080-BND-LAB4,PALO,"PA-7080 Lab Unit First Year Service Bundle (Threat prevention, PAN-DB URL filtering, GlobalProtect, WildFire, Standard support)",
PAN-PA-7080-BND-LAB4-R,PALO,"PA-7080 Lab Unit Renewal Service Bundle (Threat prevention, PAN-DB URL filtering, GlobalProtect, WildFire, Standard support)",
PAN-PA-7080-USG-BND-LAB3,PALO,"PA-7080 Lab Unit First Year Service Bundle (Threat prevention, BrightCloud URL filtering, Global protect, WildFire, US Government
standard support)",
PAN-PA-7080-USG-BND-LAB3-R,PALO,"PA-7080 Lab Unit Renewal Service Bundle (Threat prevention, BrightCloud URL filtering, Global protect, WildFire, US Government
standard support) renewal",
PAN-PA-7080-USG-BND-LAB4,PALO,"PA-7080 Lab Unit First Year Service Bundle (Threat prevention, PANDB URL filtering, Global protect, WildFire, US Government
standard support)",
PAN-PA-7080-USG-BND-LAB4-R,PALO,"PA-7080 Lab Unit Renewal Service Bundle (Threat prevention, PANDB URL filtering, Global protect, WildFire, US Government standard
support) renewal",
PAN-VM-100-BND-LAB3,PALO,"Lab unit bundle subscription (Threat prevention, BrightCloud URL Filtering, GlobalProtect, WildFire, Standard support), VM-100",
PAN-VM-100-BND-LAB3-R,PALO,"Lab unit bundle subscription (Threat prevention, BrightCloud URL Filtering, GlobalProtect, WildFire, Standard support), VM-100",
PAN-VM-100-BND-LAB4,PALO,"Lab unit bundle subscription (Threat prevention, PANDB URL filtering, GlobalProtect, WildFire, Standard support), VM-100",
PAN-VM-100-BND-LAB4-R,PALO,"Lab unit bundle subscription (Threat prevention, PANDB URL filtering, GlobalProtect, WildFire, Standard support), VM-100",
PAN-VM-100-USG-BND-LAB3,PALO,"Lab unit bundle subscription (Threat prevention, BrightCloud URL Filtering, GlobalProtect, WildFire, US Government support), VM-100",
PAN-VM-100-USG-BND-LAB3-R,PALO,"Lab unit bundle subscription (Threat prevention, BrightCloud URL Filtering, GlobalProtect, WildFire, US Government support), VM-100",
PAN-VM-100-USG-BND-LAB4,PALO,"Lab unit bundle subscription (Threat prevention, PANDB URL filtering, GlobalProtect, WildFire, US Government support), VM-100",
PAN-VM-100-USG-BND-LAB4-R,PALO,"Lab unit bundle subscription (Threat prevention, PANDB URL filtering, GlobalProtect, WildFire, US Government support), VM-100",
PAN-VM-200-BND-LAB3,PALO,"Lab unit bundle subscription (Threat prevention, BrightCloud URL Filtering, GlobalProtect, WildFire, Standard support), VM-200",
PAN-VM-200-BND-LAB3-R,PALO,"Lab unit bundle subscription (Threat prevention, BrightCloud URL Filtering, GlobalProtect, WildFire, Standard support), VM-200",
PAN-VM-200-BND-LAB4,PALO,"Lab unit bundle subscription (Threat prevention, PANDB URL filtering, GlobalProtect, WildFire, Standard support), VM-200",
PAN-VM-200-BND-LAB4-R,PALO,"Lab unit bundle subscription (Threat prevention, PANDB URL filtering, GlobalProtect, WildFire, Standard support), VM-200",
PAN-VM-200-USG-BND-LAB3,PALO,"Lab unit bundle subscription (Threat prevention, BrightCloud URL Filtering, GlobalProtect, WildFire, US Government support), VM-200",
PAN-VM-200-USG-BND-LAB3-R,PALO,"Lab unit bundle subscription (Threat prevention, BrightCloud URL Filtering, GlobalProtect, WildFire, US Government support), VM-200",
PAN-VM-200-USG-BND-LAB4,PALO,"Lab unit bundle subscription (Threat prevention, PANDB URL filtering, GlobalProtect, WildFire, US Government support), VM-200",
PAN-VM-200-USG-BND-LAB4-R,PALO,"Lab unit bundle subscription (Threat prevention, PANDB URL filtering, GlobalProtect, WildFire, US Government support), VM-200",
PAN-VM-300-BND-LAB3,PALO,"Lab unit bundle subscription (Threat prevention, BrightCloud URL Filtering, GlobalProtect, WildFire, Standard support), VM-300",
PAN-VM-300-BND-LAB3-R,PALO,"Lab unit bundle subscription (Threat prevention, BrightCloud URL Filtering, GlobalProtect, WildFire, Standard support), VM-300",
PAN-VM-300-BND-LAB4,PALO,"Lab unit bundle subscription (Threat prevention, PANDB URL filtering, GlobalProtect, WildFire, Standard support), VM-300",
PAN-VM-300-BND-LAB4-R,PALO,"Lab unit bundle subscription (Threat prevention, PANDB URL filtering, GlobalProtect, WildFire, Standard support), VM-300",
PAN-VM-300-USG-BND-LAB3,PALO,"Lab unit bundle subscription (Threat prevention, BrightCloud URL Filtering, GlobalProtect, WildFire, US Government support), VM-300",
PAN-VM-300-USG-BND-LAB3-R,PALO,"Lab unit bundle subscription (Threat prevention, BrightCloud URL Filtering, GlobalProtect, WildFire, US Government support), VM-300",
PAN-VM-300-USG-BND-LAB4,PALO,"Lab unit bundle subscription (Threat prevention, PANDB URL filtering, GlobalProtect, WildFire, US Government support), VM-300",
PAN-VM-300-USG-BND-LAB4-R,PALO,"Lab unit bundle subscription (Threat prevention, PANDB URL filtering, GlobalProtect, WildFire, US Government support), VM-300",
,PALO,,
PAN-VM-1000-HV-BND-LAB3,PALO,"Lab unit bundle subscription (Threat prevention, BrightCloud URL Filtering, GlobalProtect, WildFire, Standard support), VM-1000-HV",
PAN-VM-1000-HV-BND-LAB3-R,PALO,"Lab unit bundle subscription (Threat prevention, BrightCloud URL Filtering, GlobalProtect, WildFire, Standard support), VM-1000-HV",
PAN-VM-1000-HV-BND-LAB4,PALO,"Lab unit bundle subscription (Threat prevention, PANDB URL filtering, GlobalProtect, WildFire, Standard support), VM-1000-HV",
PAN-VM-1000-HV-BND-LAB4-R,PALO,"Lab unit bundle subscription (Threat prevention, PANDB URL filtering, GlobalProtect, WildFire, Standard support), VM-1000-HV",
PAN-VM-1000-HV-USG-BND-LAB3,PALO,"Lab unit bundle subscription (Threat prevention, BrightCloud URL Filtering, GlobalProtect, WildFire, US Government support), VM-
1000-HV",
PAN-VM-1000-HV-USG-BND-LAB3-R,PALO,"Lab unit bundle subscription (Threat prevention, BrightCloud URL Filtering, GlobalProtect, WildFire, US Government support), VM-
1000-HV",
PAN-VM-1000-HV-USG-BND-LAB4,PALO,"Lab unit bundle subscription (Threat prevention, PANDB URL filtering, GlobalProtect, WildFire, US Government support), VM-1000-HV",
PAN-VM-1000-HV-USG-BND-LAB4-R,PALO,"Lab unit bundle subscription (Threat prevention, PANDB URL filtering, GlobalProtect, WildFire, US Government support), VM-1000-HV",
PAN-VM-50-PERP-BND2-LAB-1YR,PALO,"Palo Alto Networks Perpetual Lab Bundle (BND2) for VM-Series that includes VM-50, Threat Prevention, PANDB URL filtering, Global
Protect and WildFire subscriptions, and Standard Support, 1 year",
PAN-VM-50-PERP-BND2-LAB-1YR-R,PALO,"Palo Alto Networks Perpetual Lab Bundle (BND2) for VM-Series that includes Threat Prevention, PANDB URL filtering, Global Protect
and WildFire subscriptions, and Standard Support, 1 year Renewal",
PAN-VM-50-PERP-BND2-USGLAB-1YR,PALO,"Palo Alto Networks Perpetual Lab Bundle (BND2) for VM-Series that includes VM-50, Threat Prevention, PANDB URL filtering, Global
Protect and WildFire subscriptions, and US Government Standard Support, 1 year",
PAN-VM-50-PERP-BND2-USGLAB-1YR-R,PALO,"Palo Alto Networks Perpetual Lab Bundle (BND2) for VM-Series that includes Threat Prevention, PANDB URL filtering, Global Protect
and WildFire subscriptions, and US Government Standard Support, 1 year Renewal",
PAN-VM-100-PERP-BND2-LAB-1YR,PALO,"Palo Alto Networks Perpetual Lab Bundle (BND2) for VM-Series that includes VM-100, Threat Prevention, PANDB URL filtering, Global
Protect and WildFire subscriptions, and Standard Support, 1 year",
PAN-VM-100-PERP-BND2-LAB-1YR-R,PALO,"Palo Alto Networks Perpetual Lab Bundle (BND2) for VM-Series that includes Threat Prevention, PANDB URL filtering, Global Protect
and WildFire subscriptions, and Standard Support, 1 year Renewal",
PAN-VM-100-PERP-BND2-USGLAB-1YR,PALO,"Palo Alto Networks Perpetual Lab Bundle (BND2) for VM-Series that includes VM-100, Threat Prevention, PANDB URL filtering, Global
Protect and WildFire subscriptions, and US Government Standard Support, 1 year",
PAN-VM-100-PERP-BND2-USGLAB-1YR-R,PALO,"Palo Alto Networks Perpetual Lab Bundle (BND2) for VM-Series that includes Threat Prevention, PANDB URL filtering, Global Protect
and WildFire subscriptions, and US Government Standard Support, 1 year Renewal",
PAN-VM-300-PERP-BND2-LAB-1YR,PALO,"Palo Alto Networks Perpetual Lab Bundle (BND2) for VM-Series that includes VM-300, Threat Prevention, PANDB URL filtering, Global
Protect and WildFire subscriptions, and Standard Support, 1 year",
PAN-VM-300-PERP-BND2-LAB-1YR-R,PALO,"Palo Alto Networks Perpetual Lab Bundle (BND2) for VM-Series that includes Threat Prevention, PANDB URL filtering, Global Protect
and WildFire subscriptions, and Standard Support, 1 year, Renewal",
PAN-VM-300-PERP-BND2-USGLAB-1YR,PALO,"Palo Alto Networks Perpetual Lab Bundle (BND2) for VM-Series that includes VM-300, Threat Prevention, PANDB URL filtering, Global
Protect and WildFire subscriptions, and US Government Standard Support, 1 year",
PAN-VM-300-PERP-BND2-USGLAB-1YR-R,PALO,"Palo Alto Networks Perpetual Lab Bundle (BND2) for VM-Series that includes Threat Prevention, PANDB URL filtering, Global Protect
and WildFire subscriptions, and US Government Standard Support, 1 year, Renewal",
PAN-VM-500-PERP-BND2-LAB-1YR,PALO,"Palo Alto Networks Perpetual Lab Bundle (BND2) for VM-Series that includes VM-500, Threat Prevention, PANDB URL filtering, Global
Protect and WildFire subscriptions, and Standard Support, 1 year",
PAN-VM-500-PERP-BND2-LAB-1YR-R,PALO,"Palo Alto Networks Perpetual Lab Bundle (BND2) for VM-Series that includes Threat Prevention, PANDB URL filtering, Global Protect
and WildFire subscriptions, and Standard Support, 1 year, Renewal",
PAN-VM-500-PERP-BND2-USGLAB-1YR,PALO,"Palo Alto Networks Perpetual Lab Bundle (BND2) for VM-Series that includes VM-500, Threat Prevention, PANDB URL filtering, Global
Protect and WildFire subscriptions, and US Government Standard Support, 1 year",
PAN-VM-500-PERP-BND2-USGLAB-1YR-R,PALO,"Palo Alto Networks Perpetual Lab Bundle (BND2) for VM-Series that includes Threat Prevention, PANDB URL filtering, Global Protect
and WildFire subscriptions, and US Government Standard Support, 1 year, Renewal",
PAN-VM-700-PERP-BND2-LAB-1YR,PALO,"Palo Alto Networks Perpetual Lab Bundle (BND2) for VM-Series that includes VM-700, Threat Prevention, PANDB URL filtering, Global
Protect and WildFire subscriptions, and Standard Support, 1 year",
PAN-VM-700-PERP-BND2-LAB-1YR-R,PALO,"Palo Alto Networks Perpetual Lab Bundle (BND2) for VM-Series that includes Threat Prevention, PANDB URL filtering, Global Protect
and WildFire subscriptions, and Standard Support, 1 year, Renewal",
PAN-VM-700-PERP-BND2-USGLAB-1YR,PALO,"Palo Alto Networks Perpetual Lab Bundle (BND2) for VM-Series that includes VM-700, Threat Prevention, PANDB URL filtering, Global
Protect and WildFire subscriptions, and US Government Standard Support, 1 year",
PAN-VM-700-PERP-BND2-USGLAB-1YR-R,PALO,"Palo Alto Networks Perpetual Lab Bundle (BND2) for VM-Series that includes Threat Prevention, PANDB URL filtering, Global Protect
and WildFire subscriptions, and US Government Standard Support, 1 year, Renewal",
PAN-VM-1000-HV-PERP-LAB4-NSX,PALO,"Lab unit bundle subscription (Threat prevention, PANDB URL filtering, GlobalProtect, WildFire, Standard support), VM-1000-HV",
PAN-VM-1000-HV-PERP-LAB4-NSX-R,PALO,"Lab unit bundle subscription renewal (Threat prevention, PANDB URL filtering, GlobalProtect, WildFire, Standard support), VM-1000-
HV",
PAN-VM-1000-HV-PERP-USG-LAB4-NSX,PALO,"Lab unit bundle subscription (Threat prevention, PANDB URL filtering, GlobalProtect, WildFire, US Government support), VM-1000-HV",
PAN-VM-1000-HV-PERP-USG-LAB4-NSX-R,PALO,"Lab unit bundle subscription (Threat prevention, PANDB URL filtering, GlobalProtect, WildFire, US Government support), VM-1000-HV",
PAN-GP-100-BND-LAB3,PALO,"GP-100 LAB First Year Service Bundle (WildFire, Premium Support)",
PAN-GP-100-BND-LAB3-R,PALO,"GP-100 LAB Renewal Service Bundle (WildFire, Premium Support)",
PAN-GP-100-USG-BND-LAB3,PALO,"GP-100 LAB First Year Service Bundle (WildFire, US Government support)",
PAN-GP-100-USG-BND-LAB3-R,PALO,"GP-100 LAB Renewal Service Bundle (WildFire, US Government support)",
PAN-SVC-LAB-PRA,PALO,Panorama Lab License First Year Premium Service. Supersedes PAN-SVC-LAB-PRA-25.,
PAN-SVC-LAB-PRA-R,PALO,Panorama Lab License Renewal Premium Service. Supersedes PAN-SVC-LAB-PRA-25-R,
PAN-SVC-LAB-USG-PRA,PALO,For US Government only. Panorama Lab License First Year US Government Standard Support,
PAN-SVC-LAB-USG-PRA-R,PALO,"For US Government only. Panorama Lab License Renewal, US Government Standard Support",
PAN-SVC-LAB-WF-500,PALO,WF-500 Lab First Year Standard Support,
PAN-SVC-LAB-WF-500-R,PALO,WF-500 Lab Standard Support Renewal,
PAN-SVC-LAB-USG-WF-500,PALO,For US Government only. WF-500 LAB First Year USG Support,
PAN-SVC-LAB-USG-WF-500-R,PALO,For US Government only. WF-500 LAB USG Renewal,
PAN-SVC-LAB-M-100-P-25,PALO,M-100 Lab First Year Standard Support,
PAN-SVC-LAB-M-100-P-25-R,PALO,M-100 Lab Standard Support Renewal,
PAN-SVC-LAB-USG-M-100-P-25,PALO,For US Government only. M-100 Lab First Year US Government Standard Support,
PAN-SVC-LAB-USG-M-100-P-25-R,PALO,For US Government only. M-100 Lab US Government Standard Support Renewal,
PAN-SVC-LAB-M-500-P-25,PALO,M-500 Lab First Year Standard Support,
PAN-SVC-LAB-M-500-P-25-R,PALO,M-500 Lab Standard Support Renewal,
PAN-SVC-LABUSG-M-500-P-25,PALO,For US Government only. M-500 Lab First Year USG Support,
PAN-SVC-LABUSG-M-500-P-25-R,PALO,For US Government only. M-500 Lab USG Support Renewal,
PAN-PA-200-NFR,PALO,Palo Alto Networks PA-200 NFR Unit,
PAN-PA-220-NFR,PALO,Palo Alto Networks PA-220 NFR Unit,
PAN-PA-500-2GB-NFR,PALO,Palo Alto Networks PA-500 2GB Memory NFR Unit,
PAN-PA-820-NFR,PALO,Palo Alto Networks PA-820 NFR Unit,
PAN-PA-850-NFR,PALO,Palo Alto Networks PA-850 NFR Unit,
PAN-PA-3020-NFR,PALO,Palo Alto Networks PA-3020 NFR Unit,
PAN-PA-3050-NFR,PALO,Palo Alto Networks PA-3050 NFR Unit,
PAN-PA-3060-NFR,PALO,Palo Alto Networks PA-3060 NFR Unit,
PAN-PA-5020-SSD2-NFR,PALO,Palo Alto Networks PA-5020 NFR Unit with single 240GB SSD.,
PAN-PA-5050-SSD2-NFR,PALO,Palo Alto Networks PA-5050 NFR Unit with single 240GB SSD.,
PAN-PA-5060-SSD2-NFR,PALO,Palo Alto Networks PA-5060 NFR Unit with single 240GB SSD.,
,PALO,,
PAN-PA-5220-AC-NFR,PALO,Palo Alto Networks PA-5220 NFR Unit with redundant AC power supplies,
PAN-PA-5220-DC-NFR,PALO,Palo Alto Networks PA-5220 NFR Unit with redundant DC power supplies,
PAN-PA-5250-AC-NFR,PALO,Palo Alto Networks PA-5250 NFR Unit with redundant AC power supplies,
PAN-PA-5250-DC-NFR,PALO,Palo Alto Networks PA-5250 NFR Unit with redundant DC power supplies,
PAN-PA-5260-AC-NFR,PALO,Palo Alto Networks PA-5260 NFR Unit with redundant AC power supplies,
PAN-PA-5260-DC-NFR,PALO,Palo Alto Networks PA-5260 NFR Unit with redundant DC power supplies,
PAN-PA-7050-AC-NFR,PALO,"PA-7050 Base AC Hardware Bundle. Includes AC Chassis, 4xAC power supplies, 2xFan Trays, Fan Filter, Switch Management Card, Log
Processing Card, and 4xAMC cards, not for resale",
PAN-PA-7050-DC-NFR,PALO,"PA-7050 Base DC Hardware Bundle. Includes DC Chassis, 4xDC power supplies, 2xFan Trays, Fan Filter, Switch Management Card, Log
Processing Card, and 4xAMC cards, not for resale",
PAN-PA-7080-AC-NFR,PALO,"PA-7080 Base AC Hardware Bundle. Includes AC Chassis, 4xAC power supplies, 2xFan Trays, Fan Filter, Switch Management Card, Log
Processing Card, and 4xAMC cards, not for resale",
PAN-PA-7080-DC-NFR,PALO,"PA-7080 Base DC Hardware Bundle. Includes DC Chassis, 4xDC power supplies, 2xFan Trays, Fan Filter, Switch Management Card, Log
Processing Card, and 4xAMC cards, not for resale",
PAN-VM-100-NFR,PALO,"Palo Alto Networks VM-100, NFR Unit",
PAN-VM-200-NFR,PALO,"Palo Alto Networks VM-200, NFR Unit",
PAN-VM-300-NFR,PALO,"Palo Alto Networks VM-300, NFR Unit",
PAN-VM-1000-HV-NFR,PALO,"Palo Alto Networks VM-1000-HV, NFR Unit",
PAN-WF-500-NFR,PALO,"Palo Alto Networks WF-500 NFR unit, 2TB RAID storage (4 1TB RAID certified drives preinstalled)",
PAN-PRA-25-NFR,PALO,"Panorama Central Management Software, 25 device NFR license",
PAN-M-100-NFR,PALO,"Palo Alto Networks M-100 NFR unit, 1TB RAID storage (2 1TB RAID certified drives preinstalled)",
PAN-M-P-NFR-25,PALO,"Panorama central management software NFR license, 25 devices or log collector for the M-series",
PAN-M-500-NFR,PALO,"Palo Alto Networks M-500 NFR unit, 4TB RAID storage (4 2TB RAID certified drives preinstalled)",
PAN-PA-2020-VSYS-5N,PALO,Virtual systems upgrade - Additional 5 virtual systems (1 to 6) for PA-2020 Series NFR,
PAN-PA-2050-VSYS-5N,PALO,Virtual systems upgrade - Additional 5 virtual systems (1 to 6) for PA-2050 Series NFR,
PAN-TRAPS-BND-250-NFR-1YR,PALO,"Not for resale, 250 Traps endpoints, 1 year, includes standard support",
PAN-TRAPS-BND-250-NFR-1YR-R,PALO,"Not for resale, 250 Traps endpoints, 1 year renewal, includes standard support",
PAN-TRAPS-BND-250-NFR-3YR,PALO,"Not for resale, 250 Traps endpoints, 3 year, includes standard support",
PAN-TRAPS-BND-250-NFR-3YR-R,PALO,"Not for resale, 250 Traps endpoints, 3 year renewal, includes standard support",
PAN-PA-200-BND-NFR3,PALO,"PA-200 NFR First Year Service Bundle (Threat Prevention, PANDB and BrightCloud URL Filtering, GlobalProtect, WildFire, Standard
Support)",
PAN-PA-200-BND-NFR3-R,PALO,"PA-200 NFR Renewal Service Bundle (Threat Prevention, PANDB and BrightCloud URL Filtering, GlobalProtect, WildFire, Standard
Support)",
PAN-PA-200-BND-NFR4,PALO,"PA-200 NFR First Year Service Bundle (Threat Prevention, PANDB URL Filtering, GlobalProtect, WildFire,Standard Support)",
PAN-PA-200-BND-NFR4-R,PALO,"PA-200 NFR Renewal Service Bundle (Threat Prevention, PANDB URL Filtering, GlobalProtect, WildFire, Standard Support)",
PAN-PA-200-USG-BND-NFR3,PALO,"PA-200 NFR First Year Service Bundle (Threat Prevention, PANDB and BrightCloud URL Filtering, GlobalProtect, WildFire, US
Government support)",
PAN-PA-200-USG-BND-NFR3-R,PALO,"PA-200 NFR Renewal Service Bundle (Threat Prevention, PANDB and BrightCloud URL Filtering, GlobalProtect, WildFire, US
Government support)",
PAN-PA-200-USG-BND-NFR4,PALO,"PA-200 NFR First Year Service Bundle (Threat Prevention, PANDB URL Filtering, GlobalProtect, WildFire, US Government support)",
PAN-PA-200-USG-BND-NFR4-R,PALO,"PA-200 NFR Renewal Service Bundle (Threat Prevention, PANDB URL Filtering, GlobalProtect, WildFire, US Government support)",
PAN-PA-220-BND-NFR3,PALO,"PA-220 NFR First Year Service Bundle (Threat Prevention, PANDB and BrightCloud URL Filtering, GlobalProtect, WildFire, Standard
Support)",
PAN-PA-220-BND-NFR3-R,PALO,"PA-220 NFR Renewal Service Bundle (Threat Prevention, PANDB and BrightCloud URL Filtering, GlobalProtect, WildFire, Standard
Support)",
PAN-PA-220-BND-NFR4,PALO,"PA-220 NFR First Year Service Bundle (Threat Prevention, PANDB URL Filtering, GlobalProtect, WildFire,Standard Support)",
PAN-PA-220-BND-NFR4-R,PALO,"PA-220 NFR Renewal Service Bundle (Threat Prevention, PANDB URL Filtering, GlobalProtect, WildFire, Standard Support)",
PAN-PA-220-USG-BND-NFR3,PALO,"PA-220 NFR First Year Service Bundle (Threat Prevention, PANDB and BrightCloud URL Filtering, GlobalProtect, WildFire, US
Government standard support)",
PAN-PA-220-USG-BND-NFR3-R,PALO,"PA-220 NFR Renewal Service Bundle (Threat Prevention, PANDB and BrightCloud URL Filtering, GlobalProtect, WildFire, US
Government standard support)",
PAN-PA-220-USG-BND-NFR4,PALO,"PA-220 NFR First Year Service Bundle (Threat Prevention, PANDB URL Filtering, GlobalProtect, WildFire,US Government standard
support)",
PAN-PA-220-USG-BND-NFR4-R,PALO,"PA-220 NFR Renewal Service Bundle (Threat Prevention, PANDB URL Filtering, GlobalProtect, WildFire, US Government standard
support)",
PAN-PA-500-BND-NFR3,PALO,"PA-500 NFR First Year Service Bundle (Threat Prevention, PANDB and BrightCloud URL Filtering, GlobalProtect, WildFire, Standard
Support)",
PAN-PA-500-BND-NFR3-R,PALO,"PA-500 NFR Renewal Service Bundle (Threat Prevention, PANDB and BrightCloud URL Filtering, GlobalProtect, WildFire, Standard
Support)",
PAN-PA-500-BND-NFR4,PALO,"PA-500 NFR First Year Service Bundle (Threat Prevention, PANDB URL Filtering, GlobalProtect, WildFire, Standard Support)",
PAN-PA-500-BND-NFR4-R,PALO,"PA-500 NFR Renewal Service Bundle (Threat Prevention, PANDB URL Filtering, GlobalProtect, WildFire, Standard Support)",
PAN-PA-500-USG-BND-NFR3,PALO,"PA-500 NFR First Year Service Bundle (Threat Prevention, PANDB and BrightCloud URL Filtering, GlobalProtect, WildFire, US
Government support)",
PAN-PA-500-USG-BND-NFR3-R,PALO,"PA-500 NFR Renewal Service Bundle (Threat Prevention, PANDB and BrightCloud URL Filtering, GlobalProtect, WildFire, US
Government support)",
PAN-PA-500-USG-BND-NFR4,PALO,"PA-500 NFR First Year Service Bundle (Threat Prevention, PANDB URL Filtering, GlobalProtect, WildFire, US Government standard
support)",
PAN-PA-500-USG-BND-NFR4-R,PALO,"PA-500 NFR Renewal Service Bundle (Threat Prevention, PANDB URL Filtering, GlobalProtect, WildFire, US Government support)",
PAN-PA-820-BND-NFR3,PALO,"PA-820 NFR First Year Service Bundle (Threat prevention, PANDB and BrightCloud URL filtering, GlobalProtect, WildFire, Standard
support)",
PAN-PA-820-BND-NFR3-R,PALO,"PA-820 NFR Renewal Service Bundle (Threat prevention, PANDB and BrightCloud URL filtering, GlobalProtect, WildFire, Standard
support)",
PAN-PA-820-BND-NFR4,PALO,"PA-820 NFR First Year Service Bundle (Threat prevention, PANDB URL filtering, GlobalProtect, WildFire, Standard support)",
PAN-PA-820-BND-NFR4-R,PALO,"PA-820 NFR Renewal Service Bundle (Threat prevention, PANDB URL filtering, GlobalProtect, WildFire, Standard support)",
PAN-PA-820-USG-BND-NFR3,PALO,"PA-820 NFR First Year Service Bundle (Threat Prevention, PANDB and BrightCloud URL Filtering, GlobalProtect, WildFire, US
Government standard support)",
PAN-PA-820-USG-BND-NFR3-R,PALO,"PA-820 NFR Renewal Service Bundle (Threat Prevention, PANDB and BrightCloud URL Filtering, GlobalProtect, WildFire, US
Government standard support)",
PAN-PA-820-USG-BND-NFR4,PALO,"PA-820 NFR First Year Service Bundle (Threat Prevention, PANDB URL Filtering, GlobalProtect, WildFire,US Government standard
support)",
PAN-PA-820-USG-BND-NFR4-R,PALO,"PA-820 NFR Renewal Service Bundle (Threat Prevention, PANDB URL Filtering, GlobalProtect, WildFire, US Government standard
support)",
PAN-PA-850-BND-NFR3,PALO,"PA-850 NFR First Year Service Bundle (Threat prevention, PANDB and BrightCloud URL filtering, GlobalProtect, WildFire, Standard
support)",
,PALO,,
PAN-PA-850-BND-NFR3-R,PALO,"PA-850 NFR Renewal Service Bundle (Threat prevention, PANDB and BrightCloud URL filtering, GlobalProtect, WildFire, Standard
support)",
PAN-PA-850-BND-NFR4,PALO,"PA-850 NFR First Year Service Bundle (Threat prevention, PANDB URL filtering, GlobalProtect, WildFire, Standard support)",
PAN-PA-850-BND-NFR4-R,PALO,"PA-850 NFR Renewal Service Bundle (Threat prevention, PANDB URL filtering, GlobalProtect, WildFire, Standard support)",
PAN-PA-850-USG-BND-NFR3,PALO,"PA-850 NFR First Year Service Bundle (Threat Prevention, PANDB and BrightCloud URL Filtering, GlobalProtect, WildFire, US
Government standard support)",
PAN-PA-850-USG-BND-NFR3-R,PALO,"PA-850 NFR Renewal Service Bundle (Threat Prevention, PANDB and BrightCloud URL Filtering, GlobalProtect, WildFire, US
Government standard support)",
PAN-PA-850-USG-BND-NFR4,PALO,"PA-850 NFR First Year Service Bundle (Threat Prevention, PANDB URL Filtering, GlobalProtect, WildFire,US Government standard
support)",
PAN-PA-850-USG-BND-NFR4-R,PALO,"PA-850 NFR Renewal Service Bundle (Threat Prevention, PANDB URL Filtering, GlobalProtect, WildFire, US Government standard
support)",
PAN-PA-2020-BND-NFR3-R,PALO,"PA-2020 NFR Renewal Service Bundle (Threat Prevention, PANDB and BrightCloud URL Filtering, GlobalProtect, WildFire, VSYS-5,
Standard Support)",
PAN-PA-2020-BND-NFR4-R,PALO,"PA-2020 NFR Renewal Service Bundle (Threat Prevention, PANDB URL Filtering, GlobalProtect, WildFire, VSYS-5, Standard Support)",
PAN-PA-2020-USG-BND-NFR3-R,PALO,"PA-2020 NFR Renewal Service Bundle (Threat Prevention, PANDB and BrightCloud URL Filtering, GlobalProtect, WildFire, VSYS-5, US
Government support)",
PAN-PA-2020-USG-BND-NFR4-R,PALO,"PA-2020 NFR Renewal Service Bundle (Threat Prevention, PANDB URL Filtering, GlobalProtect, WildFire, VSYS-5, US Government
support)",
PAN-PA-2050-BND-NFR3-R,PALO,"PA-2050 NFR Renewal Service Bundle (Threat Prevention, PANDB and BrightCloud URL Filtering, GlobalProtect, WildFire, VSYS-5,
Standard Support)",
PAN-PA-2050-BND-NFR4-R,PALO,"PA-2050 NFR Renewal Service Bundle (Threat Prevention, PANDB URL Filtering, GlobalProtect, WildFire, VSYS-5, Standard Support)",
PAN-PA-2050-USG-BND-NFR3-R,PALO,"PA-2050 NFR Renewal Service Bundle (Threat Prevention, PANDB and BrightCloud URL Filtering, GlobalProtect, WildFire, VSYS-5, US
Government support)",
PAN-PA-2050-USG-BND-NFR4-R,PALO,"PA-2050 NFR Renewal Service Bundle (Threat Prevention, PANDB URL Filtering, GlobalProtect, WildFire, VSYS-5, US Government
support)",
PAN-PA-3020-BND-NFR3,PALO,"PA-3020 NFR First Year Service Bundle (Threat prevention, PANDB and BrightCloud URL filtering, GlobalProtect, WildFire, VSYS-5,
Standard support)",
PAN-PA-3020-BND-NFR3-R,PALO,"PA-3020 NFR Renewal Service Bundle (Threat prevention, PANDB and BrightCloud URL filtering, GlobalProtect, WildFire, VSYS-5,
Standard support)",
PAN-PA-3020-BND-NFR4,PALO,"PA-3020 NFR First Year Service Bundle (Threat prevention, PANDB URL filtering, GlobalProtect, WildFire, VSYS-5, Standard support)",
PAN-PA-3020-BND-NFR4-R,PALO,"PA-3020 NFR Renewal Service Bundle (Threat prevention, PANDB URL filtering, GlobalProtect, WildFire, VSYS-5, Standard support)",
PAN-PA-3020-USG-BND-NFR3,PALO,"PA-3020 NFR First Year Service Bundle (Threat prevention, PANDB and BrightCloud URL filtering, GlobalProtect, WildFire, VSYS-5, US
Government support)",
PAN-PA-3020-USG-BND-NFR3-R,PALO,"PA-3020 NFR Renewal Service Bundle (Threat prevention, PANDB and BrightCloud URL filtering, GlobalProtect, WildFire, VSYS-5, US
Government support)",
PAN-PA-3020-USG-BND-NFR4,PALO,"PA-3020 NFR First Year Service Bundle (Threat prevention, PANDB URL filtering, GlobalProtect, WildFire, VSYS-5, US Government
support)",
PAN-PA-3020-USG-BND-NFR4-R,PALO,"PA-3020 NFR Renewal Service Bundle (Threat prevention, PANDB URL filtering, GlobalProtect, WildFire, VSYS-5, US Government
support)",
PAN-PA-3050-BND-NFR3,PALO,"PA-3050 NFR First Year Service Bundle (Threat prevention, PANDB and BrightCloud URL filtering, GlobalProtect, WildFire, VSYS-5,
Standard support)",
PAN-PA-3050-BND-NFR3-R,PALO,"PA-3050 NFR Renewal Service Bundle (Threat prevention, PANDB and BrightCloud URL filtering, GlobalProtect, WildFire, VSYS-5,
Standard support)",
PAN-PA-3050-BND-NFR4,PALO,"PA-3050 NFR First Year Service Bundle (Threat prevention, PANDB URL filtering, GlobalProtect, WildFire, VSYS-5, Standard support)",
PAN-PA-3050-BND-NFR4-R,PALO,"PA-3050 NFR Renewal Service Bundle (Threat prevention, PANDB URL filtering, GlobalProtect, WildFire, VSYS-5, Standard support)",
PAN-PA-3050-USG-BND-NFR3,PALO,"PA-3050 NFR First Year Service Bundle (Threat prevention, PANDB and BrightCloud URL filtering, GlobalProtect, WildFire, VSYS-5, US
Government support)",
PAN-PA-3050-USG-BND-NFR3-R,PALO,"PA-3050 NFR Renewal Service Bundle (Threat prevention, PANDB and BrightCloud URL filtering, GlobalProtect, WildFire, VSYS-5, US
Government support)",
PAN-PA-3050-USG-BND-NFR4,PALO,"PA-3050 NFR First Year Service Bundle (Threat prevention, PANDB URL filtering, GlobalProtect, WildFire, VSYS-5, US Government
support)",
PAN-PA-3050-USG-BND-NFR4-R,PALO,"PA-3050 NFR Renewal Service Bundle (Threat prevention, PANDB URL filtering, GlobalProtect, WildFire, VSYS-5, US Government
support)",
PAN-PA-3060-BND-NFR3,PALO,"PA-3060 NFR First Year Service Bundle (Threat prevention, PANDB and BrightCloud URL filtering, GlobalProtect, WildFire, VSYS-5,
Standard support)",
PAN-PA-3060-BND-NFR3-R,PALO,"PA-3060 NFR Renewal Service Bundle (Threat prevention, PANDB and BrightCloud URL filtering, GlobalProtect, WildFire, VSYS-5,
Standard support)",
PAN-PA-3060-BND-NFR4,PALO,"PA-3060 NFR First Year Service Bundle (Threat prevention, PANDB URL filtering, GlobalProtect, WildFire, VSYS-5, Standard support)",
PAN-PA-3060-BND-NFR4-R,PALO,"PA-3060 NFR Renewal Service Bundle (Threat prevention, PANDB URL filtering, GlobalProtect, WildFire, VSYS-5, Standard support)",
PAN-PA-3060-USG-BND-NFR3,PALO,"PA-3060 NFR First Year Service Bundle (Threat prevention, PANDB and BrightCloud URL filtering, GlobalProtect, WildFire, VSYS-5, US
Government support)",
PAN-PA-3060-USG-BND-NFR3-R,PALO,"PA-3060 NFR Renewal Service Bundle (Threat prevention, PANDB and BrightCloud URL filtering, GlobalProtect, WildFire, VSYS-5, US
Government support)",
PAN-PA-3060-USG-BND-NFR4,PALO,"PA-3060 NFR First Year Service Bundle (Threat prevention, PANDB URL filtering, GlobalProtect, WildFire, VSYS-5, US Government
support)",
PAN-PA-3060-USG-BND-NFR4-R,PALO,"PA-3060 NFR Renewal Service Bundle (Threat prevention, PANDB URL filtering, GlobalProtect, WildFire, VSYS-5, US Government
support)",
PAN-PA-4020-BND-NFR3-R,PALO,"PA-4020 NFR Renewal Service Bundle (Threat Prevention, PANDB and BrightCloud URL Filtering, GlobalProtect, WildFire, Standard
Support)",
PAN-PA-4020-BND-NFR4-R,PALO,"PA-4020 NFR Renewal Service Bundle (Threat Prevention, PANDB URL Filtering, GlobalProtect, WildFire, Standard Support)",
PAN-PA-4020-USG-BND-NFR3-R,PALO,"PA-4020 NFR Renewal Service Bundle (Threat Prevention, PANDB and BrightCloud URL Filtering, GlobalProtect, WildFire, US
Government support)",
PAN-PA-4020-USG-BND-NFR4-R,PALO,"PA-4020 NFR Renewal Service Bundle (Threat Prevention, PANDB URL Filtering, GlobalProtect, WildFire, US Government support)",
PAN-PA-4050-BND-NFR3-R,PALO,"PA-4050 NFR Renewal Service Bundle (Threat Prevention, PANDB and BrightCloud URL Filtering, GlobalProtect, WildFire, Standard
Support)",
PAN-PA-4050-BND-NFR4-R,PALO,"PA-4050 NFR Renewal Service Bundle (Threat Prevention, PANDB URL Filtering, GlobalProtect, WildFire, Standard Support)",
PAN-PA-4050-USG-BND-NFR3-R,PALO,"PA-4050 NFR Renewal Service Bundle (Threat Prevention, PANDB and BrightCloud URL Filtering, GlobalProtect, WildFire, US
Government support)",
PAN-PA-4050-USG-BND-NFR4-R,PALO,"PA-4050 NFR Renewal Service Bundle (Threat Prevention, PANDB URL Filtering, GlobalProtect, WildFire, US Government support)",
,PALO,,
PAN-PA-4060-BND-NFR3-R,PALO,"PA-4060 NFR Renewal Service Bundle (Threat Prevention, PANDB and BrightCloud URL Filtering, GlobalProtect, WildFire, Standard
Support)",
PAN-PA-4060-BND-NFR4-R,PALO,"PA-4060 NFR Renewal Service Bundle (Threat Prevention, PANDB URL Filtering, GlobalProtect, WildFire, Standard Support)",
PAN-PA-4060-USG-BND-NFR3-R,PALO,"PA-4060 NFR Renewal Service Bundle (Threat Prevention, PANDB and BrightCloud URL Filtering, GlobalProtect, WildFire, US
Government support)",
PAN-PA-4060-USG-BND-NFR4-R,PALO,"PA-4060 NFR Renewal Service Bundle (Threat Prevention, PANDB URL Filtering, GlobalProtect, WildFire, US Government support)",
PAN-PA-5020-BND-NFR3,PALO,"PA-5020 NFR First Year Service Bundle (Threat Prevention, PANDB and BrightCloud URL Filtering, GlobalProtect, WildFire, Standard
Support)",
PAN-PA-5020-BND-NFR3-R,PALO,"PA-5020 NFR Renewal Service Bundle (Threat Prevention, PANDB and BrightCloud URL Filtering, GlobalProtect, WildFire, Standard
Support)",
PAN-PA-5020-BND-NFR4,PALO,"PA-5020 NFR First Year Service Bundle (Threat Prevention, PANDB URL Filtering, GlobalProtect, WildFire, Standard Support)",
PAN-PA-5020-BND-NFR4-R,PALO,"PA-5020 NFR Renewal Service Bundle (Threat Prevention, PANDB URL Filtering, GlobalProtect, WildFire, Standard Support)",
PAN-PA-5020-USG-BND-NFR3,PALO,"PA-5020 NFR First Year Service Bundle (Threat Prevention, PANDB and BrightCloud URL Filtering, GlobalProtect, WildFire, US
Government support)",
PAN-PA-5020-USG-BND-NFR3-R,PALO,"PA-5020 NFR Renewal Service Bundle (Threat Prevention, PANDB and BrightCloud URL Filtering, GlobalProtect, WildFire, US
Government support)",
PAN-PA-5020-USG-BND-NFR4,PALO,"PA-5020 NFR First Year Service Bundle (Threat Prevention, PANDB URL Filtering, GlobalProtect, WildFire, US Government support)",
PAN-PA-5020-USG-BND-NFR4-R,PALO,"PA-5020 NFR Renewal Service Bundle (Threat Prevention, PANDB URL Filtering, GlobalProtect, WildFire, US Government support)",
PAN-PA-5050-BND-NFR3,PALO,"PA-5050 NFR First Year Service Bundle (Threat Prevention, PANDB and BrightCloud URL Filtering, GlobalProtect, WildFire, Standard
Support)",
PAN-PA-5050-BND-NFR3-R,PALO,"PA-5050 NFR Renewal Service Bundle (Threat Prevention, PANDB and BrightCloud URL Filtering, GlobalProtect, WildFire, Standard
Support)",
PAN-PA-5050-BND-NFR4,PALO,"PA-5050 NFR First Year Service Bundle (Threat Prevention, PANDB URL Filtering, GlobalProtect, WildFire, Standard Support)",
PAN-PA-5050-BND-NFR4-R,PALO,"PA-5050 NFR Renewal Service Bundle (Threat Prevention, PANDB URL Filtering, GlobalProtect, WildFire, Standard Support)",
PAN-PA-5050-USG-BND-NFR3,PALO,"PA-5050 NFR First Year Service Bundle (Threat Prevention, PANDB and BrightCloud URL Filtering, GlobalProtect, WildFire, US
Government support)",
PAN-PA-5050-USG-BND-NFR3-R,PALO,"PA-5050 NFR Renewal Service Bundle (Threat Prevention, PANDB and BrightCloud URL Filtering, GlobalProtect, WildFire, US
Government support)",
PAN-PA-5050-USG-BND-NFR4,PALO,"PA-5050 NFR First Year Service Bundle (Threat Prevention, PANDB URL Filtering, GlobalProtect, WildFire, US Government support)",
PAN-PA-5050-USG-BND-NFR4-R,PALO,"PA-5050 NFR Renewal Service Bundle (Threat Prevention, PANDB URL Filtering, GlobalProtect, WildFire, US Government support)",
PAN-PA-5060-BND-NFR3,PALO,"PA-5060 NFR First Year Service Bundle (Threat Prevention, PANDB and BrightCloud URL Filtering, GlobalProtect, WildFire, Standard
Support)",
PAN-PA-5060-BND-NFR3-R,PALO,"PA-5060 NFR Renewal Service Bundle (Threat Prevention, PANDB and BrightCloud URL Filtering, GlobalProtect, WildFire, Standard
Support)",
PAN-PA-5060-BND-NFR4,PALO,"PA-5060 NFR First Year Service Bundle (Threat Prevention, PANDB URL Filtering, GlobalProtect, WildFire, Standard Support)",
PAN-PA-5060-BND-NFR4-R,PALO,"PA-5060 NFR Renewal Service Bundle (Threat Prevention, PANDB URL Filtering, GlobalProtect, WildFire, Standard Support)",
PAN-PA-5060-USG-BND-NFR3,PALO,"PA-5060 NFR First Year Service Bundle (Threat Prevention, PANDB and BrightCloud URL Filtering, GlobalProtect, WildFire, US
Government support)",
PAN-PA-5060-USG-BND-NFR3-R,PALO,"PA-5060 NFR Renewal Service Bundle (Threat Prevention, PANDB and BrightCloud URL Filtering, GlobalProtect, WildFire, US
Government support)",
PAN-PA-5060-USG-BND-NFR4,PALO,"PA-5060 NFR First Year Service Bundle (Threat Prevention, PANDB URL Filtering, GlobalProtect, WildFire, US Government support)",
PAN-PA-5060-USG-BND-NFR4-R,PALO,"PA-5060 NFR Renewal Service Bundle (Threat Prevention, PANDB URL Filtering, GlobalProtect, WildFire, US Government support)",
PAN-PA-5220-BND-NFR3,PALO,"PA-5220 NFR First Year Service Bundle (Threat Prevention, PANDB and BrightCloud URL Filtering, GlobalProtect, WildFire, Standard
Support)",
PAN-PA-5220-BND-NFR3-R,PALO,"PA-5220 NFR Renewal Service Bundle (Threat Prevention, PANDB and BrightCloud URL Filtering, GlobalProtect, WildFire, Standard
Support)",
PAN-PA-5220-BND-NFR4,PALO,"PA-5220 NFR First Year Service Bundle (Threat Prevention, PANDB URL Filtering, GlobalProtect, WildFire, Standard Support)",
PAN-PA-5220-BND-NFR4-R,PALO,"PA-5220 NFR Renewal Service Bundle (Threat Prevention, PANDB URL Filtering, GlobalProtect, WildFire, Standard Support)",
PAN-PA-5220-USG-BND-NFR3,PALO,"PA-5220 NFR First Year Service Bundle (Threat Prevention, PANDB and BrightCloud URL Filtering, GlobalProtect, WildFire, US
Government standard support)",
PAN-PA-5220-USG-BND-NFR3-R,PALO,"PA-5220 NFR Renewal Service Bundle (Threat Prevention, PANDB and BrightCloud URL Filtering, GlobalProtect, WildFire, US
Government standard support)",
PAN-PA-5220-USG-BND-NFR4,PALO,"PA-5220 NFR First Year Service Bundle (Threat Prevention, PANDB URL Filtering, GlobalProtect, WildFire, US Government standard
support)",
PAN-PA-5220-USG-BND-NFR4-R,PALO,"PA-5220 NFR Renewal Service Bundle (Threat Prevention, PANDB URL Filtering, GlobalProtect, WildFire, US Government standard
support)",
PAN-PA-5250-BND-NFR3,PALO,"PA-5250 NFR First Year Service Bundle (Threat Prevention, PANDB and BrightCloud URL Filtering, GlobalProtect, WildFire, Standard
Support)",
PAN-PA-5250-BND-NFR3-R,PALO,"PA-5250 NFR Renewal Service Bundle (Threat Prevention, PANDB and BrightCloud URL Filtering, GlobalProtect, WildFire, Standard
Support)",
PAN-PA-5250-BND-NFR4,PALO,"PA-5250 NFR First Year Service Bundle (Threat Prevention, PANDB URL Filtering, GlobalProtect, WildFire, Standard Support)",
PAN-PA-5250-BND-NFR4-R,PALO,"PA-5250 NFR Renewal Service Bundle (Threat Prevention, PANDB URL Filtering, GlobalProtect, WildFire, Standard Support)",
PAN-PA-5250-USG-BND-NFR3,PALO,"PA-5250 NFR First Year Service Bundle (Threat Prevention, PANDB and BrightCloud URL Filtering, GlobalProtect, WildFire, US
Government standard support)",
PAN-PA-5250-USG-BND-NFR3-R,PALO,"PA-5250 NFR Renewal Service Bundle (Threat Prevention, PANDB and BrightCloud URL Filtering, GlobalProtect, WildFire, US
Government standard support)",
PAN-PA-5250-USG-BND-NFR4,PALO,"PA-5250 NFR First Year Service Bundle (Threat Prevention, PANDB URL Filtering, GlobalProtect, WildFire, US Government standard
support)",
PAN-PA-5250-USG-BND-NFR4-R,PALO,"PA-5250 NFR Renewal Service Bundle (Threat Prevention, PANDB URL Filtering, GlobalProtect, WildFire, US Government standard
support)",
PAN-PA-5260-BND-NFR3,PALO,"PA-5260 NFR First Year Service Bundle (Threat Prevention, PANDB and BrightCloud URL Filtering, GlobalProtect, WildFire, Standard
Support)",
PAN-PA-5260-BND-NFR3-R,PALO,"PA-5260 NFR Renewal Service Bundle (Threat Prevention, PANDB and BrightCloud URL Filtering, GlobalProtect, WildFire, Standard
Support)",
PAN-PA-5260-BND-NFR4,PALO,"PA-5260 NFR First Year Service Bundle (Threat Prevention, PANDB URL Filtering, GlobalProtect, WildFire, Standard Support)",
,PALO,,
PAN-PA-5260-BND-NFR4-R,PALO,"PA-5260 NFR Renewal Service Bundle (Threat Prevention, PANDB URL Filtering, GlobalProtect, WildFire, Standard Support)",
PAN-PA-5260-USG-BND-NFR3,PALO,"PA-5260 NFR First Year Service Bundle (Threat Prevention, PANDB and BrightCloud URL Filtering, GlobalProtect, WildFire, US
Government standard support)",
PAN-PA-5260-USG-BND-NFR3-R,PALO,"PA-5260 NFR Renewal Service Bundle (Threat Prevention, PANDB and BrightCloud URL Filtering, GlobalProtect, WildFire, US
Government standard support)",
PAN-PA-5260-USG-BND-NFR4,PALO,"PA-5260 NFR First Year Service Bundle (Threat Prevention, PANDB URL Filtering, GlobalProtect, WildFire, US Government standard
support)",
PAN-PA-5260-USG-BND-NFR4-R,PALO,"PA-5260 NFR Renewal Service Bundle (Threat Prevention, PANDB URL Filtering, GlobalProtect, WildFire, US Government standard
support)",
PAN-PA-7050-BND-NFR3,PALO,"PA-7050 NFR First Year Service Bundle (Threat prevention, PANDB and BrightCloud URL filtering, Global protect, WildFire, Standard
support)",
PAN-PA-7050-BND-NFR3-R,PALO,"PA-7050 NFR Renewal Service Bundle (Threat prevention, PANDB and BrightCloud URL filtering, Global protect, WildFire, Standard
support)",
PAN-PA-7050-BND-NFR4,PALO,"PA-7050 NFR First Year Service Bundle (Threat prevention, PANDB URL filtering, Global protect, WildFire, Standard support)",
PAN-PA-7050-BND-NFR4-R,PALO,"PA-7050 NFR Renewal Service Bundle (Threat prevention, PANDB URL filtering, Global protect, WildFire, Standard support)",
PAN-PA-7050-USG-BND-NFR3,PALO,"PA-7050 NFR First Year Service Bundle (Threat prevention, PANDB and BrightCloud URL filtering, Global protect, WildFire, US
Government support)",
PAN-PA-7050-USG-BND-NFR3-R,PALO,"PA-7050 NFR Renewal Service Bundle (Threat prevention, PANDB and BrightCloud URL filtering, Global protect, WildFire, US
Government support)",
PAN-PA-7050-USG-BND-NFR4,PALO,"PA-7050 NFR First Year Service Bundle (Threat prevention, PANDB URL filtering, Global protect, WildFire, US Government support)",
PAN-PA-7050-USG-BND-NFR4-R,PALO,"PA-7050 NFR Renewal Service Bundle (Threat prevention, PANDB URL filtering, Global protect, WildFire, US Government support)",
PAN-PA-7080-BND-NFR3,PALO,"PA-7080 NFR First Year Service Bundle (Threat prevention, PAN-DB and BrightCloud URL filtering, GlobalProtect, WildFire, Standard
support)",
PAN-PA-7080-BND-NFR3-R,PALO,"PA-7080 NFR Renewal Service Bundle (Threat prevention, PAN-DB and BrightCloud URL filtering, GlobalProtect, WildFire, Standard
support)",
PAN-PA-7080-BND-NFR4,PALO,"PA-7080 NFR First Year Service Bundle (Threat prevention, PAN-DB URL filtering, GlobalProtect, WildFire, Standard support)",
PAN-PA-7080-BND-NFR4-R,PALO,"PA-7080 NFR Renewal Service Bundle (Threat prevention, PAN-DB URL filtering, GlobalProtect, WildFire, Standard support)",
PAN-PA-7080-USG-BND-NFR3,PALO,"PA-7080 NFR First Year Service Bundle (Threat prevention, PANDB and BrightCloud URL filtering, Global protect, WildFire, US
Government standard support)",
PAN-PA-7080-USG-BND-NFR3-R,PALO,"PA-7080 NFR Renewal Service Bundle (Threat prevention, PANDB and BrightCloud URL filtering, Global protect, WildFire, US
Government standard support) renewal",
PAN-PA-7080-USG-BND-NFR4,PALO,"PA-7080 NFR First Year Service Bundle (Threat prevention, PANDB URL filtering, Global protect, WildFire, US Government standard
support)",
PAN-PA-7080-USG-BND-NFR4-R,PALO,"PA-7080 NFR Renewal Service Bundle (Threat prevention, PANDB URL filtering, Global protect, WildFire, US Government standard
support)",
PAN-VM-100-BND-NFR3,PALO,"NFR unit bundle subscription (Threat prevention, PANDB and BrightCloud URL Filtering, GlobalProtect, WildFire, Standard support),
VM-100",
PAN-VM-100-BND-NFR3-R,PALO,"NFR unit bundle subscription (Threat prevention, PANDB and BrightCloud URL Filtering, GlobalProtect, WildFire, Standard support),
VM-100",
PAN-VM-100-BND-NFR4,PALO,"NFR unit bundle subscription (Threat prevention, PANDB URL filtering, GlobalProtect, WildFire, Standard support), VM-100",
PAN-VM-100-BND-NFR4-R,PALO,"NFR unit bundle subscription (Threat prevention, PANDB URL filtering, GlobalProtect, WildFire, Standard support), VM-100",
PAN-VM-100-USG-BND-NFR3,PALO,"NFR unit bundle subscription (Threat prevention, PANDB and BrightCloud URL Filtering, GlobalProtect, WildFire, US Government
support), VM-100",
PAN-VM-100-USG-BND-NFR3-R,PALO,"NFR unit bundle subscription (Threat prevention, PANDB and BrightCloud URL Filtering, GlobalProtect, WildFire, US Government
support), VM-100",
PAN-VM-100-USG-BND-NFR4,PALO,"NFR unit bundle subscription (Threat prevention, PANDB URL filtering, GlobalProtect, WildFire, US Government support), VM-100",
PAN-VM-100-USG-BND-NFR4-R,PALO,"NFR unit bundle subscription (Threat prevention, PANDB URL filtering, GlobalProtect, WildFire, US Government support), VM-100",
PAN-VM-200-BND-NFR3,PALO,"NFR unit bundle subscription (Threat prevention, PANDB and BrightCloud URL Filtering, GlobalProtect, WildFire, Standard support),
VM-200",
PAN-VM-200-BND-NFR3-R,PALO,"NFR unit bundle subscription (Threat prevention, PANDB and BrightCloud URL Filtering, GlobalProtect, WildFire, Standard support),
VM-200",
PAN-VM-200-BND-NFR4,PALO,"NFR unit bundle subscription (Threat prevention, PANDB URL filtering, GlobalProtect, WildFire, Standard support), VM-200",
PAN-VM-200-BND-NFR4-R,PALO,"NFR unit bundle subscription (Threat prevention, PANDB URL filtering, GlobalProtect, WildFire, Standard support), VM-200",
PAN-VM-200-USG-BND-NFR3,PALO,"NFR unit bundle subscription (Threat prevention, PANDB and BrightCloud URL Filtering, GlobalProtect, WildFire, US Government
support), VM-200",
PAN-VM-200-USG-BND-NFR3-R,PALO,"NFR unit bundle subscription (Threat prevention, PANDB and BrightCloud URL Filtering, GlobalProtect, WildFire, US Government
support), VM-200",
PAN-VM-200-USG-BND-NFR4,PALO,"NFR unit bundle subscription (Threat prevention, PANDB URL filtering, GlobalProtect, WildFire, US Government support), VM-200",
PAN-VM-200-USG-BND-NFR4-R,PALO,"NFR unit bundle subscription (Threat prevention, PANDB URL filtering, GlobalProtect, WildFire, US Government support), VM-200",
PAN-VM-300-BND-NFR3,PALO,"NFR unit bundle subscription (Threat prevention, PANDB and BrightCloud URL Filtering, GlobalProtect, WildFire, Standard support),
VM-300",
PAN-VM-300-BND-NFR3-R,PALO,"NFR unit bundle subscription (Threat prevention, PANDB and BrightCloud URL Filtering, GlobalProtect, WildFire, Standard support),
VM-300",
PAN-VM-300-BND-NFR4,PALO,"NFR unit bundle subscription (Threat prevention, PANDB URL filtering, GlobalProtect, WildFire, Standard support), VM-300",
PAN-VM-300-BND-NFR4-R,PALO,"NFR unit bundle subscription (Threat prevention, PANDB URL filtering, GlobalProtect, WildFire, Standard support), VM-300",
PAN-VM-300-USG-BND-NFR3,PALO,"NFR unit bundle subscription (Threat prevention, PANDB and BrightCloud URL Filtering, GlobalProtect, WildFire, US Government
support), VM-300",
PAN-VM-300-USG-BND-NFR3-R,PALO,"NFR unit bundle subscription (Threat prevention, PANDB and BrightCloud URL Filtering, GlobalProtect, WildFire, US Government
support), VM-300",
PAN-VM-300-USG-BND-NFR4,PALO,"NFR unit bundle subscription (Threat prevention, PANDB URL filtering, GlobalProtect, WildFire, US Government support), VM-300",
PAN-VM-300-USG-BND-NFR4-R,PALO,"NFR unit bundle subscription (Threat prevention, PANDB URL filtering, GlobalProtect, WildFire, US Government support), VM-300",
PAN-VM-1000-HV-BND-NFR3,PALO,"NFR unit bundle subscription (Threat prevention, PANDB and BrightCloud URL Filtering, GlobalProtect, WildFire, Standard support),
VM-1000-HV",
PAN-VM-1000-HV-BND-NFR3-R,PALO,"NFR unit bundle subscription (Threat prevention, PANDB and BrightCloud URL Filtering, GlobalProtect, WildFire, Standard support),
VM-1000-HV",
,PALO,,
PAN-VM-1000-HV-BND-NFR4,PALO,"NFR unit bundle subscription (Threat prevention, PANDB URL filtering, GlobalProtect, WildFire, Standard support), VM-1000-HV",
PAN-VM-1000-HV-BND-NFR4-R,PALO,"NFR unit bundle subscription (Threat prevention, PANDB URL filtering, GlobalProtect, WildFire, Standard support), VM-1000-HV",
PAN-VM-1000-HV-USG-BND-NFR3,PALO,"NFR unit bundle subscription (Threat prevention, PANDB and BrightCloud URL Filtering, GlobalProtect, WildFire, US Government
support), VM-1000-HV",
PAN-VM-1000-HV-USG-BND-NFR3-R,PALO,"NFR unit bundle subscription (Threat prevention, PANDB and BrightCloud URL Filtering, GlobalProtect, WildFire, US Government
support), VM-1000-HV",
PAN-VM-1000-HV-USG-BND-NFR4,PALO,"NFR unit bundle subscription (Threat prevention, PANDB URL filtering, GlobalProtect, WildFire, US Government support), VM-1000-HV",
PAN-VM-1000-HV-USG-BND-NFR4-R,PALO,"NFR unit bundle subscription (Threat prevention, PANDB URL filtering, GlobalProtect, WildFire, US Government support), VM-1000-HV",
PAN-VM-50-PERP-BND2-NFR-1YR,PALO,"Palo Alto Networks Perpetual NFR Bundle (BND2) for VM-Series that includes VM-50, Threat Prevention, PANDB URL filtering, Global
Protect and WildFire subscriptions, and Standard Support, 1 year",
PAN-VM-50-PERP-BND2-NFR-1YR-R,PALO,"Palo Alto Networks Perpetual NFR Bundle (BND2) for VM-Series that includes Threat Prevention, PANDB URL filtering, Global Protect
and WildFire subscriptions, and Standard Support, 1 year Renewal",
PAN-VM-50-PERP-BND2-USGNFR-1YR,PALO,"Palo Alto Networks Perpetual NFR Bundle (BND2) for VM-Series that includes VM-50, Threat Prevention, PANDB URL filtering, Global
Protect and WildFire subscriptions, and US Government Standard Support, 1 year",
PAN-VM-50-PERP-BND2-USGNFR-1YR-R,PALO,"Palo Alto Networks Perpetual NFR Bundle (BND2) for VM-Series that includes Threat Prevention, PANDB URL filtering, Global Protect
and WildFire subscriptions, and US Government Standard Support, 1 year Renewal",
PAN-VM-100-PERP-BND2-NFR-1YR,PALO,"Palo Alto Networks Perpetual NFR Bundle (BND2) for VM-Series that includes VM-100, Threat Prevention, PANDB URL filtering, Global
Protect and WildFire subscriptions, and Standard Support, 1 year",
PAN-VM-100-PERP-BND2-NFR-1YR-R,PALO,"Palo Alto Networks Perpetual NFR Bundle (BND2) for VM-Series that includes Threat Prevention, PANDB URL filtering, Global Protect
and WildFire subscriptions, and Standard Support, 1 year Renewal",
PAN-VM-100-PERP-BND2-USGNFR-1YR,PALO,"Palo Alto Networks Perpetual NFR Bundle (BND2) for VM-Series that includes VM-100, Threat Prevention, PANDB URL filtering, Global
Protect and WildFire subscriptions, and US Government Standard Support, 1 year",
PAN-VM-100-PERP-BND2-USGNFR-1YR-R,PALO,"Palo Alto Networks Perpetual NFR Bundle (BND2) for VM-Series that includes Threat Prevention, PANDB URL filtering, Global Protect
and WildFire subscriptions, and US Government Standard Support, 1 year Renewal",
PAN-VM-300-PERP-BND2-NFR-1YR,PALO,"Palo Alto Networks Perpetual NFR Bundle (BND2) for VM-Series that includes VM-300, Threat Prevention, PANDB URL filtering, Global
Protect and WildFire subscriptions, and Standard Support, 1 year",
PAN-VM-300-PERP-BND2-NFR-1YR-R,PALO,"Palo Alto Networks Perpetual NFR Bundle (BND2) for VM-Series that includes Threat Prevention, PANDB URL filtering, Global Protect
and WildFire subscriptions, and Standard Support, 1 year, Renewal",
PAN-VM-300-PERP-BND2-USGNFR-1YR,PALO,"Palo Alto Networks Perpetual NFR Bundle (BND2) for VM-Series that includes VM-300, Threat Prevention, PANDB URL filtering, Global
Protect and WildFire subscriptions, and US Government Standard Support, 1 year",
PAN-VM-300-PERP-BND2-USGNFR-1YR-R,PALO,"Palo Alto Networks Perpetual NFR Bundle (BND2) for VM-Series that includes Threat Prevention, PANDB URL filtering, Global Protect
and WildFire subscriptions, and US Government Standard Support, 1 year, Renewal",
PAN-VM-500-PERP-BND2-NFR-1YR,PALO,"Palo Alto Networks Perpetual NFR Bundle (BND2) for VM-Series that includes VM-500, Threat Prevention, PANDB URL filtering, Global
Protect and WildFire subscriptions, and Standard Support, 1 year",
PAN-VM-500-PERP-BND2-NFR-1YR-R,PALO,"Palo Alto Networks Perpetual NFR Bundle (BND2) for VM-Series that includes Threat Prevention, PANDB URL filtering, Global Protect
and WildFire subscriptions, and Standard Support, 1 year, Renewal",
PAN-VM-500-PERP-BND2-USGNFR-1YR,PALO,"Palo Alto Networks Perpetual NFR Bundle (BND2) for VM-Series that includes VM-500, Threat Prevention, PANDB URL filtering, Global
Protect and WildFire subscriptions, and US Government Standard Support, 1 year",
PAN-VM-500-PERP-BND2-USGNFR-1YR-R,PALO,"Palo Alto Networks Perpetual NFR Bundle (BND2) for VM-Series that includes Threat Prevention, PANDB URL filtering, Global Protect
and WildFire subscriptions, and US Government Standard Support, 1 year, Renewal",
PAN-VM-700-PERP-BND2-NFR-1YR,PALO,"Palo Alto Networks Perpetual NFR Bundle (BND2) for VM-Series that includes VM-700, Threat Prevention, PANDB URL filtering, Global
Protect and WildFire subscriptions, and Standard Support, 1 year",
PAN-VM-700-PERP-BND2-NFR-1YR-R,PALO,"Palo Alto Networks Perpetual NFR Bundle (BND2) for VM-Series that includes Threat Prevention, PANDB URL filtering, Global Protect
and WildFire subscriptions, and Standard Support, 1 year, Renewal",
PAN-VM-700-PERP-BND2-USGNFR-1YR,PALO,"Palo Alto Networks Perpetual NFR Bundle (BND2) for VM-Series that includes VM-700, Threat Prevention, PANDB URL filtering, Global
Protect and WildFire subscriptions, and US Government Standard Support, 1 year",
PAN-VM-700-PERP-BND2-USGNFR-1YR-R,PALO,"Palo Alto Networks Perpetual NFR Bundle (BND2) for VM-Series that includes VM-50, Threat Prevention, PANDB URL filtering, Global
Protect and WildFire subscriptions, and US Government Standard Support, 1 year, Renewal",
PAN-VM-1000-HV-PERP-NFR4-NSX,PALO,"NFR unit bundle subscription (Threat prevention, PANDB URL filtering, GlobalProtect, WildFire, Standard support), VM-1000-HV",
PAN-VM-1000-HV-PERP-NFR4-NSX-R,PALO,"NFR unit bundle subscription renewal (Threat prevention, PANDB URL filtering, GlobalProtect, WildFire, Standard support), VM-1000-
HV",
PAN-VM-1000-HV-PERP-USG-NFR4-NSX,PALO,"NFR unit bundle subscription (Threat prevention, PANDB URL filtering, GlobalProtect, WildFire, US Government support), VM-1000-HV",
PAN-VM-1000-HV-PERP-USG-NFR4-NSX-R,PALO,"NFR unit bundle subscription (Threat prevention, PANDB URL filtering, GlobalProtect, WildFire, US Government support), VM-1000-HV",
PAN-GP-100-BND-NFR3,PALO,"GP-100 NFR First Year Service Bundle (WildFire, Premium Support)",
PAN-GP-100-BND-NFR3-R,PALO,"GP-100 NFR Renewal Service Bundle (WildFire, Premium Support)",
PAN-GP-100-USG-BND-NFR3,PALO,"GP-100 NFR First Year Service Bundle (WildFire, US Government support)",
PAN-GP-100-USG-BND-NFR3-R,PALO,"GP-100 NFR Renewal Service Bundle (WildFire, US Government support)",
PAN-AF-NFR,PALO,Palo Alto Networks AutoFocus Threat Intelligence Service NFR Enterprise subscription 1YR,
PAN-AF-NFR-R,PALO,Palo Alto Networks AutoFocus Threat Intelligence Service NFR Enterprise subscription renewal 1YR,
PAN-APERTURE-NFR-1YR,PALO,"Aperture SaaS security service for All application NFR, 1000 user, 1-year, includes standard support",
PAN-APERTURE-NFR-USG-1YR,PALO,"Aperture SaaS security service for All application NFR, 1000 user, 1-year, includes US Government Standard Support",
PAN-LGS-BND-1TB-NFR-1YR,PALO,"Not for Resale, Logging Service with 1TB of storage, 1-year, includes Standard Support",
PAN-LGS-BND-1TB-NFR-1YR-R,PALO,"Not for Resale, Logging Service with 1TB of storage, 1-year Renewal, includes Standard Support",
PAN-SVC-NFR-M-100-P-25,PALO,M-100 NFR First Year Standard Support,
PAN-SVC-NFR-M-100-P-25-R,PALO,M-100 NFR Standard Support Renewal,
PAN-SVC-NFR-USG-M-100-P-25,PALO,For US Government only. M-100 NFR First Year US Government Standard Support,
PAN-SVC-NFR-USG-M-100-P-25-R,PALO,For US Government only. M-100 NFR US Government Standard Support Renewal,
PAN-SVC-NFR-M-500-P-25,PALO,M-500 NFR First Year Standard Support,
PAN-SVC-NFR-M-500-P-25-R,PALO,M-500 NFR Standard Support Renewal,
PAN-SVC-NFRUSG-M-500-P-25,PALO,For US Government only. M-500 NFR First Year USG Support,
PAN-SVC-NFRUSG-M-500-P-25-R,PALO,For US Government only. M-500 NFR USG Support Renewal,
PAN-SVC-NFR-200,PALO,PA-200 NFR First Year Standard Support,
PAN-SVC-NFR-200-R,PALO,PA-200 NFR Standard Support Renewal,
PAN-SVC-NFR-220,PALO,PA-220 NFR First Year Standard Support,
PAN-SVC-NFR-220-R,PALO,PA-220 NFR Standard Support Renewal,
PAN-SVC-NFR-500,PALO,PA-500 NFR First Year Standard Support,
PAN-SVC-NFR-500-R,PALO,PA-500 NFR Standard Support Renewal,
PAN-SVC-NFR-820,PALO,PA-820 NFR 1 year standard support,
PAN-SVC-NFR-820-R,PALO,PA-820 NFR 1 year standard support renewal,
PAN-SVC-NFR-850,PALO,PA-850 NFR 1 year standard support,
PAN-SVC-NFR-850-R,PALO,PA-850 NFR 1 year standard support renewal,
PAN-SVC-NFR-2020-R,PALO,PA-2020 NFR Standard Support Renewal,
PAN-SVC-NFR-2050-R,PALO,PA-2050 NFR Standard Support Renewal,
PAN-SVC-NFR-3020,PALO,PA-3020 NFR 1 year standard support,
PAN-SVC-NFR-3020-R,PALO,PA-3020 NFR 1 year standard support renewal,
PAN-SVC-NFR-3050,PALO,PA-3050 NFR 1 year standard support,
PAN-SVC-NFR-3050-R,PALO,PA-3050 NFR 1 year standard support renewal,
PAN-SVC-NFR-3060,PALO,PA-3060 NFR 1 year standard support,
,PALO,,
PAN-SVC-NFR-3060-R,PALO,PA-3060 NFR 1 year standard support renewal,
PAN-SVC-NFR-4020-R,PALO,PA-4020 NFR Standard Support Renewal,
PAN-SVC-NFR-4050-R,PALO,PA-4050 NFR Standard Support Renewal,
PAN-SVC-NFR-4060-R,PALO,PA-4060 NFR Standard Support Renewal,
PAN-SVC-NFR-5020,PALO,PA-5020 NFR First Year Standard Support,
PAN-SVC-NFR-5020-R,PALO,PA-5020 NFR Standard Support Renewal,
PAN-SVC-NFR-5050,PALO,PA-5050 NFR First Year Standard Support,
PAN-SVC-NFR-5050-R,PALO,PA-5050 NFR Standard Support Renewal,
PAN-SVC-NFR-5060,PALO,PA-5060 NFR First Year Standard Support,
PAN-SVC-NFR-5060-R,PALO,PA-5060 NFR Standard Support Renewal,
PAN-SVC-NFR-5220,PALO,PA-5220 NFR First Year Standard Support,
PAN-SVC-NFR-5220-R,PALO,PA-5220 NFR Standard Support Renewal,
PAN-SVC-NFR-5250,PALO,PA-5250 NFR First Year Standard Support,
PAN-SVC-NFR-5250-R,PALO,PA-5250 NFR Standard Support Renewal,
PAN-SVC-NFR-5260,PALO,PA-5260 NFR First Year Standard Support,
PAN-SVC-NFR-5260-R,PALO,PA-5260 NFR Standard Support Renewal,
PAN-SVC-NFR-7050,PALO,PA-7050 NFR 1 year standard support,
PAN-SVC-NFR-7050-R,PALO,PA-7050 NFR 1 year standard support renewal,
PAN-SVC-NFR-7080,PALO,"NFR system 1 year Standard support, PA-7080",
PAN-SVC-NFR-7080-R,PALO,"NFR system 1 year Standard support renewal, PA-7080",
PAN-SVC-NFRUSG-7080,PALO,"For US Government accounts only. NFR system 1 year standard support, PA-7080",
PAN-SVC-NFRUSG-7080-R,PALO,"For US Government accounts only. NFR system 1 year standard support renewal, PA-7080",
PAN-SVC-NFR-PRA-25,PALO,Panorama 25 Device NFR License First Year Premium Service,
PAN-SVC-NFR-PRA-25-R,PALO,Panorama 25 Device NFR License Renewal Premium Service,
PAN-SVC-NFR-PRA-25-ATC,PALO,For Authorized Training Center partners only. Panorama 25 Device NFR License First Year Premium Service,
PAN-SVC-NFR-PRA-25-ATC-R,PALO,For Authorized Training Center partners only. Panorama 25 Device NFR License Renewal Premium Service,
PAN-SVC-NFR-USG-PRA-25,PALO,For US Government only. Panorama 25 Device NFR License First Year US Government Standard Support,
PAN-SVC-NFR-USG-PRA-25-R,PALO,For US Government only. Panorama 25 Device NFR License Renewal US Government Standard Support,
PAN-SVC-NFR-VM-100,PALO,VM-100 NFR 1 year standard support,
PAN-SVC-NFR-VM-100-R,PALO,VM-100 NFR 1 year standard support renewal,
PAN-SVC-NFR-VM-200,PALO,VM-200 NFR 1 year standard support,
PAN-SVC-NFR-VM-200-R,PALO,VM-200 NFR 1 year standard support renewal,
PAN-SVC-NFR-VM-300,PALO,VM-300 NFR 1 year standard support,
PAN-SVC-NFR-VM-300-R,PALO,VM-300 NFR 1 year standard support renewal,
PAN-SVC-NFR-VM-1000-HV,PALO,VM-1000-HV NFR 1 year standard support,
PAN-SVC-NFR-VM-1000-HV-R,PALO,VM-1000-HV NFR 1 year standard support renewal,
PAN-SVC-NFR-WF-500,PALO,WF-500 NFR First Year Standard Support,
PAN-SVC-NFR-WF-500-R,PALO,WF-500 NFR Standard Support Renewal,
PAN-SVC-NFR-USG-WF-500,PALO,For US Government only. WF-500 NFR First Year USG Support,
PAN-SVC-NFR-USG-WF-500-R,PALO,For US Government only. WF-500 NFR USG Renewal,
PAN-EDU-ONSITE-2DAY-12,PALO,"Palo Alto Networks On-Site training course, 2 days, up to 12 students. Onsite training will expire (1) one year from date of purchase.
Price includes instructor T&E, courseware, and lab access.",
PAN-EDU-ONSITE-3DAY-12,PALO,"Palo Alto Networks On-Site training course, 3 days, up to 12 students. Onsite training will expire (1) one year from date of purchase.
Price includes instructor T&E, courseware, and lab access.",
PAN-EDU-ONSITE-4DAY-12,PALO,"Palo Alto Networks On-Site training course, 4 days, up to 12 students. Onsite training will expire (1) one year from date of purchase.
Price includes instructor T&E, courseware, and lab access.",
PAN-EDU-ONSITE-5DAY-12,PALO,"Palo Alto Networks On-Site training course, 5 days, up to 12 students. Onsite training will expire (1) one year from date of
purchase. Price includes instructor T&E, courseware, and lab access.",
PAN-CSS-EDU-ONSITE-2DAY-12,PALO,"Palo Alto Networks On-Site training course, 2 days, up to 12 students. Onsite training will expire 1 one year from date of purchase.
Price includes instructor T AND E, courseware, and lab access.",
PAN-PA-ACT-200,PALO,"Secondary Market Activation, PA-200",
PAN-PA-ACT-220,PALO,"Secondary Market Activation, PA-220",
PAN-PA-ACT-3020,PALO,"Secondary Market Activation, PA-3020",
PAN-PA-ACT-3050,PALO,"Secondary Market Activation, PA-3050",
PAN-PA-ACT-3060,PALO,"Secondary Market Activation, PA-3060",
PAN-PA-ACT-500,PALO,"Secondary Market Activation, PA-500",
PAN-PA-ACT-820,PALO,"Secondary Market Activation, PA-820",
PAN-PA-ACT-850,PALO,"Secondary Market Activation, PA-850",
PAN-PA-ACT-5020,PALO,"Secondary Market Activation, PA-5020",
PAN-PA-ACT-5050,PALO,"Secondary Market Activation, PA-5050",
PAN-PA-ACT-5060,PALO,"Secondary Market Activation, PA-5060",
PAN-PA-ACT-5220,PALO,"Secondary Market Activation, PA-5220",
PAN-PA-ACT-5250,PALO,"Secondary Market Activation, PA-5250",
PAN-PA-ACT-5260,PALO,"Secondary Market Activation, PA-5260",
PAN-PA-ACT-7050,PALO,"Secondary Market Activation, PA-7050",
PAN-PA-ACT-7080,PALO,"Secondary Market Activation, PA-7080",
PAN-PA-ACT-M-100,PALO,"Secondary Market Activation, M-100",
PAN-PA-ACT-M-500,PALO,"Secondary Market Activation, M-500",
PAN-PA-ACT-WF-500,PALO,"Secondary Market Activation, WF-500",
PAN-PA-RECERT,PALO,Secondary Market PA Firewall Recertification,
PAN-IGNITE-2018-1TIX,PALO,Palo Alto Networks Ignite Conference 2018 1 Ticket,
PAN-IGNITE-2018-10BND,PALO,Palo Alto Networks Ignite Conference 2018 10 Bundle Package,
PAN-IGNITE-2018-20BND,PALO,Palo Alto Networks Ignite Conference 2018 20 Bundle Package,
PAN-IGNITE-2018-30BND,PALO,Palo Alto Networks Ignite Conference 2018 30 Bundle Package,
PAN-IGNITE-2018-50BND,PALO,Palo Alto Networks Ignite Conference 2018 50 Bundle Package,
PAN-IGNITE-2018-100BND,PALO,Palo Alto Networks Ignite Conference 2018 100 Bundle Package,
PAN-IGNITE-2018-200BND,PALO,Palo Alto Networks Ignite Conference 2018 200 Bundle Package,
PAN-IGNITE-2018-EMEA-1TIX,PALO,Palo Alto Networks EMEA Ignite Conference 2018 1 Ticket,
PAN-IGNITE-2018-EMEA-10BND,PALO,Palo Alto Networks EMEA Ignite Conference 2018 10 Bundle Package,
PAN-IGNITE-2018-EMEA-20BND,PALO,Palo Alto Networks EMEA Ignite Conference 2018 20 Bundle Package,
PAN-IGNITE-2018-EMEA-30BND,PALO,Palo Alto Networks EMEA Ignite Conference 2018 30 Bundle Package,
PAN-IGNITE-2018-EMEA-50BND,PALO,Palo Alto Networks EMEA Ignite Conference 2018 50 Bundle Package,
PAN-IGNITE-2018-EMEA-100BND,PALO,Palo Alto Networks EMEA Ignite Conference 2018 100 Bundle Package,
PAN-MGFR-5-1YR,PALO,"Magnifier analyzes up to 5TB of Logging Service, 1-year, includes Premium Support",
PAN-MGFR-5-1YR-R,PALO,"Magnifier analyzes up to 5TB of Logging Service, 1-year renewal, includes Premium Support",
PAN-MGFR-5-3YR,PALO,"Magnifier analyzes up to 5TB of Logging Service, 3-year, includes Premium Support",
PAN-MGFR-5-3YR-R,PALO,"Magnifier analyzes up to 5TB of Logging Service, 3-year renewal, includes Premium Support",
PAN-MGFR-5-USG-1YR,PALO,"Magnifier analyzes up to 5TB of Logging Service, 1-year, includes US Government Premium Support",
PAN-MGFR-5-USG-1YR-R,PALO,"Magnifier analyzes up to 5TB of Logging Service, 1-year renewal, includes US Government Premium Support",
PAN-MGFR-5-USG-3YR,PALO,"Magnifier analyzes up to 5TB of Logging Service, 3-year, includes US Government Premium Support",
PAN-MGFR-5-USG-3YR-R,PALO,"Magnifier analyzes up to 5TB of Logging Service, 3-year renewal, includes US Government Premium Support",
PAN-MGFR-10-1YR,PALO,"Magnifier analyzes up to 10TB of Logging Service, 1-year, includes Premium Support",
PAN-MGFR-10-1YR-R,PALO,"Magnifier analyzes up to 10TB of Logging Service, 1-year renewal, includes Premium Support",
PAN-MGFR-10-3YR,PALO,"Magnifier analyzes up to 10TB of Logging Service, 3-year, includes Premium Support",
PAN-MGFR-10-3YR-R,PALO,"Magnifier analyzes up to 10TB of Logging Service, 3-year renewal, includes Premium Support",
PAN-MGFR-10-USG-1YR,PALO,"Magnifier analyzes up to 10TB of Logging Service, 1-year, includes US Government Premium Support",
,PALO,,
PAN-MGFR-10-USG-1YR-R,PALO,"Magnifier analyzes up to 10TB of Logging Service, 1-year renewal, includes US Government Premium Support",
PAN-MGFR-10-USG-3YR,PALO,"Magnifier analyzes up to 10TB of Logging Service, 3-year, includes US Government Premium Support",
PAN-MGFR-10-USG-3YR-R,PALO,"Magnifier analyzes up to 10TB of Logging Service, 3-year renewal, includes US Government Premium Support",
PAN-MGFR-25-1YR,PALO,"Magnifier analyzes up to 25TB of Logging Service, 1-year, includes Premium Support",
PAN-MGFR-25-1YR-R,PALO,"Magnifier analyzes up to 25TB of Logging Service, 1-year renewal, includes Premium Support",
PAN-MGFR-25-3YR,PALO,"Magnifier analyzes up to 25TB of Logging Service, 3-year, includes Premium Support",
PAN-MGFR-25-3YR-R,PALO,"Magnifier analyzes up to 25TB of Logging Service, 3-year renewal, includes Premium Support",
PAN-MGFR-25-USG-1YR,PALO,"Magnifier analyzes up to 25TB of Logging Service, 1-year, includes US Government Premium Support",
PAN-MGFR-25-USG-1YR-R,PALO,"Magnifier analyzes up to 25TB of Logging Service, 1-year renewal, includes US Government Premium Support",
PAN-MGFR-25-USG-3YR,PALO,"Magnifier analyzes up to 25TB of Logging Service, 3-year, includes US Government Premium Support",
PAN-MGFR-25-USG-3YR-R,PALO,"Magnifier analyzes up to 25TB of Logging Service, 3-year renewal, includes US Government Premium Support",
PAN-MGFR-50-1YR,PALO,"Magnifier analyzes up to 50TB of Logging Service, 1-year, includes Premium Support",
PAN-MGFR-50-1YR-R,PALO,"Magnifier analyzes up to 50TB of Logging Service, 1-year renewal, includes Premium Support",
PAN-MGFR-50-3YR,PALO,"Magnifier analyzes up to 50TB of Logging Service, 3-year, includes Premium Support",
PAN-MGFR-50-3YR-R,PALO,"Magnifier analyzes up to 50TB of Logging Service, 3-year renewal, includes Premium Support",
PAN-MGFR-50-USG-1YR,PALO,"Magnifier analyzes up to 50TB of Logging Service, 1-year, includes US Government Premium Support",
PAN-MGFR-50-USG-1YR-R,PALO,"Magnifier analyzes up to 50TB of Logging Service, 1-year renewal, includes US Government Premium Support",
PAN-MGFR-50-USG-3YR,PALO,"Magnifier analyzes up to 50TB of Logging Service, 3-year, includes US Government Premium Support",
PAN-MGFR-50-USG-3YR-R,PALO,"Magnifier analyzes up to 50TB of Logging Service, 3-year renewal, includes US Government Premium Support",
PAN-CONSULT-CSS-TRAPS-DAY,PALO,Palo Alto Networks Traps Consulting Services (per day),
PAN-CSS-EDU-ONSITE-4DAY-12,PALO,"Palo Alto Networks On-Site training course, 4 days, up to 12 students. Onsite training will expire (1) one year from date of purchase.
Price includes instructor T&E, courseware, and lab access.",
PAN-IGNITE-2018-EMEA-200BND,PALO,Palo Alto Networks EMEA Ignite Conference 2018 200 Bundle Package,
PAN-ENT-SUB-ELA-A-5YR,PALO,"Enterprise License Agreement, TP, PANDB URL, WF, GP, 5 year, Tier A",
PAN-ENT-SUB-ELA-B-5YR,PALO,"Enterprise License Agreement, TP, PANDB URL, WF, GP, 5 year, Tier B",
PAN-ENT-SUB-ELA-C-5YR,PALO,"Enterprise License Agreement, TP, PANDB URL, WF, GP, 5 year, Tier C",
PAN-ENT-SUB-ELA-D-5YR,PALO,"Enterprise License Agreement, TP, PANDB URL, WF, GP, 5 year, Tier D",
PAN-ENT-SUB-ELA-E-5YR,PALO,"Enterprise License Agreement, TP, PANDB URL, WF, GP, 5 year, Tier E",
PAN-ENT-SUB-ELA-F-5YR,PALO,"Enterprise License Agreement, TP, PANDB URL, WF, GP, 5 year, Tier F",
PAN-ENT-SUB-ELA-G-5YR,PALO,"Enterprise License Agreement, TP, PANDB URL, WF, GP, 5 year, Tier G",
PAN-ENT-SUB-ELA-H-5YR,PALO,"Enterprise License Agreement, TP, PANDB URL, WF, GP, 5 year, Tier H",
PAN-ENT-SUB-ELA-I-5YR,PALO,"Enterprise License Agreement, TP, PANDB URL, WF, GP, 5 year, Tier I",
PAN-ENT-SUB-ELA-J-5YR,PALO,"Enterprise License Agreement, TP, PANDB URL, WF, GP, 5 year, Tier J",
PAN-ENT-SUB-ELA-K-5YR,PALO,"Enterprise License Agreement, TP, PANDB URL, WF, GP, 5 year, Tier K",
PAN-ENT-SUB-ELA-L-5YR,PALO,"Enterprise License Agreement, TP, PANDB URL, WF, GP, 5 year, Tier L",
PAN-ENT-SUB-ELA-M-5YR,PALO,"Enterprise License Agreement, TP, PANDB URL, WF, GP, 5 year, Tier M",
PAN-ENT-SUB-ELA-N-5YR,PALO,"Enterprise License Agreement, TP, PANDB URL, WF, GP, 5 year, Tier N",
PAN-ENT-SUB-ELA-O-5YR,PALO,"Enterprise License Agreement, TP, PANDB URL, WF, GP, 5 year, Tier O",
PAN-ENT-SUB-ELA-P-5YR,PALO,"Enterprise License Agreement, TP, PANDB URL, WF, GP, 5 year, Tier P",
PAN-ENT-SUB-ELA-Q-5YR,PALO,"Enterprise License Agreement, TP, PANDB URL, WF, GP, 5 year, Tier Q",
PAN-ENT-SUB-ELA-R-5YR,PALO,"Enterprise License Agreement, TP, PANDB URL, WF, GP, 5 year, Tier R",
PAN-ENT-SUB-ELA-S-5YR,PALO,"Enterprise License Agreement, TP, PANDB URL, WF, GP, 5 year, Tier S",
PAN-ENT-SUB-ELA-T-5YR,PALO,"Enterprise License Agreement, TP, PANDB URL, WF, GP, 5 year, Tier T",
PAN-ENT-SUB-ELA-U-5YR,PALO,"Enterprise License Agreement, TP, PANDB URL, WF, GP, 5 year, Tier U",
PAN-ENT-SUB-ELA-V-5YR,PALO,"Enterprise License Agreement, TP, PANDB URL, WF, GP, 5 year, Tier V",
PAN-ENT-SUB-ELA-W-5YR,PALO,"Enterprise License Agreement, TP, PANDB URL, WF, GP, 5 year, Tier W",
PAN-ENT-SUB-ELA-X-5YR,PALO,"Enterprise License Agreement, TP, PANDB URL, WF, GP, 5 year, Tier X",
PAN-ENT-SUB-ELA-Y-5YR,PALO,"Enterprise License Agreement, TP, PANDB URL, WF, GP, 5 year, Tier Y",
PAN-ENT-SUB-ELA-Z-5YR,PALO,"Enterprise License Agreement, TP, PANDB URL, WF, GP, 5 year, Tier Z",
PAN-ENT-SUB-ELA-AA-5YR,PALO,"Enterprise License Agreement, TP, PANDB URL, WF, GP, 5 year, Tier AA",
PAN-ENT-SUB-ELA-BB-5YR,PALO,"Enterprise License Agreement, TP, PANDB URL, WF, GP, 5 year, Tier BB",
PAN-ENT-SUB-ELA-CC-5YR,PALO,"Enterprise License Agreement, TP, PANDB URL, WF, GP, 5 year, Tier CC",
PAN-ENT-SUB-ELA-DD-5YR,PALO,"Enterprise License Agreement, TP, PANDB URL, WF, GP, 5 year, Tier DD",
PAN-ENT-SUB-ELA-EE-5YR,PALO,"Enterprise License Agreement, TP, PANDB URL, WF, GP, 5 year, Tier EE",
PAN-ENT-SUB-ELA-FF-5YR,PALO,"Enterprise License Agreement, TP, PANDB URL, WF, GP, 5 year, Tier FF",
PAN-ENT-SUB-ELA-GG-5YR,PALO,"Enterprise License Agreement, TP, PANDB URL, WF, GP, 5 year, Tier GG",
PAN-ENT-SUB-ELA-HH-5YR,PALO,"Enterprise License Agreement, TP, PANDB URL, WF, GP, 5 year, Tier HH",
PAN-ENT-SUB-ELA-II-5YR,PALO,"Enterprise License Agreement, TP, PANDB URL, WF, GP, 5 year, Tier II",
PAN-ENT-SUB-ELA-JJ-5YR,PALO,"Enterprise License Agreement, TP, PANDB URL, WF, GP, 5 year, Tier JJ",
PAN-ENT-SUB-ELA-KK-5YR,PALO,"Enterprise License Agreement, TP, PANDB URL, WF, GP, 5 year, Tier KK",
PAN-ENT-SUB-ELA-LL-5YR,PALO,"Enterprise License Agreement, TP, PANDB URL, WF, GP, 5 year, Tier LL",
PAN-ENT-SUB-ELA-MM-5YR,PALO,"Enterprise License Agreement, TP, PANDB URL, WF, GP, 5 year, Tier MM",
PAN-ENT-SUB-ELA-NN-5YR,PALO,"Enterprise License Agreement, TP, PANDB URL, WF, GP, 5 year, Tier NN",
PAN-ENT-SUB-ELA-OO-5YR,PALO,"Enterprise License Agreement, TP, PANDB URL, WF, GP, 5 year, Tier OO",
PAN-ENT-SUB-ELA-PP-5YR,PALO,"Enterprise License Agreement, TP, PANDB URL, WF, GP, 5 year, Tier PP",
PAN-ENT-SUB-ELA-QQ-5YR,PALO,"Enterprise License Agreement, TP, PANDB URL, WF, GP, 5 year, Tier QQ",
PAN-ENT-SUB-ELA-RR-5YR,PALO,"Enterprise License Agreement, TP, PANDB URL, WF, GP, 5 year, Tier RR",
PAN-ENT-SUB-ELA-SS-5YR,PALO,"Enterprise License Agreement, TP, PANDB URL, WF, GP, 5 year, Tier SS",
PAN-ENT-SUB-ELA-TT-5YR,PALO,"Enterprise License Agreement, TP, PANDB URL, WF, GP, 5 year, Tier TT",
PAN-ENT-SUB-ELA-UU-5YR,PALO,"Enterprise License Agreement, TP, PANDB URL, WF, GP, 5 year, Tier UU",
PAN-ENT-SUB-ELA-VV-5YR,PALO,"Enterprise License Agreement, TP, PANDB URL, WF, GP, 5 year, Tier VV",
PAN-ENT-SUB-ELA-WW-5YR,PALO,"Enterprise License Agreement, TP, PANDB URL, WF, GP, 5 year, Tier WW",
PAN-ENT-SUB-ELA-XX-5YR,PALO,"Enterprise License Agreement, TP, PANDB URL, WF, GP, 5 year, Tier XX",
PAN-ENT-SUB-ELA-YY-5YR,PALO,"Enterprise License Agreement, TP, PANDB URL, WF, GP, 5 year, Tier YY",
PAN-ENT-SUB-ELA-ZZ-5YR,PALO,"Enterprise License Agreement, TP, PANDB URL, WF, GP, 5 year, Tier ZZ",
PAN-ENT-SUB-ELA-AB-5YR,PALO,"Enterprise License Agreement, TP, PANDB URL, WF, GP, 5 year, Tier AB",
PAN-ENT-SUB-ELA-AC-5YR,PALO,"Enterprise License Agreement, TP, PANDB URL, WF, GP, 5 year, Tier AC",
PAN-ENT-SUB-ELA-AD-5YR,PALO,"Enterprise License Agreement, TP, PANDB URL, WF, GP, 5 year, Tier AD",
PAN-ENT-SUB-ELA-AE-5YR,PALO,"Enterprise License Agreement, TP, PANDB URL, WF, GP, 5 year, Tier AE",
PAN-ENT-SUB-ELA-AF-5YR,PALO,"Enterprise License Agreement, TP, PANDB URL, WF, GP, 5 year, Tier AF",
PAN-ENT-SUB-ELA-AG-5YR,PALO,"Enterprise License Agreement, TP, PANDB URL, WF, GP, 5 year, Tier AG",
PAN-ENT-SUB-ELA-AH-5YR,PALO,"Enterprise License Agreement, TP, PANDB URL, WF, GP, 5 year, Tier AH",
PAN-ENT-PREM-ESA-A-5YR,PALO,"Enterprise Support Agreement, 5 year Premium Support, Tier A",
PAN-ENT-PREM-ESA-B-5YR,PALO,"Enterprise Support Agreement, 5 year Premium Support, Tier B",
PAN-ENT-PREM-ESA-C-5YR,PALO,"Enterprise Support Agreement, 5 year Premium Support, Tier C",
PAN-ENT-PREM-ESA-D-5YR,PALO,"Enterprise Support Agreement, 5 year Premium Support, Tier D",
PAN-ENT-PREM-ESA-E-5YR,PALO,"Enterprise Support Agreement, 5 year Premium Support, Tier E",
PAN-ENT-PREM-ESA-F-5YR,PALO,"Enterprise Support Agreement, 5 year Premium Support, Tier F",
PAN-ENT-PREM-ESA-G-5YR,PALO,"Enterprise Support Agreement, 5 year Premium Support, Tier G",
PAN-ENT-PREM-ESA-H-5YR,PALO,"Enterprise Support Agreement, 5 year Premium Support, Tier H",
PAN-ENT-PREM-ESA-I-5YR,PALO,"Enterprise Support Agreement, 5 year Premium Support, Tier I",
PAN-ENT-PREM-ESA-J-5YR,PALO,"Enterprise Support Agreement, 5 year Premium Support, Tier J",
PAN-ENT-PREM-ESA-K-5YR,PALO,"Enterprise Support Agreement, 5 year Premium Support, Tier K",
PAN-ENT-PREM-ESA-L-5YR,PALO,"Enterprise Support Agreement, 5 year Premium Support, Tier L",
PAN-ENT-PREM-ESA-M-5YR,PALO,"Enterprise Support Agreement, 5 year Premium Support, Tier M",
PAN-ENT-PREM-ESA-N-5YR,PALO,"Enterprise Support Agreement, 5 year Premium Support, Tier N",
,PALO,,
PAN-ENT-PREM-ESA-O-5YR,PALO,"Enterprise Support Agreement, 5 years Premium Support, includes a TAM, Tier O",
PAN-ENT-PREM-ESA-P-5YR,PALO,"Enterprise Support Agreement, 5 years Premium Support, includes a TAM, Tier P",
PAN-ENT-PREM-ESA-Q-5YR,PALO,"Enterprise Support Agreement, 5 years Premium Support, includes a TAM, Tier Q",
PAN-ENT-PREM-ESA-R-5YR,PALO,"Enterprise Support Agreement, 5 years Premium Support, includes a TAM, Tier R",
PAN-ENT-PREM-ESA-S-5YR,PALO,"Enterprise Support Agreement, 5 years Premium Support, includes a TAM, Tier S",
PAN-ENT-PREM-ESA-T-5YR,PALO,"Enterprise Support Agreement, 5 years Premium Support, includes a TAM, Tier T",
PAN-ENT-PREM-ESA-U-5YR,PALO,"Enterprise Support Agreement, 5 years Premium Support, includes a TAM, Tier U",
PAN-ENT-PREM-ESA-V-5YR,PALO,"Enterprise Support Agreement, 5 years Premium Support, includes a TAM, Tier V",
PAN-ENT-PREM-ESA-W-5YR,PALO,"Enterprise Support Agreement, 5 years Premium Support, includes a TAM, Tier W",
PAN-ENT-PREM-ESA-X-5YR,PALO,"Enterprise Support Agreement, 5 years Premium Support, includes a TAM, Tier X",
PAN-ENT-PREM-ESA-Y-5YR,PALO,"Enterprise Support Agreement, 5 years Premium Support, includes a Premium Plus, Tier Y",
PAN-ENT-PREM-ESA-Z-5YR,PALO,"Enterprise Support Agreement, 5 years Premium Support, includes a Premium Plus, Tier Z",
PAN-ENT-PREM-ESA-AA-5YR,PALO,"Enterprise Support Agreement, 5 years Premium Support, includes a Premium Plus, Tier AA",
PAN-ENT-PREM-ESA-BB-5YR,PALO,"Enterprise Support Agreement, 5 years Premium Support, includes a Premium Plus, Tier BB",
PAN-ENT-PREM-ESA-CC-5YR,PALO,"Enterprise Support Agreement, 5 years Premium Support, includes a Premium Plus, Tier CC",
PAN-ENT-PREM-ESA-DD-5YR,PALO,"Enterprise Support Agreement, 5 years Premium Support, includes a Premium Plus, Tier DD",
PAN-ENT-PREM-ESA-EE-5YR,PALO,"Enterprise Support Agreement, 5 years Premium Support, includes a Premium Plus, Tier EE",
PAN-ENT-PREM-ESA-FF-5YR,PALO,"Enterprise Support Agreement, 5 years Premium Support, includes a Premium Plus, Tier FF",
PAN-ENT-PREM-ESA-GG-5YR,PALO,"Enterprise Support Agreement, 5 years Premium Support, includes a Premium Plus, Tier GG",
PAN-ENT-PREM-ESA-HH-5YR,PALO,"Enterprise Support Agreement, 5 years Premium Support, includes a Premium Plus, Tier HH",
PAN-ENT-PREM-ESA-II-5YR,PALO,"Enterprise Support Agreement, 5 years Premium Support, includes a Premium Plus, Tier II",
PAN-ENT-PREM-ESA-JJ-5YR,PALO,"Enterprise Support Agreement, 5 years Premium Support, includes a Premium Plus, Tier JJ",
PAN-ENT-PREM-ESA-KK-5YR,PALO,"Enterprise Support Agreement, 5 years Premium Support, includes a Premium Plus, Tier KK",
PAN-ENT-PREM-ESA-LL-5YR,PALO,"Enterprise Support Agreement, 5 years Premium Support, includes a Premium Plus, Tier LL",
PAN-ENT-PREM-ESA-MM-5YR,PALO,"Enterprise Support Agreement, 5 years Premium Support, includes a Premium Plus, Tier MM",
PAN-ENT-PREM-ESA-NN-5YR,PALO,"Enterprise Support Agreement, 5 years Premium Support, includes a Premium Plus x2, Tier NN",
PAN-ENT-PREM-ESA-OO-5YR,PALO,"Enterprise Support Agreement, 5 years Premium Support, includes a Premium Plus x2, Tier OO",
PAN-ENT-PREM-ESA-PP-5YR,PALO,"Enterprise Support Agreement, 5 years Premium Support, includes a Premium Plus x2, Tier PP",
PAN-ENT-PREM-ESA-QQ-5YR,PALO,"Enterprise Support Agreement, 5 years Premium Support, includes a Premium Plus x2, Tier QQ",
PAN-ENT-PREM-ESA-RR-5YR,PALO,"Enterprise Support Agreement, 5 years Premium Support, includes a Premium Plus x2, Tier RR",
PAN-ENT-PREM-ESA-SS-5YR,PALO,"Enterprise Support Agreement, 5 years Premium Support, includes a Premium Plus x2, Tier SS",
PAN-ENT-PREM-ESA-TT-5YR,PALO,"Enterprise Support Agreement, 5 years Premium Support, includes a Premium Plus x2, Tier TT",
PAN-ENT-PREM-ESA-UU-5YR,PALO,"Enterprise Support Agreement, 5 years Premium Support, includes a Premium Plus x2, Tier UU",
PAN-ENT-PREM-ESA-VV-5YR,PALO,"Enterprise Support Agreement, 5 years Premium Support, includes a Premium Plus x2, Tier VV",
PAN-ENT-PREM-ESA-WW-5YR,PALO,"Enterprise Support Agreement, 5 years Premium Support, includes a Premium Plus x2, Tier WW",
PAN-ENT-PREM-ESA-XX-5YR,PALO,"Enterprise Support Agreement, 5 years Premium Support, includes a Premium Plus x2, Tier XX",
PAN-ENT-PREM-ESA-YY-5YR,PALO,"Enterprise Support Agreement, 5 years Premium Support, includes a Premium Plus x2, Tier YY",
PAN-ENT-PREM-ESA-ZZ-5YR,PALO,"Enterprise Support Agreement, 5 years Premium Support, includes a Premium Plus x2, Tier ZZ",
PAN-ENT-PREM-ESA-AB-5YR,PALO,"Enterprise Support Agreement, 5 years Premium Support, includes Premium Plus, Tier AB",
PAN-ENT-PREM-ESA-AC-5YR,PALO,"Enterprise Support Agreement, 5 years Premium Support, includes Premium Plus, Tier AC",
PAN-ENT-PREM-ESA-AD-5YR,PALO,"Enterprise Support Agreement, 5 years Premium Support, includes Premium Plus, Tier AD",
PAN-ENT-PREM-ESA-AE-5YR,PALO,"Enterprise Support Agreement, 5 years Premium Support, includes Premium Plus, Tier AE",
PAN-ENT-PREM-ESA-AF-5YR,PALO,"Enterprise Support Agreement, 5 years Premium Support, includes Premium Plus, Tier AF",
PAN-ENT-PREM-ESA-AG-5YR,PALO,"Enterprise Support Agreement, 5 years Premium Support, includes Premium Plus, Tier AG",
PAN-ENT-PREM-ESA-AH-5YR,PALO,"Enterprise Support Agreement, 5 years Premium Support, includes Premium Plus, Tier AH",
PAN-ENT-USG-ESA-A-5YR,PALO,"Enterprise Support Agreement, 5 year US Government Premium Support, Tier A",
PAN-ENT-USG-ESA-B-5YR,PALO,"Enterprise Support Agreement, 5 year US Government Premium Support, Tier B",
PAN-ENT-USG-ESA-C-5YR,PALO,"Enterprise Support Agreement, 5 year US Government Premium Support, Tier C",
PAN-ENT-USG-ESA-D-5YR,PALO,"Enterprise Support Agreement, 5 year US Government Premium Support, Tier D",
PAN-ENT-USG-ESA-E-5YR,PALO,"Enterprise Support Agreement, 5 year US Government Premium Support, Tier E",
PAN-ENT-USG-ESA-F-5YR,PALO,"Enterprise Support Agreement, 5 year US Government Premium Support, Tier F",
PAN-ENT-USG-ESA-G-5YR,PALO,"Enterprise Support Agreement, 5 year US Government Premium Support, Tier G",
PAN-ENT-USG-ESA-H-5YR,PALO,"Enterprise Support Agreement, 5 year US Government Premium Support, Tier H",
PAN-ENT-USG-ESA-I-5YR,PALO,"Enterprise Support Agreement, 5 year US Government Premium Support, Tier I",
PAN-ENT-USG-ESA-J-5YR,PALO,"Enterprise Support Agreement, 5 year US Government Premium Support, Tier J",
PAN-ENT-USG-ESA-K-5YR,PALO,"Enterprise Support Agreement, 5 year US Government Premium Support, Tier K",
PAN-ENT-USG-ESA-L-5YR,PALO,"Enterprise Support Agreement, 5 year US Government Premium Support, Tier L",
PAN-ENT-USG-ESA-M-5YR,PALO,"Enterprise Support Agreement, 5 year US Government Premium Support, Tier M",
PAN-ENT-USG-ESA-N-5YR,PALO,"Enterprise Support Agreement, 5 year US Government Premium Support, Tier N",
PAN-ENT-USG-ESA-O-5YR,PALO,"Enterprise Support Agreement, 5 year US Government Premium Support, includes a TAM, Tier O",
PAN-ENT-USG-ESA-P-5YR,PALO,"Enterprise Support Agreement, 5 year US Government Premium Support, includes a TAM, Tier P",
PAN-ENT-USG-ESA-Q-5YR,PALO,"Enterprise Support Agreement, 5 year US Government Premium Support, includes a TAM, Tier Q",
PAN-ENT-USG-ESA-R-5YR,PALO,"Enterprise Support Agreement, 5 year US Government Premium Support, includes a TAM, Tier R",
PAN-ENT-USG-ESA-S-5YR,PALO,"Enterprise Support Agreement, 5 year US Government Premium Support, includes a TAM, Tier S",
PAN-ENT-USG-ESA-T-5YR,PALO,"Enterprise Support Agreement, 5 year US Government Premium Support, includes a TAM, Tier T",
PAN-ENT-USG-ESA-U-5YR,PALO,"Enterprise Support Agreement, 5 year US Government Premium Support, includes a TAM, Tier U",
PAN-ENT-USG-ESA-V-5YR,PALO,"Enterprise Support Agreement, 5 year US Government Premium Support, includes a TAM, Tier V",
PAN-ENT-USG-ESA-W-5YR,PALO,"Enterprise Support Agreement, 5 year US Government Premium Support, includes a TAM, Tier W",
PAN-ENT-USG-ESA-X-5YR,PALO,"Enterprise Support Agreement, 5 year US Government Premium Support, includes a TAM, Tier X",
PAN-ENT-USG-ESA-Y-5YR,PALO,"Enterprise Support Agreement, 5 year US Government Premium Support, includes a Premium Plus, Tier Y",
PAN-ENT-USG-ESA-Z-5YR,PALO,"Enterprise Support Agreement, 5 year US Government Premium Support, includes a Premium Plus, Tier Z",
PAN-ENT-USG-ESA-AA-5YR,PALO,"Enterprise Support Agreement, 5 year US Government Premium Support, includes a Premium Plus, Tier AA",
PAN-ENT-USG-ESA-BB-5YR,PALO,"Enterprise Support Agreement, 5 year US Government Premium Support, includes a Premium Plus, Tier BB",
PAN-ENT-USG-ESA-CC-5YR,PALO,"Enterprise Support Agreement, 5 year US Government Premium Support, includes a Premium Plus, Tier CC",
PAN-ENT-USG-ESA-DD-5YR,PALO,"Enterprise Support Agreement, 5 year US Government Premium Support, includes a Premium Plus, Tier DD",
PAN-ENT-USG-ESA-EE-5YR,PALO,"Enterprise Support Agreement, 5 year US Government Premium Support, includes a Premium Plus, Tier EE",
PAN-ENT-USG-ESA-FF-5YR,PALO,"Enterprise Support Agreement, 5 year US Government Premium Support, includes a Premium Plus, Tier FF",
PAN-ENT-USG-ESA-GG-5YR,PALO,"Enterprise Support Agreement, 5 year US Government Premium Support, includes a Premium Plus, Tier GG",
PAN-ENT-USG-ESA-HH-5YR,PALO,"Enterprise Support Agreement, 5 year US Government Premium Support, includes a Premium Plus, Tier HH",
PAN-ENT-USG-ESA-II-5YR,PALO,"Enterprise Support Agreement, 5 year US Government Premium Support, includes a Premium Plus, Tier II",
PAN-ENT-USG-ESA-JJ-5YR,PALO,"Enterprise Support Agreement, 5 year US Government Premium Support, includes a Premium Plus, Tier JJ",
PAN-ENT-USG-ESA-KK-5YR,PALO,"Enterprise Support Agreement, 5 year US Government Premium Support, includes a Premium Plus, Tier KK",
PAN-ENT-USG-ESA-LL-5YR,PALO,"Enterprise Support Agreement, 5 year US Government Premium Support, includes a Premium Plus, Tier LL",
PAN-ENT-USG-ESA-MM-5YR,PALO,"Enterprise Support Agreement, 5 year US Government Premium Support, includes a Premium Plus, Tier MM",
PAN-ENT-USG-ESA-NN-5YR,PALO,"Enterprise Support Agreement, 5 year US Government Premium Support, includes a Premium Plus x2, Tier NN",
PAN-ENT-USG-ESA-OO-5YR,PALO,"Enterprise Support Agreement, 5 year US Government Premium Support, includes a Premium Plus x2, Tier OO",
PAN-ENT-USG-ESA-PP-5YR,PALO,"Enterprise Support Agreement, 5 year US Government Premium Support, includes a Premium Plus x2, Tier PP",
PAN-ENT-USG-ESA-QQ-5YR,PALO,"Enterprise Support Agreement, 5 year US Government Premium Support, includes a Premium Plus x2, Tier QQ",
PAN-ENT-USG-ESA-RR-5YR,PALO,"Enterprise Support Agreement, 5 year US Government Premium Support, includes a Premium Plus x2, Tier RR",
PAN-ENT-USG-ESA-SS-5YR,PALO,"Enterprise Support Agreement, 5 year US Government Premium Support, includes a Premium Plus x2, Tier SS",
PAN-ENT-USG-ESA-TT-5YR,PALO,"Enterprise Support Agreement, 5 year US Government Premium Support, includes a Premium Plus x2, Tier TT",
PAN-ENT-USG-ESA-UU-5YR,PALO,"Enterprise Support Agreement, 5 year US Government Premium Support, includes a Premium Plus x2, Tier UU",
PAN-ENT-USG-ESA-VV-5YR,PALO,"Enterprise Support Agreement, 5 year US Government Premium Support, includes a Premium Plus x2, Tier VV",
PAN-ENT-USG-ESA-WW-5YR,PALO,"Enterprise Support Agreement, 5 year US Government Premium Support, includes a Premium Plus x2, Tier WW",
PAN-ENT-USG-ESA-XX-5YR,PALO,"Enterprise Support Agreement, 5 year US Government Premium Support, includes a Premium Plus x2, Tier XX",
PAN-ENT-USG-ESA-YY-5YR,PALO,"Enterprise Support Agreement, 5 year US Government Premium Support, includes a Premium Plus x2, Tier YY",
,PALO,,
PAN-ENT-USG-ESA-ZZ-5YR,PALO,"Enterprise Support Agreement, 5 years US Government Premium Support, includes Premium Plus x2, Tier ZZ",
PAN-ENT-USG-ESA-AB-5YR,PALO,"Enterprise Support Agreement, 5 years US Government Premium Support, includes Premium Plus, Tier AB",
PAN-ENT-USG-ESA-AC-5YR,PALO,"Enterprise Support Agreement, 5 years US Government Premium Support, includes Premium Plus, Tier AC",
PAN-ENT-USG-ESA-AD-5YR,PALO,"Enterprise Support Agreement, 5 years US Government Premium Support, includes Premium Plus, Tier AD",
PAN-ENT-USG-ESA-AE-5YR,PALO,"Enterprise Support Agreement, 5 years US Government Premium Support, includes Premium Plus, Tier AE",
PAN-ENT-USG-ESA-AF-5YR,PALO,"Enterprise Support Agreement, 5 years US Government Premium Support, includes Premium Plus, Tier AF",
PAN-ENT-USG-ESA-AG-5YR,PALO,"Enterprise Support Agreement, 5 years US Government Premium Support, includes Premium Plus, Tier AG",
PAN-ENT-USG-ESA-AH-5YR,PALO,"Enterprise Support Agreement, 5 years US Government Premium Support, includes Premium Plus, Tier AH",
PAN-3.5IN-HDD-8TB-PAIR,PALO,"3.5 inch spare 8TB HDD Raid certified drives for M-200 and M-600, shipped in pair",
PAN-M-200-ACC,PALO,M-200 Spare accessory kit,
PAN-M-200-BOX-SET,PALO,M-200 spare shipping boxes - 5 cartons,
PAN-M-200-PKG-SET,PALO,"M-200 spare packaging set - 1 each of ESD unit bag, foam set, insert tray, and shipping box",
PAN-M-200-RCK,PALO,"M-200 spare rack mount kit, holds one device (supports 4 post racks)",
PAN-M-600-ACC,PALO,Hardware M-600 Spare accessory kit,
PAN-M-600-BOX-SET,PALO,M-600 spare shipping boxes - 5 cartons,
PAN-M-600-PKG-SET,PALO,"M-600 spare packaging set - 1 each of ESD unit bag, foam set, insert tray, and shipping box",
PAN-M-600-RCK,PALO,"M-600 spare rack mount kit, holds one device (supports 4 post racks)",
PAN-M-SSD-240GB-IMG,PALO,Imaged SSD for M-200 and M-600.,
PAN-PA-220R,PALO,Palo Alto Networks PA-220R,
PAN-PA-220R-ACC,PALO,Accessory kit for PA-220R,
PAN-PA-220R-BND-LAB3,PALO,"PA-220R Lab Unit First Year Service Bundle (Threat Prevention, BrightCloud URL Filtering, GlobalProtect, WildFire, Standard Support)",
PAN-PA-220R-BND-LAB3-R,PALO,"PA-220R Lab Unit Renewal Service Bundle (Threat Prevention, BrightCloud URL Filtering, GlobalProtect, WildFire, Standard Support)",
PAN-PA-220R-BND-LAB4,PALO,"PA-220R Lab Unit First Year Service Bundle (Threat Prevention, PANDB URL Filtering, GlobalProtect, WildFire, Standard Support)",
PAN-PA-220R-BND-LAB4-R,PALO,"PA-220R Lab Unit Renewal Service Bundle (Threat Prevention, PANDB URL Filtering, GlobalProtect, WildFire, Standard Support)",
PAN-PA-220R-BND-NFR3,PALO,"PA-220R NFR First Year Service Bundle (Threat Prevention, PANDB and BrightCloud URL Filtering, GlobalProtect, WildFire, Standard
Support)",
PAN-PA-220R-BND-NFR3-R,PALO,"PA-220R NFR Renewal Service Bundle (Threat Prevention, PANDB and BrightCloud URL Filtering, GlobalProtect, WildFire, Standard
Support)",
PAN-PA-220R-BND-NFR4,PALO,"PA-220R NFR First Year Service Bundle (Threat Prevention, PANDB URL Filtering, GlobalProtect, WildFire, Standard Support)",
PAN-PA-220R-BND-NFR4-R,PALO,"PA-220R NFR Renewal Service Bundle (Threat Prevention, PANDB URL Filtering, GlobalProtect, WildFire, Standard Support)",
PAN-PA-220R-BOX-SET,PALO,PA-220R shipping boxes with packaging - qty 5,
PAN-PA-220R-GP,PALO,"GlobalProtect subscription year 1, PA-220R",
PAN-PA-220R-GP-3YR,PALO,"GlobalProtect subscription 3-year prepaid, PA-220R",
PAN-PA-220R-GP-3YR-HA2,PALO,"GlobalProtect subscription 3 year prepaid for device in an HA pair, PA-220R",
PAN-PA-220R-GP-3YR-HA2-R,PALO,"GlobalProtect subscription 3 year prepaid renewal for device in an HA pair, PA-220R",
PAN-PA-220R-GP-3YR-R,PALO,"GlobalProtect subscription 3-year prepaid renewal, PA-220R",
PAN-PA-220R-GP-5YR,PALO,"GlobalProtect subscription 5-year prepaid, PA-220R",
PAN-PA-220R-GP-5YR-HA2,PALO,"GlobalProtect subscription 5 year prepaid for device in an HA pair, PA-220R",
PAN-PA-220R-GP-5YR-HA2-R,PALO,"GlobalProtect subscription 5 year prepaid renewal for device in an HA pair, PA-220R",
PAN-PA-220R-GP-5YR-R,PALO,"GlobalProtect subscription 5-year prepaid renewal, PA-220R",
PAN-PA-220R-GP-HA2,PALO,"GlobalProtect subscription for device in an HA pair year 1, PA-220R",
PAN-PA-220R-GP-HA2-R,PALO,"GlobalProtect subscription for device in an HA pair renewal, PA-220R",
PAN-PA-220R-GP-R,PALO,"GlobalProtect subscription renewal, PA-220R",
PAN-PA-220R-LAB,PALO,Palo Alto Networks PA-220R Lab Unit,
PAN-PA-220R-NFR,PALO,Palo Alto Networks PA-220R NFR Unit,
PAN-PA-220R-OSS,PALO,Palo Alto Networks PA-220R On-Site Spare,
PAN-PA-220R-PKG-SET,PALO,"PA-220R packaging set - 1 each of ESD unit bag, foam set, insert tray, and shipping box",
PAN-PA-220R-RACK4,PALO,4 Post Rack Mount for PA-220R,
PAN-PA-220R-TP,PALO,"Threat prevention subscription year 1, PA-220R",
PAN-PA-220R-TP-3YR,PALO,"Threat prevention subscription 3-year prepaid, PA-220R",
PAN-PA-220R-TP-3YR-HA2,PALO,"Threat prevention subscription 3 year prepaid for device in an HA pair, PA-220R",
PAN-PA-220R-TP-3YR-HA2-R,PALO,"Threat prevention subscription 3 year prepaid renewal for device in an HA pair, PA-220R",
PAN-PA-220R-TP-3YR-R,PALO,"Threat prevention subscription 3-year prepaid renewal, PA-220R",
PAN-PA-220R-TP-5YR,PALO,"Threat prevention subscription 5-year prepaid, PA-220R",
PAN-PA-220R-TP-5YR-HA2,PALO,"Threat prevention subscription 5 year prepaid for device in an HA pair, PA-220R",
PAN-PA-220R-TP-5YR-HA2-R,PALO,"Threat prevention subscription 5 year prepaid renewal for device in an HA pair, PA-220R",
PAN-PA-220R-TP-5YR-R,PALO,"Threat prevention subscription 5-year prepaid renewal, PA-220R",
PAN-PA-220R-TP-HA2,PALO,"Threat prevention subscription for device in an HA pair year 1, PA-220R",
PAN-PA-220R-TP-HA2-R,PALO,"Threat prevention subscription for device in an HA pair renewal, PA-220R",
PAN-PA-220R-TP-R,PALO,"Threat prevention subscription renewal, PA-220R",
PAN-PA-220R-URL2,PALO,"BrightCloud URL filtering subscription year 1, PA-220R",
PAN-PA-220R-URL2-3YR,PALO,"BrightCloud URL filtering subscription 3-year prepaid, PA-220R",
PAN-PA-220R-URL2-3YR-HA2,PALO,"BrightCloud URL filtering subscription 3 year prepaid for device in an HA pair, PA-220R",
PAN-PA-220R-URL2-3YR-HA2-R,PALO,"BrightCloud URL filtering subscription 3 year prepaid renewal for device in an HA pair, PA-220R",
PAN-PA-220R-URL2-3YR-R,PALO,"BrightCloud URL filtering subscription 3-year prepaid renewal, PA-220R",
PAN-PA-220R-URL2-HA2,PALO,"BrightCloud URL filtering subscription for device in an HA pair year 1, PA-220R",
PAN-PA-220R-URL2-HA2-R,PALO,"BrightCloud URL filtering subscription for device in an HA pair renewal, PA-220R",
PAN-PA-220R-URL2-R,PALO,"BrightCloud URL filtering subscription renewal, PA-220R",
PAN-PA-220R-URL4,PALO,"PANDB URL filtering subscription year 1, PA-220R",
PAN-PA-220R-URL4-3YR,PALO,"PANDB URL filtering subscription 3-year prepaid, PA-220R",
PAN-PA-220R-URL4-3YR-HA2,PALO,"PANDB URL filtering subscription 3 year prepaid for device in an HA pair, PA-220R",
PAN-PA-220R-URL4-3YR-HA2-R,PALO,"PANDB URL filtering subscription 3 year prepaid renewal for device in an HA pair, PA-220R",
PAN-PA-220R-URL4-3YR-R,PALO,"PANDB URL filtering subscription 3-year prepaid renewal, PA-220R",
PAN-PA-220R-URL4-5YR,PALO,"PANDB URL filtering subscription 5-year prepaid, PA-220R",
PAN-PA-220R-URL4-5YR-HA2,PALO,"PANDB URL filtering subscription 5 year prepaid for device in an HA pair, PA-220R",
PAN-PA-220R-URL4-5YR-HA2-R,PALO,"PANDB URL filtering subscription 5 year prepaid renewal for device in an HA pair, PA-220R",
PAN-PA-220R-URL4-5YR-R,PALO,"PANDB URL filtering subscription 5-year prepaid renewal, PA-220R",
PAN-PA-220R-URL4-HA2,PALO,"PANDB URL filtering subscription for device in an HA pair year 1, PA-220R",
PAN-PA-220R-URL4-HA2-R,PALO,"PANDB URL filtering subscription for device in an HA pair renewal, PA-220R",
PAN-PA-220R-URL4-R,PALO,"PANDB URL filtering subscription renewal, PA-220R",
PAN-PA-220R-USG-BND-LAB3,PALO,"PA-220R Lab Unit First Year Service Bundle (Threat Prevention, BrightCloud URL Filtering, GlobalProtect, WildFire, US Government
standard support)",
PAN-PA-220R-USG-BND-LAB3-R,PALO,"PA-220R Lab Unit Renewal Service Bundle (Threat Prevention, BrightCloud URL Filtering, GlobalProtect, WildFire, US Government
standard support)",
PAN-PA-220R-USG-BND-LAB4,PALO,"PA-220R Lab Unit First Year Service Bundle (Threat Prevention, PANDB URL Filtering, GlobalProtect, WildFire, US Government
standard support)",
PAN-PA-220R-USG-BND-LAB4-R,PALO,"PA-220R Lab Unit Renewal Service Bundle (Threat Prevention, PANDB URL Filtering, GlobalProtect, WildFire, US Government standard
support)",
PAN-PA-220R-USG-BND-NFR3,PALO,"PA-220R NFR First Year Service Bundle (Threat Prevention, PANDB and BrightCloud URL Filtering, GlobalProtect, WildFire, US
Government standard support)",
,PALO,,
PAN-PA-220R-USG-BND-NFR3-R,PALO,"PA-220R NFR Renewal Service Bundle (Threat Prevention, PANDB and BrightCloud URL Filtering, GlobalProtect, WildFire, US
Government standard support)",
PAN-PA-220R-USG-BND-NFR4,PALO,"PA-220R NFR First Year Service Bundle (Threat Prevention, PANDB URL Filtering, GlobalProtect, WildFire, US Government standard
support)",
PAN-PA-220R-USG-BND-NFR4-R,PALO,"PA-220R NFR Renewal Service Bundle (Threat Prevention, PANDB URL Filtering, GlobalProtect, WildFire, US Government standard
support)",
PAN-PA-220R-WALL-MOUNT,PALO,Palo Alto Networks PA-220R Wall Mount,
PAN-PA-220R-WF,PALO,"WildFire subscription year 1, PA-220R",
PAN-PA-220R-WF-3YR,PALO,"WildFire subscription 3-year prepaid, PA-220R",
PAN-PA-220R-WF-3YR-HA2,PALO,"WildFire subscription 3 year prepaid for device in an HA pair, PA-220R",
PAN-PA-220R-WF-3YR-HA2-R,PALO,"WildFire subscription 3 year prepaid renewal for device in an HA pair, PA-220R",
PAN-PA-220R-WF-3YR-R,PALO,"WildFire subscription 3-year prepaid renewal, PA-220R",
PAN-PA-220R-WF-5YR,PALO,"WildFire subscription 5-year prepaid, PA-220R",
PAN-PA-220R-WF-5YR-HA2,PALO,"WildFire subscription 5 year prepaid for device in an HA pair, PA-220R",
PAN-PA-220R-WF-5YR-HA2-R,PALO,"WildFire subscription 5 year prepaid renewal for device in an HA pair, PA-220R",
PAN-PA-220R-WF-5YR-R,PALO,"WildFire subscription 5-year prepaid renewal, PA-220R",
PAN-PA-220R-WF-HA2,PALO,"WildFire subscription for device in an HA pair year 1, PA-220R",
PAN-PA-220R-WF-HA2-R,PALO,"WildFire subscription for device in an HA pair renewal, PA-220R",
PAN-PA-220R-WF-R,PALO,"WildFire subscription renewal, PA-220R",
PAN-PA-2RU-RACK4,PALO,"Palo Alto Networks PA-3220, PA-3250, and PA-3260 4 post rack mount kit",
PAN-PA-3200-BOX-SET,PALO,PA-3200 series shipping boxes - 5 cartons,
PAN-PA-3200-FANTRAY,PALO,PA-3200 Series spare fan tray,
PAN-PA-3200-PKG-SET,PALO,"PA-3200 packaging set - 1 each of ESD unit bag, foam set, insert tray, and shipping box",
PAN-PA-3200-SSD-240-IMG,PALO,PA-3200 Series spare hard drive - 240GB Solid State Drive (SSD),
PAN-PA-3220,PALO,Palo Alto Networks PA-3220 with redundant AC power supplies,
PAN-PA-3220-BND-LAB3,PALO,"PA-3220 Lab Unit First Year Service Bundle (Threat Prevention, BrightCloud URL Filtering, GlobalProtect, WildFire, Standard Support)",
PAN-PA-3220-BND-LAB3-R,PALO,"PA-3220 Lab Unit Renewal Service Bundle (Threat Prevention, BrightCloud URL Filtering, GlobalProtect, WildFire, Standard Support)",
PAN-PA-3220-BND-LAB4,PALO,"PA-3220 Lab Unit First Year Service Bundle (Threat Prevention, PANDB URL Filtering, GlobalProtect, WildFire, Standard Support)",
PAN-PA-3220-BND-LAB4-R,PALO,"PA-3220 Lab Unit Renewal Service Bundle (Threat Prevention, PANDB URL Filtering, GlobalProtect, WildFire, Standard Support)",
PAN-PA-3220-BND-NFR3,PALO,"PA-3220 NFR First Year Service Bundle (Threat Prevention, PANDB and BrightCloud URL Filtering, GlobalProtect, WildFire, Standard
Support)",
PAN-PA-3220-BND-NFR3-R,PALO,"PA-3220 NFR Renewal Service Bundle (Threat Prevention, PANDB and BrightCloud URL Filtering, GlobalProtect, WildFire, Standard
Support)",
PAN-PA-3220-BND-NFR4,PALO,"PA-3220 NFR First Year Service Bundle (Threat Prevention, PANDB URL Filtering, GlobalProtect, WildFire, Standard Support)",
PAN-PA-3220-BND-NFR4-R,PALO,"PA-3220 NFR Renewal Service Bundle (Threat Prevention, PANDB URL Filtering, GlobalProtect, WildFire, Standard Support)",
PAN-PA-3220-GP,PALO,"GlobalProtect subscription year 1, PA-3220",
PAN-PA-3220-GP-3YR,PALO,"GlobalProtect subscription 3-year prepaid, PA-3220",
PAN-PA-3220-GP-3YR-HA2,PALO,"GlobalProtect subscription 3 year prepaid for device in an HA pair, PA-3220",
PAN-PA-3220-GP-3YR-HA2-R,PALO,"GlobalProtect subscription 3 year prepaid renewal for device in an HA pair, PA-3220",
PAN-PA-3220-GP-3YR-R,PALO,"GlobalProtect subscription 3-year prepaid renewal, PA-3220",
PAN-PA-3220-GP-5YR,PALO,"GlobalProtect subscription 5-year prepaid, PA-3220",
PAN-PA-3220-GP-5YR-HA2,PALO,"GlobalProtect subscription 5 year prepaid for device in an HA pair, PA-3220",
PAN-PA-3220-GP-5YR-HA2-R,PALO,"GlobalProtect subscription 5 year prepaid renewal for device in an HA pair, PA-3220",
PAN-PA-3220-GP-5YR-R,PALO,"GlobalProtect subscription 5-year prepaid renewal, PA-3220",
PAN-PA-3220-GP-HA2,PALO,"GlobalProtect subscription for device in an HA pair year 1, PA-3220",
PAN-PA-3220-GP-HA2-R,PALO,"GlobalProtect subscription for device in an HA pair renewal, PA-3220",
PAN-PA-3220-GP-R,PALO,"GlobalProtect subscription renewal, PA-3220",
PAN-PA-3220-LAB,PALO,Palo Alto Networks PA-3220 Lab Unit with redundant AC power supplies,
PAN-PA-3220-NFR,PALO,Palo Alto Networks PA-3220 NFR Unit with redundant AC power supplies,
PAN-PA-3220-OSS,PALO,On-Site Spare Palo Alto Networks PA-3220 with redundant AC power supplies,
PAN-PA-3220-TP,PALO,"Threat prevention subscription year 1, PA-3220",
PAN-PA-3220-TP-3YR,PALO,"Threat prevention subscription 3-year prepaid, PA-3220",
PAN-PA-3220-TP-3YR-HA2,PALO,"Threat prevention subscription 3 year prepaid for device in an HA pair, PA-3220",
PAN-PA-3220-TP-3YR-HA2-R,PALO,"Threat prevention subscription 3 year prepaid renewal for device in an HA pair, PA-3220",
PAN-PA-3220-TP-3YR-R,PALO,"Threat prevention subscription 3-year prepaid renewal, PA-3220",
PAN-PA-3220-TP-5YR,PALO,"Threat prevention subscription 5-year prepaid, PA-3220",
PAN-PA-3220-TP-5YR-HA2,PALO,"Threat prevention subscription 5 year prepaid for device in an HA pair, PA-3220",
PAN-PA-3220-TP-5YR-HA2-R,PALO,"Threat prevention subscription 5 year prepaid renewal for device in an HA pair, PA-3220",
PAN-PA-3220-TP-5YR-R,PALO,"Threat prevention subscription 5-year prepaid renewal, PA-3220",
PAN-PA-3220-TP-HA2,PALO,"Threat prevention subscription for device in an HA pair year 1, PA-3220",
PAN-PA-3220-TP-HA2-R,PALO,"Threat prevention subscription for device in an HA pair renewal, PA-3220",
PAN-PA-3220-TP-R,PALO,"Threat prevention subscription renewal, PA-3220",
PAN-PA-3220-URL2,PALO,"BrightCloud URL filtering subscription year 1, PA-3220",
PAN-PA-3220-URL2-3YR,PALO,"BrightCloud URL filtering subscription 3-year prepaid, PA-3220",
PAN-PA-3220-URL2-3YR-HA2,PALO,"BrightCloud URL filtering subscription 3 year prepaid for device in an HA pair, PA-3220",
PAN-PA-3220-URL2-3YR-HA2-R,PALO,"BrightCloud URL filtering subscription 3 year prepaid renewal for device in an HA pair, PA-3220",
PAN-PA-3220-URL2-3YR-R,PALO,"BrightCloud URL filtering subscription 3-year prepaid renewal, PA-3220",
PAN-PA-3220-URL2-HA2,PALO,"BrightCloud URL filtering subscription for device in an HA pair year 1, PA-3220",
PAN-PA-3220-URL2-HA2-R,PALO,"BrightCloud URL filtering subscription for device in an HA pair renewal, PA-3220",
PAN-PA-3220-URL2-R,PALO,"BrightCloud URL filtering subscription renewal, PA-3220",
PAN-PA-3220-URL4,PALO,"PANDB URL filtering subscription year 1, PA-3220",
PAN-PA-3220-URL4-3YR,PALO,"PANDB URL filtering subscription 3-year prepaid, PA-3220",
PAN-PA-3220-URL4-3YR-HA2,PALO,"PANDB URL filtering subscription 3 year prepaid for device in an HA pair, PA-3220",
PAN-PA-3220-URL4-3YR-HA2-R,PALO,"PANDB URL filtering subscription 3 year prepaid renewal for device in an HA pair, PA-3220",
PAN-PA-3220-URL4-3YR-R,PALO,"PANDB URL filtering subscription 3-year prepaid renewal, PA-3220",
PAN-PA-3220-URL4-5YR,PALO,"PANDB URL filtering subscription 5-year prepaid, PA-3220",
PAN-PA-3220-URL4-5YR-HA2,PALO,"PANDB URL filtering subscription 5 year prepaid for device in an HA pair, PA-3220",
PAN-PA-3220-URL4-5YR-HA2-R,PALO,"PANDB URL filtering subscription 5 year prepaid renewal for device in an HA pair, PA-3220",
PAN-PA-3220-URL4-5YR-R,PALO,"PANDB URL filtering subscription 5-year prepaid renewal, PA-3220",
PAN-PA-3220-URL4-HA2,PALO,"PANDB URL filtering subscription for device in an HA pair year 1, PA-3220",
PAN-PA-3220-URL4-HA2-R,PALO,"PANDB URL filtering subscription for device in an HA pair renewal, PA-3220",
PAN-PA-3220-URL4-R,PALO,"PANDB URL filtering subscription renewal, PA-3220",
PAN-PA-3220-USG-BND-LAB3,PALO,"PA-3220 Lab Unit First Year Service Bundle (Threat Prevention, BrightCloud URL Filtering, GlobalProtect, WildFire, US Government
standard support)",
PAN-PA-3220-USG-BND-LAB3-R,PALO,"PA-3220 Lab Unit Renewal Service Bundle (Threat Prevention, BrightCloud URL Filtering, GlobalProtect, WildFire, US Government
standard support)",
PAN-PA-3220-USG-BND-LAB4,PALO,"PA-3220 Lab Unit First Year Service Bundle (Threat Prevention, PANDB URL Filtering, GlobalProtect, WildFire, US Government standard
support)",
PAN-PA-3220-USG-BND-LAB4-R,PALO,"PA-3220 Lab Unit Renewal Service Bundle (Threat Prevention, PANDB URL Filtering, GlobalProtect, WildFire, US Government standard
support)",
,PALO,,
PAN-PA-3220-USG-BND-NFR3,PALO,"PA-3220 NFR First Year Service Bundle (Threat Prevention, PANDB and BrightCloud URL Filtering, GlobalProtect, WildFire, US
Government standard support)",
PAN-PA-3220-USG-BND-NFR3-R,PALO,"PA-3220 NFR Renewal Service Bundle (Threat Prevention, PANDB and BrightCloud URL Filtering, GlobalProtect, WildFire, US
Government standard support)",
PAN-PA-3220-USG-BND-NFR4,PALO,"PA-3220 NFR First Year Service Bundle (Threat Prevention, PANDB URL Filtering, GlobalProtect, WildFire, US Government standard
support)",
PAN-PA-3220-USG-BND-NFR4-R,PALO,"PA-3220 NFR Renewal Service Bundle (Threat Prevention, PANDB URL Filtering, GlobalProtect, WildFire, US Government standard
support)",
PAN-PA-3220-VSYS-5,PALO,Virtual systems upgrade - Additional 5 virtual systems (1 to 6) for PA-3220,
PAN-PA-3220-WF,PALO,"WildFire subscription year 1, PA-3220",
PAN-PA-3220-WF-3YR,PALO,"WildFire subscription 3-year prepaid, PA-3220",
PAN-PA-3220-WF-3YR-HA2,PALO,"WildFire subscription 3 year prepaid for device in an HA pair, PA-3220",
PAN-PA-3220-WF-3YR-HA2-R,PALO,"WildFire subscription 3 year prepaid renewal for device in an HA pair, PA-3220",
PAN-PA-3220-WF-3YR-R,PALO,"WildFire subscription 3-year prepaid renewal, PA-3220",
PAN-PA-3220-WF-5YR,PALO,"WildFire subscription 5-year prepaid, PA-3220",
PAN-PA-3220-WF-5YR-HA2,PALO,"WildFire subscription 5 year prepaid for device in an HA pair, PA-3220",
PAN-PA-3220-WF-5YR-HA2-R,PALO,"WildFire subscription 5 year prepaid renewal for device in an HA pair, PA-3220",
PAN-PA-3220-WF-5YR-R,PALO,"WildFire subscription 5-year prepaid renewal, PA-3220",
PAN-PA-3220-WF-HA2,PALO,"WildFire subscription for device in an HA pair year 1, PA-3220",
PAN-PA-3220-WF-HA2-R,PALO,"WildFire subscription for device in an HA pair renewal, PA-3220",
PAN-PA-3220-WF-R,PALO,"WildFire subscription renewal, PA-3220",
PAN-PA-3250,PALO,Palo Alto Networks PA-3250 with redundant AC power supplies,
PAN-PA-3250-BND-LAB3,PALO,"PA-3250 Lab Unit First Year Service Bundle (Threat Prevention, BrightCloud URL Filtering, GlobalProtect, WildFire, Standard Support)",
PAN-PA-3250-BND-LAB3-R,PALO,"PA-3250 Lab Unit Renewal Service Bundle (Threat Prevention, BrightCloud URL Filtering, GlobalProtect, WildFire, Standard Support)",
PAN-PA-3250-BND-LAB4,PALO,"PA-3250 Lab Unit First Year Service Bundle (Threat Prevention, PANDB URL Filtering, GlobalProtect, WildFire, Standard Support)",
PAN-PA-3250-BND-LAB4-R,PALO,"PA-3250 Lab Unit Renewal Service Bundle (Threat Prevention, PANDB URL Filtering, GlobalProtect, WildFire, Standard Support)",
PAN-PA-3250-BND-NFR3,PALO,"PA-3250 NFR First Year Service Bundle (Threat Prevention, PANDB and BrightCloud URL Filtering, GlobalProtect, WildFire, Standard
Support)",
PAN-PA-3250-BND-NFR3-R,PALO,"PA-3250 NFR Renewal Service Bundle (Threat Prevention, PANDB and BrightCloud URL Filtering, GlobalProtect, WildFire, Standard
Support)",
PAN-PA-3250-BND-NFR4,PALO,"PA-3250 NFR First Year Service Bundle (Threat Prevention, PANDB URL Filtering, GlobalProtect, WildFire, Standard Support)",
PAN-PA-3250-BND-NFR4-R,PALO,"PA-3250 NFR Renewal Service Bundle (Threat Prevention, PANDB URL Filtering, GlobalProtect, WildFire, Standard Support)",
PAN-PA-3250-GP,PALO,"GlobalProtect subscription year 1, PA-3250",
PAN-PA-3250-GP-3YR,PALO,"GlobalProtect subscription 3-year prepaid, PA-3250",
PAN-PA-3250-GP-3YR-HA2,PALO,"GlobalProtect subscription 3 year prepaid for device in an HA pair, PA-3250",
PAN-PA-3250-GP-3YR-HA2-R,PALO,"GlobalProtect subscription 3 year prepaid renewal for device in an HA pair, PA-3250",
PAN-PA-3250-GP-3YR-R,PALO,"GlobalProtect subscription 3-year prepaid renewal, PA-3250",
PAN-PA-3250-GP-5YR,PALO,"GlobalProtect subscription 5-year prepaid, PA-3250",
PAN-PA-3250-GP-5YR-HA2,PALO,"GlobalProtect subscription 5 year prepaid for device in an HA pair, PA-3250",
PAN-PA-3250-GP-5YR-HA2-R,PALO,"GlobalProtect subscription 5 year prepaid renewal for device in an HA pair, PA-3250",
PAN-PA-3250-GP-5YR-R,PALO,"GlobalProtect subscription 5-year prepaid renewal, PA-3250",
PAN-PA-3250-GP-HA2,PALO,"GlobalProtect subscription for device in an HA pair year 1, PA-3250",
PAN-PA-3250-GP-HA2-R,PALO,"GlobalProtect subscription for device in an HA pair renewal, PA-3250",
PAN-PA-3250-GP-R,PALO,"GlobalProtect subscription renewal, PA-3250",
PAN-PA-3250-LAB,PALO,Palo Alto Networks PA-3250 Lab Unit with redundant AC power supplies,
PAN-PA-3250-NFR,PALO,Palo Alto Networks PA-3250 NFR Unit with redundant AC power supplies,
PAN-PA-3250-OSS,PALO,On-Site Spare Palo Alto Networks PA-3250 with redundant AC power supplies,
PAN-PA-3250-TP,PALO,"Threat prevention subscription year 1, PA-3250",
PAN-PA-3250-TP-3YR,PALO,"Threat prevention subscription 3-year prepaid, PA-3250",
PAN-PA-3250-TP-3YR-HA2,PALO,"Threat prevention subscription 3 year prepaid for device in an HA pair, PA-3250",
PAN-PA-3250-TP-3YR-HA2-R,PALO,"Threat prevention subscription 3 year prepaid renewal for device in an HA pair, PA-3250",
PAN-PA-3250-TP-3YR-R,PALO,"Threat prevention subscription 3-year prepaid renewal, PA-3250",
PAN-PA-3250-TP-5YR,PALO,"Threat prevention subscription 5-year prepaid, PA-3250",
PAN-PA-3250-TP-5YR-HA2,PALO,"Threat prevention subscription 5 year prepaid for device in an HA pair, PA-3250",
PAN-PA-3250-TP-5YR-HA2-R,PALO,"Threat prevention subscription 5 year prepaid renewal for device in an HA pair, PA-3250",
PAN-PA-3250-TP-5YR-R,PALO,"Threat prevention subscription 5-year prepaid renewal, PA-3250",
PAN-PA-3250-TP-HA2,PALO,"Threat prevention subscription for device in an HA pair year 1, PA-3250",
PAN-PA-3250-TP-HA2-R,PALO,"Threat prevention subscription for device in an HA pair renewal, PA-3250",
PAN-PA-3250-TP-R,PALO,"Threat prevention subscription renewal, PA-3250",
PAN-PA-3250-URL2,PALO,"BrightCloud URL filtering subscription year 1, PA-3250",
PAN-PA-3250-URL2-3YR,PALO,"BrightCloud URL filtering subscription 3-year prepaid, PA-3250",
PAN-PA-3250-URL2-3YR-HA2,PALO,"BrightCloud URL filtering subscription 3 year prepaid for device in an HA pair, PA-3250",
PAN-PA-3250-URL2-3YR-HA2-R,PALO,"BrightCloud URL filtering subscription 3 year prepaid renewal for device in an HA pair, PA-3250",
PAN-PA-3250-URL2-3YR-R,PALO,"BrightCloud URL filtering subscription 3-year prepaid renewal, PA-3250",
PAN-PA-3250-URL2-HA2,PALO,"BrightCloud URL filtering subscription for device in an HA pair year 1, PA-3250",
PAN-PA-3250-URL2-HA2-R,PALO,"BrightCloud URL filtering subscription for device in an HA pair renewal, PA-3250",
PAN-PA-3250-URL2-R,PALO,"BrightCloud URL filtering subscription renewal, PA-3250",
PAN-PA-3250-URL4,PALO,"PANDB URL filtering subscription year 1, PA-3250",
PAN-PA-3250-URL4-3YR,PALO,"PANDB URL filtering subscription 3-year prepaid, PA-3250",
PAN-PA-3250-URL4-3YR-HA2,PALO,"PANDB URL filtering subscription 3 year prepaid for device in an HA pair, PA-3250",
PAN-PA-3250-URL4-3YR-HA2-R,PALO,"PANDB URL filtering subscription 3 year prepaid renewal for device in an HA pair, PA-3250",
PAN-PA-3250-URL4-3YR-R,PALO,"PANDB URL filtering subscription 3-year prepaid renewal, PA-3250",
PAN-PA-3250-URL4-5YR,PALO,"PANDB URL filtering subscription 5-year prepaid, PA-3250",
PAN-PA-3250-URL4-5YR-HA2,PALO,"PANDB URL filtering subscription 5 year prepaid for device in an HA pair, PA-3250",
PAN-PA-3250-URL4-5YR-HA2-R,PALO,"PANDB URL filtering subscription 5 year prepaid renewal for device in an HA pair, PA-3250",
PAN-PA-3250-URL4-5YR-R,PALO,"PANDB URL filtering subscription 5-year prepaid renewal, PA-3250",
PAN-PA-3250-URL4-HA2,PALO,"PANDB URL filtering subscription for device in an HA pair year 1, PA-3250",
PAN-PA-3250-URL4-HA2-R,PALO,"PANDB URL filtering subscription for device in an HA pair renewal, PA-3250",
PAN-PA-3250-URL4-R,PALO,"PANDB URL filtering subscription renewal, PA-3250",
PAN-PA-3250-USG-BND-LAB3,PALO,"PA-3250 Lab Unit First Year Service Bundle (Threat Prevention, BrightCloud URL Filtering, GlobalProtect, WildFire, US Government
standard support)",
PAN-PA-3250-USG-BND-LAB3-R,PALO,"PA-3250 Lab Unit Renewal Service Bundle (Threat Prevention, BrightCloud URL Filtering, GlobalProtect, WildFire, US Government
standard support)",
PAN-PA-3250-USG-BND-LAB4,PALO,"PA-3250 Lab Unit First Year Service Bundle (Threat Prevention, PANDB URL Filtering, GlobalProtect, WildFire, US Government standard
support)",
PAN-PA-3250-USG-BND-LAB4-R,PALO,"PA-3250 Lab Unit Renewal Service Bundle (Threat Prevention, PANDB URL Filtering, GlobalProtect, WildFire, US Government standard
support)",
PAN-PA-3250-USG-BND-NFR3,PALO,"PA-3250 NFR First Year Service Bundle (Threat Prevention, PANDB and BrightCloud URL Filtering, GlobalProtect, WildFire, US
Government standard support)",
,PALO,,
PAN-PA-3250-USG-BND-NFR3-R,PALO,"PA-3250 NFR Renewal Service Bundle (Threat Prevention, PANDB and BrightCloud URL Filtering, GlobalProtect, WildFire, US
Government standard support)",
PAN-PA-3250-USG-BND-NFR4,PALO,"PA-3250 NFR First Year Service Bundle (Threat Prevention, PANDB URL Filtering, GlobalProtect, WildFire, US Government standard
support)",
PAN-PA-3250-USG-BND-NFR4-R,PALO,"PA-3250 NFR Renewal Service Bundle (Threat Prevention, PANDB URL Filtering, GlobalProtect, WildFire, US Government standard
support)",
PAN-PA-3250-VSYS-5,PALO,Virtual systems upgrade - Additional 5 virtual systems (1 to 6) for PA-3250,
PAN-PA-3250-WF,PALO,"WildFire subscription year 1, PA-3250",
PAN-PA-3250-WF-3YR,PALO,"WildFire subscription 3-year prepaid, PA-3250",
PAN-PA-3250-WF-3YR-HA2,PALO,"WildFire subscription 3 year prepaid for device in an HA pair, PA-3250",
PAN-PA-3250-WF-3YR-HA2-R,PALO,"WildFire subscription 3 year prepaid renewal for device in an HA pair, PA-3250",
PAN-PA-3250-WF-3YR-R,PALO,"WildFire subscription 3-year prepaid renewal, PA-3250",
PAN-PA-3250-WF-5YR,PALO,"WildFire subscription 5-year prepaid, PA-3250",
PAN-PA-3250-WF-5YR-HA2,PALO,"WildFire subscription 5 year prepaid for device in an HA pair, PA-3250",
PAN-PA-3250-WF-5YR-HA2-R,PALO,"WildFire subscription 5 year prepaid renewal for device in an HA pair, PA-3250",
PAN-PA-3250-WF-5YR-R,PALO,"WildFire subscription 5-year prepaid renewal, PA-3250",
PAN-PA-3250-WF-HA2,PALO,"WildFire subscription for device in an HA pair year 1, PA-3250",
PAN-PA-3250-WF-HA2-R,PALO,"WildFire subscription for device in an HA pair renewal, PA-3250",
PAN-PA-3250-WF-R,PALO,"WildFire subscription renewal, PA-3250",
PAN-PA-3260,PALO,Palo Alto Networks PA-3260 with redundant AC power supplies,
PAN-PA-3260-BND-LAB3,PALO,"PA-3260 Lab Unit First Year Service Bundle (Threat Prevention, BrightCloud URL Filtering, GlobalProtect, WildFire, Standard Support)",
PAN-PA-3260-BND-LAB3-R,PALO,"PA-3260 Lab Unit Renewal Service Bundle (Threat Prevention, BrightCloud URL Filtering, GlobalProtect, WildFire, Standard Support)",
PAN-PA-3260-BND-LAB4,PALO,"PA-3260 Lab Unit First Year Service Bundle (Threat Prevention, PANDB URL Filtering, GlobalProtect, WildFire, Standard Support)",
PAN-PA-3260-BND-LAB4-R,PALO,"PA-3260 Lab Unit Renewal Service Bundle (Threat Prevention, PANDB URL Filtering, GlobalProtect, WildFire, Standard Support)",
PAN-PA-3260-BND-NFR3,PALO,"PA-3260 NFR First Year Service Bundle (Threat Prevention, PANDB and BrightCloud URL Filtering, GlobalProtect, WildFire, Standard
Support)",
PAN-PA-3260-BND-NFR3-R,PALO,"PA-3260 NFR Renewal Service Bundle (Threat Prevention, PANDB and BrightCloud URL Filtering, GlobalProtect, WildFire, Standard
Support)",
PAN-PA-3260-BND-NFR4,PALO,"PA-3260 NFR First Year Service Bundle (Threat Prevention, PANDB URL Filtering, GlobalProtect, WildFire, Standard Support)",
PAN-PA-3260-BND-NFR4-R,PALO,"PA-3260 NFR Renewal Service Bundle (Threat Prevention, PANDB URL Filtering, GlobalProtect, WildFire, Standard Support)",
PAN-PA-3260-GP,PALO,"GlobalProtect subscription year 1, PA-3260",
PAN-PA-3260-GP-3YR,PALO,"GlobalProtect subscription 3-year prepaid, PA-3260",
PAN-PA-3260-GP-3YR-HA2,PALO,"GlobalProtect subscription 3 year prepaid for device in an HA pair, PA-3260",
PAN-PA-3260-GP-3YR-HA2-R,PALO,"GlobalProtect subscription 3 year prepaid renewal for device in an HA pair, PA-3260",
PAN-PA-3260-GP-3YR-R,PALO,"GlobalProtect subscription 3-year prepaid renewal, PA-3260",
PAN-PA-3260-GP-5YR,PALO,"GlobalProtect subscription 5-year prepaid, PA-3260",
PAN-PA-3260-GP-5YR-HA2,PALO,"GlobalProtect subscription 5 year prepaid for device in an HA pair, PA-3260",
PAN-PA-3260-GP-5YR-HA2-R,PALO,"GlobalProtect subscription 5 year prepaid renewal for device in an HA pair, PA-3260",
PAN-PA-3260-GP-5YR-R,PALO,"GlobalProtect subscription 5-year prepaid renewal, PA-3260",
PAN-PA-3260-GP-HA2,PALO,"GlobalProtect subscription for device in an HA pair year 1, PA-3260",
PAN-PA-3260-GP-HA2-R,PALO,"GlobalProtect subscription for device in an HA pair renewal, PA-3260",
PAN-PA-3260-GP-R,PALO,"GlobalProtect subscription renewal, PA-3260",
PAN-PA-3260-LAB,PALO,Palo Alto Networks PA-3260 Lab Unit with redundant AC power supplies,
PAN-PA-3260-NFR,PALO,Palo Alto Networks PA-3260 NFR Unit with redundant AC power supplies,
PAN-PA-3260-OSS,PALO,On-Site Spare Palo Alto Networks PA-3260 with redundant AC power supplies,
PAN-PA-3260-TP,PALO,"Threat prevention subscription year 1, PA-3260",
PAN-PA-3260-TP-3YR,PALO,"Threat prevention subscription 3-year prepaid, PA-3260",
PAN-PA-3260-TP-3YR-HA2,PALO,"Threat prevention subscription 3 year prepaid for device in an HA pair, PA-3260",
PAN-PA-3260-TP-3YR-HA2-R,PALO,"Threat prevention subscription 3 year prepaid renewal for device in an HA pair, PA-3260",
PAN-PA-3260-TP-3YR-R,PALO,"Threat prevention subscription 3-year prepaid renewal, PA-3260",
PAN-PA-3260-TP-5YR,PALO,"Threat prevention subscription 5-year prepaid, PA-3260",
PAN-PA-3260-TP-5YR-HA2,PALO,"Threat prevention subscription 5 year prepaid for device in an HA pair, PA-3260",
PAN-PA-3260-TP-5YR-HA2-R,PALO,"Threat prevention subscription 5 year prepaid renewal for device in an HA pair, PA-3260",
PAN-PA-3260-TP-5YR-R,PALO,"Threat prevention subscription 5-year prepaid renewal, PA-3260",
PAN-PA-3260-TP-HA2,PALO,"Threat prevention subscription for device in an HA pair year 1, PA-3260",
PAN-PA-3260-TP-HA2-R,PALO,"Threat prevention subscription for device in an HA pair renewal, PA-3260",
PAN-PA-3260-TP-R,PALO,"Threat prevention subscription renewal, PA-3260",
PAN-PA-3260-URL2,PALO,"BrightCloud URL filtering subscription year 1, PA-3260",
PAN-PA-3260-URL2-3YR,PALO,"BrightCloud URL filtering subscription 3-year prepaid, PA-3260",
PAN-PA-3260-URL2-3YR-HA2,PALO,"BrightCloud URL filtering subscription 3 year prepaid for device in an HA pair, PA-3260",
PAN-PA-3260-URL2-3YR-HA2-R,PALO,"BrightCloud URL filtering subscription 3 year prepaid renewal for device in an HA pair, PA-3260",
PAN-PA-3260-URL2-3YR-R,PALO,"BrightCloud URL filtering subscription 3-year prepaid renewal, PA-3260",
PAN-PA-3260-URL2-HA2,PALO,"BrightCloud URL filtering subscription for device in an HA pair year 1, PA-3260",
PAN-PA-3260-URL2-HA2-R,PALO,"BrightCloud URL filtering subscription for device in an HA pair renewal, PA-3260",
PAN-PA-3260-URL2-R,PALO,"BrightCloud URL filtering subscription renewal, PA-3260",
PAN-PA-3260-URL4,PALO,"PANDB URL filtering subscription year 1, PA-3260",
PAN-PA-3260-URL4-3YR,PALO,"PANDB URL filtering subscription 3-year prepaid, PA-3260",
PAN-PA-3260-URL4-3YR-HA2,PALO,"PANDB URL filtering subscription 3 year prepaid for device in an HA pair, PA-3260",
PAN-PA-3260-URL4-3YR-HA2-R,PALO,"PANDB URL filtering subscription 3 year prepaid renewal for device in an HA pair, PA-3260",
PAN-PA-3260-URL4-3YR-R,PALO,"PANDB URL filtering subscription 3-year prepaid renewal, PA-3260",
PAN-PA-3260-URL4-5YR,PALO,"PANDB URL filtering subscription 5-year prepaid, PA-3260",
PAN-PA-3260-URL4-5YR-HA2,PALO,"PANDB URL filtering subscription 5 year prepaid for device in an HA pair, PA-3260",
PAN-PA-3260-URL4-5YR-HA2-R,PALO,"PANDB URL filtering subscription 5 year prepaid renewal for device in an HA pair, PA-3260",
PAN-PA-3260-URL4-5YR-R,PALO,"PANDB URL filtering subscription 5-year prepaid renewal, PA-3260",
PAN-PA-3260-URL4-HA2,PALO,"PANDB URL filtering subscription for device in an HA pair year 1, PA-3260",
PAN-PA-3260-URL4-HA2-R,PALO,"PANDB URL filtering subscription for device in an HA pair renewal, PA-3260",
PAN-PA-3260-URL4-R,PALO,"PANDB URL filtering subscription renewal, PA-3260",
PAN-PA-3260-USG-BND-LAB3,PALO,"PA-3260 Lab Unit First Year Service Bundle (Threat Prevention, BrightCloud URL Filtering, GlobalProtect, WildFire, US Government
standard support)",
PAN-PA-3260-USG-BND-LAB3-R,PALO,"PA-3260 Lab Unit Renewal Service Bundle (Threat Prevention, BrightCloud URL Filtering, GlobalProtect, WildFire, US Government
standard support)",
PAN-PA-3260-USG-BND-LAB4,PALO,"PA-3260 Lab Unit First Year Service Bundle (Threat Prevention, PANDB URL Filtering, GlobalProtect, WildFire, US Government standard
support)",
PAN-PA-3260-USG-BND-LAB4-R,PALO,"PA-3260 Lab Unit Renewal Service Bundle (Threat Prevention, PANDB URL Filtering, GlobalProtect, WildFire, US Government standard
support)",
PAN-PA-3260-USG-BND-NFR3,PALO,"PA-3260 NFR First Year Service Bundle (Threat Prevention, PANDB and BrightCloud URL Filtering, GlobalProtect, WildFire, US
Government standard support)",
PAN-PA-3260-USG-BND-NFR3-R,PALO,"PA-3260 NFR Renewal Service Bundle (Threat Prevention, PANDB and BrightCloud URL Filtering, GlobalProtect, WildFire, US
Government standard support)",
,PALO,,
PAN-PA-3260-USG-BND-NFR4,PALO,"PA-3260 NFR First Year Service Bundle (Threat Prevention, PANDB URL Filtering, GlobalProtect, WildFire, US Government standard
support)",
PAN-PA-3260-USG-BND-NFR4-R,PALO,"PA-3260 NFR Renewal Service Bundle (Threat Prevention, PANDB URL Filtering, GlobalProtect, WildFire, US Government standard
support)",
PAN-PA-3260-VSYS-5,PALO,Virtual systems upgrade - Additional 5 virtual systems (1 to 6) for PA-3260,
PAN-PA-3260-WF,PALO,"WildFire subscription year 1, PA-3260",
PAN-PA-3260-WF-3YR,PALO,"WildFire subscription 3-year prepaid, PA-3260",
PAN-PA-3260-WF-3YR-HA2,PALO,"WildFire subscription 3 year prepaid for device in an HA pair, PA-3260",
PAN-PA-3260-WF-3YR-HA2-R,PALO,"WildFire subscription 3 year prepaid renewal for device in an HA pair, PA-3260",
PAN-PA-3260-WF-3YR-R,PALO,"WildFire subscription 3-year prepaid renewal, PA-3260",
PAN-PA-3260-WF-5YR,PALO,"WildFire subscription 5-year prepaid, PA-3260",
PAN-PA-3260-WF-5YR-HA2,PALO,"WildFire subscription 5 year prepaid for device in an HA pair, PA-3260",
PAN-PA-3260-WF-5YR-HA2-R,PALO,"WildFire subscription 5 year prepaid renewal for device in an HA pair, PA-3260",
PAN-PA-3260-WF-5YR-R,PALO,"WildFire subscription 5-year prepaid renewal, PA-3260",
PAN-PA-3260-WF-HA2,PALO,"WildFire subscription for device in an HA pair year 1, PA-3260",
PAN-PA-3260-WF-HA2-R,PALO,"WildFire subscription for device in an HA pair renewal, PA-3260",
PAN-PA-3260-WF-R,PALO,"WildFire subscription renewal, PA-3260",
PAN-PA-5280-AC,PALO,Palo Alto Networks PA-5280 with redundant AC power supplies,
PAN-PA-5280-AC-LAB,PALO,Palo Alto Networks PA-5280 Lab Unit with redundant AC power supplies,
PAN-PA-5280-AC-NFR,PALO,Palo Alto Networks PA-5280 NFR Unit with redundant AC power supplies,
PAN-PA-5280-AC-OSS,PALO,On-Site Spare Palo Alto Networks PA-5280 with redundant AC power supplies,
PAN-PA-5280-BND-LAB3,PALO,"PA-5280 Lab Unit First Year Service Bundle (Threat Prevention, BrightCloud URL Filtering, GlobalProtect, WildFire, Standard Support)",
PAN-PA-5280-BND-LAB3-R,PALO,"PA-5280 Lab Unit Renewal Service Bundle (Threat Prevention, BrightCloud URL Filtering, GlobalProtect, WildFire, Standard Support)",
PAN-PA-5280-BND-LAB4,PALO,"PA-5280 Lab Unit First Year Service Bundle (Threat Prevention, PANDB URL Filtering, GlobalProtect, WildFire, Standard Support)",
PAN-PA-5280-BND-LAB4-R,PALO,"PA-5280 Lab Unit Renewal Service Bundle (Threat Prevention, PANDB URL Filtering, GlobalProtect, WildFire, Standard Support)",
PAN-PA-5280-BND-NFR3,PALO,"PA-5280 NFR First Year Service Bundle (Threat Prevention, PANDB and BrightCloud URL Filtering, GlobalProtect, WildFire, Standard
Support)",
PAN-PA-5280-BND-NFR3-R,PALO,"PA-5280 NFR Renewal Service Bundle (Threat Prevention, PANDB and BrightCloud URL Filtering, GlobalProtect, WildFire, Standard
Support)",
PAN-PA-5280-BND-NFR4,PALO,"PA-5280 NFR First Year Service Bundle (Threat Prevention, PANDB URL Filtering, GlobalProtect, WildFire, Standard Support)",
PAN-PA-5280-BND-NFR4-R,PALO,"PA-5280 NFR Renewal Service Bundle (Threat Prevention, PANDB URL Filtering, GlobalProtect, WildFire, Standard Support)",
PAN-PA-5280-DC,PALO,Palo Alto Networks PA-5280 with redundant DC power supplies,
PAN-PA-5280-DC-LAB,PALO,Palo Alto Networks PA-5280 Lab Unit with redundant DC power supplies,
PAN-PA-5280-DC-NFR,PALO,Palo Alto Networks PA-5280 NFR Unit with redundant DC power supplies,
PAN-PA-5280-DC-OSS,PALO,Palo Alto Networks PA-5280 with redundant DC power supplies,
PAN-PA-5280-GP,PALO,"GlobalProtect subscription year 1, PA-5280",
PAN-PA-5280-GP-3YR,PALO,"GlobalProtect subscription 3-year prepaid, PA-5280",
PAN-PA-5280-GP-3YR-HA2,PALO,"GlobalProtect subscription 3 year prepaid for device in an HA pair, PA-5280",
PAN-PA-5280-GP-3YR-HA2-R,PALO,"GlobalProtect subscription 3 year prepaid renewal for device in an HA pair, PA-5280",
PAN-PA-5280-GP-3YR-R,PALO,"GlobalProtect subscription 3-year prepaid renewal, PA-5280",
PAN-PA-5280-GP-5YR,PALO,"GlobalProtect subscription 5-year prepaid, PA-5280",
PAN-PA-5280-GP-5YR-HA2,PALO,"GlobalProtect subscription 5 year prepaid for device in an HA pair, PA-5280",
PAN-PA-5280-GP-5YR-HA2-R,PALO,"GlobalProtect subscription 5 year prepaid renewal for device in an HA pair, PA-5280",
PAN-PA-5280-GP-5YR-R,PALO,"GlobalProtect subscription 5-year prepaid renewal, PA-5280",
PAN-PA-5280-GP-HA2,PALO,"GlobalProtect subscription for device in an HA pair year 1, PA-5280",
PAN-PA-5280-GP-HA2-R,PALO,"GlobalProtect subscription for device in an HA pair renewal, PA-5280",
PAN-PA-5280-GP-R,PALO,"GlobalProtect subscription renewal, PA-5280",
PAN-PA-5280-TP,PALO,"Threat prevention subscription year 1, PA-5280",
PAN-PA-5280-TP-3YR,PALO,"Threat prevention subscription 3-year prepaid, PA-5280",
PAN-PA-5280-TP-3YR-HA2,PALO,"Threat prevention subscription 3 year prepaid for device in an HA pair, PA-5280",
PAN-PA-5280-TP-3YR-HA2-R,PALO,"Threat prevention subscription 3 year prepaid renewal for device in an HA pair, PA-5280",
PAN-PA-5280-TP-3YR-R,PALO,"Threat prevention subscription 3-year prepaid renewal, PA-5280",
PAN-PA-5280-TP-5YR,PALO,"Threat prevention subscription 5-year prepaid, PA-5280",
PAN-PA-5280-TP-5YR-HA2,PALO,"Threat prevention subscription 5 year prepaid for device in an HA pair, PA-5280",
PAN-PA-5280-TP-5YR-HA2-R,PALO,"Threat prevention subscription 5 year prepaid renewal for device in an HA pair, PA-5280",
PAN-PA-5280-TP-5YR-R,PALO,"Threat prevention subscription 5-year prepaid renewal, PA-5280",
PAN-PA-5280-TP-HA2,PALO,"Threat prevention subscription for device in an HA pair year 1, PA-5280",
PAN-PA-5280-TP-HA2-R,PALO,"Threat prevention subscription for device in an HA pair renewal, PA-5280",
PAN-PA-5280-TP-R,PALO,"Threat prevention subscription renewal, PA-5280",
PAN-PA-5280-URL2,PALO,"BrightCloud URL filtering subscription year 1, PA-5280",
PAN-PA-5280-URL2-3YR,PALO,"BrightCloud URL filtering subscription 3-year prepaid, PA-5280",
PAN-PA-5280-URL2-3YR-HA2,PALO,"BrightCloud URL filtering subscription 3 year prepaid for device in an HA pair, PA-5280",
PAN-PA-5280-URL2-3YR-HA2-R,PALO,"BrightCloud URL filtering subscription 3 year prepaid renewal for device in an HA pair, PA-5280",
PAN-PA-5280-URL2-3YR-R,PALO,"BrightCloud URL filtering subscription 3-year prepaid renewal, PA-5280",
PAN-PA-5280-URL2-HA2,PALO,"BrightCloud URL filtering subscription for device in an HA pair year 1, PA-5280",
PAN-PA-5280-URL2-HA2-R,PALO,"BrightCloud URL filtering subscription for device in an HA pair renewal, PA-5280",
PAN-PA-5280-URL2-R,PALO,"BrightCloud URL filtering subscription renewal, PA-5280",
PAN-PA-5280-URL4,PALO,"PANDB URL filtering subscription year 1, PA-5280",
PAN-PA-5280-URL4-3YR,PALO,"PANDB URL filtering subscription 3-year prepaid, PA-5280",
PAN-PA-5280-URL4-3YR-HA2,PALO,"PANDB URL filtering subscription 3 year prepaid for device in an HA pair, PA-5280",
PAN-PA-5280-URL4-3YR-HA2-R,PALO,"PANDB URL filtering subscription 3 year prepaid renewal for device in an HA pair, PA-5280",
PAN-PA-5280-URL4-3YR-R,PALO,"PANDB URL filtering subscription 3-year prepaid renewal, PA-5280",
PAN-PA-5280-URL4-5YR,PALO,"PANDB URL filtering subscription 5-year prepaid, PA-5280",
PAN-PA-5280-URL4-5YR-HA2,PALO,"PANDB URL filtering subscription 5 year prepaid for device in an HA pair, PA-5280",
PAN-PA-5280-URL4-5YR-HA2-R,PALO,"PANDB URL filtering subscription 5 year prepaid renewal for device in an HA pair, PA-5280",
PAN-PA-5280-URL4-5YR-R,PALO,"PANDB URL filtering subscription 5-year prepaid renewal, PA-5280",
PAN-PA-5280-URL4-HA2,PALO,"PANDB URL filtering subscription for device in an HA pair year 1, PA-5280",
PAN-PA-5280-URL4-HA2-R,PALO,"PANDB URL filtering subscription for device in an HA pair renewal, PA-5280",
PAN-PA-5280-URL4-R,PALO,"PANDB URL filtering subscription renewal, PA-5280",
PAN-PA-5280-USG-BND-LAB3,PALO,"PA-5280 Lab Unit First Year Service Bundle (Threat Prevention, BrightCloud URL Filtering, GlobalProtect, WildFire, US Government
standard support)",
PAN-PA-5280-USG-BND-LAB3-R,PALO,"PA-5280 Lab Unit Renewal Service Bundle (Threat Prevention, BrightCloud URL Filtering, GlobalProtect, WildFire, US Government
standard support)",
PAN-PA-5280-USG-BND-LAB4,PALO,"PA-5280 Lab Unit First Year Service Bundle (Threat Prevention, PANDB URL Filtering, GlobalProtect, WildFire, US Government standard
support)",
PAN-PA-5280-USG-BND-LAB4-R,PALO,"PA-5280 Lab Unit Renewal Service Bundle (Threat Prevention, PANDB URL Filtering, GlobalProtect, WildFire, US Government standard
support)",
PAN-PA-5280-USG-BND-NFR3,PALO,"PA-5280 NFR First Year Service Bundle (Threat Prevention, PANDB and BrightCloud URL Filtering, GlobalProtect, WildFire, US
Government standard support)",
,PALO,,
PAN-PA-5280-USG-BND-NFR3-R,PALO,"PA-5280 NFR Renewal Service Bundle (Threat Prevention, PANDB and BrightCloud URL Filtering, GlobalProtect, WildFire, US
Government standard support)",
PAN-PA-5280-USG-BND-NFR4,PALO,"PA-5280 NFR First Year Service Bundle (Threat Prevention, PANDB URL Filtering, GlobalProtect, WildFire, US Government standard
support)",
PAN-PA-5280-USG-BND-NFR4-R,PALO,"PA-5280 NFR Renewal Service Bundle (Threat Prevention, PANDB URL Filtering, GlobalProtect, WildFire, US Government standard
support)",
PAN-PA-5280-VSYS-100,PALO,Virtual systems upgrade - Additional 100 virtual systems for PA-5280 (max 225 per device),
PAN-PA-5280-VSYS-200,PALO,Virtual systems upgrade - Additional 200 virtual systems for PA-5280 (max 225 per device),
PAN-PA-5280-VSYS-50,PALO,Virtual systems upgrade - Additional 50 virtual systems for PA-5280 (max 225 per device),
PAN-PA-5280-WF,PALO,"WildFire subscription year 1, PA-5280",
PAN-PA-5280-WF-3YR,PALO,"WildFire subscription 3-year prepaid, PA-5280",
PAN-PA-5280-WF-3YR-HA2,PALO,"WildFire subscription 3 year prepaid for device in an HA pair, PA-5280",
PAN-PA-5280-WF-3YR-HA2-R,PALO,"WildFire subscription 3 year prepaid renewal for device in an HA pair, PA-5280",
PAN-PA-5280-WF-3YR-R,PALO,"WildFire subscription 3-year prepaid renewal, PA-5280",
PAN-PA-5280-WF-5YR,PALO,"WildFire subscription 5-year prepaid, PA-5280",
PAN-PA-5280-WF-5YR-HA2,PALO,"WildFire subscription 5 year prepaid for device in an HA pair, PA-5280",
PAN-PA-5280-WF-5YR-HA2-R,PALO,"WildFire subscription 5 year prepaid renewal for device in an HA pair, PA-5280",
PAN-PA-5280-WF-5YR-R,PALO,"WildFire subscription 5-year prepaid renewal, PA-5280",
PAN-PA-5280-WF-HA2,PALO,"WildFire subscription for device in an HA pair year 1, PA-5280",
PAN-PA-5280-WF-HA2-R,PALO,"WildFire subscription for device in an HA pair renewal, PA-5280",
PAN-PA-5280-WF-R,PALO,"WildFire subscription renewal, PA-5280",
PAN-PA-ACT-220R,PALO,"Secondary Market Activation, PA-220R",
PAN-PA-ACT-3220,PALO,"Secondary Market Activation, PA-3220",
PAN-PA-ACT-3250,PALO,"Secondary Market Activation, PA-3250",
PAN-PA-ACT-3260,PALO,"Secondary Market Activation, PA-3260",
PAN-PA-ACT-5280,PALO,"Secondary Market Activation, PA-5280",
PAN-PA-ACT-M-200,PALO,"Secondary Market Activation, M-200",
PAN-PA-ACT-M-600,PALO,"Secondary Market Activation, M-600",
PAN-PWR-650W-AC,PALO,650W AC power supply for PA-3200 Series,
PAN-PWR-650W-DC,PALO,650W DC power supply for PA-3200 Series,
PAN-PWR-750W-AC,PALO,M-200 and M-600 750 Watt AC power supply,
PAN-SVC-4HR-220R,PALO,"4-Hour Premium support year 1, PA-220R",
PAN-SVC-4HR-220R-3YR,PALO,"4-Hour Premium support 3-year prepaid, PA-220R",
PAN-SVC-4HR-220R-3YR-R,PALO,"4-Hour Premium support 3-year prepaid renewal, PA-220R",
PAN-SVC-4HR-220R-5YR,PALO,"4-Hour Premium support 5 year prepaid, PA-220R",
PAN-SVC-4HR-220R-5YR-R,PALO,"4-Hour Premium support 5 year prepaid renewal, PA-220R",
PAN-SVC-4HR-220R-R,PALO,"4-Hour Premium support renewal, PA-220R",
PAN-SVC-4HR-3220,PALO,"4-Hour Premium support year 1, PA-3220",
PAN-SVC-4HR-3220-3YR,PALO,"4-Hour Premium support 3-year prepaid, PA-3220",
PAN-SVC-4HR-3220-3YR-R,PALO,"4-Hour Premium support 3-year prepaid renewal, PA-3220",
PAN-SVC-4HR-3220-5YR,PALO,"4-Hour Premium support 5 year prepaid, PA-3220",
PAN-SVC-4HR-3220-5YR-R,PALO,"4-Hour Premium support 5 year prepaid renewal, PA-3220",
PAN-SVC-4HR-3220-R,PALO,"4-Hour Premium support renewal, PA-3220",
PAN-SVC-4HR-3250,PALO,"4-Hour Premium support year 1, PA-3250",
PAN-SVC-4HR-3250-3YR,PALO,"4-Hour Premium support 3-year prepaid, PA-3250",
PAN-SVC-4HR-3250-3YR-R,PALO,"4-Hour Premium support 3-year prepaid renewal, PA-3250",
PAN-SVC-4HR-3250-5YR,PALO,"4-Hour Premium support 5 year prepaid, PA-3250",
PAN-SVC-4HR-3250-5YR-R,PALO,"4-Hour Premium support 5 year prepaid renewal, PA-3250",
PAN-SVC-4HR-3250-R,PALO,"4-Hour Premium support renewal, PA-3250",
PAN-SVC-4HR-3260,PALO,"4-Hour Premium support year 1, PA-3260",
PAN-SVC-4HR-3260-3YR,PALO,"4-Hour Premium support 3-year prepaid, PA-3260",
PAN-SVC-4HR-3260-3YR-R,PALO,"4-Hour Premium support 3-year prepaid renewal, PA-3260",
PAN-SVC-4HR-3260-5YR,PALO,"4-Hour Premium support 5 year prepaid, PA-3260",
PAN-SVC-4HR-3260-5YR-R,PALO,"4-Hour Premium support 5 year prepaid renewal, PA-3260",
PAN-SVC-4HR-3260-R,PALO,"4-Hour Premium support renewal, PA-3260",
PAN-SVC-4HR-5280,PALO,"4-Hour Premium support year 1, PA-5280",
PAN-SVC-4HR-5280-3YR,PALO,"4-Hour Premium support 3-year prepaid, PA-5280",
PAN-SVC-4HR-5280-3YR-R,PALO,"4-Hour Premium support 3-year prepaid renewal, PA-5280",
PAN-SVC-4HR-5280-5YR,PALO,"4-Hour Premium support 5 year prepaid, PA-5280",
PAN-SVC-4HR-5280-5YR-R,PALO,"4-Hour Premium support 5 year prepaid renewal, PA-5280",
PAN-SVC-4HR-5280-R,PALO,"4-Hour Premium support renewal, PA-5280",
PAN-SVC-4HRUSG-220R,PALO,"For US Government accounts only. 4-Hour Premium support year 1, PA-220R",
PAN-SVC-4HRUSG-220R-3YR,PALO,"For US Government accounts only. 4-Hour Premium support 3-year prepaid, PA-220R",
PAN-SVC-4HRUSG-220R-3YR-R,PALO,"For US Government accounts only. 4-Hour Premium support 3-year prepaid renewal, PA-220R",
PAN-SVC-4HRUSG-220R-5YR,PALO,"For US Government accounts only. 4-Hour Premium support 5 year prepaid, PA-220R",
PAN-SVC-4HRUSG-220R-5YR-R,PALO,"For US Government accounts only. 4-Hour Premium support 5 year prepaid renewal, PA-220R",
PAN-SVC-4HRUSG-220R-R,PALO,"For US Government accounts only. 4-Hour Premium support renewal, PA-220R",
PAN-SVC-4HRUSG-3220,PALO,"For US Government accounts only. 4-Hour Premium support year 1, PA-3220",
PAN-SVC-4HRUSG-3220-3YR,PALO,"For US Government accounts only. 4-Hour Premium support 3-year prepaid, PA-3220",
PAN-SVC-4HRUSG-3220-3YR-R,PALO,"For US Government accounts only. 4-Hour Premium support 3-year prepaid renewal, PA-3220",
PAN-SVC-4HRUSG-3220-5YR,PALO,"For US Government accounts only. 4-Hour Premium support 5 year prepaid, PA-3220",
PAN-SVC-4HRUSG-3220-5YR-R,PALO,"For US Government accounts only. 4-Hour Premium support 5 year prepaid renewal, PA-3220",
PAN-SVC-4HRUSG-3220-R,PALO,"For US Government accounts only. 4-Hour Premium support renewal, PA-3220",
PAN-SVC-4HRUSG-3250,PALO,"For US Government accounts only. 4-Hour Premium support year 1, PA-3250",
PAN-SVC-4HRUSG-3250-3YR,PALO,"For US Government accounts only. 4-Hour Premium support 3-year prepaid, PA-3250",
PAN-SVC-4HRUSG-3250-3YR-R,PALO,"For US Government accounts only. 4-Hour Premium support 3-year prepaid renewal, PA-3250",
PAN-SVC-4HRUSG-3250-5YR,PALO,"For US Government accounts only. 4-Hour Premium support 5 year prepaid, PA-3250",
PAN-SVC-4HRUSG-3250-5YR-R,PALO,"For US Government accounts only. 4-Hour Premium support 5 year prepaid renewal, PA-3250",
PAN-SVC-4HRUSG-3250-R,PALO,"For US Government accounts only. 4-Hour Premium support renewal, PA-3250",
PAN-SVC-4HRUSG-3260,PALO,"For US Government accounts only. 4-Hour Premium support year 1, PA-3260",
PAN-SVC-4HRUSG-3260-3YR,PALO,"For US Government accounts only. 4-Hour Premium support 3-year prepaid, PA-3260",
PAN-SVC-4HRUSG-3260-3YR-R,PALO,"For US Government accounts only. 4-Hour Premium support 3-year prepaid renewal, PA-3260",
PAN-SVC-4HRUSG-3260-5YR,PALO,"For US Government accounts only. 4-Hour Premium support 5 year prepaid, PA-3260",
PAN-SVC-4HRUSG-3260-5YR-R,PALO,"For US Government accounts only. 4-Hour Premium support 5 year prepaid renewal, PA-3260",
PAN-SVC-4HRUSG-3260-R,PALO,"For US Government accounts only. 4-Hour Premium support renewal, PA-3260",
PAN-SVC-4HRUSG-5280,PALO,"For US Government accounts only. 4-Hour Premium support year 1, PA-5280",
PAN-SVC-4HRUSG-5280-3YR,PALO,"For US Government accounts only. 4-Hour Premium support 3-year prepaid, PA-5280",
PAN-SVC-4HRUSG-5280-3YR-R,PALO,"For US Government accounts only. 4-Hour Premium support 3-year prepaid renewal, PA-5280",
PAN-SVC-4HRUSG-5280-5YR,PALO,"For US Government accounts only. 4-Hour Premium support 5 year prepaid, PA-5280",
PAN-SVC-4HRUSG-5280-5YR-R,PALO,"For US Government accounts only. 4-Hour Premium support 5 year prepaid renewal, PA-5280",
PAN-SVC-4HRUSG-5280-R,PALO,"For US Government accounts only. 4-Hour Premium support renewal, PA-5280",
PAN-SVC-B4HR-220R,PALO,"Partner enabled 4-Hour Premium support year 1, PA-220R",
PAN-SVC-B4HR-220R-3YR,PALO,"Partner enabled 4-Hour Premium support 3-year prepaid, PA-220R",
PAN-SVC-B4HR-220R-3YR-R,PALO,"Partner enabled 4-Hour Premium support 3-year prepaid renewal, PA-220R",
PAN-SVC-B4HR-220R-5YR,PALO,"Partner enabled 4-Hour Premium support 5 year prepaid, PA-220R",
PAN-SVC-B4HR-220R-5YR-R,PALO,"Partner enabled 4-Hour Premium support 5 year prepaid renewal, PA-220R",
,PALO,,
PAN-SVC-B4HR-220R-R,PALO,"Partner enabled 4-Hour Premium support renewal, PA-220R",
PAN-SVC-B4HR-3220,PALO,"Partner enabled 4-Hour Premium support year 1, PA-3220",
PAN-SVC-B4HR-3220-3YR,PALO,"Partner enabled 4-Hour Premium support 3-year prepaid, PA-3220",
PAN-SVC-B4HR-3220-3YR-R,PALO,"Partner enabled 4-Hour Premium support 3-year prepaid renewal, PA-3220",
PAN-SVC-B4HR-3220-5YR,PALO,"Partner enabled 4-Hour Premium support 5 year prepaid, PA-3220",
PAN-SVC-B4HR-3220-5YR-R,PALO,"Partner enabled 4-Hour Premium support 5 year prepaid renewal, PA-3220",
PAN-SVC-B4HR-3220-R,PALO,"Partner enabled 4-Hour Premium support renewal, PA-3220",
PAN-SVC-B4HR-3250,PALO,"Partner enabled 4-Hour Premium support year 1, PA-3250",
PAN-SVC-B4HR-3250-3YR,PALO,"Partner enabled 4-Hour Premium support 3-year prepaid, PA-3250",
PAN-SVC-B4HR-3250-3YR-R,PALO,"Partner enabled 4-Hour Premium support 3-year prepaid renewal, PA-3250",
PAN-SVC-B4HR-3250-5YR,PALO,"Partner enabled 4-Hour Premium support 5 year prepaid, PA-3250",
PAN-SVC-B4HR-3250-5YR-R,PALO,"Partner enabled 4-Hour Premium support 5 year prepaid renewal, PA-3250",
PAN-SVC-B4HR-3250-R,PALO,"Partner enabled 4-Hour Premium support renewal, PA-3250",
PAN-SVC-B4HR-3260,PALO,"Partner enabled 4-Hour Premium support year 1, PA-3260",
PAN-SVC-B4HR-3260-3YR,PALO,"Partner enabled 4-Hour Premium support 3-year prepaid, PA-3260",
PAN-SVC-B4HR-3260-3YR-R,PALO,"Partner enabled 4-Hour Premium support 3-year prepaid renewal, PA-3260",
PAN-SVC-B4HR-3260-5YR,PALO,"Partner enabled 4-Hour Premium support 5 year prepaid, PA-3260",
PAN-SVC-B4HR-3260-5YR-R,PALO,"Partner enabled 4-Hour Premium support 5 year prepaid renewal, PA-3260",
PAN-SVC-B4HR-3260-R,PALO,"Partner enabled 4-Hour Premium support renewal, PA-3260",
PAN-SVC-B4HR-5280,PALO,"Partner enabled 4-Hour Premium support year 1, PA-5280",
PAN-SVC-B4HR-5280-3YR,PALO,"Partner enabled 4-Hour Premium support 3-year prepaid, PA-5280",
PAN-SVC-B4HR-5280-3YR-R,PALO,"Partner enabled 4-Hour Premium support 3-year prepaid renewal, PA-5280",
PAN-SVC-B4HR-5280-5YR,PALO,"Partner enabled 4-Hour Premium support 5 year prepaid, PA-5280",
PAN-SVC-B4HR-5280-5YR-R,PALO,"Partner enabled 4-Hour Premium support 5 year prepaid renewal, PA-5280",
PAN-SVC-B4HR-5280-R,PALO,"Partner enabled 4-Hour Premium support renewal, PA-5280",
PAN-SVC-B4HRUSG-220R,PALO,"For US Government accounts only. Partner enabled 4-Hour Premium support year 1, PA-220R",
PAN-SVC-B4HRUSG-220R-3YR,PALO,"For US Government accounts only. Partner enabled 4-Hour Premium support 3-year prepaid, PA-220R",
PAN-SVC-B4HRUSG-220R-3YR-R,PALO,"For US Government accounts only. Partner enabled 4-Hour Premium support 3-year prepaid renewal, PA-220R",
PAN-SVC-B4HRUSG-220R-5YR,PALO,"For US Government accounts only. Partner enabled 4-Hour Premium support 5 year prepaid, PA-220R",
PAN-SVC-B4HRUSG-220R-5YR-R,PALO,"For US Government accounts only. Partner enabled 4-Hour Premium support 5 year prepaid renewal, PA-220R",
PAN-SVC-B4HRUSG-220R-R,PALO,"For US Government accounts only. Partner enabled 4-Hour Premium support renewal, PA-220R",
PAN-SVC-B4HRUSG-3220,PALO,"For US Government accounts only. Partner enabled 4-Hour Premium support year 1, PA-3220",
PAN-SVC-B4HRUSG-3220-3YR,PALO,"For US Government accounts only. Partner enabled 4-Hour Premium support 3-year prepaid, PA-3220",
PAN-SVC-B4HRUSG-3220-3YR-R,PALO,"For US Government accounts only. Partner enabled 4-Hour Premium support 3-year prepaid renewal, PA-3220",
PAN-SVC-B4HRUSG-3220-5YR,PALO,"For US Government accounts only. Partner enabled 4-Hour Premium support 5 year prepaid, PA-3220",
PAN-SVC-B4HRUSG-3220-5YR-R,PALO,"For US Government accounts only. Partner enabled 4-Hour Premium support 5 year prepaid renewal, PA-3220",
PAN-SVC-B4HRUSG-3220-R,PALO,"For US Government accounts only. Partner enabled 4-Hour Premium support renewal, PA-3220",
PAN-SVC-B4HRUSG-3250,PALO,"For US Government accounts only. Partner enabled 4-Hour Premium support year 1, PA-3250",
PAN-SVC-B4HRUSG-3250-3YR,PALO,"For US Government accounts only. Partner enabled 4-Hour Premium support 3-year prepaid, PA-3250",
PAN-SVC-B4HRUSG-3250-3YR-R,PALO,"For US Government accounts only. Partner enabled 4-Hour Premium support 3-year prepaid renewal, PA-3250",
PAN-SVC-B4HRUSG-3250-5YR,PALO,"For US Government accounts only. Partner enabled 4-Hour Premium support 5 year prepaid, PA-3250",
PAN-SVC-B4HRUSG-3250-5YR-R,PALO,"For US Government accounts only. Partner enabled 4-Hour Premium support 5 year prepaid renewal, PA-3250",
PAN-SVC-B4HRUSG-3250-R,PALO,"For US Government accounts only. Partner enabled 4-Hour Premium support renewal, PA-3250",
PAN-SVC-B4HRUSG-3260,PALO,"For US Government accounts only. Partner enabled 4-Hour Premium support year 1, PA-3260",
PAN-SVC-B4HRUSG-3260-3YR,PALO,"For US Government accounts only. Partner enabled 4-Hour Premium support 3-year prepaid, PA-3260",
PAN-SVC-B4HRUSG-3260-3YR-R,PALO,"For US Government accounts only. Partner enabled 4-Hour Premium support 3-year prepaid renewal, PA-3260",
PAN-SVC-B4HRUSG-3260-5YR,PALO,"For US Government accounts only. Partner enabled 4-Hour Premium support 5 year prepaid, PA-3260",
PAN-SVC-B4HRUSG-3260-5YR-R,PALO,"For US Government accounts only. Partner enabled 4-Hour Premium support 5 year prepaid renewal, PA-3260",
PAN-SVC-B4HRUSG-3260-R,PALO,"For US Government accounts only. Partner enabled 4-Hour Premium support renewal, PA-3260",
PAN-SVC-B4HRUSG-5280,PALO,"For US Government accounts only. Partner enabled 4-Hour Premium support year 1, PA-5280",
PAN-SVC-B4HRUSG-5280-3YR,PALO,"For US Government accounts only. Partner enabled 4-Hour Premium support 3-year prepaid, PA-5280",
PAN-SVC-B4HRUSG-5280-3YR-R,PALO,"For US Government accounts only. Partner enabled 4-Hour Premium support 3-year prepaid renewal, PA-5280",
PAN-SVC-B4HRUSG-5280-5YR,PALO,"For US Government accounts only. Partner enabled 4-Hour Premium support 5 year prepaid, PA-5280",
PAN-SVC-B4HRUSG-5280-5YR-R,PALO,"For US Government accounts only. Partner enabled 4-Hour Premium support 5 year prepaid renewal, PA-5280",
PAN-SVC-B4HRUSG-5280-R,PALO,"For US Government accounts only. Partner enabled 4-Hour Premium support renewal, PA-5280",
PAN-SVC-BKLN-220R,PALO,"Partner enabled premium support year 1, PA-220R",
PAN-SVC-BKLN-220R-3YR,PALO,"Partner enabled premium support 3-year prepaid, PA-220R",
PAN-SVC-BKLN-220R-3YR-R,PALO,"Partner enabled premium support 3-year prepaid renewal, PA-220R",
PAN-SVC-BKLN-220R-5YR,PALO,"Partner enabled premium support 5 year prepaid, PA-220R",
PAN-SVC-BKLN-220R-5YR-R,PALO,"Partner enabled premium support 5 year prepaid renewal, PA-220R",
PAN-SVC-BKLN-220R-R,PALO,"Partner enabled premium support renewal, PA-220R",
PAN-SVC-BKLN-3220,PALO,"Partner enabled premium support year 1, PA-3220",
PAN-SVC-BKLN-3220-3YR,PALO,"Partner enabled premium support 3-year prepaid, PA-3220",
PAN-SVC-BKLN-3220-3YR-R,PALO,"Partner enabled premium support 3-year prepaid renewal, PA-3220",
PAN-SVC-BKLN-3220-5YR,PALO,"Partner enabled premium support 5 year prepaid, PA-3220",
PAN-SVC-BKLN-3220-5YR-R,PALO,"Partner enabled premium support 5 year prepaid renewal, PA-3220",
PAN-SVC-BKLN-3220-R,PALO,"Partner enabled premium support renewal, PA-3220",
PAN-SVC-BKLN-3250,PALO,"Partner enabled premium support year 1, PA-3250",
PAN-SVC-BKLN-3250-3YR,PALO,"Partner enabled premium support 3-year prepaid, PA-3250",
PAN-SVC-BKLN-3250-3YR-R,PALO,"Partner enabled premium support 3-year prepaid renewal, PA-3250",
PAN-SVC-BKLN-3250-5YR,PALO,"Partner enabled premium support 5 year prepaid, PA-3250",
PAN-SVC-BKLN-3250-5YR-R,PALO,"Partner enabled premium support 5 year prepaid renewal, PA-3250",
PAN-SVC-BKLN-3250-R,PALO,"Partner enabled premium support renewal, PA-3250",
PAN-SVC-BKLN-3260,PALO,"Partner enabled premium support year 1, PA-3260",
PAN-SVC-BKLN-3260-3YR,PALO,"Partner enabled premium support 3-year prepaid, PA-3260",
PAN-SVC-BKLN-3260-3YR-R,PALO,"Partner enabled premium support 3-year prepaid renewal, PA-3260",
PAN-SVC-BKLN-3260-5YR,PALO,"Partner enabled premium support 5 year prepaid, PA-3260",
PAN-SVC-BKLN-3260-5YR-R,PALO,"Partner enabled premium support 5 year prepaid renewal, PA-3260",
PAN-SVC-BKLN-3260-R,PALO,"Partner enabled premium support renewal, PA-3260",
PAN-SVC-BKLN-5280,PALO,"Partner enabled premium support year 1, PA-5280",
PAN-SVC-BKLN-5280-3YR,PALO,"Partner enabled premium support 3-year prepaid, PA-5280",
PAN-SVC-BKLN-5280-3YR-R,PALO,"Partner enabled premium support 3-year prepaid renewal, PA-5280",
PAN-SVC-BKLN-5280-5YR,PALO,"Partner enabled premium support 5 year prepaid, PA-5280",
PAN-SVC-BKLN-5280-5YR-R,PALO,"Partner enabled premium support 5 year prepaid renewal, PA-5280",
PAN-SVC-BKLN-5280-R,PALO,"Partner enabled premium support renewal, PA-5280",
PAN-SVC-BKLNUSG-220R,PALO,"For US Government accounts only. Partner enabled premium support year 1, PA-220R",
PAN-SVC-BKLNUSG-220R-3YR,PALO,"For US Government accounts only. Partner enabled premium support 3-year prepaid, PA-220R",
PAN-SVC-BKLNUSG-220R-3YR-R,PALO,"For US Government accounts only. Partner enabled premium support 3-year prepaid renewal, PA-220R",
PAN-SVC-BKLNUSG-220R-5YR,PALO,"For US Government accounts only. Partner enabled premium support 5 year prepaid, PA-220R",
PAN-SVC-BKLNUSG-220R-5YR-R,PALO,"For US Government accounts only. Partner enabled premium support 5 year prepaid renewal, PA-220R",
PAN-SVC-BKLNUSG-220R-R,PALO,"For US Government accounts only. Partner enabled premium support renewal, PA-220R",
PAN-SVC-BKLNUSG-3220,PALO,"For US Government accounts only. Partner enabled premium support year 1, PA-3220",
PAN-SVC-BKLNUSG-3220-3YR,PALO,"For US Government accounts only. Partner enabled premium support 3-year prepaid, PA-3220",
PAN-SVC-BKLNUSG-3220-3YR-R,PALO,"For US Government accounts only. Partner enabled premium support 3-year prepaid renewal, PA-3220",
PAN-SVC-BKLNUSG-3220-5YR,PALO,"For US Government accounts only. Partner enabled premium support 5 year prepaid, PA-3220",
PAN-SVC-BKLNUSG-3220-5YR-R,PALO,"For US Government accounts only. Partner enabled premium support 5 year prepaid renewal, PA-3220",
,PALO,,
PAN-SVC-BKLNUSG-3220-R,PALO,"For US Government accounts only. Partner enabled premium support renewal, PA-3220",
PAN-SVC-BKLNUSG-3250,PALO,"For US Government accounts only. Partner enabled premium support year 1, PA-3250",
PAN-SVC-BKLNUSG-3250-3YR,PALO,"For US Government accounts only. Partner enabled premium support 3-year prepaid, PA-3250",
PAN-SVC-BKLNUSG-3250-3YR-R,PALO,"For US Government accounts only. Partner enabled premium support 3-year prepaid renewal, PA-3250",
PAN-SVC-BKLNUSG-3250-5YR,PALO,"For US Government accounts only. Partner enabled premium support 5 year prepaid, PA-3250",
PAN-SVC-BKLNUSG-3250-5YR-R,PALO,"For US Government accounts only. Partner enabled premium support 5 year prepaid renewal, PA-3250",
PAN-SVC-BKLNUSG-3250-R,PALO,"For US Government accounts only. Partner enabled premium support renewal, PA-3250",
PAN-SVC-BKLNUSG-3260,PALO,"For US Government accounts only. Partner enabled premium support year 1, PA-3260",
PAN-SVC-BKLNUSG-3260-3YR,PALO,"For US Government accounts only. Partner enabled premium support 3-year prepaid, PA-3260",
PAN-SVC-BKLNUSG-3260-3YR-R,PALO,"For US Government accounts only. Partner enabled premium support 3-year prepaid renewal, PA-3260",
PAN-SVC-BKLNUSG-3260-5YR,PALO,"For US Government accounts only. Partner enabled premium support 5 year prepaid, PA-3260",
PAN-SVC-BKLNUSG-3260-5YR-R,PALO,"For US Government accounts only. Partner enabled premium support 5 year prepaid renewal, PA-3260",
PAN-SVC-BKLNUSG-3260-R,PALO,"For US Government accounts only. Partner enabled premium support renewal, PA-3260",
PAN-SVC-BKLNUSG-5280,PALO,"For US Government accounts only. Partner enabled premium support year 1, PA-5280",
PAN-SVC-BKLNUSG-5280-3YR,PALO,"For US Government accounts only. Partner enabled premium support 3-year prepaid, PA-5280",
PAN-SVC-BKLNUSG-5280-3YR-R,PALO,"For US Government accounts only. Partner enabled premium support 3-year prepaid renewal, PA-5280",
PAN-SVC-BKLNUSG-5280-5YR,PALO,"For US Government accounts only. Partner enabled premium support 5 year prepaid, PA-5280",
PAN-SVC-BKLNUSG-5280-5YR-R,PALO,"For US Government accounts only. Partner enabled premium support 5 year prepaid renewal, PA-5280",
PAN-SVC-BKLNUSG-5280-R,PALO,"For US Government accounts only. Partner enabled premium support renewal, PA-5280",
PAN-SVC-NFR-220R,PALO,PA-220R NFR First Year Standard Support,
PAN-SVC-NFR-220R-R,PALO,PA-220R NFR Standard Support Renewal,
PAN-SVC-NFR-3220,PALO,PA-3220 NFR First Year Standard Support,
PAN-SVC-NFR-3220-R,PALO,PA-3220 NFR Standard Support Renewal,
PAN-SVC-NFR-3250,PALO,PA-3250 NFR First Year Standard Support,
PAN-SVC-NFR-3250-R,PALO,PA-3250 NFR Standard Support Renewal,
PAN-SVC-NFR-3260,PALO,PA-3260 NFR First Year Standard Support,
PAN-SVC-NFR-3260-R,PALO,PA-3260 NFR Standard Support Renewal,
PAN-SVC-NFR-5280,PALO,PA-5280 NFR First Year Standard Support,
PAN-SVC-NFR-5280-R,PALO,PA-5280 NFR Standard Support Renewal,
PAN-SVC-PREM-220R,PALO,"Premium support year 1, PA-220R",
PAN-SVC-PREM-220R-3YR,PALO,"Premium support 3-year prepaid, PA-220R",
PAN-SVC-PREM-220R-3YR-R,PALO,"Premium support 3-year prepaid renewal, PA-220R",
PAN-SVC-PREM-220R-5YR,PALO,"Premium support 5 year prepaid, PA-220R",
PAN-SVC-PREM-220R-5YR-R,PALO,"Premium support 5 year prepaid renewal, PA-220R",
PAN-SVC-PREM-220R-R,PALO,"Premium support renewal, PA-220R",
PAN-SVC-PREM-3220,PALO,"Premium support year 1, PA-3220",
PAN-SVC-PREM-3220-3YR,PALO,"Premium support 3-year prepaid, PA-3220",
PAN-SVC-PREM-3220-3YR-R,PALO,"Premium support 3-year prepaid renewal, PA-3220",
PAN-SVC-PREM-3220-5YR,PALO,"Premium support 5 year prepaid, PA-3220",
PAN-SVC-PREM-3220-5YR-R,PALO,"Premium support 5 year prepaid renewal, PA-3220",
PAN-SVC-PREM-3220-R,PALO,"Premium support renewal, PA-3220",
PAN-SVC-PREM-3250,PALO,"Premium support year 1, PA-3250",
PAN-SVC-PREM-3250-3YR,PALO,"Premium support 3-year prepaid, PA-3250",
PAN-SVC-PREM-3250-3YR-R,PALO,"Premium support 3-year prepaid renewal, PA-3250",
PAN-SVC-PREM-3250-5YR,PALO,"Premium support 5 year prepaid, PA-3250",
PAN-SVC-PREM-3250-5YR-R,PALO,"Premium support 5 year prepaid renewal, PA-3250",
PAN-SVC-PREM-3250-R,PALO,"Premium support renewal, PA-3250",
PAN-SVC-PREM-3260,PALO,"Premium support year 1, PA-3260",
PAN-SVC-PREM-3260-3YR,PALO,"Premium support 3-year prepaid, PA-3260",
PAN-SVC-PREM-3260-3YR-R,PALO,"Premium support 3-year prepaid renewal, PA-3260",
PAN-SVC-PREM-3260-5YR,PALO,"Premium support 5 year prepaid, PA-3260",
PAN-SVC-PREM-3260-5YR-R,PALO,"Premium support 5 year prepaid renewal, PA-3260",
PAN-SVC-PREM-3260-R,PALO,"Premium support renewal, PA-3260",
PAN-SVC-PREM-5280,PALO,"Premium support year 1, PA-5280",
PAN-SVC-PREM-5280-3YR,PALO,"Premium support 3-year prepaid, PA-5280",
PAN-SVC-PREM-5280-3YR-R,PALO,"Premium support 3-year prepaid renewal, PA-5280",
PAN-SVC-PREM-5280-5YR,PALO,"Premium support 5 year prepaid, PA-5280",
PAN-SVC-PREM-5280-5YR-R,PALO,"Premium support 5 year prepaid renewal, PA-5280",
PAN-SVC-PREM-5280-R,PALO,"Premium support renewal, PA-5280",
PAN-SVC-PREMUSG-220R,PALO,"For US Government accounts only. Premium support year 1, PA-220R",
PAN-SVC-PREMUSG-220R-3YR,PALO,"For US Government accounts only. Premium support 3-year prepaid, PA-220R",
PAN-SVC-PREMUSG-220R-3YR-R,PALO,"For US Government accounts only. Premium support 3-year prepaid renewal, PA-220R",
PAN-SVC-PREMUSG-220R-5YR,PALO,"For US Government accounts only. Premium support 5 year prepaid, PA-220R",
PAN-SVC-PREMUSG-220R-5YR-R,PALO,"For US Government accounts only. Premium support 5 year prepaid renewal, PA-220R",
PAN-SVC-PREMUSG-220R-R,PALO,"For US Government accounts only. Premium support renewal, PA-220R",
PAN-SVC-PREMUSG-3220,PALO,"For US Government accounts only. Premium support year 1, PA-3220",
PAN-SVC-PREMUSG-3220-3YR,PALO,"For US Government accounts only. Premium support 3-year prepaid, PA-3220",
PAN-SVC-PREMUSG-3220-3YR-R,PALO,"For US Government accounts only. Premium support 3-year prepaid renewal, PA-3220",
PAN-SVC-PREMUSG-3220-5YR,PALO,"For US Government accounts only. Premium support 5 year prepaid, PA-3220",
PAN-SVC-PREMUSG-3220-5YR-R,PALO,"For US Government accounts only. Premium support 5 year prepaid renewal, PA-3220",
PAN-SVC-PREMUSG-3220-R,PALO,"For US Government accounts only. Premium support renewal, PA-3220",
PAN-SVC-PREMUSG-3250,PALO,"For US Government accounts only. Premium support year 1, PA-3250",
PAN-SVC-PREMUSG-3250-3YR,PALO,"For US Government accounts only. Premium support 3-year prepaid, PA-3250",
PAN-SVC-PREMUSG-3250-3YR-R,PALO,"For US Government accounts only. Premium support 3-year prepaid renewal, PA-3250",
PAN-SVC-PREMUSG-3250-5YR,PALO,"For US Government accounts only. Premium support 5 year prepaid, PA-3250",
PAN-SVC-PREMUSG-3250-5YR-R,PALO,"For US Government accounts only. Premium support 5 year prepaid renewal, PA-3250",
PAN-SVC-PREMUSG-3250-R,PALO,"For US Government accounts only. Premium support renewal, PA-3250",
PAN-SVC-PREMUSG-3260,PALO,"For US Government accounts only. Premium support year 1, PA-3260",
PAN-SVC-PREMUSG-3260-3YR,PALO,"For US Government accounts only. Premium support 3-year prepaid, PA-3260",
PAN-SVC-PREMUSG-3260-3YR-R,PALO,"For US Government accounts only. Premium support 3-year prepaid renewal, PA-3260",
PAN-SVC-PREMUSG-3260-5YR,PALO,"For US Government accounts only. Premium support 5 year prepaid, PA-3260",
PAN-SVC-PREMUSG-3260-5YR-R,PALO,"For US Government accounts only. Premium support 5 year prepaid renewal, PA-3260",
PAN-SVC-PREMUSG-3260-R,PALO,"For US Government accounts only. Premium support renewal, PA-3260",
PAN-SVC-PREMUSG-5280,PALO,"For US Government accounts only. Premium support year 1, PA-5280",
PAN-SVC-PREMUSG-5280-3YR,PALO,"For US Government accounts only. Premium support 3-year prepaid, PA-5280",
PAN-SVC-PREMUSG-5280-3YR-R,PALO,"For US Government accounts only. Premium support 3-year prepaid renewal, PA-5280",
PAN-SVC-PREMUSG-5280-5YR,PALO,"For US Government accounts only. Premium support 5 year prepaid, PA-5280",
PAN-SVC-PREMUSG-5280-5YR-R,PALO,"For US Government accounts only. Premium support 5 year prepaid renewal, PA-5280",
PAN-SVC-PREMUSG-5280-R,PALO,"For US Government accounts only. Premium support renewal, PA-5280",
PAN-SVC-STND-3220,PALO,"Standard support year 1, PA-3220",
PAN-SVC-STND-3220-3YR,PALO,"Standard support 3-year prepaid, PA-3220",
PAN-SVC-STND-3220-3YR-R,PALO,"Standard support 3-year prepaid renewal, PA-3220",
PAN-SVC-STND-3220-R,PALO,"Standard support renewal, PA-3220",
PAN-SVC-STND-3250,PALO,"Standard support year 1, PA-3250",
PAN-SVC-STND-3250-3YR,PALO,"Standard support 3-year prepaid, PA-3250",
PAN-SVC-STND-3250-3YR-R,PALO,"Standard support 3-year prepaid renewal, PA-3250",
,PALO,,
PAN-SVC-STND-3250-R,PALO,"Standard support renewal, PA-3250",
PAN-SVC-STND-3260,PALO,"Standard support year 1, PA-3260",
PAN-SVC-STND-3260-3YR,PALO,"Standard support 3-year prepaid, PA-3260",
PAN-SVC-STND-3260-3YR-R,PALO,"Standard support 3-year prepaid renewal, PA-3260",
PAN-SVC-STND-3260-R,PALO,"Standard support renewal, PA-3260",
PAN-SVC-STND-5280,PALO,"Standard support year 1, PA-5280",
PAN-SVC-STND-5280-3YR,PALO,"Standard support 3-year prepaid, PA-5280",
PAN-SVC-STND-5280-3YR-R,PALO,"Standard support 3-year prepaid renewal, PA-5280",
PAN-SVC-STND-5280-R,PALO,"Standard support renewal, PA-5280",
PAN-CONSULTANCY-SOW,PALO,Professional Services - Outsourced,
CREDIT,PALO,Customer Credit,
PAN-FIPS-KIT-220,PALO,FIPS hardware kit for the PA-220,
PAN-FIPS-KIT-5200,PALO,FIPS hardware kit for the PA-5200 Series,
PAN-FIPS-KIT-800,PALO,FIPS hardware kit for the PA-800 Series,
PAN-PA-3200-ACC,PALO,PA-3200 Series Accessory Kit,
PAN-SVC-4HR-M-200-P-100-3Y-R,PALO,"4-Hour Premium support 3-year renewal, Panorama M-200 100 devices",
PAN-SVC-4HR-M-200-P-1K-3Y-R,PALO,"4-Hour Premium support 3-year renewal, Panorama M-200 1000 devices",
PAN-SVC-4HR-M-200-P-25-3Y-R,PALO,"4-Hour Premium support 3-year renewal, Panorama M-200 25 devices or log collector",
PAN-SVC-4HR-M-600-P-100-3Y-R,PALO,"4-Hour Premium support 3-year renewal, Panorama M-600 100 devices",
PAN-SVC-4HR-M-600-P-1K-3Y-R,PALO,"4-Hour Premium support 3-year renewal, Panorama M-600 1K devices",
PAN-SVC-4HR-M-600-P-25-3Y-R,PALO,"4-Hour Premium support 3-year renewal, Panorama M-600 25 devices, PAN-DB Private Cloud or log collector",
PAN-SVC-4HR-M-200-P-100-3Y,PALO,"4-Hour Premium support 3-year , Panorama M-200 100 devices",
PAN-SVC-4HR-M-200-P-1K-3Y,PALO,"4-Hour Premium support 3-year , Panorama M-200 1000 devices",
PAN-SVC-4HR-M-200-P-25-3Y,PALO,"4-Hour Premium support 3-year , Panorama M-200 25 devices or log collector",
PAN-SVC-4HR-M-600-P-100-3Y,PALO,"4-Hour Premium support 3-year , Panorama M-600 100 devices",
PAN-SVC-4HR-M-600-P-1K-3Y,PALO,"4-Hour Premium support 3-year , Panorama M-600 1K devices",
PAN-SVC-4HR-M-600-P-25-3Y,PALO,"4-Hour Premium support 3-year , Panorama M-600 25 devices, PAN-DB Private Cloud or log collector",
PAN-SVC-4HR-M-200-P-100-5Y-R,PALO,"4-Hour Premium support 5-year renewal, Panorama M-200 100 devices",
PAN-SVC-4HR-M-200-P-1K-5Y-R,PALO,"4-Hour Premium support 5-year renewal, Panorama M-200 1000 devices",
PAN-SVC-4HR-M-200-P-25-5Y-R,PALO,"4-Hour Premium support 5-year renewal, Panorama M-200 25 devices or log collector",
PAN-SVC-4HR-M-600-P-100-5Y-R,PALO,"4-Hour Premium support 5-year renewal, Panorama M-600 100 devices",
PAN-SVC-4HR-M-600-P-1K-5Y-R,PALO,"4-Hour Premium support 5-year renewal, Panorama M-600 1K devices",
PAN-SVC-4HR-M-600-P-25-5Y-R,PALO,"4-Hour Premium support 5-year renewal, Panorama M-600 25 devices, PAN-DB Private Cloud or log collector",
PAN-SVC-4HR-M-200-P-100-5Y,PALO,"4-Hour Premium support 5-year , Panorama M-200 100 devices",
PAN-SVC-4HR-M-200-P-1K-5Y,PALO,"4-Hour Premium support 5-year , Panorama M-200 1000 devices",
PAN-SVC-4HR-M-200-P-25-5Y,PALO,"4-Hour Premium support 5-year , Panorama M-200 25 devices or log collector",
PAN-SVC-4HR-M-600-P-100-5Y,PALO,"4-Hour Premium support 5-year , Panorama M-600 100 devices",
PAN-SVC-4HR-M-600-P-1K-5Y,PALO,"4-Hour Premium support 5-year , Panorama M-600 1K devices",
PAN-SVC-4HR-M-600-P-25-5Y,PALO,"4-Hour Premium support 5-year , Panorama M-600 25 devices, PAN-DB Private Cloud or log collector",
PAN-SVC-4HR-M-200-P-100-R,PALO,"4-Hour Premium support renewal, Panorama M-200 100 devices",
PAN-SVC-4HR-M-200-P-1K-R,PALO,"4-Hour Premium support renewal, Panorama M-200 1000 devices",
PAN-SVC-4HR-M-200-P-25-R,PALO,"4-Hour Premium support renewal, Panorama M-200 25 devices or log collector",
PAN-SVC-4HR-M-600-P-100-R,PALO,"4-Hour Premium support renewal, Panorama M-600 100 devices",
PAN-SVC-4HR-M-600-P-1K-R,PALO,"4-Hour Premium support renewal, Panorama M-600 1K devices",
PAN-SVC-4HR-M-600-P-25-R,PALO,"4-Hour Premium support renewal, Panorama M-600 25 devices, PAN-DB Private Cloud or log collector",
PAN-SVC-4HR-M-200-P-100,PALO,"4-Hour Premium support year 1, Panorama M-200 100 devices",
PAN-SVC-4HR-M-200-P-1K,PALO,"4-Hour Premium support year 1, Panorama M-200 1000 devices",
PAN-SVC-4HR-M-200-P-25,PALO,"4-Hour Premium support year 1, Panorama M-200 25 devices or log collector",
PAN-SVC-4HR-M-600-P-100,PALO,"4-Hour Premium support, Panorama M-600 100 devices",
PAN-SVC-4HR-M-600-P-1K,PALO,"4-Hour Premium support, Panorama M-600 1K devices",
PAN-SVC-4HR-M-600-P-25,PALO,"4-Hour Premium support, Panorama M-600 25 devices, PAN-DB Private Cloud or log collector",
PAN-SVC-4HRUSG-M-200-P-100-3YR-R,PALO,"For US Government accounts only. 4-Hour Premium support 3-year renewal, Panorama M-200 100 devices",
PAN-SVC-4HRUSG-M-200-P-1K-3YR-R,PALO,"For US Government accounts only. 4-Hour Premium support 3-year renewal, Panorama M-200 1000 devices",
PAN-SVC-4HRUSG-M-200-P-25-3YR-R,PALO,"For US Government accounts only. 4-Hour Premium support 3-year renewal, Panorama M-200 25 devices or log collector",
PAN-SVC-4HRUSG-M-600-P-100-3YR-R,PALO,"For US Government accounts only. 4-Hour Premium support 3-year renewal, Panorama M-600 100 devices",
PAN-SVC-4HRUSG-M-600-P-1K-3YR-R,PALO,"For US Government accounts only. 4-Hour Premium support 3-year renewal, Panorama M-600 1000 devices",
PAN-SVC-4HRUSG-M-600-P-25-3YR-R,PALO,"For US Government accounts only. 4-Hour Premium support 3-year renewal, Panorama M-600 25 devices or log collector",
PAN-SVC-4HRUSG-M-200-P-100-3YR,PALO,"For US Government accounts only. 4-Hour Premium support 3-year , Panorama M-200 100 devices",
PAN-SVC-4HRUSG-M-200-P-1K-3YR,PALO,"For US Government accounts only. 4-Hour Premium support 3-year , Panorama M-200 1000 devices",
PAN-SVC-4HRUSG-M-200-P-25-3YR,PALO,"For US Government accounts only. 4-Hour Premium support 3-year , Panorama M-200 25 devices or log collector",
PAN-SVC-4HRUSG-M-600-P-100-3YR,PALO,"For US Government accounts only. 4-Hour Premium support 3-year , Panorama M-600 100 devices",
PAN-SVC-4HRUSG-M-600-P-1K-3YR,PALO,"For US Government accounts only. 4-Hour Premium support 3-year , Panorama M-600 1000 devices",
PAN-SVC-4HRUSG-M-600-P-25-3YR,PALO,"For US Government accounts only. 4-Hour Premium support 3-year , Panorama M-600 25 devices or log collector",
PAN-SVC-4HRUSG-M-200-P-100-5YR-R,PALO,"For US Government accounts only. 4-Hour Premium support 5-year renewal, Panorama M-200 100 devices",
PAN-SVC-4HRUSG-M-200-P-1K-5YR-R,PALO,"For US Government accounts only. 4-Hour Premium support 5-year renewal, Panorama M-200 1000 devices",
PAN-SVC-4HRUSG-M-200-P-25-5YR-R,PALO,"For US Government accounts only. 4-Hour Premium support 5-year renewal, Panorama M-200 25 devices or log collector",
PAN-SVC-4HRUSG-M-600-P-100-5YR-R,PALO,"For US Government accounts only. 4-Hour Premium support 5-year renewal, Panorama M-600 100 devices",
PAN-SVC-4HRUSG-M-600-P-1K-5YR-R,PALO,"For US Government accounts only. 4-Hour Premium support 5-year renewal, Panorama M-600 1000 devices",
PAN-SVC-4HRUSG-M-600-P-25-5YR-R,PALO,"For US Government accounts only. 4-Hour Premium support 5-year renewal, Panorama M-600 25 devices or log collector",
PAN-SVC-4HRUSG-M-200-P-100-5YR,PALO,"For US Government accounts only. 4-Hour Premium support 5-year , Panorama M-200 100 devices",
PAN-SVC-4HRUSG-M-200-P-1K-5YR,PALO,"For US Government accounts only. 4-Hour Premium support 5-year , Panorama M-200 1000 devices",
PAN-SVC-4HRUSG-M-200-P-25-5YR,PALO,"For US Government accounts only. 4-Hour Premium support 5-year , Panorama M-200 25 devices or log collector",
PAN-SVC-4HRUSG-M-600-P-100-5YR,PALO,"For US Government accounts only. 4-Hour Premium support 5-year , Panorama M-600 100 devices",
PAN-SVC-4HRUSG-M-600-P-1K-5YR,PALO,"For US Government accounts only. 4-Hour Premium support 5-year , Panorama M-600 1000 devices",
PAN-SVC-4HRUSG-M-600-P-25-5YR,PALO,"For US Government accounts only. 4-Hour Premium support 5-year , Panorama M-600 25 devices or log collector",
PAN-SVC-4HRUSG-M-200-P-100-R,PALO,"For US Government accounts only. 4-Hour Premium support renewal, Panorama M-200 100 devices",
PAN-SVC-4HRUSG-M-200-P-1K-R,PALO,"For US Government accounts only. 4-Hour Premium support renewal, Panorama M-200 1000 devices",
PAN-SVC-4HRUSG-M-200-P-25-R,PALO,"For US Government accounts only. 4-Hour Premium support renewal, Panorama M-200 25 devices or log collector",
PAN-SVC-4HRUSG-M-600-P-100-R,PALO,"For US Government accounts only. 4-Hour Premium support renewal, Panorama M-600 100 devices",
PAN-SVC-4HRUSG-M-600-P-1K-R,PALO,"For US Government accounts only. 4-Hour Premium support renewal, Panorama M-600 1000 devices",
PAN-SVC-4HRUSG-M-600-P-25-R,PALO,"For US Government accounts only. 4-Hour Premium support renewal, Panorama M-600 25 devices or log collector",
PAN-SVC-4HRUSG-M-200-P-100,PALO,"For US Government accounts only. 4-Hour Premium support year 1, Panorama M-200 100 devices",
PAN-SVC-4HRUSG-M-200-P-1K,PALO,"For US Government accounts only. 4-Hour Premium support year 1, Panorama M-200 1000 devices",
PAN-SVC-4HRUSG-M-200-P-25,PALO,"For US Government accounts only. 4-Hour Premium support year 1, Panorama M-200 25 devices or log collector",
PAN-SVC-4HRUSG-M-600-P-100,PALO,"For US Government accounts only. 4-Hour Premium support year 1, Panorama M-600 100 devices",
PAN-SVC-4HRUSG-M-600-P-1K,PALO,"For US Government accounts only. 4-Hour Premium support year 1, Panorama M-600 1000 devices",
PAN-SVC-4HRUSG-M-600-P-25,PALO,"For US Government accounts only. 4-Hour Premium support year 1, Panorama M-600 25 devices or log collector",
PAN-SVC-PREMUSG-M-200-P-100-3YR-R,PALO,"For US Government accounts only. Premium support 3-year renewal, Panorama M-200 100 devices",
PAN-SVC-PREMUSG-M-200-P-1K-3YR-R,PALO,"For US Government accounts only. Premium support 3-year renewal, Panorama M-200 1000 devices",
PAN-SVC-PREMUSG-M-200-P-25-3YR-R,PALO,"For US Government accounts only. Premium support 3-year renewal, Panorama M-200 25 devices or log collector",
PAN-SVC-PREMUSG-M-600-P-100-3YR-R,PALO,"For US Government accounts only. Premium support 3-year renewal, Panorama M-600 100 devices",
PAN-SVC-PREMUSG-M-600-P-1K-3YR-R,PALO,"For US Government accounts only. Premium support 3-year renewal, Panorama M-600 1000 devices",
,PALO,,
PAN-SVC-PREMUSG-M-600-P-25-3YR-R,PALO,"For US Government accounts only. Premium support 3-year renewal, Panorama M-600 25 devices or log collector",
PAN-SVC-PREMUSG-M-200-P-100-3YR,PALO,"For US Government accounts only. Premium support 3-year , Panorama M-200 100 devices",
PAN-SVC-PREMUSG-M-200-P-1K-3YR,PALO,"For US Government accounts only. Premium support 3-year , Panorama M-200 1000 devices",
PAN-SVC-PREMUSG-M-200-P-25-3YR,PALO,"For US Government accounts only. Premium support 3-year , Panorama M-200 25 devices or log collector",
PAN-SVC-PREMUSG-M-600-P-100-3YR,PALO,"For US Government accounts only. Premium support 3-year , Panorama M-600 100 devices",
PAN-SVC-PREMUSG-M-600-P-1K-3YR,PALO,"For US Government accounts only. Premium support 3-year , Panorama M-600 1000 devices",
PAN-SVC-PREMUSG-M-600-P-25-3YR,PALO,"For US Government accounts only. Premium support 3-year , Panorama M-600 25 devices or log collector",
PAN-SVC-PREMUSG-M-200-P-100-5YR-R,PALO,"For US Government accounts only. Premium support 5-year renewal, Panorama M-200 100 devices",
PAN-SVC-PREMUSG-M-200-P-1K-5YR-R,PALO,"For US Government accounts only. Premium support 5-year renewal, Panorama M-200 1000 devices",
PAN-SVC-PREMUSG-M-200-P-25-5YR-R,PALO,"For US Government accounts only. Premium support 5-year renewal, Panorama M-200 25 devices or log collector",
PAN-SVC-PREMUSG-M-600-P-100-5YR-R,PALO,"For US Government accounts only. Premium support 5-year renewal, Panorama M-600 100 devices",
PAN-SVC-PREMUSG-M-600-P-1K-5YR-R,PALO,"For US Government accounts only. Premium support 5-year renewal, Panorama M-600 1000 devices",
PAN-SVC-PREMUSG-M-600-P-25-5YR-R,PALO,"For US Government accounts only. Premium support 5-year renewal, Panorama M-600 25 devices or log collector",
PAN-SVC-PREMUSG-M-200-P-100-5YR,PALO,"For US Government accounts only. Premium support 5-year , Panorama M-200 100 devices",
PAN-SVC-PREMUSG-M-200-P-1K-5YR,PALO,"For US Government accounts only. Premium support 5-year , Panorama M-200 1000 devices",
PAN-SVC-PREMUSG-M-200-P-25-5YR,PALO,"For US Government accounts only. Premium support 5-year , Panorama M-200 25 devices or log collector",
PAN-SVC-PREMUSG-M-600-P-100-5YR,PALO,"For US Government accounts only. Premium support 5-year , Panorama M-600 100 devices",
PAN-SVC-PREMUSG-M-600-P-1K-5YR,PALO,"For US Government accounts only. Premium support 5-year , Panorama M-600 1000 devices",
PAN-SVC-PREMUSG-M-600-P-25-5YR,PALO,"For US Government accounts only. Premium support 5-year , Panorama M-600 25 devices or log collector",
PAN-SVC-PREMUSG-M-200-P-100-R,PALO,"For US Government accounts only. Premium support renewal, Panorama M-200 100 devices",
PAN-SVC-PREMUSG-M-200-P-1K-R,PALO,"For US Government accounts only. Premium support renewal, Panorama M-200 1000 devices",
PAN-SVC-PREMUSG-M-200-P-25-R,PALO,"For US Government accounts only. Premium support renewal, Panorama M-200 25 devices or log collector",
PAN-SVC-PREMUSG-M-600-P-100-R,PALO,"For US Government accounts only. Premium support renewal, Panorama M-600 100 devices",
PAN-SVC-PREMUSG-M-600-P-1K-R,PALO,"For US Government accounts only. Premium support renewal, Panorama M-600 1000 devices",
PAN-SVC-PREMUSG-M-600-P-25-R,PALO,"For US Government accounts only. Premium support renewal, Panorama M-600 25 devices or log collector",
PAN-SVC-PREMUSG-M-200-P-100,PALO,"For US Government accounts only. Premium support year 1, Panorama M-200 100 devices",
PAN-SVC-PREMUSG-M-200-P-1K,PALO,"For US Government accounts only. Premium support year 1, Panorama M-200 1000 devices",
PAN-SVC-PREMUSG-M-200-P-25,PALO,"For US Government accounts only. Premium support year 1, Panorama M-200 25 devices or log collector",
PAN-SVC-PREMUSG-M-600-P-100,PALO,"For US Government accounts only. Premium support year 1, Panorama M-600 100 devices",
PAN-SVC-PREMUSG-M-600-P-1K,PALO,"For US Government accounts only. Premium support year 1, Panorama M-600 1000 devices",
PAN-SVC-PREMUSG-M-600-P-25,PALO,"For US Government accounts only. Premium support year 1, Panorama M-600 25 devices or log collector",
PAN-SVC-PREM-M-200-P-100-3Y-R,PALO,"Premium support 3-year renewal, Panorama M-200 100 devices",
PAN-SVC-PREM-M-200-P-1K-3Y-R,PALO,"Premium support 3-year renewal, Panorama M-200 1000 devices",
PAN-SVC-PREM-M-200-P-25-3Y-R,PALO,"Premium support 3-year renewal, Panorama M-200 25 devices or log collector",
PAN-SVC-PREM-M-600-P-100-3Y-R,PALO,"Premium support 3-year renewal, Panorama M-600 100 devices",
PAN-SVC-PREM-M-600-P-1K-3Y-R,PALO,"Premium support 3-year renewal, Panorama M-600 1K devices",
PAN-SVC-PREM-M-600-P-25-3Y-R,PALO,"Premium support 3-year renewal, Panorama M-600 25 devices, PAN-DB Private Cloud or log collector",
PAN-SVC-PREM-M-200-P-100-3Y,PALO,"Premium support 3-year , Panorama M-200 100 devices",
PAN-SVC-PREM-M-200-P-1K-3Y,PALO,"Premium support 3-year , Panorama M-200 1000 devices",
PAN-SVC-PREM-M-200-P-25-3Y,PALO,"Premium support 3-year , Panorama M-200 25 devices or log collector",
PAN-SVC-PREM-M-600-P-100-3Y,PALO,"Premium support 3-year , Panorama M-600 100 devices",
PAN-SVC-PREM-M-600-P-1K-3Y,PALO,"Premium support 3-year , Panorama M-600 1K devices",
PAN-SVC-PREM-M-600-P-25-3Y,PALO,"Premium support 3-year , Panorama M-600 25 devices, PAN-DB Private Cloud or log collector",
PAN-SVC-PREM-M-200-P-100-5Y-R,PALO,"Premium support 5-year renewal, Panorama M-200 100 devices",
PAN-SVC-PREM-M-200-P-1K-5Y-R,PALO,"Premium support 5-year renewal, Panorama M-200 1000 devices",
PAN-SVC-PREM-M-200-P-25-5Y-R,PALO,"Premium support 5-year renewal, Panorama M-200 25 devices or log collector",
PAN-SVC-PREM-M-600-P-100-5Y-R,PALO,"Premium support 5-year renewal, Panorama M-600 100 devices",
PAN-SVC-PREM-M-600-P-1K-5Y-R,PALO,"Premium support 5-year renewal, Panorama M-600 1K devices",
PAN-SVC-PREM-M-600-P-25-5Y-R,PALO,"Premium support 5-year renewal, Panorama M-600 25 devices, PAN-DB Private Cloud or log collector",
PAN-SVC-PREM-M-200-P-100-5Y,PALO,"Premium support 5-year , Panorama M-200 100 devices",
PAN-SVC-PREM-M-200-P-1K-5Y,PALO,"Premium support 5-year , Panorama M-200 1000 devices",
PAN-SVC-PREM-M-200-P-25-5Y,PALO,"Premium support 5-year , Panorama M-200 25 devices or log collector",
PAN-SVC-PREM-M-600-P-100-5Y,PALO,"Premium support 5-year , Panorama M-600 100 devices",
PAN-SVC-PREM-M-600-P-1K-5Y,PALO,"Premium support 5-year , Panorama M-600 1K devices",
PAN-SVC-PREM-M-600-P-25-5Y,PALO,"Premium support 5-year , Panorama M-600 25 devices, PAN-DB Private Cloud or log collector",
PAN-SVC-PREM-M-200-P-100-R,PALO,"Premium support renewal, Panorama M-200 100 devices",
PAN-SVC-PREM-M-200-P-1K-R,PALO,"Premium support renewal, Panorama M-200 1000 devices",
PAN-SVC-PREM-M-200-P-25-R,PALO,"Premium support renewal, Panorama M-200 25 devices or log collector",
PAN-SVC-PREM-M-600-P-100-R,PALO,"Premium support renewal, Panorama M-600 100 devices",
PAN-SVC-PREM-M-600-P-1K-R,PALO,"Premium support renewal, Panorama M-600 1K devices",
PAN-SVC-PREM-M-600-P-25-R,PALO,"Premium support renewal, Panorama M-600 25 devices, PAN-DB Private Cloud or log collector",
PAN-SVC-PREM-M-200-P-100,PALO,"Premium support year 1, Panorama M-200 100 devices",
PAN-SVC-PREM-M-200-P-1K,PALO,"Premium support year 1, Panorama M-200 1000 devices",
PAN-SVC-PREM-M-200-P-25,PALO,"Premium support year 1, Panorama M-200 25 devices or log collector",
PAN-SVC-PREM-M-600-P-100,PALO,"Premium support, Panorama M-600 100 devices",
PAN-SVC-PREM-M-600-P-1K,PALO,"Premium support, Panorama M-600 1K devices",
PAN-SVC-PREM-M-600-P-25,PALO,"Premium support, Panorama M-600 25 devices, PAN-DB Private Cloud or log collector",
PAN-GPCS-USER-A-BKLN-1YR-R,PALO,"GlobalProtect cloud service for mobile users, tier A, 1-year Renewal, TP, URL, WF, GP, includes Premium Partner support, per user",
PAN-GPCS-USER-A-BKLNUSG-1YR-R,PALO,"GlobalProtect cloud service for mobile users, tier A, 1-year Renewal, TP, URL, WF, GP, includes Premium Partner US Government
Premium support, per user",
PAN-GPCS-USER-A-BKLN-1YR,PALO,"GlobalProtect cloud service for mobile users, tier A, 1-year, TP, URL, WF, GP, includes Premium Partner support, per user",
PAN-GPCS-USER-A-BKLNUSG-1YR,PALO,"GlobalProtect cloud service for mobile users, tier A, 1-year, TP, URL, WF, GP, includes Premium Partner US Government Premium
support, per user",
PAN-GPCS-USER-A-BKLN-3YR-R,PALO,"GlobalProtect cloud service for mobile users, tier A, 3-year Renewal, TP, URL, WF, GP, includes Premium Partner support, per user",
PAN-GPCS-USER-A-BKLNUSG-3YR-R,PALO,"GlobalProtect cloud service for mobile users, tier A, 3-year Renewal, TP, URL, WF, GP, includes Premium Partner US Government
Premium support, per user",
PAN-GPCS-USER-A-BKLN-3YR,PALO,"GlobalProtect cloud service for mobile users, tier A, 3-year, TP, URL, WF, GP, includes Premium Partner support, per user",
PAN-GPCS-USER-A-BKLNUSG-3YR,PALO,"GlobalProtect cloud service for mobile users, tier A, 3-year, TP, URL, WF, GP, includes Premium Partner US Government Premium
support, per user",
PAN-GPCS-USER-B-BKLN-1YR-R,PALO,"GlobalProtect cloud service for mobile users, tier B, 1-year Renewal, TP, URL, WF, GP, includes Premium Partner support, per user",
PAN-GPCS-USER-B-BKLNUSG-1YR-R,PALO,"GlobalProtect cloud service for mobile users, tier B, 1-year Renewal, TP, URL, WF, GP, includes Premium Partner US Government
Premium support, per user",
PAN-GPCS-USER-B-BKLN-1YR,PALO,"GlobalProtect cloud service for mobile users, tier B, 1-year, TP, URL, WF, GP, includes Premium Partner support, per user",
PAN-GPCS-USER-B-BKLNUSG-1YR,PALO,"GlobalProtect cloud service for mobile users, tier B, 1-year, TP, URL, WF, GP, includes Premium Partner US Government Premium
support, per user",
PAN-GPCS-USER-B-BKLN-3YR-R,PALO,"GlobalProtect cloud service for mobile users, tier B, 3-year Renewal, TP, URL, WF, GP, includes Premium Partner support, per user",
PAN-GPCS-USER-B-BKLNUSG-3YR-R,PALO,"GlobalProtect cloud service for mobile users, tier B, 3-year Renewal, TP, URL, WF, GP, includes Premium Partner US Government
Premium support, per user",
,PALO,,
PAN-GPCS-USER-B-BKLN-3YR,PALO,"GlobalProtect cloud service for mobile users, tier B, 3-year, TP, URL, WF, GP, includes Premium Partner support, per user",
PAN-GPCS-USER-B-BKLNUSG-3YR,PALO,"GlobalProtect cloud service for mobile users, tier B, 3-year, TP, URL, WF, GP, includes Premium Partner US Government Premium
support, per user",
PAN-GPCS-USER-C-BKLN-1YR-R,PALO,"GlobalProtect cloud service for mobile users, tier C, 1-year Renewal, TP, URL, WF, GP, includes Premium Partner support, per user",
PAN-GPCS-USER-C-BKLNUSG-1YR-R,PALO,"GlobalProtect cloud service for mobile users, tier C, 1-year Renewal, TP, URL, WF, GP, includes Premium Partner US Government
Premium support, per user",
PAN-GPCS-USER-C-BKLN-1YR,PALO,"GlobalProtect cloud service for mobile users, tier C, 1-year, TP, URL, WF, GP, includes Premium Partner support, per user",
PAN-GPCS-USER-C-BKLNUSG-1YR,PALO,"GlobalProtect cloud service for mobile users, tier C, 1-year, TP, URL, WF, GP, includes Premium Partner US Government Premium
support, per user",
PAN-GPCS-USER-C-BKLN-3YR-R,PALO,"GlobalProtect cloud service for mobile users, tier C, 3-year Renewal, TP, URL, WF, GP, includes Premium Partner support, per user",
PAN-GPCS-USER-C-BKLNUSG-3YR-R,PALO,"GlobalProtect cloud service for mobile users, tier C, 3-year Renewal, TP, URL, WF, GP, includes Premium Partner US Government
Premium support, per user",
PAN-GPCS-USER-C-BKLN-3YR,PALO,"GlobalProtect cloud service for mobile users, tier C, 3-year, TP, URL, WF, GP, includes Premium Partner support, per user",
PAN-GPCS-USER-C-BKLNUSG-3YR,PALO,"GlobalProtect cloud service for mobile users, tier C, 3-year, TP, URL, WF, GP, includes Premium Partner US Government Premium
support, per user",
PAN-GPCS-USER-D-BKLN-1YR-R,PALO,"GlobalProtect cloud service for mobile users, tier D, 1-year Renewal, TP, URL, WF, GP, includes Premium Partner support, per user",
PAN-GPCS-USER-D-BKLNUSG-1YR-R,PALO,"GlobalProtect cloud service for mobile users, tier D, 1-year Renewal, TP, URL, WF, GP, includes Premium Partner US Government
Premium support, per user",
PAN-GPCS-USER-D-BKLN-1YR,PALO,"GlobalProtect cloud service for mobile users, tier D, 1-year, TP, URL, WF, GP, includes Premium Partner support, per user",
PAN-GPCS-USER-D-BKLNUSG-1YR,PALO,"GlobalProtect cloud service for mobile users, tier D, 1-year, TP, URL, WF, GP, includes Premium Partner US Government Premium
support, per user",
PAN-GPCS-USER-D-BKLN-3YR-R,PALO,"GlobalProtect cloud service for mobile users, tier D, 3-year Renewal, TP, URL, WF, GP, includes Premium Partner support, per user",
PAN-GPCS-USER-D-BKLNUSG-3YR-R,PALO,"GlobalProtect cloud service for mobile users, tier D, 3-year Renewal, TP, URL, WF, GP, includes Premium Partner US Government
Premium support, per user",
PAN-GPCS-USER-D-BKLN-3YR,PALO,"GlobalProtect cloud service for mobile users, tier D, 3-year, TP, URL, WF, GP, includes Premium Partner support, per user",
PAN-GPCS-USER-D-BKLNUSG-3YR,PALO,"GlobalProtect cloud service for mobile users, tier D, 3-year, TP, URL, WF, GP, includes Premium Partner US Government Premium
support, per user",
PAN-GPCS-USER-E-BKLN-1YR-R,PALO,"GlobalProtect cloud service for mobile users, tier E, 1-year Renewal, TP, URL, WF, GP, includes Premium Partner support, per user",
PAN-GPCS-USER-E-BKLNUSG-1YR-R,PALO,"GlobalProtect cloud service for mobile users, tier E, 1-year Renewal, TP, URL, WF, GP, includes Premium Partner US Government
Premium support, per user",
PAN-GPCS-USER-E-BKLN-1YR,PALO,"GlobalProtect cloud service for mobile users, tier E, 1-year, TP, URL, WF, GP, includes Premium Partner support, per user",
PAN-GPCS-USER-E-BKLNUSG-1YR,PALO,"GlobalProtect cloud service for mobile users, tier E, 1-year, TP, URL, WF, GP, includes Premium Partner US Government Premium
support, per user",
PAN-GPCS-USER-E-BKLN-3YR-R,PALO,"GlobalProtect cloud service for mobile users, tier E, 3-year Renewal, TP, URL, WF, GP, includes Premium Partner support, per user",
PAN-GPCS-USER-E-BKLNUSG-3YR-R,PALO,"GlobalProtect cloud service for mobile users, tier E, 3-year Renewal, TP, URL, WF, GP, includes Premium Partner US Government
Premium support, per user",
PAN-GPCS-USER-E-BKLN-3YR,PALO,"GlobalProtect cloud service for mobile users, tier E, 3-year, TP, URL, WF, GP, includes Premium Partner support, per user",
PAN-GPCS-USER-E-BKLNUSG-3YR,PALO,"GlobalProtect cloud service for mobile users, tier E, 3-year, TP, URL, WF, GP, includes Premium Partner US Government Premium
support, per user",
PAN-GPCS-USER-F-BKLN-1YR-R,PALO,"GlobalProtect cloud service for mobile users, tier F, 1-year Renewal, TP, URL, WF, GP, includes Premium Partner support, per user",
PAN-GPCS-USER-F-BKLNUSG-1YR-R,PALO,"GlobalProtect cloud service for mobile users, tier F, 1-year Renewal, TP, URL, WF, GP, includes Premium Partner US Government
Premium support, per user",
PAN-GPCS-USER-F-BKLN-1YR,PALO,"GlobalProtect cloud service for mobile users, tier F, 1-year, TP, URL, WF, GP, includes Premium Partner support, per user",
PAN-GPCS-USER-F-BKLNUSG-1YR,PALO,"GlobalProtect cloud service for mobile users, tier F, 1-year, TP, URL, WF, GP, includes Premium Partner US Government Premium
support, per user",
PAN-GPCS-USER-F-BKLN-3YR-R,PALO,"GlobalProtect cloud service for mobile users, tier F, 3-year Renewal, TP, URL, WF, GP, includes Premium Partner support, per user",
PAN-GPCS-USER-F-BKLNUSG-3YR-R,PALO,"GlobalProtect cloud service for mobile users, tier F, 3-year Renewal, TP, URL, WF, GP, includes Premium Partner US Government
Premium support, per user",
PAN-GPCS-USER-F-BKLN-3YR,PALO,"GlobalProtect cloud service for mobile users, tier F, 3-year, TP, URL, WF, GP, includes Premium Partner support, per user",
PAN-GPCS-USER-F-BKLNUSG-3YR,PALO,"GlobalProtect cloud service for mobile users, tier F, 3-year, TP, URL, WF, GP, includes Premium Partner US Government Premium
support, per user",
PAN-GPCS-NET-A-BKLN-1YR-R,PALO,"GlobalProtect cloud service for remote networks, tier A, 1-year Renewal, TP, URL, WF, GP, includes Premium Partner support, per
Mbps",
PAN-GPCS-NET-A-BKLNUSG-1YR-R,PALO,"GlobalProtect cloud service for remote networks, tier A, 1-year Renewal, TP, URL, WF, GP, includes Premium Partner US Government
Premium support, per Mbps",
PAN-GPCS-NET-A-BKLN-1YR,PALO,"GlobalProtect cloud service for remote networks, tier A, 1-year, TP, URL, WF, GP, includes Premium Partner support, per Mbps",
PAN-GPCS-NET-A-BKLNUSG-1YR,PALO,"GlobalProtect cloud service for remote networks, tier A, 1-year, TP, URL, WF, GP, includes Premium Partner US Government Premium
support, per Mbps",
PAN-GPCS-NET-A-BKLN-3YR-R,PALO,"GlobalProtect cloud service for remote networks, tier A, 3-year Renewal, TP, URL, WF, GP, includes Premium Partner support, per
Mbps",
PAN-GPCS-NET-A-BKLNUSG-3YR-R,PALO,"GlobalProtect cloud service for remote networks, tier A, 3-year Renewal, TP, URL, WF, GP, includes Premium Partner US Government
Premium support, per Mbps",
PAN-GPCS-NET-A-BKLN-3YR,PALO,"GlobalProtect cloud service for remote networks, tier A, 3-year, TP, URL, WF, GP, includes Premium Partner support, per Mbps",
PAN-GPCS-NET-A-BKLNUSG-3YR,PALO,"GlobalProtect cloud service for remote networks, tier A, 3-year, TP, URL, WF, GP, includes Premium Partner US Government Premium
support, per Mbps",
PAN-GPCS-NET-B-BKLN-1YR-R,PALO,"GlobalProtect cloud service for remote networks, tier B, 1-year Renewal, TP, URL, WF, GP, includes Premium Partner support, per
Mbps",
PAN-GPCS-NET-B-BKLNUSG-1YR-R,PALO,"GlobalProtect cloud service for remote networks, tier B, 1-year Renewal, TP, URL, WF, GP, includes Premium Partner US Government
Premium support, per Mbps",
PAN-GPCS-NET-B-BKLN-1YR,PALO,"GlobalProtect cloud service for remote networks, tier B, 1-year, TP, URL, WF, GP, includes Premium Partner support, per Mbps",
PAN-GPCS-NET-B-BKLNUSG-1YR,PALO,"GlobalProtect cloud service for remote networks, tier B, 1-year, TP, URL, WF, GP, includes Premium Partner US Government Premium
support, per Mbps",
PAN-GPCS-NET-B-BKLN-3YR-R,PALO,"GlobalProtect cloud service for remote networks, tier B, 3-year Renewal, TP, URL, WF, GP, includes Premium Partner support, per
Mbps",
,PALO,,
PAN-GPCS-NET-B-BKLNUSG-3YR-R,PALO,"GlobalProtect cloud service for remote networks, tier B, 3-year Renewal, TP, URL, WF, GP, includes Premium Partner US Government
Premium support, per Mbps",
PAN-GPCS-NET-B-BKLN-3YR,PALO,"GlobalProtect cloud service for remote networks, tier B, 3-year, TP, URL, WF, GP, includes Premium Partner support, per Mbps",
PAN-GPCS-NET-B-BKLNUSG-3YR,PALO,"GlobalProtect cloud service for remote networks, tier B, 3-year, TP, URL, WF, GP, includes Premium Partner US Government Premium
support, per Mbps",
PAN-GPCS-NET-C-BKLN-1YR-R,PALO,"GlobalProtect cloud service for remote networks, tier C, 1-year Renewal, TP, URL, WF, GP, includes Premium Partner support, per
Mbps",
PAN-GPCS-NET-C-BKLNUSG-1YR-R,PALO,"GlobalProtect cloud service for remote networks, tier C, 1-year Renewal, TP, URL, WF, GP, includes Premium Partner US Government
Premium support, per Mbps",
PAN-GPCS-NET-C-BKLN-1YR,PALO,"GlobalProtect cloud service for remote networks, tier C, 1-year, TP, URL, WF, GP, includes Premium Partner support, per Mbps",
PAN-GPCS-NET-C-BKLNUSG-1YR,PALO,"GlobalProtect cloud service for remote networks, tier C, 1-year, TP, URL, WF, GP, includes Premium Partner US Government Premium
support, per Mbps",
PAN-GPCS-NET-C-BKLN-3YR-R,PALO,"GlobalProtect cloud service for remote networks, tier C, 3-year Renewal, TP, URL, WF, GP, includes Premium Partner support, per
Mbps",
PAN-GPCS-NET-C-BKLNUSG-3YR-R,PALO,"GlobalProtect cloud service for remote networks, tier C, 3-year Renewal, TP, URL, WF, GP, includes Premium Partner US Government
Premium support, per Mbps",
PAN-GPCS-NET-C-BKLN-3YR,PALO,"GlobalProtect cloud service for remote networks, tier C, 3-year, TP, URL, WF, GP, includes Premium Partner support, per Mbps",
PAN-GPCS-NET-C-BKLNUSG-3YR,PALO,"GlobalProtect cloud service for remote networks, tier C, 3-year, TP, URL, WF, GP, includes Premium Partner US Government Premium
support, per Mbps",
PAN-GPCS-NET-D-BKLN-1YR-R,PALO,"GlobalProtect cloud service for remote networks, tier D, 1-year Renewal, TP, URL, WF, GP, includes Premium Partner support, per
Mbps",
PAN-GPCS-NET-D-BKLNUSG-1YR-R,PALO,"GlobalProtect cloud service for remote networks, tier D, 1-year Renewal, TP, URL, WF, GP, includes Premium Partner US Government
Premium support, per Mbps",
PAN-GPCS-NET-D-BKLN-1YR,PALO,"GlobalProtect cloud service for remote networks, tier D, 1-year, TP, URL, WF, GP, includes Premium Partner support, per Mbps",
PAN-GPCS-NET-D-BKLNUSG-1YR,PALO,"GlobalProtect cloud service for remote networks, tier D, 1-year, TP, URL, WF, GP, includes Premium Partner US Government Premium
support, per Mbps",
PAN-GPCS-NET-D-BKLN-3YR-R,PALO,"GlobalProtect cloud service for remote networks, tier D, 3-year Renewal, TP, URL, WF, GP, includes Premium Partner support, per
Mbps",
PAN-GPCS-NET-D-BKLNUSG-3YR-R,PALO,"GlobalProtect cloud service for remote networks, tier D, 3-year Renewal, TP, URL, WF, GP, includes Premium Partner US Government
Premium support, per Mbps",
PAN-GPCS-NET-D-BKLN-3YR,PALO,"GlobalProtect cloud service for remote networks, tier D, 3-year, TP, URL, WF, GP, includes Premium Partner support, per Mbps",
PAN-GPCS-NET-D-BKLNUSG-3YR,PALO,"GlobalProtect cloud service for remote networks, tier D, 3-year, TP, URL, WF, GP, includes Premium Partner US Government Premium
support, per Mbps",
PAN-LGS-1TB-BKLN-1YR-R,PALO,"Logging Service with 1TB of storage, 1-year renewal, includes Partner Premium Support",
PAN-LGS-1TB-BKLNUSG-1YR-R,PALO,"Logging Service with 1TB of storage, 1-year renewal, includes Partner Premium US Government Premium Support",
PAN-LGS-1TB-BKLN-1YR,PALO,"Logging Service with 1TB of storage, 1-year, includes Partner Premium Support",
PAN-LGS-1TB-BKLNUSG-1YR,PALO,"Logging Service with 1TB of storage, 1-year, includes Partner Premium US Government Premium Support",
PAN-LGS-1TB-BKLN-3YR-R,PALO,"Logging Service with 1TB of storage, 3-year renewal, includes Partner Premium Support",
PAN-LGS-1TB-BKLNUSG-3YR-R,PALO,"Logging Service with 1TB of storage, 3-year renewal, includes Partner Premium US Government Premium Support",
PAN-LGS-1TB-BKLN-3YR,PALO,"Logging Service with 1TB of storage, 3-year, includes Partner Premium Support",
PAN-LGS-1TB-BKLNUSG-3YR,PALO,"Logging Service with 1TB of storage, 3-year, includes Partner Premium US Government Premium Support",
PAN-MGFR-10-BKLN-1YR-R,PALO,"Magnifier analyzes up to 10TB of Logging Service, 1-year renewal, includes Partner Premium Support",
PAN-MGFR-10-BKLNUSG-1YR-R,PALO,"Magnifier analyzes up to 10TB of Logging Service, 1-year renewal, includes Partner Premium US Government Premium Support",
PAN-MGFR-10-BKLN-1YR,PALO,"Magnifier analyzes up to 10TB of Logging Service, 1-year, includes Partner Premium Support",
PAN-MGFR-10-BKLNUSG-1YR,PALO,"Magnifier analyzes up to 10TB of Logging Service, 1-year, includes Partner Premium US Government Premium Support",
PAN-MGFR-10-BKLN-3YR-R,PALO,"Magnifier analyzes up to 10TB of Logging Service, 3-year renewal, includes Partner Premium Support",
PAN-MGFR-10-BKLNUSG-3YR-R,PALO,"Magnifier analyzes up to 10TB of Logging Service, 3-year renewal, includes Partner Premium US Government Premium Support",
PAN-MGFR-10-BKLN-3YR,PALO,"Magnifier analyzes up to 10TB of Logging Service, 3-year, includes Partner Premium Support",
PAN-MGFR-10-BKLNUSG-3YR,PALO,"Magnifier analyzes up to 10TB of Logging Service, 3-year, includes Partner Premium US Government Premium Support",
PAN-MGFR-25-BKLN-1YR-R,PALO,"Magnifier analyzes up to 25TB of Logging Service, 1-year renewal, includes Partner Premium Support",
PAN-MGFR-25-BKLNUSG-1YR-R,PALO,"Magnifier analyzes up to 25TB of Logging Service, 1-year renewal, includes Partner Premium US Government Premium Support",
PAN-MGFR-25-BKLN-1YR,PALO,"Magnifier analyzes up to 25TB of Logging Service, 1-year, includes Partner Premium Support",
PAN-MGFR-25-BKLNUSG-1YR,PALO,"Magnifier analyzes up to 25TB of Logging Service, 1-year, includes Partner Premium US Government Premium Support",
PAN-MGFR-25-BKLN-3YR-R,PALO,"Magnifier analyzes up to 25TB of Logging Service, 3-year renewal, includes Partner Premium Support",
PAN-MGFR-25-BKLNUSG-3YR-R,PALO,"Magnifier analyzes up to 25TB of Logging Service, 3-year renewal, includes Partner Premium US Government Premium Support",
PAN-MGFR-25-BKLN-3YR,PALO,"Magnifier analyzes up to 25TB of Logging Service, 3-year, includes Partner Premium Support",
PAN-MGFR-25-BKLNUSG-3YR,PALO,"Magnifier analyzes up to 25TB of Logging Service, 3-year, includes Partner Premium US Government Premium Support",
PAN-MGFR-50-BKLN-1YR-R,PALO,"Magnifier analyzes up to 50TB of Logging Service, 1-year renewal, includes Partner Premium Support",
PAN-MGFR-50-BKLNUSG-1YR-R,PALO,"Magnifier analyzes up to 50TB of Logging Service, 1-year renewal, includes Partner Premium US Government Premium Support",
PAN-MGFR-50-BKLN-1YR,PALO,"Magnifier analyzes up to 50TB of Logging Service, 1-year, includes Partner Premium Support",
PAN-MGFR-50-BKLNUSG-1YR,PALO,"Magnifier analyzes up to 50TB of Logging Service, 1-year, includes Partner Premium US Government Premium Support",
PAN-MGFR-50-BKLN-3YR-R,PALO,"Magnifier analyzes up to 50TB of Logging Service, 3-year renewal, includes Partner Premium Support",
PAN-MGFR-50-BKLNUSG-3YR-R,PALO,"Magnifier analyzes up to 50TB of Logging Service, 3-year renewal, includes Partner Premium US Government Premium Support",
PAN-MGFR-50-BKLN-3YR,PALO,"Magnifier analyzes up to 50TB of Logging Service, 3-year, includes Partner Premium Support",
PAN-MGFR-50-BKLNUSG-3YR,PALO,"Magnifier analyzes up to 50TB of Logging Service, 3-year, includes Partner Premium US Government Premium Support",
PAN-MGFR-5-BKLN-1YR-R,PALO,"Magnifier analyzes up to 5TB of Logging Service, 1-year renewal, includes Partner Premium Support",
PAN-MGFR-5-BKLNUSG-1YR-R,PALO,"Magnifier analyzes up to 5TB of Logging Service, 1-year renewal, includes Partner Premium US Government Premium Support",
PAN-MGFR-5-BKLN-1YR,PALO,"Magnifier analyzes up to 5TB of Logging Service, 1-year, includes Partner Premium Support",
PAN-MGFR-5-BKLNUSG-1YR,PALO,"Magnifier analyzes up to 5TB of Logging Service, 1-year, includes Partner Premium US Government Premium Support",
PAN-MGFR-5-BKLN-3YR-R,PALO,"Magnifier analyzes up to 5TB of Logging Service, 3-year renewal, includes Partner Premium Support",
PAN-MGFR-5-BKLNUSG-3YR-R,PALO,"Magnifier analyzes up to 5TB of Logging Service, 3-year renewal, includes Partner Premium US Government Premium Support",
PAN-MGFR-5-BKLN-3YR,PALO,"Magnifier analyzes up to 5TB of Logging Service, 3-year, includes Partner Premium Support",
PAN-MGFR-5-BKLNUSG-3YR,PALO,"Magnifier analyzes up to 5TB of Logging Service, 3-year, includes Partner Premium US Government Premium Support",
PAN-TRAPS-A-BKLN-1YR-R,PALO,"Traps Advanced Endpoint Protection for agents, tier A, 1-year renewal, includes Premium Partner Support",
PAN-TRAPS-A-BKLNUSG-1YR-R,PALO,"Traps Advanced Endpoint Protection for agents, tier A, 1-year renewal, includes Premium Partner US Government Premium Support",
PAN-TRAPS-A-BKLN-1YR,PALO,"Traps Advanced Endpoint Protection for agents, tier A, 1-year, includes Premium Partner Support",
PAN-TRAPS-A-BKLNUSG-1YR,PALO,"Traps Advanced Endpoint Protection for agents, tier A, 1-year, includes Premium Partner US Government Premium Support",
PAN-TRAPS-A-BKLN-3YR-R,PALO,"Traps Advanced Endpoint Protection for agents, tier A, 3-year renewal, includes Premium Partner Support",
PAN-TRAPS-A-BKLNUSG-3YR-R,PALO,"Traps Advanced Endpoint Protection for agents, tier A, 3-year renewal, includes Premium Partner US Government Premium Support",
,PALO,,
PAN-TRAPS-A-BKLN-3YR,PALO,"Traps Advanced Endpoint Protection for agents, tier A, 3-year , includes Premium Partner Support",
PAN-TRAPS-A-BKLNUSG-3YR,PALO,"Traps Advanced Endpoint Protection for agents, tier A, 3-year , includes Premium Partner US Government Premium Support",
PAN-TRAPS-A-BKLN-5YR-R,PALO,"Traps Advanced Endpoint Protection for agents, tier A, 5-year renewal, includes Premium Partner Support",
PAN-TRAPS-A-BKLNUSG-5YR-R,PALO,"Traps Advanced Endpoint Protection for agents, tier A, 5-year renewal, includes Premium Partner US Government Premium Support",
PAN-TRAPS-A-BKLN-5YR,PALO,"Traps Advanced Endpoint Protection for agents, tier A, 5-year , includes Premium Partner Support",
PAN-TRAPS-A-BKLNUSG-5YR,PALO,"Traps Advanced Endpoint Protection for agents, tier A, 5-year , includes Premium Partner US Government Premium Support",
PAN-TRAPS-B-BKLN-1YR-R,PALO,"Traps Advanced Endpoint Protection for agents, tier B, 1-year renewal, includes Premium Partner Support",
PAN-TRAPS-B-BKLNUSG-1YR-R,PALO,"Traps Advanced Endpoint Protection for agents, tier B, 1-year renewal, includes Premium Partner US Government Premium Support",
PAN-TRAPS-B-BKLN-1YR,PALO,"Traps Advanced Endpoint Protection for agents, tier B, 1-year, includes Premium Partner Support",
PAN-TRAPS-B-BKLNUSG-1YR,PALO,"Traps Advanced Endpoint Protection for agents, tier B, 1-year, includes Premium Partner US Government Premium Support",
PAN-TRAPS-B-BKLN-3YR-R,PALO,"Traps Advanced Endpoint Protection for agents, tier B, 3-year renewal, includes Premium Partner Support",
PAN-TRAPS-B-BKLNUSG-3YR-R,PALO,"Traps Advanced Endpoint Protection for agents, tier B, 3-year renewal, includes Premium Partner US Government Premium Support",
PAN-TRAPS-B-BKLN-3YR,PALO,"Traps Advanced Endpoint Protection for agents, tier B, 3-year , includes Premium Partner Support",
PAN-TRAPS-B-BKLNUSG-3YR,PALO,"Traps Advanced Endpoint Protection for agents, tier B, 3-year , includes Premium Partner US Government Premium Support",
PAN-TRAPS-B-BKLN-5YR-R,PALO,"Traps Advanced Endpoint Protection for agents, tier B, 5-year renewal, includes Premium Partner Support",
PAN-TRAPS-B-BKLNUSG-5YR-R,PALO,"Traps Advanced Endpoint Protection for agents, tier B, 5-year renewal, includes Premium Partner US Government Premium Support",
PAN-TRAPS-B-BKLN-5YR,PALO,"Traps Advanced Endpoint Protection for agents, tier B, 5-year , includes Premium Partner Support",
PAN-TRAPS-B-BKLNUSG-5YR,PALO,"Traps Advanced Endpoint Protection for agents, tier B, 5-year , includes Premium Partner US Government Premium Support",
PAN-TRAPS-C-BKLN-1YR-R,PALO,"Traps Advanced Endpoint Protection for agents, tier C, 1-year renewal, includes Premium Partner Support",
PAN-TRAPS-C-BKLNUSG-1YR-R,PALO,"Traps Advanced Endpoint Protection for agents, tier C, 1-year renewal, includes Premium Partner US Government Premium Support",
PAN-TRAPS-C-BKLN-1YR,PALO,"Traps Advanced Endpoint Protection for agents, tier C, 1-year, includes Premium Partner Support",
PAN-TRAPS-C-BKLNUSG-1YR,PALO,"Traps Advanced Endpoint Protection for agents, tier C, 1-year, includes Premium Partner US Government Premium Support",
PAN-TRAPS-C-BKLN-3YR-R,PALO,"Traps Advanced Endpoint Protection for agents, tier C, 3-year renewal, includes Premium Partner Support",
PAN-TRAPS-C-BKLNUSG-3YR-R,PALO,"Traps Advanced Endpoint Protection for agents, tier C, 3-year renewal, includes Premium Partner US Government Premium Support",
PAN-TRAPS-C-BKLN-3YR,PALO,"Traps Advanced Endpoint Protection for agents, tier C, 3-year , includes Premium Partner Support",
PAN-TRAPS-C-BKLNUSG-3YR,PALO,"Traps Advanced Endpoint Protection for agents, tier C, 3-year , includes Premium Partner US Government Premium Support",
PAN-TRAPS-C-BKLN-5YR-R,PALO,"Traps Advanced Endpoint Protection for agents, tier C, 5-year renewal, includes Premium Partner Support",
PAN-TRAPS-C-BKLNUSG-5YR-R,PALO,"Traps Advanced Endpoint Protection for agents, tier C, 5-year renewal, includes Premium Partner US Government Premium Support",
PAN-TRAPS-C-BKLN-5YR,PALO,"Traps Advanced Endpoint Protection for agents, tier C, 5-year , includes Premium Partner Support",
PAN-TRAPS-C-BKLNUSG-5YR,PALO,"Traps Advanced Endpoint Protection for agents, tier C, 5-year , includes Premium Partner US Government Premium Support",
PAN-TRAPS-D-BKLN-1YR-R,PALO,"Traps Advanced Endpoint Protection for agents, tier D, 1-year renewal, includes Premium Partner Support",
PAN-TRAPS-D-BKLNUSG-1YR-R,PALO,"Traps Advanced Endpoint Protection for agents, tier D, 1-year renewal, includes Premium Partner US Government Premium Support",
PAN-TRAPS-D-BKLN-1YR,PALO,"Traps Advanced Endpoint Protection for agents, tier D, 1-year, includes Premium Partner Support",
PAN-TRAPS-D-BKLNUSG-1YR,PALO,"Traps Advanced Endpoint Protection for agents, tier D, 1-year, includes Premium Partner US Government Premium Support",
PAN-TRAPS-D-BKLN-3YR-R,PALO,"Traps Advanced Endpoint Protection for agents, tier D, 3-year renewal, includes Premium Partner Support",
PAN-TRAPS-D-BKLNUSG-3YR-R,PALO,"Traps Advanced Endpoint Protection for agents, tier D, 3-year renewal, includes Premium Partner US Government Premium Support",
PAN-TRAPS-D-BKLN-3YR,PALO,"Traps Advanced Endpoint Protection for agents, tier D, 3-year , includes Premium Partner Support",
PAN-TRAPS-D-BKLNUSG-3YR,PALO,"Traps Advanced Endpoint Protection for agents, tier D, 3-year , includes Premium Partner US Government Premium Support",
PAN-TRAPS-D-BKLN-5YR-R,PALO,"Traps Advanced Endpoint Protection for agents, tier D, 5-year renewal, includes Premium Partner Support",
PAN-TRAPS-D-BKLNUSG-5YR-R,PALO,"Traps Advanced Endpoint Protection for agents, tier D, 5-year renewal, includes Premium Partner US Government Premium Support",
PAN-TRAPS-D-BKLN-5YR,PALO,"Traps Advanced Endpoint Protection for agents, tier D, 5-year , includes Premium Partner Support",
PAN-TRAPS-D-BKLNUSG-5YR,PALO,"Traps Advanced Endpoint Protection for agents, tier D, 5-year , includes Premium Partner US Government Premium Support",
PAN-TRAPS-E-BKLN-1YR-R,PALO,"Traps Advanced Endpoint Protection for agents, tier E, 1-year renewal, includes Premium Partner Support",
PAN-TRAPS-E-BKLNUSG-1YR-R,PALO,"Traps Advanced Endpoint Protection for agents, tier E, 1-year renewal, includes Premium Partner US Government Premium Support",
PAN-TRAPS-E-BKLN-1YR,PALO,"Traps Advanced Endpoint Protection for agents, tier E, 1-year, includes Premium Partner Support",
PAN-TRAPS-E-BKLNUSG-1YR,PALO,"Traps Advanced Endpoint Protection for agents, tier E, 1-year, includes Premium Partner US Government Premium Support",
PAN-TRAPS-E-BKLN-3YR-R,PALO,"Traps Advanced Endpoint Protection for agents, tier E, 3-year renewal, includes Premium Partner Support",
PAN-TRAPS-E-BKLNUSG-3YR-R,PALO,"Traps Advanced Endpoint Protection for agents, tier E, 3-year renewal, includes Premium Partner US Government Premium Support",
PAN-TRAPS-E-BKLN-3YR,PALO,"Traps Advanced Endpoint Protection for agents, tier E, 3-year , includes Premium Partner Support",
PAN-TRAPS-E-BKLNUSG-3YR,PALO,"Traps Advanced Endpoint Protection for agents, tier E, 3-year , includes Premium Partner US Government Premium Support",
PAN-TRAPS-E-BKLN-5YR-R,PALO,"Traps Advanced Endpoint Protection for agents, tier E, 5-year renewal, includes Premium Partner Support",
PAN-TRAPS-E-BKLNUSG-5YR-R,PALO,"Traps Advanced Endpoint Protection for agents, tier E, 5-year renewal, includes Premium Partner US Government Premium Support",
PAN-TRAPS-E-BKLN-5YR,PALO,"Traps Advanced Endpoint Protection for agents, tier E, 5-year , includes Premium Partner Support",
PAN-TRAPS-E-BKLNUSG-5YR,PALO,"Traps Advanced Endpoint Protection for agents, tier E, 5-year , includes Premium Partner US Government Premium Support",
PAN-TRAPS-F-BKLN-1YR-R,PALO,"Traps Advanced Endpoint Protection for agents, tier F, 1-year renewal, includes Premium Partner Support",
PAN-TRAPS-F-BKLNUSG-1YR-R,PALO,"Traps Advanced Endpoint Protection for agents, tier F, 1-year renewal, includes Premium Partner US Government Premium Support",
PAN-TRAPS-F-BKLN-1YR,PALO,"Traps Advanced Endpoint Protection for agents, tier F, 1-year, includes Premium Partner Support",
PAN-TRAPS-F-BKLNUSG-1YR,PALO,"Traps Advanced Endpoint Protection for agents, tier F, 1-year, includes Premium Partner US Government Premium Support",
PAN-TRAPS-F-BKLN-3YR-R,PALO,"Traps Advanced Endpoint Protection for agents, tier F, 3-year renewal, includes Premium Partner Support",
PAN-TRAPS-F-BKLNUSG-3YR-R,PALO,"Traps Advanced Endpoint Protection for agents, tier F, 3-year renewal, includes Premium Partner US Government Premium Support",
PAN-TRAPS-F-BKLN-3YR,PALO,"Traps Advanced Endpoint Protection for agents, tier F, 3-year , includes Premium Partner Support",
PAN-TRAPS-F-BKLNUSG-3YR,PALO,"Traps Advanced Endpoint Protection for agents, tier F, 3-year , includes Premium Partner US Government Premium Support",
PAN-TRAPS-F-BKLN-5YR-R,PALO,"Traps Advanced Endpoint Protection for agents, tier F, 5-year renewal, includes Premium Partner Support",
,PALO,,
PAN-TRAPS-F-BKLNUSG-5YR-R,PALO,"Traps Advanced Endpoint Protection for agents, tier F, 5-year renewal, includes Premium Partner US Government Premium Support",
PAN-TRAPS-F-BKLN-5YR,PALO,"Traps Advanced Endpoint Protection for agents, tier F, 5-year , includes Premium Partner Support",
PAN-TRAPS-F-BKLNUSG-5YR,PALO,"Traps Advanced Endpoint Protection for agents, tier F, 5-year , includes Premium Partner US Government Premium Support",
PAN-M-200,PALO,"Palo Alto Networks M-200, 16TB RAID storage (4 8TB RAID certified drives preinstalled). Rack mount rails included.",
PAN-M-200-OSS,PALO,"Palo Alto Networks M-200, 16TB RAID storage (4 8TB RAID certified drives preinstalled) On-Site Spare",
PAN-M-600,PALO,Palo Alto Networks M-600 chassis with 16TB storage (4x8TB RAID certified drives) and 4 post rack mount rails,
PAN-M-600-OSS,PALO,"Palo Alto Networks M-600, 16TB RAID storage (4 8TB RAID certified drives preinstalled) On-Site Spare",
PAN-M-200-P-100,PALO,"Panorama central management software license, 100 devices for the M-200",
PAN-M-600-P-100,PALO,"Panorama central management software license, 100 devices for the M-600",
PAN-M-200-P-1K,PALO,"Panorama central management software license, 1000 devices for the M-200",
PAN-M-600-P-1K,PALO,"Panorama central management software license, 1000 devices for the M-600",
PAN-M-200-P-25,PALO,"Panorama central management software license, 25 devices or log collector for the M-200",
PAN-M-600-P-25,PALO,"Panorama central management software license, 25 devices or log collector for the M-600",
PAN-M-200-P-UPG-1K,PALO,"Panorama license upgrade, 100 to 1K devices for the M-200",
PAN-M-600-P-UPG-1K,PALO,"Panorama license upgrade, 100 to 1K devices for the M-600",
PAN-M-200-P-UPG-100,PALO,"Panorama license upgrade, 25 to 100 devices for the M-200",
PAN-M-600-P-UPG-100,PALO,"Panorama license upgrade, 25 to 100 devices for the M-600",
PAN-APERTURE-SAAS-ALLAPP-1YR,PALO,"Aperture SaaS security service for All SaaS applications, 1-user, 1-year, includes premium support",
PAN-APERTURE-SAAS-ALLAPP-3YR,PALO,"Aperture SaaS security service for All SaaS applications, 1-user, 3-year, includes premium support",
PAN-APERTURE-SAAS-ALLAPP-BKLN-1YR,PALO,"Aperture SaaS security service for All SaaS application, 1-user, 1-year, includes Premium Partner Support",
PAN-APERTURE-SAAS-ALLAPP-BKLN-3YR,PALO,"Aperture SaaS security service for All SaaS application, 1-user, 3-year, includes Premium Partner Support",
PAN-APERTURE-SAAS-ALLAPP-USG-1YR,PALO,"Aperture SaaS security service for All SaaS application, 1-user, 1-year, includes US Government Premium Support",
PAN-APERTURE-SAAS-ALLAPP-USG-3YR,PALO,"Aperture SaaS security service for All SaaS application, 1-user, 3-year, includes US Government Premium Support",
PAN-EVIDENT-COMPLIANCE-1YR,PALO,"Evident Public Cloud Compliance Reporting for 1 account, 1-year, includes Premium Support",
PAN-EVIDENT-COMPLIANCE-3YR,PALO,"Evident Public Cloud Compliance Reporting for 1 account, 3-year, includes Premium Support",
PAN-EVIDENT-COMPLIANCE-USG-1YR,PALO,"Evident Public Cloud Compliance Reporting for 1 account, 1-year, includes US Government Premium Support",
PAN-EVIDENT-COMPLIANCE-USG-3YR,PALO,"Evident Public Cloud Compliance Reporting for 1 account, 3-year, includes US Government Premium Support",
PAN-EVIDENT-MONITORING-1YR,PALO,"Evident Public Cloud Continuous Monitoring for 1 account, 1-year, includes Premium Support",
PAN-EVIDENT-MONITORING-3YR,PALO,"Evident Public Cloud Continuous Monitoring for 1 account, 3-year, includes Premium Support",
PAN-EVIDENT-MONITORING-USG-1YR,PALO,"Evident Public Cloud Continuous Monitoring for 1 account, 1-year, includes US Government Premium Support",
PAN-EVIDENT-MONITORING-USG-3YR,PALO,"Evident Public Cloud Continuous Monitoring for 1 account, 3-year, includes US Government Premium Support",
PAN-EVIDENT-STORAGE-1YR,PALO,"Evident Public Cloud Storage Security for 1 account, 1-year, up to 1 TB of data scanning, includes Premium Support",
PAN-EVIDENT-STORAGE-3YR,PALO,"Evident Public Cloud Storage Security for 1 account, 3-year, up to 3 TB of data scanning, includes Premium Support",
PAN-EVIDENT-STORAGE-BKLN-1YR,PALO,"Evident Public Cloud Storage Security for 1 account, 1-year, up to 1 TB of data scanning, includes Premium Partner Support",
PAN-EVIDENT-STORAGE-BKLN-3YR,PALO,"Evident Public Cloud Storage Security for 1 account, 3-year, up to 3 TB of data scanning, includes Premium Partner Support",
PAN-EVIDENT-STORAGE-USG-1YR,PALO,"Evident Public Cloud Storage Security for 1 account, 1-year, up to 1 TB of data scanning, includes US Government Premium Support",
PAN-EVIDENT-STORAGE-USG-3YR,PALO,"Evident Public Cloud Storage Security for 1 account, 3-year, up to 3 TB of data scanning, includes US Government Premium Support",
PAN-IGNITE-2019-100BND,PALO,Palo Alto Networks Ignite USA Conference 2019 100 Bundle Package,
PAN-IGNITE-2019-10BND,PALO,Palo Alto Networks Ignite USA Conference 2019 10 Bundle Package,
PAN-IGNITE-2019-1TIX,PALO,Palo Alto Networks Ignite USA Conference 2019 1 Ticket,
PAN-IGNITE-2019-200BND,PALO,Palo Alto Networks Ignite USA Conference 2019 200 Bundle Package,
PAN-IGNITE-2019-20BND,PALO,Palo Alto Networks Ignite USA Conference 2019 20 Bundle Package,
PAN-IGNITE-2019-30BND,PALO,Palo Alto Networks Ignite USA Conference 2019 30 Bundle Package,
PAN-IGNITE-2019-50BND,PALO,Palo Alto Networks Ignite USA Conference 2019 50 Bundle Package,
PAN-M-200-LAB,PALO,"Palo Alto Networks M-200 Lab unit, 16TB RAID storage (4 8TB RAID certified drives preinstalled)",
PAN-M-200-NFR,PALO,"Palo Alto Networks M-200 NFR unit, 16TB RAID storage (4 8TB RAID certified drives preinstalled)",
PAN-M-200-P-LAB,PALO,"Panorama Lab license, with unlimited devices or log collector for the M-200",
PAN-M-600-LAB,PALO,"Palo Alto Networks M-600 Lab unit, 16TB RAID storage (4 8TB RAID certified drives preinstalled)",
PAN-M-600-NFR,PALO,"Palo Alto Networks M-600 NFR unit, 16TB RAID storage (4 8TB RAID certified drives preinstalled)",
PAN-M-600-P-LAB,PALO,"Panorama Lab license, with unlimited devices or log collector for the M-600",
PAN-SFP-100BASE-FX,PALO,"SFP form factor, 100BASE-FX 100Mbps transceiver, 2Km reach, 62.5µ/125µ MMF, duplex LC, IEEE 802.3 clause 38 1000BASE-LX
compliant",
PAN-SVC-LAB-M-200-P-25,PALO,M-200 Lab First Year Standard Support,
PAN-SVC-LAB-M-200-P-25-R,PALO,M-200 Lab Standard Support Renewal,
PAN-SVC-LAB-M-600-P-25,PALO,M-600 Lab First Year Standard Support,
PAN-SVC-LAB-M-600-P-25-R,PALO,M-600 Lab Standard Support Renewal,
PAN-SVC-LAB-USG-M-200-P-25,PALO,For US Government Only. M-200 Lab First Year US Government Standard Support,
PAN-SVC-LAB-USG-M-200-P-25-R,PALO,For US Government Only. M-200 Lab US Government Standard Support Renewal,
PAN-SVC-LABUSG-M-600-P-25,PALO,For US Government Only. M-600 Lab First Year USGStandard Support,
PAN-SVC-LABUSG-M-600-P-25-R,PALO,For US Government Only. M-600 Lab USG Standard Support Renewal,
PAN-SVC-NFR-M-200-P-25,PALO,M-200 NFR First Year Standard Support,
PAN-SVC-NFR-M-200-P-25-R,PALO,M-200 NFR Standard Support Renewal,
PAN-SVC-NFR-M-600-P-25,PALO,M-600 NFR First Year Standard Support,
PAN-SVC-NFR-M-600-P-25-R,PALO,M-600 NFR Standard Support Renewal,
PAN-SVC-NFR-USG-M-200-P-25,PALO,For US Government Only. For M-200 NFR First Year US Government Standard Support,
PAN-SVC-NFR-USG-M-200-P-25-R,PALO,For US Government Only. M-200 NFR US Governement Standard Support Renewal,
PAN-SVC-NFRUSG-M-600-P-25,PALO,For US Government Only. M-600 NFR First Year USG Standard Support,
PAN-SVC-NFRUSG-M-600-P-25-R,PALO,For US Government Only. M-600 NFR Standard USG Support Renewal,
PAN-PRA-M-MIG-25,PALO,"Panorama license migration from M-series to VM Panorma, 25 devices",
PAN-PRA-M-MIG-100,PALO,"Panorama license migration from M-series to VM Panorma, 100 devices",
PAN-PRA-M-MIG-1000,PALO,"Panorama license migration from M-series to VM Panorma, 1000 devices",
PAN-M-200-P-MIG-25,PALO,"Panorama license migration from VM to M-200, 25 devices or log collector",
PAN-M-200-P-MIG-100,PALO,"Panorama license migration from VM to M-200, 100 devices",
PAN-M-200-P-MIG-1K,PALO,"Panorama license migration from VM to M-200, 1K devices",
PAN-M-200-P-MIG-M100-M200-25,PALO,"Panorama license migration from M-100 to M-200, 25 devices or log collector",
PAN-M-200-P-MIG-M100-M200-100,PALO,"Panorama license migration from M-100 to M-200, 100 devices",
PAN-M-200-P-MIG-M100-M200-1K,PALO,"Panorama license migration from M-100 to M-200, 1K devices",
PAN-M-600-P-MIG-25,PALO,"Panorama license migration from PRA-25 to M-500, 25 devices or log collector",
PAN-M-600-P-MIG-100,PALO,"Panorama license migration from PRA-100 to M-500, 100 devices",
PAN-M-600-P-MIG-1K,PALO,"Panorama license migration from PRA-1K to M-500, 1K devices",
PAN-M-600-P-MIG-M100-M600-25,PALO,"Panorama license migration from M-100 to M-600, 25 devices or log collector",
PAN-M-600-P-MIG-M100-M600-100,PALO,"Panorama license migration from M-100 to M-600, 100 devices",
PAN-M-600-P-MIG-M100-M600-1K,PALO,"Panorama license migration from M-100 to M-600, 1K devices",
PAN-M-600-P-MIG-M200-M600-25,PALO,"Panorama license migration from M-200 to M-600, 25 devices or log collector",
PAN-M-600-P-MIG-M200-M600-100,PALO,"Panorama license migration from M-200 to M-600, 100 devices",
PAN-M-600-P-MIG-M200-M600-1K,PALO,"Panorama license migration from M-200 to M-600, 1K devices",
PAN-M-600-P-MIG-M500-M600-25,PALO,"Panorama license migration from M-500 to M-600, 25 devices or log collector",
PAN-M-600-P-MIG-M500-M600-100,PALO,"Panorama license migration from M-500 to M-600, 100 devices",
PAN-M-600-P-MIG-M500-M600-1K,PALO,"Panorama license migration from M-500 to M-600, 1K devices",
PAN-PWR-CORD-JP-250V-15A,PALO,"Power cord for Japan with IEC-60320 C13 and NEMA L6-20P cord ends, PSE approved, 15A, 250V max, 8ft",
,PALO,,
PAN-CONSULT-CSS-TMS-MIGRATE,PALO,"SOW-based, migration of agents from Palo Alto Networks on-premises Endpoint Security Manager environment to the Traps
Management cloud-based security infrastructure",
PAN-CONSULT-VM-ACCEL,PALO,"Deployment of VM-Series in 1 Cloud Platform: 4 on public Clouds, 10 on private Clouds. Integration to Panorama. Apply up to 30 NAT
and 30 security policies. Knowledge Transfer on how to manage/operate/expand. Threat review and recommendation.",
PAN-CONSULT-APERTURE-ACCEL,PALO,"SOW-based design, documentation and implementation of SaaS policies and operational procedures for up to 4 SaaS applications and
review of 5% of active risks, up to 500 active risks.",
PAN-TRAPS-ELA-D-1YR,PALO,"Enterprise License Agreement, Traps tier D, 1-year, includes Premium Support",
PAN-TRAPS-ELA-D-3YR,PALO,"Enterprise License Agreement, Traps tier D, 3-year, includes Premium Support",
PAN-TRAPS-ELA-D-5YR,PALO,"Enterprise License Agreement, Traps tier D, 5-year, includes Premium Support",
PAN-TRAPS-ELA-D-USG-1YR,PALO,"Enterprise License Agreement, Traps tier D, 1-year, includes US Government Premium Support",
PAN-TRAPS-ELA-D-USG-3YR,PALO,"Enterprise License Agreement, Traps tier D, 3-year, includes US Government Premium Support",
PAN-TRAPS-ELA-D-USG-5YR,PALO,"Enterprise License Agreement, Traps tier D, 5-year, includes US Government Premium Support",
PAN-TRAPS-ELA-E-1YR,PALO,"Enterprise License Agreement, Traps tier E, 1-year, includes Premium Support",
PAN-TRAPS-ELA-E-3YR,PALO,"Enterprise License Agreement, Traps tier E, 3-year, includes Premium Support",
PAN-TRAPS-ELA-E-5YR,PALO,"Enterprise License Agreement, Traps tier E, 5-year, includes Premium Support",
PAN-TRAPS-ELA-E-USG-1YR,PALO,"Enterprise License Agreement, Traps tier E, 1-year, includes US Government Premium Support",
PAN-TRAPS-ELA-E-USG-3YR,PALO,"Enterprise License Agreement, Traps tier E, 3-year, includes US Government Premium Support",
PAN-TRAPS-ELA-E-USG-5YR,PALO,"Enterprise License Agreement, Traps tier E, 5-year, includes US Government Premium Support",
PAN-TRAPS-ELA-F-1YR,PALO,"Enterprise License Agreement, Traps tier F, 1-year, includes Premium Support",
PAN-TRAPS-ELA-F-3YR,PALO,"Enterprise License Agreement, Traps tier F, 3-year, includes Premium Support",
PAN-TRAPS-ELA-F-5YR,PALO,"Enterprise License Agreement, Traps tier F, 5-year, includes Premium Support",
PAN-TRAPS-ELA-F-USG-1YR,PALO,"Enterprise License Agreement, Traps tier F, 1-year, includes US Government Premium Support",
PAN-TRAPS-ELA-F-USG-3YR,PALO,"Enterprise License Agreement, Traps tier F, 3-year, includes US Government Premium Support",
PAN-TRAPS-ELA-F-USG-5YR,PALO,"Enterprise License Agreement, Traps tier F, 5-year, includes US Government Premium Support",
PAN-EVIDENT-ELA-1YR,PALO,"Evident Enterprise License Agreement for 1 cloud account, 1-year, includes Monitoring, Compliance, Storage Security & Premium
Support",
PAN-EVIDENT-ELA-3YR,PALO,"Evident Enterprise License Agreement for 1 cloud account, 3-year, includes Monitoring, Compliance, Storage Security & Premium
Support",
PAN-EVIDENT-ELA-USG-1YR,PALO,"Evident Enterprise License Agreement for 1 cloud account, 1-year, includes Monitoring, Compliance, Storage Security & US
Government Premium Support",
PAN-EVIDENT-ELA-USG-3YR,PALO,"Evident Enterprise License Agreement for 1 cloud account, 3-year, includes Monitoring, Compliance, Storage Security & US
Government Premium Support",
