Manuf,Vendor Part No,Description,List Price
Palo Alto Networks,PAN-PA-200,Palo Alto Networks PA-200,2000.0000
Palo Alto Networks,PAN-PA-200-AUS,Palo Alto Networks PA-200 with Australia power cord,2000.0000
Palo Alto Networks,PAN-PA-200-EU,Palo Alto Networks PA-200 with EU power cord,2000.0000
Palo Alto Networks,PAN-PA-200-JP,Palo Alto Networks PA-200 with Japan power cord,2000.0000
Palo Alto Networks,PAN-PA-200-SUI,Palo Alto Networks PA-200 with Suise power cord,2000.0000
Palo Alto Networks,PAN-PA-200-TW,Palo Alto Networks PA-200 with Taiwan power cord,2000.0000
Palo Alto Networks,PAN-PA-200-UK,Palo Alto Networks PA-200 with UK power cord,2000.0000
Palo Alto Networks,PAN-PA-200E,"Palo Alto Networks PA-200, Enterprise",1300.0000
Palo Alto Networks,PAN-PA-200E-AUS,"Palo Alto Networks PA-200 with Australia power cord, Enterprise",1300.0000
Palo Alto Networks,PAN-PA-200E-EU,"Palo Alto Networks PA-200 with EU power cord, Enterprise",1300.0000
Palo Alto Networks,PAN-PA-200E-JP,"Palo Alto Networks PA-200 with Japan power cord, Enterprise",1300.0000
Palo Alto Networks,PAN-PA-200E-SUI,"Palo Alto Networks PA-200 with Suise power cord, Enterprise",1300.0000
Palo Alto Networks,PAN-PA-200E-TW,"Palo Alto Networks PA-200 with Taiwan power cord, Enterprise",1300.0000
Palo Alto Networks,PAN-PA-200E-UK,"Palo Alto Networks PA-200 with UK power cord, Enterprise, Enterprise",1300.0000
Palo Alto Networks,PAN-PA-220,Palo Alto Networks PA-220,1000.0000
Palo Alto Networks,PAN-PA-500-2GB,Palo Alto Networks PA-500 2GB Memory,4500.0000
Palo Alto Networks,PAN-PA-500-UPG-2GB,2GB Memory Upgrade Kit for PA-500 Only. Cannot be installed on a PA-500-2GB (this unit already has 2GB memory).,400.0000
Palo Alto Networks,PAN-PA-820,Palo Alto Networks PA-820,4500.0000
Palo Alto Networks,PAN-PA-850,Palo Alto Networks PA-850,9500.0000
Palo Alto Networks,PAN-PA-3020,Palo Alto Networks PA-3020,14000.0000
Palo Alto Networks,PAN-PA-3050,Palo Alto Networks PA-3050,24000.0000
Palo Alto Networks,PAN-PA-3060,Palo Alto Networks PA-3060,36000.0000
Palo Alto Networks,PAN-PA-5020-SSD2-D,Redundant AC power supply and dual 240GB SSD drive,44000.0000
Palo Alto Networks,PAN-PA-5020-NEBS-D,AC version of NEBS Compliant Palo Alto Networks PA-5020 with redundant AC power supplies and dual 240GB SSD drive,47500.0000
Palo Alto Networks,PAN-PA-5020-DC-NEBS-D,DC Version of NEBS Compliant Palo Alto Networks PA-5020 with redundant DC power supplies and dual 240GB SSD drive,47500.0000
Palo Alto Networks,PAN-PA-5050-DC-NEBS-D,DC version of NEBS Compliant Palo Alto Networks PA-5050 with redundant DC power supplies and dual 240GB SSD drive,77500.0000
Palo Alto Networks,PAN-PA-5050-NEBS-D,AC version of NEBS Compliant Palo Alto Networks PA-5050 with redundant AC power supplies and dual 240GB SSD drive,77500.0000
Palo Alto Networks,PAN-PA-5050-SSD2-D,Redundant AC power supply and dual 240GB SSD drive,74000.0000
Palo Alto Networks,PAN-PA-5060-DC-NEBS-D,DC version of NEBS Compliant Palo Alto Networks PA-5060 with redundant DC power supplies and dual 240GB SSD drive,137500.0000
Palo Alto Networks,PAN-PA-5060-NEBS-D,AC version of NEBS Compliant Palo Alto Networks PA-5060 with redundant AC power supplies and dual 240GB SSD drive,137500.0000
Palo Alto Networks,PAN-PA-5060-SSD2-D,Redundant AC power supply and dual 240GB SSD drive,134000.0000
Palo Alto Networks,PAN-PA-5220-AC,Palo Alto Networks PA-5220 with redundant AC power supplies,50000.0000
Palo Alto Networks,PAN-PA-5220-DC,Palo Alto Networks PA-5220 with redundant DC power supplies,50000.0000
Palo Alto Networks,PAN-PA-5250-AC,Palo Alto Networks PA-5250 with redundant AC power supplies,100000.0000
Palo Alto Networks,PAN-PA-5250-DC,Palo Alto Networks PA-5250 with redundant DC power supplies,100000.0000
Palo Alto Networks,PAN-PA-5260-AC,Palo Alto Networks PA-5260 with redundant AC power supplies,180000.0000
Palo Alto Networks,PAN-PA-5260-DC,Palo Alto Networks PA-5260 with redundant DC power supplies,180000.0000
Palo Alto Networks,PAN-PA-7000-20G-NPC,"PA-7000 Network Processing Card with 12x10/100/1000 RJ-45 Ethernet, 8x1GbE SFP and 4x10GbE SFP+, 4M sessions.",150000.0000
Palo Alto Networks,PAN-PA-7000-20GQ-NPC,"PA-7000 Network Processing Card with 12x10GbE SFP+ and 2x40GbE QSFP+ interfaces, 4M sessions.",150000.0000
Palo Alto Networks,PAN-PA-7000-20GXM-NPC,"PA-7000 Network Processing Card with 12x10/100/1000 RJ-45 Ethernet, 8x1GbE SFP and 4x10GbE SFP+, 8M sessions, Extended
memory.",160000.0000
Palo Alto Networks,PAN-PA-7000-20GQXM-NPC,"PA-7000 Network Processing Card with 12x10GbE SFP+ and 2x40GbE QSFP+ interfaces, 8M sessions, Extended memory.",160000.0000
Palo Alto Networks,PAN-PA-7050-AC,"PA-7050 Base AC Hardware Bundle. Includes AC Chassis, 4xAC power supplies, 2xFan Trays, Fan Filter, Switch Management Card, Log
Processing Card, and 4xAMC cards",125000.0000
Palo Alto Networks,PAN-PA-7050-DC,"A-7050 Base DC Hardware Bundle. Includes DC Chassis, 4xDC power supplies, 2xFan Trays, Fan Filter, Switch Management Card, Log
Processing Card, and 4xAMC cards",125000.0000
Palo Alto Networks,PAN-PA-7080-AC,"PA-7080 Base AC Hardware Bundle. Includes AC Chassis, 4xAC power supplies, 2xFan Trays, Fan Filter, Switch Management Card, Log
Processing Card, and 4xAMC cards",150000.0000
Palo Alto Networks,PAN-PA-7080-DC,"PA-7080 Base DC Hardware Bundle. Includes DC Chassis, 4xDC power supplies, 2xFan Trays, Fan Filter, Switch Management Card, Log
Processing Card, and 4xAMC cards",150000.0000
Palo Alto Networks,PAN-PRA-25,"Panorama central management software, 25 devices",10000.0000
Palo Alto Networks,PAN-PRA-100,"Panorama central management software, 100 devices",25000.0000
Palo Alto Networks,PAN-PRA-1000,"Panorama central management software, 1000 devices",75000.0000
Palo Alto Networks,PAN-PRA-UPG-100,"Panorama upgrade, 25 to 100 devices",15000.0000
Palo Alto Networks,PAN-PRA-UPG-1K,"Panorama upgrade, 100 to 1000 devices",50000.0000
Palo Alto Networks,PAN-M-100,"Palo Alto Networks M-100, 1TB RAID storage (2 1TB RAID certified drives preinstalled). Rack mount rails included.",10000.0000
Palo Alto Networks,PAN-M-100-4TB,"Palo Alto Networks M-100, 4TB RAID storage (8 1TB RAID certified drives preinstalled). Rack mount rails included.",15000.0000
Palo Alto Networks,PAN-M-100-UPG-32GB,32GB Memory Upgrade Kit for M-100 Only. One per system. Replaces the existing memory.,1500.0000
Palo Alto Networks,PAN-M-P-25,"Panorama central management software license, 25 devices or log collector for the M-100",10000.0000
Palo Alto Networks,PAN-M-P-100,"Panorama central management software license, 100 devices for the M-100",25000.0000
Palo Alto Networks,PAN-M-P-1K,"Panorama central management software license, 1000 devices for the M-100",75000.0000
Palo Alto Networks,PAN-M-P-MIG-25,"Panorama license migration from PRA-25 to M-100, 25 devices or log collector",0.0000
Palo Alto Networks,PAN-M-P-MIG-100,"Panorama license migration from PRA-100 to M-100, 100 devices",0.0000
Palo Alto Networks,PAN-M-P-MIG-1K,"Panorama license migration from PRA-1K to M-100, 1K devices",0.0000
Palo Alto Networks,PAN-M-P-UPG-100,"Panorama license upgrade, 25 to 100 devices for the M-100",15000.0000
Palo Alto Networks,PAN-M-P-UPG-1K,"Panorama license upgrade, 100 to 1000 devices for the M-100",50000.0000
Palo Alto Networks,PAN-M-500,Palo Alto Networks M-500 chassis with 4TB storage (4x2TB RAID certified drives) and 4 post rack mount rails,25000.0000
Palo Alto Networks,PAN-M-500-P-25,"Panorama central management software license, 25 devices or log collector for the M-500",10000.0000
Palo Alto Networks,PAN-M-500-P-100,"Panorama central management software license, 100 devices for the M-500",25000.0000
Palo Alto Networks,PAN-M-500-P-1K,"Panorama central management software license, 1000 devices for the M-500",75000.0000
Palo Alto Networks,PAN-M-500-P-MIG-25,"Panorama license migration from PRA-25 to M-500, 25 devices or log collector",0.0000
Palo Alto Networks,PAN-M-500-P-MIG-100,"Panorama license migration from PRA-100 to M-500, 100 devices",0.0000
Palo Alto Networks,PAN-M-500-P-MIG-1K,"Panorama license migration from PRA-1K to M-500, 1K devices",0.0000
Palo Alto Networks,PAN-M-MIG-M100-M500-25,"Panorama license migration from M-100 to M-500, 25 devices or log collector",0.0000
Palo Alto Networks,PAN-M-MIG-M100-M500-100,"Panorama license migration from M-100 to M-500, 100 devices",0.0000
Palo Alto Networks,PAN-M-MIG-M100-M500-1K,"Panorama license migration from M-100 to M-500, 1K devices",0.0000
Palo Alto Networks,PAN-M-500-P-UPG-100,"Panorama license upgrade, 25 to 100 devices for the M-500",15000.0000
Palo Alto Networks,PAN-M-500-P-UPG-1K,"Panorama license upgrade, 100 to 1K devices for the M-500",50000.0000
Palo Alto Networks,PAN-VM-100,Palo Alto Networks VM-100,2700.0000
Palo Alto Networks,PAN-VM-100-ENT,"Palo Alto Networks VM-100 Enterprise, quantity 25",45000.0000
Palo Alto Networks,PAN-VM-200,Palo Alto Networks VM-200,4050.0000
Palo Alto Networks,PAN-VM-200-ENT,"Palo Alto Networks VM-200, quanity 25",67500.0000
Palo Alto Networks,PAN-VM-300,Palo Alto Networks VM-300,5400.0000
Palo Alto Networks,PAN-VM-300-ENT,"Palo Alto Networks VM-300, quantity 25",90000.0000
Palo Alto Networks,PAN-VM-1000-HV,Palo Alto Networks VM-1000-HV,6750.0000
Palo Alto Networks,PAN-VM-1000-HV-ENT,"Palo Alto Networks VM-1000-HV-ENT, quantity 25",112500.0000
Palo Alto Networks,PAN-VM-50-PERP-BASC-PREM-1YR,Palo Alto Networks Perpetual Bundle (Basic) for VM-Series that includes VM-50 and Premium Support,850.0000
Palo Alto Networks,PAN-VM-50-PERP-BASC-PREM-1YR-R,"Palo Alto Networks Perpetual Bundle (Basic) for VM-Series that includes Premium Support, 1 year, Renewal",140.0000
Palo Alto Networks,PAN-VM-50-PERP-BASC-PREM-3YR,"Palo Alto Networks Perpetual Bundle (Basic) for VM-Series that includes VM-50 and Premium Support, 3 year",1050.0000
Palo Alto Networks,PAN-VM-50-PERP-BASC-PREM-3YR-R,"Palo Alto Networks Perpetual Bundle (Basic) for VM-Series that includes Premium Support, 3 year, Renewal",500.0000
Palo Alto Networks,PAN-VM-50-PERP-BASC-PREM-5YR,"Palo Alto Networks Perpetual Bundle (Basic) for VM-Series that includes VM-50 and Premium Support, 5 year",1350.0000
Palo Alto Networks,PAN-VM-50-PERP-BASC-PREM-5YR-R,"Palo Alto Networks Perpetual Bundle (Basic) for VM-Series that includes Premium Support, 5 year, Renewal",720.0000
Palo Alto Networks,PAN-VM-50-PERP-BASC-PREMUSG-1YR,Palo Alto Networks Perpetual Bundle (Basic) for VM-Series that includes VM-50 and US Government Premium Support,850.0000
,,,
Palo Alto Networks,PAN-VM-50-PERP-BASC-PREMUSG-1YR-R,"Palo Alto Networks Perpetual Bundle (Basic) for VM-Series that includes US Government Premium Support, 1 year, Renewal",160.0000
Palo Alto Networks,PAN-VM-50-PERP-BASC-PREMUSG-3YR,"Palo Alto Networks Perpetual Bundle (Basic) for VM-Series that includes VM-50 and US Government Premium Support, 3 year",1100.0000
Palo Alto Networks,PAN-VM-50-PERP-BASC-PREMUSG-3YR-R,"Palo Alto Networks Perpetual Bundle (Basic) for VM-Series that includes US Government Premium Support, 3 year, Renewal",510.0000
Palo Alto Networks,PAN-VM-50-PERP-BASC-PREMUSG-5YR,"Palo Alto Networks Perpetual Bundle (Basic) for VM-Series that includes VM-50 and US Government Premium Support, 5 year",1350.0000
Palo Alto Networks,PAN-VM-50-PERP-BASC-PREMUSG-5YR-R,"Palo Alto Networks Perpetual Bundle (Basic) for VM-Series that includes US Government Premium Support, 5 year, Renewal",740.0000
Palo Alto Networks,PAN-VM-50-PERP-BND1-PREM-1YR,"Palo Alto Networks Perpetual Bundle (BND1) for VM-Series that includes VM-50, Threat Prevention subscription, and Premium
Support",1000.0000
Palo Alto Networks,PAN-VM-50-PERP-BND1-PREM-1YR-R,"Palo Alto Networks Perpetual Bundle (BND1) for VM-Series that includes Threat Prevention subscription, and Premium Support, 1
year, Renewal",280.0000
Palo Alto Networks,PAN-VM-50-PERP-BND1-PREM-3YR,"Palo Alto Networks Perpetual Bundle (BND1) for VM-Series that includes VM-50, Threat Prevention subscription, and Premium
Support, 3 year",1350.0000
Palo Alto Networks,PAN-VM-50-PERP-BND1-PREM-3YR-R,"Palo Alto Networks Perpetual Bundle (BND1) for VM-Series that includes Threat Prevention subscription, and Premium Support, 3
year, Renewal",670.0000
Palo Alto Networks,PAN-VM-50-PERP-BND1-PREM-5YR,"Palo Alto Networks Perpetual Bundle (BND1) for VM-Series that includes VM-50, Threat Prevention subscription, and Premium
Support, 5 year",1800.0000
Palo Alto Networks,PAN-VM-50-PERP-BND1-PREM-5YR-R,"Palo Alto Networks Perpetual Bundle (BND1) for VM-Series that includes Threat Prevention subscription, and Premium Support, 5
year, Renewal",1120.0000
Palo Alto Networks,PAN-VM-50-PERP-BND1-PREMUSG-1YR,"Palo Alto Networks Perpetual Bundle (BND1) for VM-Series that includes VM-50, Threat Prevention subscription, and US Government
Premium Support",1000.0000
Palo Alto Networks,PAN-VM-50-PERP-BND1-PREMUSG-1YR-R,"Palo Alto Networks Perpetual Bundle (BND1) for VM-Series that includes Threat Prevention subscription, and US Government
Premium Support, 1 year, Renewal",300.0000
Palo Alto Networks,PAN-VM-50-PERP-BND1-PREMUSG-3YR,"Palo Alto Networks Perpetual Bundle (BND1) for VM-Series that includes VM-50, Threat Prevention subscription, and US Government
Premium Support, 3 year",1400.0000
Palo Alto Networks,PAN-VM-50-PERP-BND1-PREMUSG-3YR-R,"Palo Alto Networks Perpetual Bundle (BND1) for VM-Series that includes Threat Prevention subscription, and US Government
Premium Support, 3 year, Renewal",720.0000
Palo Alto Networks,PAN-VM-50-PERP-BND1-PREMUSG-5YR,"Palo Alto Networks Perpetual Bundle (BND1) for VM-Series that includes VM-50, Threat Prevention subscription, and US Government
Premium Support, 5 year",1900.0000
Palo Alto Networks,PAN-VM-50-PERP-BND1-PREMUSG-5YR-R,"Palo Alto Networks Perpetual Bundle (BND1) for VM-Series that includes Threat Prevention subscription, and US Government
Premium Support, 5 year, Renewal",1200.0000
Palo Alto Networks,PAN-VM-50-PERP-BND2-PREM-1YR,"Palo Alto Networks Perpetual Bundle (BND2) for VM-Series that includes VM-50, Threat Prevention, PANDB URL filtering, Global
Protect and WildFire subscriptions, and Premium Support",1200.0000
Palo Alto Networks,PAN-VM-50-PERP-BND2-PREM-1YR-R,"Palo Alto Networks Perpetual Bundle (BND2) for VM-Series that includes Threat Prevention, PANDB URL filtering, Global Protect and
WildFire subscriptions, and Premium Support, 1 year, Renewal",490.0000
Palo Alto Networks,PAN-VM-50-PERP-BND2-PREM-3YR,"Palo Alto Networks Perpetual Bundle (BND2) for VM-Series that includes VM-50, Threat Prevention, PANDB URL filtering, Global
Protect and WildFire subscriptions, and Premium Support, 3 year",1900.0000
Palo Alto Networks,PAN-VM-50-PERP-BND2-PREM-3YR-R,"Palo Alto Networks Perpetual Bundle (BND2) for VM-Series that includes Threat Prevention, PANDB URL filtering, Global Protect and
WildFire subscriptions, and Premium Support, 3 year, Renewal",1180.0000
Palo Alto Networks,PAN-VM-50-PERP-BND2-PREM-5YR,"Palo Alto Networks Perpetual Bundle (BND2) for VM-Series that includes VM-50, Threat Prevention, PANDB URL filtering, Global
Protect and WildFire subscriptions, and Premium Support, 5 year",2650.0000
Palo Alto Networks,PAN-VM-50-PERP-BND2-PREM-5YR-R,"Palo Alto Networks Perpetual Bundle (BND2) for VM-Series that includes Threat Prevention, PANDB URL filtering, Global Protect and
WildFire subscriptions, and Premium Support, 5 year, Renewal",1960.0000
Palo Alto Networks,PAN-VM-50-PERP-BND2-PREMUSG-1YR,"Palo Alto Networks Perpetual Bundle (BND2) for VM-Series that includes VM-50, Threat Prevention, PANDB URL filtering, Global
Protect and WildFire subscriptions, and US Government Premium Support",1200.0000
Palo Alto Networks,PAN-VM-50-PERP-BND2-PREMUSG-1YR-R,"Palo Alto Networks Perpetual Bundle (BND2) for VM-Series that includes Threat Prevention, PANDB URL filtering, Global Protect and
WildFire subscriptions, and US Government Premium Support, 1 year, Renewal",510.0000
Palo Alto Networks,PAN-VM-50-PERP-BND2-PREMUSG-3YR,"Palo Alto Networks Perpetual Bundle (BND2) for VM-Series that includes VM-50, Threat Prevention, PANDB URL filtering, Global
Protect and WildFire subscriptions, and US Government Premium Support, 3 year",1950.0000
Palo Alto Networks,PAN-VM-50-PERP-BND2-PREMUSG-3YR-R,"Palo Alto Networks Perpetual Bundle (BND2) for VM-Series that includes Threat Prevention, PANDB URL filtering, Global Protect and
WildFire subscriptions, and US Government Premium Support, 3 year, Renewal",1220.0000
Palo Alto Networks,PAN-VM-50-PERP-BND2-PREMUSG-5YR,"Palo Alto Networks Perpetual Bundle (BND2) for VM-Series that includes VM-50, Threat Prevention, PANDB URL filtering, Global
Protect and WildFire subscriptions, and US Government Premium Support, 5 year",2750.0000
Palo Alto Networks,PAN-VM-50-PERP-BND2-PREMUSG-5YR-R,"Palo Alto Networks Perpetual Bundle (BND2) for VM-Series that includes Threat Prevention, PANDB URL filtering, Global Protect and
WildFire subscriptions, and US Government Premium Support, 5 year, Renewal",2040.0000
Palo Alto Networks,PAN-VM-100-PERP-BASC-PREM-1YR,Palo Alto Networks Perpetual Bundle (Basic) for VM-Series that includes VM-100 and Premium Support,2200.0000
Palo Alto Networks,PAN-VM-100-PERP-BASC-PREM-1YR-R,"Palo Alto Networks Perpetual Bundle (Basic) for VM-Series that includes Premium Support, 1 year, Renewal",400.0000
Palo Alto Networks,PAN-VM-100-PERP-BASC-PREM-3YR,"Palo Alto Networks Perpetual Bundle (Basic) for VM-Series that includes VM-100 and Premium Support, 3 year",2700.0000
Palo Alto Networks,PAN-VM-100-PERP-BASC-PREM-3YR-R,"Palo Alto Networks Perpetual Bundle (Basic) for VM-Series that includes Premium Support, 3 year, Renewal",1000.0000
Palo Alto Networks,PAN-VM-100-PERP-BASC-PREM-5YR,"Palo Alto Networks Perpetual Bundle (Basic) for VM-Series that includes VM-100 and Premium Support, 5 year",3200.0000
Palo Alto Networks,PAN-VM-100-PERP-BASC-PREM-5YR-R,"Palo Alto Networks Perpetual Bundle (Basic) for VM-Series that includes Premium Support, 5 year, Renewal",1600.0000
Palo Alto Networks,PAN-VM-100-PERP-BASC-PREMUSG-1YR,Palo Alto Networks Perpetual Bundle (Basic) for VM-Series that includes VM-100 and US Government Premium Support,2200.0000
Palo Alto Networks,PAN-VM-100-PERP-BASC-PREMUSG-1YR-R,"Palo Alto Networks Perpetual Bundle (Basic) for VM-Series that includes US Government Premium Support, 1 year, Renewal",400.0000
Palo Alto Networks,PAN-VM-100-PERP-BASC-PREMUSG-3YR,"Palo Alto Networks Perpetual Bundle (Basic) for VM-Series that includes VM-100 and US Government Premium Support, 3 year",2800.0000
Palo Alto Networks,PAN-VM-100-PERP-BASC-PREMUSG-3YR-R,"Palo Alto Networks Perpetual Bundle (Basic) for VM-Series that includes US Government Premium Support, 3 year, Renewal",1000.0000
Palo Alto Networks,PAN-VM-100-PERP-BASC-PREMUSG-5YR,"Palo Alto Networks Perpetual Bundle (Basic) for VM-Series that includes VM-100 and US Government Premium Support, 5 year",3500.0000
Palo Alto Networks,PAN-VM-100-PERP-BASC-PREMUSG-5YR-R,"Palo Alto Networks Perpetual Bundle (Basic) for VM-Series that includes US Government Premium Support, 5 year, Renewal",1600.0000
Palo Alto Networks,PAN-VM-100-PERP-BND1-PREM-1YR,"Palo Alto Networks Perpetual Bundle (BND1) for VM-Series that includes VM-100, Threat Prevention subscription, and Premium
Support",2500.0000
Palo Alto Networks,PAN-VM-100-PERP-BND1-PREM-1YR-R,"Palo Alto Networks Perpetual Bundle (BND1) for VM-Series that includes Threat Prevention subscription, and Premium Support, 1
year, Renewal",700.0000
Palo Alto Networks,PAN-VM-100-PERP-BND1-PREM-3YR,"Palo Alto Networks Perpetual Bundle (BND1) for VM-Series that includes VM-100, Threat Prevention subscription, and Premium
Support, 3 year",3500.0000
Palo Alto Networks,PAN-VM-100-PERP-BND1-PREM-3YR-R,"Palo Alto Networks Perpetual Bundle (BND1) for VM-Series that includes Threat Prevention subscription, and Premium Support, 3
year, Renewal",1700.0000
Palo Alto Networks,PAN-VM-100-PERP-BND1-PREM-5YR,"Palo Alto Networks Perpetual Bundle (BND1) for VM-Series that includes VM-100, Threat Prevention subscription, and Premium
Support, 5 year",4700.0000
Palo Alto Networks,PAN-VM-100-PERP-BND1-PREM-5YR-R,"Palo Alto Networks Perpetual Bundle (BND1) for VM-Series that includes Threat Prevention subscription, and Premium Support, 5
year, Renewal",2800.0000
Palo Alto Networks,PAN-VM-100-PERP-BND1-PREMUSG-1YR,"Palo Alto Networks Perpetual Bundle (BND1) for VM-Series that includes VM-100, Threat Prevention subscription, and US
Government Premium Support",2600.0000
Palo Alto Networks,PAN-VM-100-PERP-BND1-PREMUSG-1YR-R,"Palo Alto Networks Perpetual Bundle (BND1) for VM-Series that includes Threat Prevention subscription, and US Government
Premium Support, 1 year, Renewal",800.0000
Palo Alto Networks,PAN-VM-100-PERP-BND1-PREMUSG-3YR,"Palo Alto Networks Perpetual Bundle (BND1) for VM-Series that includes VM-100, Threat Prevention subscription, and US
Government Premium Support, 3 year",3700.0000
,,,
Palo Alto Networks,PAN-VM-100-PERP-BND1-PREMUSG-3YR-R,"Palo Alto Networks Perpetual Bundle (BND1) for VM-Series that includes Threat Prevention subscription, and US Government
Premium Support, 3 year, Renewal",1900.0000
Palo Alto Networks,PAN-VM-100-PERP-BND1-PREMUSG-5YR,"Palo Alto Networks Perpetual Bundle (BND1) for VM-Series that includes VM-100, Threat Prevention subscription, and US
Government Premium Support, 5 year",4900.0000
Palo Alto Networks,PAN-VM-100-PERP-BND1-PREMUSG-5YR-R,"Palo Alto Networks Perpetual Bundle (BND1) for VM-Series that includes Threat Prevention subscription, and US Government
Premium Support, 5 year, Renewal",3200.0000
Palo Alto Networks,PAN-VM-100-PERP-BND2-PREM-1YR,"Palo Alto Networks Perpetual Bundle (BND2) for VM-Series that includes VM-100, Threat Prevention, PANDB URL filtering, Global
Protect and WildFire subscriptions, and Premium Support",3100.0000
Palo Alto Networks,PAN-VM-100-PERP-BND2-PREM-1YR-R,"Palo Alto Networks Perpetual Bundle (BND2) for VM-Series that includes Threat Prevention, PANDB URL filtering, Global Protect and
WildFire subscriptions, and Premium Support, 1 year, Renewal",1300.0000
Palo Alto Networks,PAN-VM-100-PERP-BND2-PREM-3YR,"Palo Alto Networks Perpetual Bundle (BND2) for VM-Series that includes VM-100, Threat Prevention, PANDB URL filtering, Global
Protect and WildFire subscriptions, and Premium Support, 3 year",4800.0000
Palo Alto Networks,PAN-VM-100-PERP-BND2-PREM-3YR-R,"Palo Alto Networks Perpetual Bundle (BND2) for VM-Series that includes Threat Prevention, PANDB URL filtering, Global Protect and
WildFire subscriptions, and Premium Support, 3 year, Renewal",3100.0000
Palo Alto Networks,PAN-VM-100-PERP-BND2-PREM-5YR,"Palo Alto Networks Perpetual Bundle (BND2) for VM-Series that includes VM-100, Threat Prevention, PANDB URL filtering, Global
Protect and WildFire subscriptions, and Premium Support, 5 year",6800.0000
Palo Alto Networks,PAN-VM-100-PERP-BND2-PREM-5YR-R,"Palo Alto Networks Perpetual Bundle (BND2) for VM-Series that includes Threat Prevention, PANDB URL filtering, Global Protect and
WildFire subscriptions, and Premium Support, 5 year, Renewal",5200.0000
Palo Alto Networks,PAN-VM-100-PERP-BND2-PREMUSG-1YR,"Palo Alto Networks Perpetual Bundle (BND2) for VM-Series that includes VM-100, Threat Prevention, PANDB URL filtering, Global
Protect and WildFire subscriptions, and US Government Premium Support",3100.0000
Palo Alto Networks,PAN-VM-100-PERP-BND2-PREMUSG-1YR-R,"Palo Alto Networks Perpetual Bundle (BND2) for VM-Series that includes Threat Prevention, PANDB URL filtering, Global Protect and
WildFire subscriptions, and US Government Premium Support, 1 year, Renewal",1300.0000
Palo Alto Networks,PAN-VM-100-PERP-BND2-PREMUSG-3YR,"Palo Alto Networks Perpetual Bundle (BND2) for VM-Series that includes VM-100, Threat Prevention, PANDB URL filtering, Global
Protect and WildFire subscriptions, and US Government Premium Support, 3 year",5000.0000
Palo Alto Networks,PAN-VM-100-PERP-BND2-PREMUSG-3YR-R,"Palo Alto Networks Perpetual Bundle (BND2) for VM-Series that includes Threat Prevention, PANDB URL filtering, Global Protect and
WildFire subscriptions, and US Government Premium Support, 3 year, Renewal",3100.0000
Palo Alto Networks,PAN-VM-100-PERP-BND2-PREMUSG-5YR,"Palo Alto Networks Perpetual Bundle (BND2) for VM-Series that includes VM-100, Threat Prevention, PANDB URL filtering, Global
Protect and WildFire subscriptions, and US Government Premium Support, 5 year",7100.0000
Palo Alto Networks,PAN-VM-100-PERP-BND2-PREMUSG-5YR-R,"Palo Alto Networks Perpetual Bundle (BND2) for VM-Series that includes Threat Prevention, PANDB URL filtering, Global Protect and
WildFire subscriptions, and US Government Premium Support, 5 year, Renewal",5200.0000
Palo Alto Networks,PAN-VM-300-PERP-BASC-PREM-1YR,Palo Alto Networks Perpetual Bundle (Basic) for VM-Series that includes VM-300 and Premium Support,4300.0000
Palo Alto Networks,PAN-VM-300-PERP-BASC-PREM-1YR-R,"Palo Alto Networks Perpetual Bundle (Basic) for VM-Series that includes Premium Support, 1 year, Renewal",700.0000
Palo Alto Networks,PAN-VM-300-PERP-BASC-PREM-3YR,"Palo Alto Networks Perpetual Bundle (Basic) for VM-Series that includes VM-300 and Premium Support, 3 year",5300.0000
Palo Alto Networks,PAN-VM-300-PERP-BASC-PREM-3YR-R,"Palo Alto Networks Perpetual Bundle (Basic) for VM-Series that includes Premium Support, 3 year, Renewal",1700.0000
Palo Alto Networks,PAN-VM-300-PERP-BASC-PREM-5YR,"Palo Alto Networks Perpetual Bundle (Basic) for VM-Series that includes VM-300 and Premium Support, 5 year",6500.0000
Palo Alto Networks,PAN-VM-300-PERP-BASC-PREM-5YR-R,"Palo Alto Networks Perpetual Bundle (Basic) for VM-Series that includes Premium Support, 5 year, Renewal",2800.0000
Palo Alto Networks,PAN-VM-300-PERP-BASC-PREMUSG-1YR,Palo Alto Networks Perpetual Bundle (Basic) for VM-Series that includes VM-300 and US Government Premium Support,4400.0000
Palo Alto Networks,PAN-VM-300-PERP-BASC-PREMUSG-1YR-R,"Palo Alto Networks Perpetual Bundle (Basic) for VM-Series that includes US Government Premium Support, 1 year, Renewal",800.0000
Palo Alto Networks,PAN-VM-300-PERP-BASC-PREMUSG-3YR,"Palo Alto Networks Perpetual Bundle (Basic) for VM-Series that includes VM-300 and US Government Premium Support, 3 year",5600.0000
Palo Alto Networks,PAN-VM-300-PERP-BASC-PREMUSG-3YR-R,"Palo Alto Networks Perpetual Bundle (Basic) for VM-Series that includes US Government Premium Support, 3 year, Renewal",1900.0000
Palo Alto Networks,PAN-VM-300-PERP-BASC-PREMUSG-5YR,"Palo Alto Networks Perpetual Bundle (Basic) for VM-Series that includes VM-300 and US Government Premium Support, 5 year",6900.0000
Palo Alto Networks,PAN-VM-300-PERP-BASC-PREMUSG-5YR-R,"Palo Alto Networks Perpetual Bundle (Basic) for VM-Series that includes US Government Premium Support, 5 year, Renewal",3200.0000
Palo Alto Networks,PAN-VM-300-PERP-BND1-PREM-1YR,"Palo Alto Networks Perpetual Bundle (BND1) for VM-Series that includes VM-300, Threat Prevention subscription, and Premium
Support",5000.0000
Palo Alto Networks,PAN-VM-300-PERP-BND1-PREM-1YR-R,"Palo Alto Networks Perpetual Bundle (BND1) for VM-Series that includes Threat Prevention subscription, and Premium Support, 1
year, Renewal",1400.0000
Palo Alto Networks,PAN-VM-300-PERP-BND1-PREM-3YR,"Palo Alto Networks Perpetual Bundle (BND1) for VM-Series that includes VM-300, Threat Prevention subscription, and Premium
Support, 3 year",7100.0000
Palo Alto Networks,PAN-VM-300-PERP-BND1-PREM-3YR-R,"Palo Alto Networks Perpetual Bundle (BND1) for VM-Series that includes Threat Prevention subscription, and Premium Support, 3
year, Renewal",3400.0000
Palo Alto Networks,PAN-VM-300-PERP-BND1-PREM-5YR,"Palo Alto Networks Perpetual Bundle (BND1) for VM-Series that includes VM-300, Threat Prevention subscription, and Premium
Support, 5 year",9400.0000
Palo Alto Networks,PAN-VM-300-PERP-BND1-PREM-5YR-R,"Palo Alto Networks Perpetual Bundle (BND1) for VM-Series that includes Threat Prevention subscription, and Premium Support, 5
year, Renewal",5600.0000
Palo Alto Networks,PAN-VM-300-PERP-BND1-PREMUSG-1YR,"Palo Alto Networks Perpetual Bundle (BND1) for VM-Series that includes VM-300, Threat Prevention subscription, and US
Government Premium Support",5100.0000
Palo Alto Networks,PAN-VM-300-PERP-BND1-PREMUSG-1YR-R,"Palo Alto Networks Perpetual Bundle (BND1) for VM-Series that includes Threat Prevention subscription, and US Government
Premium Support, 1 year, Renewal",1500.0000
Palo Alto Networks,PAN-VM-300-PERP-BND1-PREMUSG-3YR,"Palo Alto Networks Perpetual Bundle (BND1) for VM-Series that includes VM-300, Threat Prevention subscription, and US
Government Premium Support, 3 year",7300.0000
Palo Alto Networks,PAN-VM-300-PERP-BND1-PREMUSG-3YR-R,"Palo Alto Networks Perpetual Bundle (BND1) for VM-Series that includes Threat Prevention subscription, and US Government
Premium Support, 3 year, Renewal",3600.0000
Palo Alto Networks,PAN-VM-300-PERP-BND1-PREMUSG-5YR,"Palo Alto Networks Perpetual Bundle (BND1) for VM-Series that includes VM-300, Threat Prevention subscription, and US
Government Premium Support, 5 year",9800.0000
Palo Alto Networks,PAN-VM-300-PERP-BND1-PREMUSG-5YR-R,"Palo Alto Networks Perpetual Bundle (BND1) for VM-Series that includes Threat Prevention subscription, and US Government
Premium Support, 5 year, Renewal",6000.0000
Palo Alto Networks,PAN-VM-300-PERP-BND2-PREM-1YR,"Palo Alto Networks Perpetual Bundle (BND2) for VM-Series that includes VM-300, Threat Prevention, PANDB URL filtering, Global
Protect and WildFire subscriptions, and Premium Support",6100.0000
Palo Alto Networks,PAN-VM-300-PERP-BND2-PREM-1YR-R,"Palo Alto Networks Perpetual Bundle (BND2) for VM-Series that includes Threat Prevention, PANDB URL filtering, Global Protect and
WildFire subscriptions, and Premium Support, 1 year, Renewal",2500.0000
Palo Alto Networks,PAN-VM-300-PERP-BND2-PREM-3YR,"Palo Alto Networks Perpetual Bundle (BND2) for VM-Series that includes VM-300, Threat Prevention, PANDB URL filtering, Global
Protect and WildFire subscriptions, and Premium Support, 3 year",9600.0000
Palo Alto Networks,PAN-VM-300-PERP-BND2-PREM-3YR-R,"Palo Alto Networks Perpetual Bundle (BND2) for VM-Series that includes Threat Prevention, PANDB URL filtering, Global Protect and
WildFire subscriptions, and Premium Support, 3 year, Renewal",6000.0000
Palo Alto Networks,PAN-VM-300-PERP-BND2-PREM-5YR,"Palo Alto Networks Perpetual Bundle (BND2) for VM-Series that includes VM-300, Threat Prevention, PANDB URL filtering, Global
Protect and WildFire subscriptions, and Premium Support, 5 year",13700.0000
Palo Alto Networks,PAN-VM-300-PERP-BND2-PREM-5YR-R,"Palo Alto Networks Perpetual Bundle (BND2) for VM-Series that includes Threat Prevention, PANDB URL filtering, Global Protect and
WildFire subscriptions, and Premium Support, 5 year, Renewal",10000.0000
Palo Alto Networks,PAN-VM-300-PERP-BND2-PREMUSG-1YR,"Palo Alto Networks Perpetual Bundle (BND2) for VM-Series that includes VM-300, Threat Prevention, PANDB URL filtering, Global
Protect and WildFire subscriptions, and US Government Premium Support",6200.0000
Palo Alto Networks,PAN-VM-300-PERP-BND2-PREMUSG-1YR-R,"Palo Alto Networks Perpetual Bundle (BND2) for VM-Series that includes Threat Prevention, PANDB URL filtering, Global Protect and
WildFire subscriptions, and US Government Premium Support, 1 year, Renewal",2600.0000
Palo Alto Networks,PAN-VM-300-PERP-BND2-PREMUSG-3YR,"Palo Alto Networks Perpetual Bundle (BND2) for VM-Series that includes VM-300, Threat Prevention, PANDB URL filtering, Global
Protect and WildFire subscriptions, and US Government Premium Support, 3 year",9900.0000
Palo Alto Networks,PAN-VM-300-PERP-BND2-PREMUSG-3YR-R,"Palo Alto Networks Perpetual Bundle (BND2) for VM-Series that includes Threat Prevention, PANDB URL filtering, Global Protect and
WildFire subscriptions, and US Government Premium Support, 3 year, Renewal",6200.0000
Palo Alto Networks,PAN-VM-300-PERP-BND2-PREMUSG-5YR,"Palo Alto Networks Perpetual Bundle (BND2) for VM-Series that includes VM-300, Threat Prevention, PANDB URL filtering, Global
Protect and WildFire subscriptions, and US Government Premium Support, 5 year",14100.0000
,,,
Palo Alto Networks,PAN-VM-300-PERP-BND2-PREMUSG-5YR-R,"Palo Alto Networks Perpetual Bundle (BND2) for VM-Series that includes Threat Prevention, PANDB URL filtering, Global Protect and
WildFire subscriptions, and US Government Premium Support, 5 year, Renewal",10400.0000
Palo Alto Networks,PAN-VM-500-PERP-BASC-PREM-1YR,Palo Alto Networks Perpetual Bundle (Basic) for VM-Series that includes VM-500 and Premium Support,12200.0000
Palo Alto Networks,PAN-VM-500-PERP-BASC-PREM-1YR-R,"Palo Alto Networks Perpetual Bundle (Basic) for VM-Series that includes Premium Support, 1 year, Renewal",2000.0000
Palo Alto Networks,PAN-VM-500-PERP-BASC-PREM-3YR,"Palo Alto Networks Perpetual Bundle (Basic) for VM-Series that includes VM-500 and Premium Support, 3 year",15100.0000
Palo Alto Networks,PAN-VM-500-PERP-BASC-PREM-3YR-R,"Palo Alto Networks Perpetual Bundle (Basic) for VM-Series that includes Premium Support, 3 year, Renewal",4800.0000
Palo Alto Networks,PAN-VM-500-PERP-BASC-PREM-5YR,"Palo Alto Networks Perpetual Bundle (Basic) for VM-Series that includes VM-500 and Premium Support, 5 year",18400.0000
Palo Alto Networks,PAN-VM-500-PERP-BASC-PREM-5YR-R,"Palo Alto Networks Perpetual Bundle (Basic) for VM-Series that includes Premium Support, 5 year, Renewal",8000.0000
Palo Alto Networks,PAN-VM-500-PERP-BASC-PREMUSG-1YR,Palo Alto Networks Perpetual Bundle (Basic) for VM-Series that includes VM-500 and US Government Premium Support,12500.0000
Palo Alto Networks,PAN-VM-500-PERP-BASC-PREMUSG-1YR-R,"Palo Alto Networks Perpetual Bundle (Basic) for VM-Series that includes US Government Premium Support, 1 year, Renewal",2300.0000
Palo Alto Networks,PAN-VM-500-PERP-BASC-PREMUSG-3YR,"Palo Alto Networks Perpetual Bundle (Basic) for VM-Series that includes VM-500 and US Government Premium Support, 3 year",15800.0000
Palo Alto Networks,PAN-VM-500-PERP-BASC-PREMUSG-3YR-R,"Palo Alto Networks Perpetual Bundle (Basic) for VM-Series that includes US Government Premium Support, 3 year, Renewal",5500.0000
Palo Alto Networks,PAN-VM-500-PERP-BASC-PREMUSG-5YR,"Palo Alto Networks Perpetual Bundle (Basic) for VM-Series that includes VM-500 and US Government Premium Support, 5 year",19600.0000
Palo Alto Networks,PAN-VM-500-PERP-BASC-PREMUSG-5YR-R,"Palo Alto Networks Perpetual Bundle (Basic) for VM-Series that includes US Government Premium Support, 5 year, Renewal",9200.0000
Palo Alto Networks,PAN-VM-500-PERP-BND1-PREM-1YR,"Palo Alto Networks Perpetual Bundle (BND1) for VM-Series that includes VM-500, Threat Prevention subscription, and Premium
Support",14300.0000
Palo Alto Networks,PAN-VM-500-PERP-BND1-PREM-1YR-R,"Palo Alto Networks Perpetual Bundle (BND1) for VM-Series that includes Threat Prevention subscription, and Premium Support, 1
year, Renewal",4100.0000
Palo Alto Networks,PAN-VM-500-PERP-BND1-PREM-3YR,"Palo Alto Networks Perpetual Bundle (BND1) for VM-Series that includes VM-500, Threat Prevention subscription, and Premium
Support, 3 year",20000.0000
Palo Alto Networks,PAN-VM-500-PERP-BND1-PREM-3YR-R,"Palo Alto Networks Perpetual Bundle (BND1) for VM-Series that includes Threat Prevention subscription, and Premium Support, 3
year, Renewal",9800.0000
Palo Alto Networks,PAN-VM-500-PERP-BND1-PREM-5YR,"Palo Alto Networks Perpetual Bundle (BND1) for VM-Series that includes VM-500, Threat Prevention subscription, and Premium
Support, 5 year",26500.0000
Palo Alto Networks,PAN-VM-500-PERP-BND1-PREM-5YR-R,"Palo Alto Networks Perpetual Bundle (BND1) for VM-Series that includes Threat Prevention subscription, and Premium Support, 5
year, Renewal",16400.0000
Palo Alto Networks,PAN-VM-500-PERP-BND1-PREMUSG-1YR,"Palo Alto Networks Perpetual Bundle (BND1) for VM-Series that includes VM-500, Threat Prevention subscription, and US
Government Premium Support",14600.0000
Palo Alto Networks,PAN-VM-500-PERP-BND1-PREMUSG-1YR-R,"Palo Alto Networks Perpetual Bundle (BND1) for VM-Series that includes Threat Prevention subscription, and US Government
Premium Support, 1 year, Renewal",4400.0000
Palo Alto Networks,PAN-VM-500-PERP-BND1-PREMUSG-3YR,"Palo Alto Networks Perpetual Bundle (BND1) for VM-Series that includes VM-500, Threat Prevention subscription, and US
Government Premium Support, 3 year",20700.0000
Palo Alto Networks,PAN-VM-500-PERP-BND1-PREMUSG-3YR-R,"Palo Alto Networks Perpetual Bundle (BND1) for VM-Series that includes Threat Prevention subscription, and US Government
Premium Support, 3 year, Renewal",10600.0000
Palo Alto Networks,PAN-VM-500-PERP-BND1-PREMUSG-5YR,"Palo Alto Networks Perpetual Bundle (BND1) for VM-Series that includes VM-500, Threat Prevention subscription, and US
Government Premium Support, 5 year",27700.0000
Palo Alto Networks,PAN-VM-500-PERP-BND1-PREMUSG-5YR-R,"Palo Alto Networks Perpetual Bundle (BND1) for VM-Series that includes Threat Prevention subscription, and US Government
Premium Support, 5 year, Renewal",17600.0000
Palo Alto Networks,PAN-VM-500-PERP-BND2-PREM-1YR,"Palo Alto Networks Perpetual Bundle (BND2) for VM-Series that includes VM-500, Threat Prevention, PANDB URL filtering, Global
Protect and WildFire subscriptions, and Premium Support",17300.0000
Palo Alto Networks,PAN-VM-500-PERP-BND2-PREM-1YR-R,"Palo Alto Networks Perpetual Bundle (BND2) for VM-Series that includes Threat Prevention, PANDB URL filtering, Global Protect and
WildFire subscriptions, and Premium Support, 1 year, Renewal",7100.0000
Palo Alto Networks,PAN-VM-500-PERP-BND2-PREM-3YR,"Palo Alto Networks Perpetual Bundle (BND2) for VM-Series that includes VM-500, Threat Prevention, PANDB URL filtering, Global
Protect and WildFire subscriptions, and Premium Support, 3 year",27300.0000
Palo Alto Networks,PAN-VM-500-PERP-BND2-PREM-3YR-R,"Palo Alto Networks Perpetual Bundle (BND2) for VM-Series that includes Threat Prevention, PANDB URL filtering, Global Protect and
WildFire subscriptions, and Premium Support, 3 year, Renewal",17000.0000
Palo Alto Networks,PAN-VM-500-PERP-BND2-PREM-5YR,"Palo Alto Networks Perpetual Bundle (BND2) for VM-Series that includes VM-500, Threat Prevention, PANDB URL filtering, Global
Protect and WildFire subscriptions, and Premium Support, 5 year",38800.0000
Palo Alto Networks,PAN-VM-500-PERP-BND2-PREM-5YR-R,"Palo Alto Networks Perpetual Bundle (BND2) for VM-Series that includes Threat Prevention, PANDB URL filtering, Global Protect and
WildFire subscriptions, and Premium Support, 5 year, Renewal",28400.0000
Palo Alto Networks,PAN-VM-500-PERP-BND2-PREMUSG-1YR,"Palo Alto Networks Perpetual Bundle (BND2) for VM-Series that includes VM-500, Threat Prevention, PANDB URL filtering, Global
Protect and WildFire subscriptions, and US Government Premium Support",17600.0000
Palo Alto Networks,PAN-VM-500-PERP-BND2-PREMUSG-1YR-R,"Palo Alto Networks Perpetual Bundle (BND2) for VM-Series that includes Threat Prevention, PANDB URL filtering, Global Protect and
WildFire subscriptions, and US Government Premium Support, 1 year, Renewal",7400.0000
Palo Alto Networks,PAN-VM-500-PERP-BND2-PREMUSG-3YR,"Palo Alto Networks Perpetual Bundle (BND2) for VM-Series that includes VM-500, Threat Prevention, PANDB URL filtering, Global
Protect and WildFire subscriptions, and US Government Premium Support, 3 year",28100.0000
Palo Alto Networks,PAN-VM-500-PERP-BND2-PREMUSG-3YR-R,"Palo Alto Networks Perpetual Bundle (BND2) for VM-Series that includes Threat Prevention, PANDB URL filtering, Global Protect and
WildFire subscriptions, and US Government Premium Support, 3 year, Renewal",17800.0000
Palo Alto Networks,PAN-VM-500-PERP-BND2-PREMUSG-5YR,"Palo Alto Networks Perpetual Bundle (BND2) for VM-Series that includes VM-500, Threat Prevention, PANDB URL filtering, Global
Protect and WildFire subscriptions, and US Government Premium Support, 5 year",40000.0000
Palo Alto Networks,PAN-VM-500-PERP-BND2-PREMUSG-5YR-R,"Palo Alto Networks Perpetual Bundle (BND2) for VM-Series that includes Threat Prevention, PANDB URL filtering, Global Protect and
WildFire subscriptions, and US Government Premium Support, 5 year, Renewal",29600.0000
Palo Alto Networks,PAN-VM-700-PERP-BASC-PREM-1YR,Palo Alto Networks Perpetual Bundle (Basic) for VM-Series that includes VM-700 and Premium Support,26200.0000
Palo Alto Networks,PAN-VM-700-PERP-BASC-PREM-1YR-R,"Palo Alto Networks Perpetual Bundle (Basic) for VM-Series that includes Premium Support, 1 year, Renewal",4400.0000
Palo Alto Networks,PAN-VM-700-PERP-BASC-PREM-3YR,"Palo Alto Networks Perpetual Bundle (Basic) for VM-Series that includes VM-700 and Premium Support, 3 year",32300.0000
Palo Alto Networks,PAN-VM-700-PERP-BASC-PREM-3YR-R,"Palo Alto Networks Perpetual Bundle (Basic) for VM-Series that includes Premium Support, 3 year, Renewal",10600.0000
Palo Alto Networks,PAN-VM-700-PERP-BASC-PREM-5YR,"Palo Alto Networks Perpetual Bundle (Basic) for VM-Series that includes VM-700 and Premium Support, 5 year",39200.0000
Palo Alto Networks,PAN-VM-700-PERP-BASC-PREM-5YR-R,"Palo Alto Networks Perpetual Bundle (Basic) for VM-Series that includes Premium Support, 5 year, Renewal",17600.0000
Palo Alto Networks,PAN-VM-700-PERP-BASC-PREMUSG-1YR,Palo Alto Networks Perpetual Bundle (Basic) for VM-Series that includes VM-700 and US Government Premium Support,26800.0000
Palo Alto Networks,PAN-VM-700-PERP-BASC-PREMUSG-1YR-R,"Palo Alto Networks Perpetual Bundle (Basic) for VM-Series that includes US Government Premium Support, 1 year, Renewal",5000.0000
Palo Alto Networks,PAN-VM-700-PERP-BASC-PREMUSG-3YR,"Palo Alto Networks Perpetual Bundle (Basic) for VM-Series that includes VM-700 and US Government Premium Support, 3 year",33800.0000
Palo Alto Networks,PAN-VM-700-PERP-BASC-PREMUSG-3YR-R,"Palo Alto Networks Perpetual Bundle (Basic) for VM-Series that includes US Government Premium Support, 3 year, Renewal",12000.0000
Palo Alto Networks,PAN-VM-700-PERP-BASC-PREMUSG-5YR,"Palo Alto Networks Perpetual Bundle (Basic) for VM-Series that includes VM-700 and US Government Premium Support, 5 year",41900.0000
Palo Alto Networks,PAN-VM-700-PERP-BASC-PREMUSG-5YR-R,"Palo Alto Networks Perpetual Bundle (Basic) for VM-Series that includes US Government Premium Support, 5 year, Renewal",20000.0000
Palo Alto Networks,PAN-VM-700-PERP-BND1-PREM-1YR,"Palo Alto Networks Perpetual Bundle (BND1) for VM-Series that includes VM-700, Threat Prevention subscription, and Premium
Support",30500.0000
Palo Alto Networks,PAN-VM-700-PERP-BND1-PREM-1YR-R,"Palo Alto Networks Perpetual Bundle (BND1) for VM-Series that includes Threat Prevention subscription, and Premium Support, 1
year, Renewal",8700.0000
Palo Alto Networks,PAN-VM-700-PERP-BND1-PREM-3YR,"Palo Alto Networks Perpetual Bundle (BND1) for VM-Series that includes VM-700, Threat Prevention subscription, and Premium
Support, 3 year",42700.0000
Palo Alto Networks,PAN-VM-700-PERP-BND1-PREM-3YR-R,"Palo Alto Networks Perpetual Bundle (BND1) for VM-Series that includes Threat Prevention subscription, and Premium Support, 3
year, Renewal",20900.0000
,,,
Palo Alto Networks,PAN-VM-700-PERP-BND1-PREM-5YR,"Palo Alto Networks Perpetual Bundle (BND1) for VM-Series that includes VM-700, Threat Prevention subscription, and Premium
Support, 5 year",56700.0000
Palo Alto Networks,PAN-VM-700-PERP-BND1-PREM-5YR-R,"Palo Alto Networks Perpetual Bundle (BND1) for VM-Series that includes Threat Prevention subscription, and Premium Support, 5
year, Renewal",34800.0000
Palo Alto Networks,PAN-VM-700-PERP-BND1-PREMUSG-1YR,"Palo Alto Networks Perpetual Bundle (BND1) for VM-Series that includes VM-700, Threat Prevention subscription, and US
Government Premium Support",31200.0000
Palo Alto Networks,PAN-VM-700-PERP-BND1-PREMUSG-1YR-R,"Palo Alto Networks Perpetual Bundle (BND1) for VM-Series that includes Threat Prevention subscription, and US Government
Premium Support, 1 year, Renewal",9400.0000
Palo Alto Networks,PAN-VM-700-PERP-BND1-PREMUSG-3YR,"Palo Alto Networks Perpetual Bundle (BND1) for VM-Series that includes VM-700, Threat Prevention subscription, and US
Government Premium Support, 3 year",44300.0000
Palo Alto Networks,PAN-VM-700-PERP-BND1-PREMUSG-3YR-R,"Palo Alto Networks Perpetual Bundle (BND1) for VM-Series that includes Threat Prevention subscription, and US Government
Premium Support, 3 year, Renewal",22600.0000
Palo Alto Networks,PAN-VM-700-PERP-BND1-PREMUSG-5YR,"Palo Alto Networks Perpetual Bundle (BND1) for VM-Series that includes VM-700, Threat Prevention subscription, and US
Government Premium Support, 5 year",59300.0000
Palo Alto Networks,PAN-VM-700-PERP-BND1-PREMUSG-5YR-R,"Palo Alto Networks Perpetual Bundle (BND1) for VM-Series that includes Threat Prevention subscription, and US Government
Premium Support, 5 year, Renewal",37600.0000
Palo Alto Networks,PAN-VM-700-PERP-BND2-PREM-1YR,"Palo Alto Networks Perpetual Bundle (BND2) for VM-Series that includes VM-700, Threat Prevention, PANDB URL filtering, Global
Protect and WildFire subscriptions, and Premium Support",37100.0000
Palo Alto Networks,PAN-VM-700-PERP-BND2-PREM-1YR-R,"Palo Alto Networks Perpetual Bundle (BND2) for VM-Series that includes Threat Prevention, PANDB URL filtering, Global Protect and
WildFire subscriptions, and Premium Support, 1 year, Renewal",15300.0000
Palo Alto Networks,PAN-VM-700-PERP-BND2-PREM-3YR,"Palo Alto Networks Perpetual Bundle (BND2) for VM-Series that includes VM-700, Threat Prevention, PANDB URL filtering, Global
Protect and WildFire subscriptions, and Premium Support, 3 year",58400.0000
Palo Alto Networks,PAN-VM-700-PERP-BND2-PREM-3YR-R,"Palo Alto Networks Perpetual Bundle (BND2) for VM-Series that includes Threat Prevention, PANDB URL filtering, Global Protect and
WildFire subscriptions, and Premium Support, 3 year, Renewal",36700.0000
Palo Alto Networks,PAN-VM-700-PERP-BND2-PREM-5YR,"Palo Alto Networks Perpetual Bundle (BND2) for VM-Series that includes VM-700, Threat Prevention, PANDB URL filtering, Global
Protect and WildFire subscriptions, and Premium Support, 5 year",82800.0000
Palo Alto Networks,PAN-VM-700-PERP-BND2-PREM-5YR-R,"Palo Alto Networks Perpetual Bundle (BND2) for VM-Series that includes Threat Prevention, PANDB URL filtering, Global Protect and
WildFire subscriptions, and Premium Support, 5 year, Renewal",61200.0000
Palo Alto Networks,PAN-VM-700-PERP-BND2-PREMUSG-1YR,"Palo Alto Networks Perpetual Bundle (BND2) for VM-Series that includes VM-700, Threat Prevention, PANDB URL filtering, Global
Protect and WildFire subscriptions, and US Government Premium Support",37700.0000
Palo Alto Networks,PAN-VM-700-PERP-BND2-PREMUSG-1YR-R,"Palo Alto Networks Perpetual Bundle (BND2) for VM-Series that includes Threat Prevention, PANDB URL filtering, Global Protect and
WildFire subscriptions, and US Government Premium Support, 1 year, Renewal",15900.0000
Palo Alto Networks,PAN-VM-700-PERP-BND2-PREMUSG-3YR,"Palo Alto Networks Perpetual Bundle (BND2) for VM-Series that includes VM-700, Threat Prevention, PANDB URL filtering, Global
Protect and WildFire subscriptions, and US Government Premium Support, 3 year",60000.0000
Palo Alto Networks,PAN-VM-700-PERP-BND2-PREMUSG-3YR-R,"Palo Alto Networks Perpetual Bundle (BND2) for VM-Series that includes Threat Prevention, PANDB URL filtering, Global Protect and
WildFire subscriptions, and US Government Premium Support, 3 year, Renewal",38200.0000
Palo Alto Networks,PAN-VM-700-PERP-BND2-PREMUSG-5YR,"Palo Alto Networks Perpetual Bundle (BND2) for VM-Series that includes VM-700, Threat Prevention, PANDB URL filtering, Global
Protect and WildFire subscriptions, and US Government Premium Support, 5 year",85500.0000
Palo Alto Networks,PAN-VM-700-PERP-BND2-PREMUSG-5YR-R,"Palo Alto Networks Perpetual Bundle (BND2) for VM-Series that includes Threat Prevention, PANDB URL filtering, Global Protect and
WildFire subscriptions, and US Government Premium Support, 5 year, Renewal",63600.0000
Palo Alto Networks,PAN-VM-1000-HV-PERP-BND-NSX,"Palo Alto Networks Perpetual Bundle for VMware NSX includes VM-1000-HV, Threat Prevention subscription, and Premium Support",6300.0000
Palo Alto Networks,PAN-VM-1000-HV-PERP-BND-NSX-R,"Palo Alto Networks Perpetual Bundle for VMware NSX includes Threat Prevention subscription, and Premium Support, Renewal",1800.0000
Palo Alto Networks,PAN-VM-1000-HV-PERP-BND-NSX-3YR,"Palo Alto Networks Perpetual Bundle for VMware NSX includes VM-1000-HV, Threat Prevention subscription, and Premium Support, 3
year",8820.0000
Palo Alto Networks,PAN-VM-1000-HV-PERP-BND-NSX-3YR-R,"Palo Alto Networks Perpetual Bundle for VMware NSX includes Threat Prevention subscription, and Premium Support, 3 year,
Renewal",4320.0000
Palo Alto Networks,PAN-VM-1000-HV-PERP-BND-NSX2,"Palo Alto Networks Perpetual Bundle for VMware NSX includes VM-1000-HV, Threat Prevention, PANDB URL filtering and WildFire
subscriptions, and Premium Support",8100.0000
Palo Alto Networks,PAN-VM-1000-HV-PERP-BND-NSX2-R,"Palo Alto Networks Perpetual Bundle for VMware NSX includes Threat Prevention, PANDB URL filtering and WildFire subscriptions,
and Premium Support, Renewal",3600.0000
Palo Alto Networks,PAN-VM-1000-HV-PERP-BND-NSX2-3YR,"Palo Alto Networks Perpetual Bundle for VMware NSX includes VM-1000-HV, Threat Prevention, PANDB URL filtering and WildFire
subscriptions, and Premium Support, 3 year",13140.0000
Palo Alto Networks,PAN-VM-1000-HV-PERP-BND-NSX2-3YR-R,"Palo Alto Networks Perpetual Bundle for VMware NSX includes Threat Prevention, PANDB URL filtering and WildFire subscriptions,
and Premium Support, 3 year, Renewal",8640.0000
Palo Alto Networks,PAN-VM-1000-HV-PERP-USG-BND-NSX,"Palo Alto Networks Perpetual Bundle for VMware NSX includes VM-1000-HV, Threat Prevention subscription, and US Government
Support",6450.0000
Palo Alto Networks,PAN-VM-1000-HV-PERP-USG-BND-NSX-R,"Palo Alto Networks Perpetual Bundle for VMware NSX includes Threat Prevention subscription, and US Government Support, Renewal",1950.0000
Palo Alto Networks,PAN-VM-1000-HV-PERP-USG-BND-NSX-3YR,"Palo Alto Networks Perpetual Bundle for VMware NSX includes VM-1000-HV, Threat Prevention subscription, and US Government
Support, 3 year",9100.0000
Palo Alto Networks,PAN-VM-1000-HV-PERP-USG-BND-NSX-3YR-R,"Palo Alto Networks Perpetual Bundle for VMware NSX includes Threat Prevention subscription, and US Government Support, 3 year,
Renewal",4700.0000
Palo Alto Networks,PAN-VM-1000-HV-PERP-USG-BND-NSX2,"Palo Alto Networks Perpetual Bundle for VMware NSX includes VM-1000-HV, Threat Prevention, PANDB URL filtering and WildFire
subscriptions, and US Government Support",8250.0000
Palo Alto Networks,PAN-VM-1000-HV-PERP-USG-BND-NSX2-R,"Palo Alto Networks Perpetual Bundle for VMware NSX includes Threat Prevention, PANDB URL filtering and WildFire subscriptions,
and US Government Support, Renewal",3750.0000
Palo Alto Networks,PAN-VM-1000-HV-PERP-USG-BND-NSX2-3YR,"Palo Alto Networks Perpetual Bundle for VMware NSX includes VM-1000-HV, Threat Prevention, PANDB URL filtering and WildFire
subscriptions, and US Government Support, 3 year",13450.0000
Palo Alto Networks,PAN-VM-1000-HV-PERP-USG-BND-NSX2-3YR-R,"Palo Alto Networks Perpetual Bundle for VMware NSX includes Threat Prevention, PANDB URL filtering and WildFire subscriptions,
and US Government Support, 3 year, Renewal",9000.0000
Palo Alto Networks,PAN-WF-500,"Palo Alto Networks WF-500, 2TB RAID storage (4 1TB RAID certified drives preinstalled). 4 post rack mount rails included.",125000.0000
Palo Alto Networks,PAN-GP-100-UPG-2K,"GP-100 software license upgrade, 1K to 2K devices",20000.0000
Palo Alto Networks,PAN-GP-100-UPG-5K,"GP-100 software license upgrade, 2K to 5K devices",45000.0000
Palo Alto Networks,PAN-GP-100-UPG-10K,"GP-100 software license upgrade, 5K to 10K devices",80000.0000
Palo Alto Networks,PAN-GP-100-UPG-25K,"GP-100 software license upgrade, 10K to 25K devices",190000.0000
Palo Alto Networks,PAN-GP-100-UPG-50K,"GP-100 software license upgrade, 25K to 50K devices",150000.0000
Palo Alto Networks,PAN-GP-100-UPG-100K,"GP-100 software license upgrade, 50K to 100K devices",250000.0000
Palo Alto Networks,PAN-TRAPS-A-1YR,"Traps Advanced Endpoint Protection for agents, tier A, 1-year, includes Premium Support",40.0000
Palo Alto Networks,PAN-TRAPS-A-1YR-R,"Traps Advanced Endpoint Protection for agents, tier A, 1-year renewal, includes Premium Support",40.0000
Palo Alto Networks,PAN-TRAPS-A-3YR,"Traps Advanced Endpoint Protection for agents, tier A, 3-year prepaid, includes Premium Support",96.0000
Palo Alto Networks,PAN-TRAPS-A-3YR-R,"Traps Advanced Endpoint Protection for agents, tier A, 3-year prepaid renewal, includes Premium Support",96.0000
Palo Alto Networks,PAN-TRAPS-A-5YR,"Traps Advanced Endpoint Protection for agents, tier A, 5-year prepaid, includes Premium Support",160.0000
Palo Alto Networks,PAN-TRAPS-A-5YR-R,"Traps Advanced Endpoint Protection for agents, tier A, 5-year prepaid renewal, includes Premium Support",160.0000
Palo Alto Networks,PAN-TRAPS-A-USG-1YR,"Traps Advanced Endpoint Protection for agents, tier A, 1-year, includes US Government Premium Support",41.0000
Palo Alto Networks,PAN-TRAPS-A-USG-1YR-R,"Traps Advanced Endpoint Protection for agents, tier A, 1-year renewal, includes US Government Premium Support",41.0000
Palo Alto Networks,PAN-TRAPS-A-USG-3YR,"Traps Advanced Endpoint Protection for agents, tier A, 3-year prepaid, includes US Government Premium Support",98.4000
Palo Alto Networks,PAN-TRAPS-A-USG-3YR-R,"Traps Advanced Endpoint Protection for agents, tier A, 3-year prepaid renewal, includes US Government Premium Support",98.4000
Palo Alto Networks,PAN-TRAPS-A-USG-5YR,"Traps Advanced Endpoint Protection for agents, tier A, 5-year prepaid, includes US Government Premium Support",164.0000
Palo Alto Networks,PAN-TRAPS-A-USG-5YR-R,"Traps Advanced Endpoint Protection for agents, tier A, 5-year prepaid renewal, includes US Government Premium Support",164.0000
Palo Alto Networks,PAN-TRAPS-B-1YR,"Traps Advanced Endpoint Protection for agents, tier B, 1-year, includes Premium Support",34.0000
,,,
Palo Alto Networks,PAN-TRAPS-B-1YR-R,"Traps Advanced Endpoint Protection for agents, tier B, 1-year renewal, includes Premium Support",34.0000
Palo Alto Networks,PAN-TRAPS-B-3YR,"Traps Advanced Endpoint Protection for agents, tier B, 3-year prepaid, includes Premium Support",81.5999
Palo Alto Networks,PAN-TRAPS-B-3YR-R,"Traps Advanced Endpoint Protection for agents, tier B, 3-year prepaid renewal, includes Premium Support",81.5999
Palo Alto Networks,PAN-TRAPS-B-5YR,"Traps Advanced Endpoint Protection for agents, tier B, 5-year prepaid, includes Premium Support",136.0000
Palo Alto Networks,PAN-TRAPS-B-5YR-R,"Traps Advanced Endpoint Protection for agents, tier B, 5-year prepaid renewal, includes Premium Support",136.0000
Palo Alto Networks,PAN-TRAPS-B-USG-1YR,"Traps Advanced Endpoint Protection for agents, tier B, 1-year, includes US Government Premium Support",35.0000
Palo Alto Networks,PAN-TRAPS-B-USG-1YR-R,"Traps Advanced Endpoint Protection for agents, tier B, 1-year renewal, includes US Government Premium Support",35.0000
Palo Alto Networks,PAN-TRAPS-B-USG-3YR,"Traps Advanced Endpoint Protection for agents, tier B, 3-year prepaid, includes US Government Premium Support",84.0000
Palo Alto Networks,PAN-TRAPS-B-USG-3YR-R,"Traps Advanced Endpoint Protection for agents, tier B, 3-year prepaid renewal, includes US Government Premium Support",84.0000
Palo Alto Networks,PAN-TRAPS-B-USG-5YR,"Traps Advanced Endpoint Protection for agents, tier B, 5-year prepaid, includes US Government Premium Support",140.0000
Palo Alto Networks,PAN-TRAPS-B-USG-5YR-R,"Traps Advanced Endpoint Protection for agents, tier B, 5-year prepaid renewal, includes US Government Premium Support",140.0000
Palo Alto Networks,PAN-TRAPS-C-1YR,"Traps Advanced Endpoint Protection for agents, tier C, 1-year, includes Premium Support",27.0000
Palo Alto Networks,PAN-TRAPS-C-1YR-R,"Traps Advanced Endpoint Protection for agents, tier C, 1-year renewal, includes Premium Support",27.0000
Palo Alto Networks,PAN-TRAPS-C-3YR,"Traps Advanced Endpoint Protection for agents, tier C, 3-year prepaid, includes Premium Support",64.8000
Palo Alto Networks,PAN-TRAPS-C-3YR-R,"Traps Advanced Endpoint Protection for agents, tier C, 3-year prepaid renewal, includes Premium Support",64.8000
Palo Alto Networks,PAN-TRAPS-C-5YR,"Traps Advanced Endpoint Protection for agents, tier C, 5-year prepaid, includes Premium Support",108.0000
Palo Alto Networks,PAN-TRAPS-C-5YR-R,"Traps Advanced Endpoint Protection for agents, tier C, 5-year prepaid renewal, includes Premium Support",108.0000
Palo Alto Networks,PAN-TRAPS-C-USG-1YR,"Traps Advanced Endpoint Protection for agents, tier C, 1-year, includes US Government Premium Support",28.0000
Palo Alto Networks,PAN-TRAPS-C-USG-1YR-R,"Traps Advanced Endpoint Protection for agents, tier C, 1-year renewal, includes US Government Premium Support",28.0000
Palo Alto Networks,PAN-TRAPS-C-USG-3YR,"Traps Advanced Endpoint Protection for agents, tier C, 3-year prepaid, includes US Government Premium Support",67.2000
Palo Alto Networks,PAN-TRAPS-C-USG-3YR-R,"Traps Advanced Endpoint Protection for agents, tier C, 3-year prepaid renewal, includes US Government Premium Support",67.2000
Palo Alto Networks,PAN-TRAPS-C-USG-5YR,"Traps Advanced Endpoint Protection for agents, tier C, 5-year prepaid, includes US Government Premium Support",112.0000
Palo Alto Networks,PAN-TRAPS-C-USG-5YR-R,"Traps Advanced Endpoint Protection for agents, tier C, 5-year prepaid renewal, includes US Government Premium Support",112.0000
Palo Alto Networks,PAN-TRAPS-D-1YR,"Traps Advanced Endpoint Protection for agents, tier D, 1-year, includes Premium Support",22.0000
Palo Alto Networks,PAN-TRAPS-D-1YR-R,"Traps Advanced Endpoint Protection for agents, tier D, 1-year renewal, includes Premium Support",22.0000
Palo Alto Networks,PAN-TRAPS-D-3YR,"Traps Advanced Endpoint Protection for agents, tier D, 3-year prepaid, includes Premium Support",52.8000
Palo Alto Networks,PAN-TRAPS-D-3YR-R,"Traps Advanced Endpoint Protection for agents, tier D, 3-year prepaid renewal, includes Premium Support",52.8000
Palo Alto Networks,PAN-TRAPS-D-5YR,"Traps Advanced Endpoint Protection for agents, tier D, 5-year prepaid, includes Premium Support",88.0000
Palo Alto Networks,PAN-TRAPS-D-5YR-R,"Traps Advanced Endpoint Protection for agents, tier D, 5-year prepaid renewal, includes Premium Support",88.0000
Palo Alto Networks,PAN-TRAPS-D-USG-1YR,"Traps Advanced Endpoint Protection for agents, tier D, 1-year, includes US Government Premium Support",23.0000
Palo Alto Networks,PAN-TRAPS-D-USG-1YR-R,"Traps Advanced Endpoint Protection for agents, tier D, 1-year renewal, includes US Government Premium Support",23.0000
Palo Alto Networks,PAN-TRAPS-D-USG-3YR,"Traps Advanced Endpoint Protection for agents, tier D, 3-year prepaid, includes US Government Premium Support",55.2000
Palo Alto Networks,PAN-TRAPS-D-USG-3YR-R,"Traps Advanced Endpoint Protection for agents, tier D, 3-year prepaid renewal, includes US Government Premium Support",55.2000
Palo Alto Networks,PAN-TRAPS-D-USG-5YR,"Traps Advanced Endpoint Protection for agents, tier D, 5-year prepaid, includes US Government Premium Support",92.0000
Palo Alto Networks,PAN-TRAPS-D-USG-5YR-R,"Traps Advanced Endpoint Protection for agents, tier D, 5-year prepaid renewal, includes US Government Premium Support",92.0000
Palo Alto Networks,PAN-TRAPS-E-1YR,"Traps Advanced Endpoint Protection for agents, tier E, 1-year, includes Premium Support",19.0000
Palo Alto Networks,PAN-TRAPS-E-1YR-R,"Traps Advanced Endpoint Protection for agents, tier E, 1-year renewal, includes Premium Support",19.0000
Palo Alto Networks,PAN-TRAPS-E-3YR,"Traps Advanced Endpoint Protection for agents, tier E, 3-year prepaid, includes Premium Support",45.6000
Palo Alto Networks,PAN-TRAPS-E-3YR-R,"Traps Advanced Endpoint Protection for agents, tier E, 3-year prepaid renewal, includes Premium Support",45.6000
Palo Alto Networks,PAN-TRAPS-E-5YR,"Traps Advanced Endpoint Protection for agents, tier E, 5-year prepaid, includes Premium Support",76.0000
Palo Alto Networks,PAN-TRAPS-E-5YR-R,"Traps Advanced Endpoint Protection for agents, tier E, 5-year prepaid renewal, includes Premium Support",76.0000
Palo Alto Networks,PAN-TRAPS-E-USG-1YR,"Traps Advanced Endpoint Protection for agents, tier E, 1-year, includes US Government Premium Support",20.0000
Palo Alto Networks,PAN-TRAPS-E-USG-1YR-R,"Traps Advanced Endpoint Protection for agents, tier E, 1-year renewal, includes US Government Premium Support",20.0000
Palo Alto Networks,PAN-TRAPS-E-USG-3YR,"Traps Advanced Endpoint Protection for agents, tier E, 3-year prepaid, includes US Government Premium Support",48.0000
Palo Alto Networks,PAN-TRAPS-E-USG-3YR-R,"Traps Advanced Endpoint Protection for agents, tier E, 3-year prepaid renewal, includes US Government Premium Support",48.0000
Palo Alto Networks,PAN-TRAPS-E-USG-5YR,"Traps Advanced Endpoint Protection for agents, tier E, 5-year prepaid, includes US Government Premium Support",80.0000
Palo Alto Networks,PAN-TRAPS-E-USG-5YR-R,"Traps Advanced Endpoint Protection for agents, tier E, 5-year prepaid renewal, includes US Government Premium Support",80.0000
Palo Alto Networks,PAN-TRAPS-F-1YR,"Traps Advanced Endpoint Protection for agents, tier F, 1-year, includes Premium Support",14.0000
Palo Alto Networks,PAN-TRAPS-F-1YR-R,"Traps Advanced Endpoint Protection for agents, tier F, 1-year renewal, includes Premium Support",14.0000
Palo Alto Networks,PAN-TRAPS-F-3YR,"Traps Advanced Endpoint Protection for agents, tier F, 3-year prepaid, includes Premium Support",33.6000
Palo Alto Networks,PAN-TRAPS-F-3YR-R,"Traps Advanced Endpoint Protection for agents, tier F, 3-year prepaid renewal, includes Premium Support",33.6000
Palo Alto Networks,PAN-TRAPS-F-5YR,"Traps Advanced Endpoint Protection for agents, tier F, 5-year prepaid, includes Premium Support",56.0000
Palo Alto Networks,PAN-TRAPS-F-5YR-R,"Traps Advanced Endpoint Protection for agents, tier F, 5-year prepaid renewal, includes Premium Support",56.0000
Palo Alto Networks,PAN-TRAPS-F-USG-1YR,"Traps Advanced Endpoint Protection for agents, tier F, 1-year, includes US Government Premium Support",15.0000
Palo Alto Networks,PAN-TRAPS-F-USG-1YR-R,"Traps Advanced Endpoint Protection for agents, tier F, 1-year renewal, includes US Government Premium Support",15.0000
Palo Alto Networks,PAN-TRAPS-F-USG-3YR,"Traps Advanced Endpoint Protection for agents, tier F, 3-year prepaid, includes US Government Premium Support",36.0000
Palo Alto Networks,PAN-TRAPS-F-USG-3YR-R,"Traps Advanced Endpoint Protection for agents, tier F, 3-year prepaid renewal, includes US Government Premium Support",36.0000
Palo Alto Networks,PAN-TRAPS-F-USG-5YR,"Traps Advanced Endpoint Protection for agents, tier F, 5-year prepaid, includes US Government Premium Support",60.0000
Palo Alto Networks,PAN-TRAPS-F-USG-5YR-R,"Traps Advanced Endpoint Protection for agents, tier F, 5-year prepaid renewal, includes US Government Premium Support",60.0000
Palo Alto Networks,PAN-GPCS-NET-A-1YR,"GlobalProtect cloud service for remote networks, tier A, 1-year, TP, URL, WF, GP, includes Premium support, per Mbps",140.0000
Palo Alto Networks,PAN-GPCS-NET-A-1YR-R,"GlobalProtect cloud service for remote networks, tier A, 1-year Renewal, TP, URL, WF, GP, includes Premium support, per Mbps",140.0000
Palo Alto Networks,PAN-GPCS-NET-A-3YR,"GlobalProtect cloud service for remote networks, tier A, 3-year, TP, URL, WF, GP, includes Premium support, per Mbps",420.0000
Palo Alto Networks,PAN-GPCS-NET-A-3YR-R,"GlobalProtect cloud service for remote networks, tier A, 3-year Renewal, TP, URL, WF, GP, includes Premium support, per Mbps",420.0000
Palo Alto Networks,PAN-GPCS-NET-A-USG-1YR,"GlobalProtect cloud service for remote networks, tier A, 1-year, TP, URL, WF, GP, includes US Government Premium support, per
Mbps",157.5000
Palo Alto Networks,PAN-GPCS-NET-A-USG-1YR-R,"GlobalProtect cloud service for remote networks, tier A, 1-year Renewal, TP, URL, WF, GP, includes US Government Premium support,
per Mbps",157.5000
Palo Alto Networks,PAN-GPCS-NET-A-USG-3YR,"GlobalProtect cloud service for remote networks, tier A, 3-year, TP, URL, WF, GP, includes US Government Premium support, per
Mbps",472.5000
Palo Alto Networks,PAN-GPCS-NET-A-USG-3YR-R,"GlobalProtect cloud service for remote networks, tier A, 3-year Renewal, TP, URL, WF, GP, includes US Government Premium support,
per Mbps",472.5000
Palo Alto Networks,PAN-GPCS-NET-B-1YR,"GlobalProtect cloud service for remote networks, tier B, 1-year, TP, URL, WF, GP, includes Premium support, per Mbps",120.0000
Palo Alto Networks,PAN-GPCS-NET-B-1YR-R,"GlobalProtect cloud service for remote networks, tier B, 1-year Renewal, TP, URL, WF, GP, includes Premium support, per Mbps",120.0000
Palo Alto Networks,PAN-GPCS-NET-B-3YR,"GlobalProtect cloud service for remote networks, tier B, 3-year, TP, URL, WF, GP, includes Premium support, per Mbps",360.0000
Palo Alto Networks,PAN-GPCS-NET-B-3YR-R,"GlobalProtect cloud service for remote networks, tier B, 3-year Renewal, TP, URL, WF, GP, includes Premium support, per Mbps",360.0000
Palo Alto Networks,PAN-GPCS-NET-B-USG-1YR,"GlobalProtect cloud service for remote networks, tier B, 1-year, TP, URL, WF, GP, includes US Government Premium support, per
Mbps",135.0000
,,,
Palo Alto Networks,PAN-GPCS-NET-B-USG-1YR-R,"GlobalProtect cloud service for remote networks, tier B, 1-year Renewal, TP, URL, WF, GP, includes US Government Premium support,
per Mbps",135.0000
Palo Alto Networks,PAN-GPCS-NET-B-USG-3YR,"GlobalProtect cloud service for remote networks, tier B, 3-year, TP, URL, WF, GP, includes US Government Premium support, per
Mbps",405.0000
Palo Alto Networks,PAN-GPCS-NET-B-USG-3YR-R,"GlobalProtect cloud service for remote networks, tier B, 3-year Renewal, TP, URL, WF, GP, includes US Government Premium support,
per Mbps",405.0000
Palo Alto Networks,PAN-GPCS-NET-C-1YR,"GlobalProtect cloud service for remote networks, tier C, 1-year, TP, URL, WF, GP, includes Premium support, per Mbps",90.0000
Palo Alto Networks,PAN-GPCS-NET-C-1YR-R,"GlobalProtect cloud service for remote networks, tier C, 1-year Renewal, TP, URL, WF, GP, includes Premium support, per Mbps",90.0000
Palo Alto Networks,PAN-GPCS-NET-C-3YR,"GlobalProtect cloud service for remote networks, tier C, 3-year, TP, URL, WF, GP, includes Premium support, per Mbps",270.0000
Palo Alto Networks,PAN-GPCS-NET-C-3YR-R,"GlobalProtect cloud service for remote networks, tier C, 3-year Renewal, TP, URL, WF, GP, includes Premium support, per Mbps",270.0000
Palo Alto Networks,PAN-GPCS-NET-C-USG-1YR,"GlobalProtect cloud service for remote networks, tier C, 1-year, TP, URL, WF, GP, includes US Government Premium support, per
Mbps",101.2500
Palo Alto Networks,PAN-GPCS-NET-C-USG-1YR-R,"GlobalProtect cloud service for remote networks, tier C, 1-year Renewal, TP, URL, WF, GP, includes US Government Premium support,
per Mbps",101.2500
Palo Alto Networks,PAN-GPCS-NET-C-USG-3YR,"GlobalProtect cloud service for remote networks, tier C, 3-year, TP, URL, WF, GP, includes US Government Premium support, per
Mbps",303.7500
Palo Alto Networks,PAN-GPCS-NET-C-USG-3YR-R,"GlobalProtect cloud service for remote networks, tier C, 3-year Renewal, TP, URL, WF, GP, includes US Government Premium support,
per Mbps",303.7500
Palo Alto Networks,PAN-GPCS-NET-D-1YR,"GlobalProtect cloud service for remote networks, tier D, 1-year, TP, URL, WF, GP, includes Premium support, per Mbps",80.0000
Palo Alto Networks,PAN-GPCS-NET-D-1YR-R,"GlobalProtect cloud service for remote networks, tier D, 1-year Renewal, TP, URL, WF, GP, includes Premium support, per Mbps",80.0000
Palo Alto Networks,PAN-GPCS-NET-D-3YR,"GlobalProtect cloud service for remote networks, tier D, 3-year, TP, URL, WF, GP, includes Premium support, per Mbps",240.0000
Palo Alto Networks,PAN-GPCS-NET-D-3YR-R,"GlobalProtect cloud service for remote networks, tier D, 3-year Renewal, TP, URL, WF, GP, includes Premium support, per Mbps",240.0000
Palo Alto Networks,PAN-GPCS-NET-D-USG-1YR,"GlobalProtect cloud service for remote networks, tier D, 1-year, TP, URL, WF, GP, includes US Government Premium support, per
Mbps",90.0000
Palo Alto Networks,PAN-GPCS-NET-D-USG-1YR-R,"GlobalProtect cloud service for remote networks, tier D, 1-year Renewal, TP, URL, WF, GP, includes US Government Premium support,
per Mbps",90.0000
Palo Alto Networks,PAN-GPCS-NET-D-USG-3YR,"GlobalProtect cloud service for remote networks, tier D, 3-year, TP, URL, WF, GP, includes US Government Premium support, per
Mbps",270.0000
Palo Alto Networks,PAN-GPCS-NET-D-USG-3YR-R,"GlobalProtect cloud service for remote networks, tier D, 3-year Renewal, TP, URL, WF, GP, includes US Government Premium support,
per Mbps",270.0000
Palo Alto Networks,PAN-GPCS-USER-A-1YR,"GlobalProtect cloud service for mobile users, tier A, 1-year, TP, URL, WF, GP, includes Premium support, per user",150.0000
Palo Alto Networks,PAN-GPCS-USER-A-1YR-R,"GlobalProtect cloud service for mobile users, tier A, 1-year Renewal, TP, URL, WF, GP, includes Premium support, per user",150.0000
Palo Alto Networks,PAN-GPCS-USER-A-3YR,"GlobalProtect cloud service for mobile users, tier A, 3-year, TP, URL, WF, GP, includes Premium support, per user",450.0000
Palo Alto Networks,PAN-GPCS-USER-A-3YR-R,"GlobalProtect cloud service for mobile users, tier A, 3-year Renewal, TP, URL, WF, GP, includes Premium support, per user",450.0000
Palo Alto Networks,PAN-GPCS-USER-A-USG-1YR,"GlobalProtect cloud service for mobile users, tier A, 1-year, TP, URL, WF, GP, includes US Government Premium support, per user",168.7500
Palo Alto Networks,PAN-GPCS-USER-A-USG-1YR-R,"GlobalProtect cloud service for mobile users, tier A, 1-year Renewal, TP, URL, WF, GP, includes US Government Premium support, per
user",168.7500
Palo Alto Networks,PAN-GPCS-USER-A-USG-3YR,"GlobalProtect cloud service for mobile users, tier A, 3-year, TP, URL, WF, GP, includes US Government Premium support, per user",506.2500
Palo Alto Networks,PAN-GPCS-USER-A-USG-3YR-R,"GlobalProtect cloud service for mobile users, tier A, 3-year Renewal, TP, URL, WF, GP, includes US Government Premium support, per
user",506.2500
Palo Alto Networks,PAN-GPCS-USER-B-1YR,"GlobalProtect cloud service for mobile users, tier B, 1-year, TP, URL, WF, GP, includes Premium support, per user",100.0000
Palo Alto Networks,PAN-GPCS-USER-B-1YR-R,"GlobalProtect cloud service for mobile users, tier B, 1-year Renewal, TP, URL, WF, GP, includes Premium support, per user",100.0000
Palo Alto Networks,PAN-GPCS-USER-B-3YR,"GlobalProtect cloud service for mobile users, tier B, 3-year, TP, URL, WF, GP, includes Premium support, per user",300.0000
Palo Alto Networks,PAN-GPCS-USER-B-3YR-R,"GlobalProtect cloud service for mobile users, tier B, 3-year Renewal, TP, URL, WF, GP, includes Premium support, per user",300.0000
Palo Alto Networks,PAN-GPCS-USER-B-USG-1YR,"GlobalProtect cloud service for mobile users, tier B, 1-year, TP, URL, WF, GP, includes US Government Premium support, per user",112.5000
Palo Alto Networks,PAN-GPCS-USER-B-USG-1YR-R,"GlobalProtect cloud service for mobile users, tier B, 1-year Renewal, TP, URL, WF, GP, includes US Government Premium support, per
user",112.5000
Palo Alto Networks,PAN-GPCS-USER-B-USG-3YR,"GlobalProtect cloud service for mobile users, tier B, 3-year, TP, URL, WF, GP, includes US Government Premium support, per user",337.5000
Palo Alto Networks,PAN-GPCS-USER-B-USG-3YR-R,"GlobalProtect cloud service for mobile users, tier B, 3-year Renewal, TP, URL, WF, GP, includes US Government Premium support, per
user",337.5000
Palo Alto Networks,PAN-GPCS-USER-C-1YR,"GlobalProtect cloud service for mobile users, tier C, 1-year, TP, URL, WF, GP, includes Premium support, per user",88.0000
Palo Alto Networks,PAN-GPCS-USER-C-1YR-R,"GlobalProtect cloud service for mobile users, tier C, 1-year Renewal, TP, URL, WF, GP, includes Premium support, per user",88.0000
Palo Alto Networks,PAN-GPCS-USER-C-3YR,"GlobalProtect cloud service for mobile users, tier C, 3-year, TP, URL, WF, GP, includes Premium support, per user",264.0000
Palo Alto Networks,PAN-GPCS-USER-C-3YR-R,"GlobalProtect cloud service for mobile users, tier C, 3-year Renewal, TP, URL, WF, GP, includes Premium support, per user",264.0000
Palo Alto Networks,PAN-GPCS-USER-C-USG-1YR,"GlobalProtect cloud service for mobile users, tier C, 1-year, TP, URL, WF, GP, includes US Government Premium support, per user",99.0000
Palo Alto Networks,PAN-GPCS-USER-C-USG-1YR-R,"GlobalProtect cloud service for mobile users, tier C, 1-year Renewal, TP, URL, WF, GP, includes US Government Premium support, per
user",99.0000
Palo Alto Networks,PAN-GPCS-USER-C-USG-3YR,"GlobalProtect cloud service for mobile users, tier C, 3-year, TP, URL, WF, GP, includes US Government Premium support, per user",297.0000
Palo Alto Networks,PAN-GPCS-USER-C-USG-3YR-R,"GlobalProtect cloud service for mobile users, tier C, 3-year Renewal, TP, URL, WF, GP, includes US Government Premium support, per
user",297.0000
Palo Alto Networks,PAN-GPCS-USER-D-1YR,"GlobalProtect cloud service for mobile users, tier D, 1-year, TP, URL, WF, GP, includes Premium support, per user",85.0000
Palo Alto Networks,PAN-GPCS-USER-D-1YR-R,"GlobalProtect cloud service for mobile users, tier D, 1-year Renewal, TP, URL, WF, GP, includes Premium support, per user",85.0000
Palo Alto Networks,PAN-GPCS-USER-D-3YR,"GlobalProtect cloud service for mobile users, tier D, 3-year, TP, URL, WF, GP, includes Premium support, per user",255.0000
Palo Alto Networks,PAN-GPCS-USER-D-3YR-R,"GlobalProtect cloud service for mobile users, tier D, 3-year Renewal, TP, URL, WF, GP, includes Premium support, per user",255.0000
Palo Alto Networks,PAN-GPCS-USER-D-USG-1YR,"GlobalProtect cloud service for mobile users, tier D, 1-year, TP, URL, WF, GP, includes US Government Premium support, per user",95.6300
Palo Alto Networks,PAN-GPCS-USER-D-USG-1YR-R,"GlobalProtect cloud service for mobile users, tier D, 1-year Renewal, TP, URL, WF, GP, includes US Government Premium support, per
user",95.6300
Palo Alto Networks,PAN-GPCS-USER-D-USG-3YR,"GlobalProtect cloud service for mobile users, tier D, 3-year, TP, URL, WF, GP, includes US Government Premium support, per user",286.8900
Palo Alto Networks,PAN-GPCS-USER-D-USG-3YR-R,"GlobalProtect cloud service for mobile users, tier D, 3-year Renewal, TP, URL, WF, GP, includes US Government Premium support, per
user",286.8900
Palo Alto Networks,PAN-GPCS-USER-E-1YR,"GlobalProtect cloud service for mobile users, tier E, 1-year, TP, URL, WF, GP, includes Premium support, per user",80.0000
,,,
Palo Alto Networks,PAN-GPCS-USER-E-1YR-R,"GlobalProtect cloud service for mobile users, tier E, 1-year Renewal, TP, URL, WF, GP, includes Premium support, per user",80.0000
Palo Alto Networks,PAN-GPCS-USER-E-3YR,"GlobalProtect cloud service for mobile users, tier E, 3-year, TP, URL, WF, GP, includes Premium support, per user",240.0000
Palo Alto Networks,PAN-GPCS-USER-E-3YR-R,"GlobalProtect cloud service for mobile users, tier E, 3-year Renewal, TP, URL, WF, GP, includes Premium support, per user",240.0000
Palo Alto Networks,PAN-GPCS-USER-E-USG-1YR,"GlobalProtect cloud service for mobile users, tier E, 1-year, TP, URL, WF, GP, includes US Government Premium support, per user",90.0000
Palo Alto Networks,PAN-GPCS-USER-E-USG-1YR-R,"GlobalProtect cloud service for mobile users, tier E, 1-year Renewal, TP, URL, WF, GP, includes US Government Premium support, per
user",90.0000
Palo Alto Networks,PAN-GPCS-USER-E-USG-3YR,"GlobalProtect cloud service for mobile users, tier E, 3-year, TP, URL, WF, GP, includes US Government Premium support, per user",270.0000
Palo Alto Networks,PAN-GPCS-USER-E-USG-3YR-R,"GlobalProtect cloud service for mobile users, tier E, 3-year Renewal, TP, URL, WF, GP, includes US Government Premium support, per
user",270.0000
Palo Alto Networks,PAN-GPCS-USER-F-1YR,"GlobalProtect cloud service for mobile users, tier F, 1-year, TP, URL, WF, GP, includes Premium support, per user",73.0000
Palo Alto Networks,PAN-GPCS-USER-F-1YR-R,"GlobalProtect cloud service for mobile users, tier F, 1-year Renewal, TP, URL, WF, GP, includes Premium support, per user",73.0000
Palo Alto Networks,PAN-GPCS-USER-F-3YR,"GlobalProtect cloud service for mobile users, tier F, 3-year, TP, URL, WF, GP, includes Premium support, per user",219.0000
Palo Alto Networks,PAN-GPCS-USER-F-3YR-R,"GlobalProtect cloud service for mobile users, tier F, 3-year Renewal, TP, URL, WF, GP, includes Premium support, per user",219.0000
Palo Alto Networks,PAN-GPCS-USER-F-USG-1YR,"GlobalProtect cloud service for mobile users, tier F, 1-year, TP, URL, WF, GP, includes US Government Premium support, per user",82.1300
Palo Alto Networks,PAN-GPCS-USER-F-USG-1YR-R,"GlobalProtect cloud service for mobile users, tier F, 1-year Renewal, TP, URL, WF, GP, includes US Government Premium support, per
user",82.1300
Palo Alto Networks,PAN-GPCS-USER-F-USG-3YR,"GlobalProtect cloud service for mobile users, tier F, 3-year, TP, URL, WF, GP, includes US Government Premium support, per user",246.3900
Palo Alto Networks,PAN-GPCS-USER-F-USG-3YR-R,"GlobalProtect cloud service for mobile users, tier F, 3-year Renewal, TP, URL, WF, GP, includes US Government Premium support, per
user",246.3900
Palo Alto Networks,PAN-LGS-1TB-1YR,"Logging Service with 1TB of storage, 1-year, includes Premium Support",2000.0000
Palo Alto Networks,PAN-LGS-1TB-1YR-R,"Logging Service with 1TB of storage, 1-year renewal, includes Premium Support",2000.0000
Palo Alto Networks,PAN-LGS-1TB-3YR,"Logging Service with 1TB of storage, 3-year, includes Premium Support",6000.0000
Palo Alto Networks,PAN-LGS-1TB-3YR-R,"Logging Service with 1TB of storage, 3-year renewal, includes Premium Support",6000.0000
Palo Alto Networks,PAN-LGS-1TB-USG-1YR,"Logging Service with 1TB of storage, 1-year, includes US Government Premium Support",2250.0000
Palo Alto Networks,PAN-LGS-1TB-USG-1YR-R,"Logging Service with 1TB of storage, 1-year renewal, includes US Government Premium Support",2250.0000
Palo Alto Networks,PAN-LGS-1TB-USG-3YR,"Logging Service with 1TB of storage, 3-year, includes US Government Premium Support",6750.0000
Palo Alto Networks,PAN-LGS-1TB-USG-3YR-R,"Logging Service with 1TB of storage, 3-year renewal, includes US Government Premium Support",6750.0000
Palo Alto Networks,PAN-AF-1YR,Palo Alto Networks AutoFocus Threat Intelligence Service Standard subscription 1 year,35000.0000
Palo Alto Networks,PAN-AF-1YR-R,Palo Alto Networks AutoFocus Threat Intelligence Service Standard subscription renewal 1 year,35000.0000
Palo Alto Networks,PAN-AF-3YR,Palo Alto Networks AutoFocus Threat Intelligence Service Standard subscription 3 year,84000.0000
Palo Alto Networks,PAN-AF-3YR-R,Palo Alto Networks AutoFocus Threat Intelligence Service Standard subscription renewal 3 year,84000.0000
Palo Alto Networks,PAN-AF-5YR,Palo Alto Networks AutoFocus Threat Intelligence Service Standard subscription 5 year,140000.0000
Palo Alto Networks,PAN-AF-5YR-R,Palo Alto Networks AutoFocus Threat Intelligence Service Standard subscription renewal 5 year,140000.0000
Palo Alto Networks,PAN-AF-ENT-1YR,Palo Alto Networks AutoFocus Threat Intelligence Service Enterprise subscription 1 year,525000.0000
Palo Alto Networks,PAN-AF-ENT-1YR-R,Palo Alto Networks AutoFocus Threat Intelligence Service Enterprise subscription renewal 1 year,525000.0000
Palo Alto Networks,PAN-AF-ENT-3YR,Palo Alto Networks AutoFocus Threat Intelligence Service Enterprise subscription 3 year,1260000.0000
Palo Alto Networks,PAN-AF-ENT-3YR-R,Palo Alto Networks AutoFocus Threat Intelligence Service Enterprise subscription renewal 3 year,1260000.0000
Palo Alto Networks,PAN-AF-ENT-5YR,Palo Alto Networks AutoFocus Threat Intelligence Service Enterprise subscription 5 year,2100000.0000
Palo Alto Networks,PAN-AF-ENT-5YR-R,Palo Alto Networks AutoFocus Threat Intelligence Service Enterprise subscription renewal 5 year,2100000.0000
Palo Alto Networks,PAN-M-100-HDC,"M-100 Spare hard drive carrier, holds a single drive",100.0000
Palo Alto Networks,PAN-M-100-HDD-1TB-D,"M-100, M-500, and WF-500 spare 1TB Raid certified drives, pair",1750.0000
Palo Alto Networks,PAN-2.5IN-HDD-2TB-PAIR,"2.5 inch spare 2TB HDD Raid certified drives for M-Series and PA-5200 Series, shipped in pair",2600.0000
Palo Alto Networks,PAN-2.5IN-SSD-240GB-PAIR,"2.5 inch spare 240GB SSD drives for PA-5200 Series, shipped in pair",1000.0000
Palo Alto Networks,PAN-M-100-RCK,"M-100 spare rack mount kit, holds one device (supports 2 and 4 post racks)",150.0000
Palo Alto Networks,PAN-WF-500-HDC,"WF-500 and M-500 pair of spare hard drive carriers, each holds single drive",100.0000
Palo Alto Networks,PAN-WF-500-PWR-AC,WF-500 and M-500 spare AC power supply,1500.0000
Palo Alto Networks,PAN-WF-500-RCK2,"WF-500 and M-500 spare rack mount kit, holds one device (supports 2 post racks)",150.0000
Palo Alto Networks,PAN-WF-500-RCK4,"WF-500 and M-500 spare rack mount kit, holds one device (supports 4 post racks)",150.0000
Palo Alto Networks,PAN-PWR-500W-AC,PA-850 500W spare power supply,500.0000
Palo Alto Networks,PAN-FIPS-KIT-2000,FIPS hardware kit for the PA-2000 Series,2500.0000
Palo Alto Networks,PAN-FIPS-KIT-3000,FIPS hardware kit for the PA-3000 Series,2500.0000
Palo Alto Networks,PAN-FIPS-KIT-3060,FIPS hardware kit for the PA-3060,2500.0000
Palo Alto Networks,PAN-FIPS-KIT-4000,FIPS hardware kit for the PA-4000 Series,2500.0000
Palo Alto Networks,PAN-FIPS-KIT-500,FIPS hardware kit for the PA-500,2500.0000
Palo Alto Networks,PAN-FIPS-KIT-5000,FIPS hardware kit for the PA-5000 Series,2500.0000
Palo Alto Networks,PAN-FIPS-KIT-7050,FIPS hardware kit for the PA-7050 Chassis,4500.0000
Palo Alto Networks,PAN-FIPS-KIT-7080,FIPS hardware kit for the PA-7080 Chassis,2500.0000
Palo Alto Networks,PAN-FIPS-KIT-M-100,FIPS hardware kit for the M-100,2500.0000
Palo Alto Networks,PAN-FIPS-KIT-M-500,FIPS hardware kit for the M-500/WF-500 platforms,2500.0000
Palo Alto Networks,PAN-PA-2000-HDD-TR,"PA-2000 Spare Hard Disk, Imaged",1000.0000
Palo Alto Networks,PAN-PA-5000-FAN,PA-5000 Series spare fan tray including filter,1500.0000
Palo Alto Networks,PAN-PA-5000-FLTR,PA-5000 Series spare filter,200.0000
Palo Alto Networks,PAN-PA-5200-FANTRAY,PA-5200 Series spare fan tray,1500.0000
Palo Alto Networks,PAN-PA-5200-FLTR,PA-5200 Series Filter Kit. Includes 2 filter frames and media.,200.0000
Palo Alto Networks,PAN-PA-5200-FLTR-MEDIA,PA-5200 Series Filter Media Kit. Includes quantity 10 filter media. Does NOT include filter frames.,100.0000
Palo Alto Networks,PAN-PA-3060-PWR-AC,PA-3060 spare AC power supply,1000.0000
Palo Alto Networks,PAN-PA-4000-PWR-AC,PA-4000 Series spare power supply,1000.0000
Palo Alto Networks,PAN-PA-5000-PWR-AC,PA-5000 Series spare AC power supply,1500.0000
Palo Alto Networks,PAN-PA-5000-PWR-DC,PA-5000 Series spare DC power supply,1500.0000
Palo Alto Networks,PAN-PA-5000-SSD-120-D,Supersedes PAN-PA-5000-SSD-120. Contains 2 identical 120GB SSD Drives,1000.0000
Palo Alto Networks,PAN-PA-5000-SSD-240-D,Supersedes PAN-PA-5000-SSD-240. Contains 2 identical 240GB SSD Drives,1000.0000
Palo Alto Networks,PAN-PWR-1200W-AC,PA-5200 Series 1200 Watt AC power supply,1500.0000
Palo Alto Networks,PAN-PWR-1200W-DC,PA-5200 Series 1200 Watt DC power supply,1500.0000
Palo Alto Networks,PAN-PA-200-PWR-AC,Palo Alto Networks PA-200 power supply - no power cord,100.0000
Palo Alto Networks,PAN-PA-200-RCK,"Rack mount kit for PA-200, holds one device",150.0000
Palo Alto Networks,PAN-PA-220-PWR-AC,AC power adapter for PA-220,100.0000
Palo Alto Networks,PAN-PA-220-RACKTRAY,Rack mountable tray for up to two PA-220s and 4 power adapters. Supports both 2 post and 4 post racks.,200.0000
Palo Alto Networks,PAN-PA-1RU-RACK4,Palo Alto Networks PA-820 and PA-850 4 post rack mount kit,150.0000
Palo Alto Networks,PAN-PA-5200-RACK4,Palo Alto Networks PA-5200 4 post rack mount kit.,150.0000
Palo Alto Networks,PAN-PA-7050-AC-CVR,Cover for AC power receptacles on rear of PA-7050 chassis when configured with DC power supplies,200.0000
Palo Alto Networks,PAN-PWR-DC-CBL-A,"Power cable harness with connector for PAN-7050-PWR25-DC and 15 feet leads, customer must terminate",60.0000
Palo Alto Networks,PAN-PA-7080-CBL-MGR,"PA-7080, one (1) upper and one (1) lower cable manager for PA-7080 chassis",400.0000
Palo Alto Networks,PAN-PWR-C19-AUS,"Power cord with IEC-60320 C19 and AS/NZS 4417 cord ends, 3 meters",25.0000
Palo Alto Networks,PAN-PWR-C19-BR,"Power Cord, Brazil, 16A, 250V, NBR14136 (IEC 60906-1) to IEC-60320-C19, 10-FT, Brazilian INMETRO certified",25.0000
Palo Alto Networks,PAN-PWR-C19-EU,"Power cord with IEC-60320 C19 and CEE 7/7 SCHUKO cord ends, 3 meters",25.0000
Palo Alto Networks,PAN-PWR-C19-JP,"Power cord with IEC-60320 C19 and NEMA L6-20P cord ends, 3 meters",25.0000
Palo Alto Networks,PAN-PWR-C19-JP-120V,"Power Cord, Japan, 15A, 125V, JISC8303 to C19, 10ft, PSE Certified",25.0000
Palo Alto Networks,PAN-PWR-C19-TW,"Power cord with IEC-60320 C19 and CNS 10917-3 cord ends, 3 meters",25.0000
,,,
Palo Alto Networks,PAN-PWR-C19-UK,"Power cord with IEC-60320 C19 and BS 1363 UK13 cord ends, 3 meters",25.0000
Palo Alto Networks,PAN-PWR-C19-US,"Power cord with IEC-60320 C19 and NEMA 6-20P cord ends, 3 meters",25.0000
Palo Alto Networks,PAN-PWR-C19-US-L,"Power cord with IEC-60320 C19 and locking NEMA L6-20P cord ends, 3 meters",25.0000
Palo Alto Networks,PAN-PWR-C19-US-120V,"Power Cord, North America, 15A, 125V, C19 to NEMA 5-15P, 10ft",25.0000
Palo Alto Networks,PAN-PWR-C19-C14,"Power Cord, North America, 15A, 250V, IEC C19 to IEC C14, 10ft",25.0000
Palo Alto Networks,PAN-PWR-C19-C20,"Power Cord, North America, 20A, 250V, IEC C19 to IEC C20, 10ft",25.0000
Palo Alto Networks,PAN-PWR-C13-C14,"Power cord for PDU with IEC-60320 C13 and IEC-60320 C13 cord ends,15A, 250V max, 10ft",25.0000
Palo Alto Networks,PAN-PWR-CORD-AUS,"Power cord for Australia with IEC-60320 C13 and AS/NZS 4417 cord ends, 10A, 250V max, 6ft",0.0000
Palo Alto Networks,PAN-PWR-CORD-EU,"Power cord for Continental Europe with IEC-60320 C13 and CEE 7/7 SCHUKO cord ends,10A, 250V max, 6ft",0.0000
Palo Alto Networks,PAN-PWR-CORD-JP-15,"Power cord for Japan with IEC-60320 C13 and JISC8303 cord ends, 15A, 125V max, 6ft",0.0000
Palo Alto Networks,PAN-PWR-CORD-SUI,"Power cord for Switzerland with IEC-60320 C13 and SEV1011 cord ends, 10A, 250V max, 6ft",0.0000
Palo Alto Networks,PAN-PWR-CORD-TW-15,"Power cord for Taiwan with IEC-60320 C13 and CNS 10917 cord ends, 15A, 125V max, 6ft",0.0000
Palo Alto Networks,PAN-PWR-CORD-UK,"Power cord for United Kingdom with IEC-60320 C13 and BS 1363 UK13 cord ends, 10A, 250V max, 6ft",0.0000
Palo Alto Networks,PAN-PWR-CORD-US,"Power cord for North America with IEC-60320 C13 and NEMA 5-15P cord ends, 10A, 125V max, 6ft",0.0000
Palo Alto Networks,PAN-PWR-CORD-US-13A,"Power cord for North America with IEC-60320 C13 and NEMA 5-15P cord ends, 13A, 125V max, 6ft",0.0000
Palo Alto Networks,PAN-AIRDUCT,"Passive air duct to redirect air flow changing from side to side to front to rear, requires 14RU of rack space.",2000.0000
Palo Alto Networks,PAN-M-100-ACC,M-100 Spare accessory kit,50.0000
Palo Alto Networks,PAN-M-500-ACC,M-500 Spare accessory kit,50.0000
Palo Alto Networks,PAN-WF-500-ACC,WF-500 Spare accessory kit,50.0000
Palo Alto Networks,PAN-PA-200-ACC,Accessory kit for PA-200,50.0000
Palo Alto Networks,PAN-PA-220-ACC,Accessory kit for PA-220,125.0000
Palo Alto Networks,PAN-PA-500-ACC,Accessory kit for PA-500,50.0000
Palo Alto Networks,PAN-PA-800-ACC,Accessory kit for PA-820 and PA-850,100.0000
Palo Alto Networks,PAN-PA-3020-ACC,Accessory kit for PA-3020,50.0000
Palo Alto Networks,PAN-PA-3050-ACC,Accessory kit for PA-3050,50.0000
Palo Alto Networks,PAN-PA-3060-ACC,Accessory kit for PA-3060,50.0000
Palo Alto Networks,PAN-PA-5020-ACC,Accessory kit for PA-5020,50.0000
Palo Alto Networks,PAN-PA-5050-ACC,Accessory kit for PA-5050,50.0000
Palo Alto Networks,PAN-PA-5060-ACC,Accessory kit for PA-5060,50.0000
Palo Alto Networks,PAN-PA-5200-ACC,PA-5200 Series Accessory Kit,50.0000
Palo Alto Networks,PAN-PA-7050-ACC,Accessory kit for PA-7050,75.0000
Palo Alto Networks,PAN-PA-7080-ACC,Accessory kit for PA-7080,75.0000
Palo Alto Networks,PAN-PA-2020-VSYS-5,Virtual systems upgrade - Additional 5 virtual systems (1 to 6) for PA-2020,7500.0000
Palo Alto Networks,PAN-PA-2050-VSYS-5,Virtual systems upgrade - Additional 5 virtual systems (1 to 6) for PA-2050,7500.0000
Palo Alto Networks,PAN-PA-3020-VSYS-5,Virtual systems upgrade - Additional 5 virtual systems (1 to 6) for PA-3020,7500.0000
Palo Alto Networks,PAN-PA-3050-VSYS-5,Virtual systems upgrade - Additional 5 virtual systems (1 to 6) for PA-3050,7500.0000
Palo Alto Networks,PAN-PA-3060-VSYS-5,Virtual systems upgrade - Additional 5 virtual systems (1 to 6) for PA-3060,11250.0000
Palo Alto Networks,PAN-PA-4020-VSYS-10,Virtual systems upgrade - Additional 10 virtual systems (10 to 20) for PA-4020,15000.0000
Palo Alto Networks,PAN-PA-4050-VSYS-100,Virtual systems upgrade - Additional 100 virtual systems for PA-4050 (max 125 per device),65000.0000
Palo Alto Networks,PAN-PA-4050-VSYS-50,Virtual systems upgrade - Additional 50 virtual systems for PA-4050 (max 125 per device),45000.0000
Palo Alto Networks,PAN-PA-4060-VSYS-100,Virtual systems upgrade - Additional 100 virtual systems for PA-4060 (max 125 per device),65000.0000
Palo Alto Networks,PAN-PA-4060-VSYS-50,Virtual systems upgrade - Additional 50 virtual systems for PA-4060 (max 125 per device),45000.0000
Palo Alto Networks,PAN-PA-5020-VSYS-10,Virtual systems upgrade - Additional 10 virtual systems (10 to 20) for PA-5020,15000.0000
Palo Alto Networks,PAN-PA-5050-VSYS-50,Virtual systems upgrade - Additional 50 virtual systems for PA-5050 (max 125 per device),45000.0000
Palo Alto Networks,PAN-PA-5050-VSYS-100,Virtual systems upgrade - Additional 100 virtual systems for PA-5050 (max 125 per device),65000.0000
Palo Alto Networks,PAN-PA-5060-VSYS-50,Virtual systems upgrade - Additional 50 virtual systems for PA-5060 (max 225 per device),45000.0000
Palo Alto Networks,PAN-PA-5060-VSYS-100,Virtual systems upgrade - Additional 100 virtual systems for PA-5060 (max 225 per device),65000.0000
Palo Alto Networks,PAN-PA-5060-VSYS-200,Virtual systems upgrade - Additional 200 virtual systems for PA-5060 (max 225 per device),95000.0000
Palo Alto Networks,PAN-PA-5220-VSYS-10,Virtual systems upgrade - Additional 10 virtual systems (10 to 20) for PA-5220,18750.0000
Palo Alto Networks,PAN-PA-5250-VSYS-50,Virtual systems upgrade - Additional 50 virtual systems for PA-5250 (max 125 per device),62500.0000
Palo Alto Networks,PAN-PA-5250-VSYS-100,Virtual systems upgrade - Additional 100 virtual systems for PA-5250 (max 125 per device),90000.0000
Palo Alto Networks,PAN-PA-5260-VSYS-50,Virtual systems upgrade - Additional 50 virtual systems for PA-5260 (max 225 per device),62500.0000
Palo Alto Networks,PAN-PA-5260-VSYS-100,Virtual systems upgrade - Additional 100 virtual systems for PA-5260 (max 225 per device),90000.0000
Palo Alto Networks,PAN-PA-5260-VSYS-200,Virtual systems upgrade - Additional 200 virtual systems for PA-5260 (max 225 per device),131500.0000
Palo Alto Networks,PAN-PA-7050-VSYS-50,Virtual systems upgrade - Additional 50 virtual systems for PA-7050 (max 225 per device),45000.0000
Palo Alto Networks,PAN-PA-7050-VSYS-100,Virtual systems upgrade - Additional 100 virtual systems for PA-7050 (max 225 per device),65000.0000
Palo Alto Networks,PAN-PA-7050-VSYS-200,Virtual systems upgrade - Additional 200 virtual systems for PA-7050 (max 225 per device),95000.0000
Palo Alto Networks,PAN-PA-7080-VSYS-50,Virtual systems upgrade - Additional 50 virtual systems for PA-7080 (max 225 per device),45000.0000
Palo Alto Networks,PAN-PA-7080-VSYS-100,Virtual systems upgrade - Additional 100 virtual systems for PA-7080 (max 225 per device),65000.0000
Palo Alto Networks,PAN-PA-7080-VSYS-200,Virtual systems upgrade - Additional 200 virtual systems for PA-7080 (max 225 per device),95000.0000
Palo Alto Networks,PAN-QSFP-40GBASE-ER4,"QSFP+ form factor, 40Gb ER4 optical transceiver, extended reach 40Km, SMF, duplex LC, IEEE 802.3ba 40GBASE-ER4 compliant",20000.0000
Palo Alto Networks,PAN-QSFP-40GBASE-LR4,"QSFP+ form factor, 40Gb LR4 optical transceiver, long reach 10Km, SMF, duplex LC, IEEE 802.3ba 40GBASE-LR4 compliant",8000.0000
Palo Alto Networks,PAN-QSFP-40GBASE-SR4,"QSFP+ form factor, 40Gb SR4 optical transceiver, short reach 100m OM3, 12 strand MPO connector, IEEE 802.3ba 40GBASE-SR4
compliant",2000.0000
Palo Alto Networks,PAN-QSFP28-100GBASE-LR4,"QSFP28 form factor, 100Gb LR4 optical transceiver, long reach 10km, SMF, duplex LC, IEEE 802.3ba 100GBASE-LR4 compliant",20000.0000
Palo Alto Networks,PAN-QSFP28-100GBASE-SR4,"QSFP28 form factor, 100Gb SR4 optical transceiver, short reach 100m OM4 (70m OM3), 12 strand MPO, MMF, IEEE 802.3ba
100GBASE-SR4 compliant",5000.0000
Palo Alto Networks,PAN-QSFP28-AOC-10M,"QSFP28 form factor, 100Gb active optical cable with 2 transceivers and 10m of cable permanently bonded as an assembly",1800.0000
Palo Alto Networks,PAN-QSFP-AOC-10M,"QSFP+ form factor, 40Gb active optical cable with 2 transceivers and 10m of cable permanently bonded as an assembly",1800.0000
Palo Alto Networks,PAN-SFP-CG,"SFP form factor, 1Gb copper transceiver, 100m over Cat5 RJ-45, IEEE 802.3ab 1000BASE-T compliant",1000.0000
Palo Alto Networks,PAN-SFP-LX,"SFP form factor, LX 1Gb optical transceiver, 10Km reach, SMF, duplex LC, IEEE 802.3ab 1000BASE-LX compliant",1000.0000
Palo Alto Networks,PAN-SFP-PLUS-CU-5M,"SFP+ form factor, 10Gb direct attach twin-ax passive cable with 2 transceiver ends and 5m of cable permanently bonded as an
assembly, IEEE 802.3ae 10GBASE-CR compliant",500.0000
Palo Alto Networks,PAN-SFP-PLUS-ER,"SFP+ form factor, ER 10Gb optical transceiver, extended reach 40Km, SMF, duplex LC, IEEE 802.3ae 10GBASE-ER compliant",3000.0000
Palo Alto Networks,PAN-SFP-PLUS-LR,"SFP+ form factor, LR 10Gb optical transceiver, long reach 10Km, SMF, duplex LC, IEEE 802.3ae 10GBASE-LR compliant",2000.0000
Palo Alto Networks,PAN-SFP-PLUS-SR,"SFP+ form factor, SR 10Gb optical transceiver, short reach 300m, OM3 MMF, duplex LC, IEEE 802.3ae 10GBASE-SR compliant",1500.0000
Palo Alto Networks,PAN-SFP-SX,"SFP form factor, SX 1Gb optical transceiver, 550m reach on OM2 MMF, duplex LC, IEEE 802.3z 1000BASE-SX compliant",500.0000
Palo Alto Networks,PAN-SFP-ZX,"SFP form factor, ZX 1Gb optical transceiver, 80Km reach, SMF, duplex LC",2000.0000
Palo Alto Networks,PAN-XFP-LR,"XFP form factor, LR 10Gb optical transceiver, long reach 10Km, SMF, duplex LC, IEEE 802.3ae 10GBASE-LR compliant",3200.0000
Palo Alto Networks,PAN-XFP-SR,"XFP form factor, SR 10Gb optical transceiver, short reach 300m, OM3 MMF, duplex LC, IEEE 802.3ae 10GBASE-SR compliant",2400.0000
Palo Alto Networks,PAN-PA-200-BND2,"Subscription Bundle year 1, PA-200 (Threat Prevention, BrightCloud URL Filtering, WildFire)",450.0000
Palo Alto Networks,PAN-PA-200-BND2-R,"Subscription Bundle renewal, PA-200 (Threat Prevention, BrightCloud URL Filtering, WildFire)",450.0000
Palo Alto Networks,PAN-PA-200-BND2-3YR,"Subscription Bundle 3-year prepaid, PA-200 (Threat Prevention, BrightCloud URL Filtering, WildFire)",1080.0000
Palo Alto Networks,PAN-PA-200-BND2-3YR-R,"Subscription Bundle 3-year prepaid renewal, PA-200 (Threat Prevention, BrightCloud URL Filtering, WildFire)",1080.0000
Palo Alto Networks,PAN-PA-200-BND2-5YR,"Subscription Bundle 5-year prepaid, PA-200 (Threat Prevention, BrightCloud URL Filtering, WildFire)",1800.0000
Palo Alto Networks,PAN-PA-200-BND2-5YR-R,"Subscription Bundle 5-year prepaid renewel, PA-200 (Threat Prevention, BrightCloud URL Filtering, WildFire)",1800.0000
Palo Alto Networks,PAN-PA-200-BND4,"Subscription Bundle year 1, PA-200 (Threat Prevention, PANDB URL Filtering, WildFire)",450.0000
Palo Alto Networks,PAN-PA-200-BND4-R,"Subscription Bundle renewal, PA-200 (Threat Prevention, PANDB URL Filtering, WildFire)",450.0000
,,,
Palo Alto Networks,PAN-PA-200-BND4-3YR,"Subscription Bundle 3-year prepaid, PA-200 (Threat Prevention, PANDB URL Filtering, WildFire)",1080.0000
Palo Alto Networks,PAN-PA-200-BND4-3YR-R,"Subscription Bundle 3-year prepaid renewal, PA-200 (Threat Prevention, PANDB URL Filtering, WildFire)",1080.0000
Palo Alto Networks,PAN-PA-200-BND4-5YR,"Subscription Bundle 5-year prepaid, PA-200 (Threat Prevention, PANDB URL Filtering, WildFire)",1800.0000
Palo Alto Networks,PAN-PA-200-BND4-5YR-R,"Subscription Bundle 5-year prepaid renewel, PA-200 (Threat Prevention, PANDB URL Filtering, WildFire)",1800.0000
Palo Alto Networks,PAN-GP-200-PORTAL,"GlobalProtect portal license, PA-200, not required if running 7.0 or higher PAN OS version",3500.0000
Palo Alto Networks,PAN-GP-500-PORTAL,"GlobalProtect portal license, PA-500, not required if running 7.0 or higher PAN OS version",3500.0000
Palo Alto Networks,PAN-GP-2020-PORTAL,"GlobalProtect portal license, PA-2020, not required if running 7.0 or higher PAN OS version",7000.0000
Palo Alto Networks,PAN-GP-2050-PORTAL,"GlobalProtect portal license, PA-2050, not required if running 7.0 or higher PAN OS version",9000.0000
Palo Alto Networks,PAN-GP-3020-PORTAL,"GlobalProtect Portal license, PA-3020, not required if running 7.0 or higher PAN OS version",8500.0000
Palo Alto Networks,PAN-GP-3050-PORTAL,"GlobalProtect Portal license, PA-3050, not required if running 7.0 or higher PAN OS version",11000.0000
Palo Alto Networks,PAN-GP-3060-PORTAL,"GlobalProtect Portal license, PA-3060, not required if running 7.0 or higher PAN OS version",11500.0000
Palo Alto Networks,PAN-GP-4020-PORTAL,"GlobalProtect portal license, PA-4020, not required if running 7.0 or higher PAN OS version",12000.0000
Palo Alto Networks,PAN-GP-4050-PORTAL,"GlobalProtect portal license, PA-4050, not required if running 7.0 or higher PAN OS version",18000.0000
Palo Alto Networks,PAN-GP-4060-PORTAL,"GlobalProtect portal license, PA-4060, not required if running 7.0 or higher PAN OS version",20000.0000
Palo Alto Networks,PAN-GP-5020-PORTAL,"GlobalProtect portal license, PA-5020, not required if running 7.0 or higher PAN OS version",12000.0000
Palo Alto Networks,PAN-GP-5050-PORTAL,"GlobalProtect portal license, PA-5050, not required if running 7.0 or higher PAN OS version",20000.0000
Palo Alto Networks,PAN-GP-5060-PORTAL,"GlobalProtect portal license, PA-5060, not required if running 7.0 or higher PAN OS version",30000.0000
Palo Alto Networks,PAN-GP-7050-PORTAL,"GlobalProtect portal license, PA-7050, not required if running 7.0 or higher PAN OS version",69000.0000
Palo Alto Networks,PAN-GP-VM-100-PORTAL,"GlobalProtect Portal license, VM-100, not required if running 7.0 or higher PAN OS version",3500.0000
Palo Alto Networks,PAN-GP-VM-200-PORTAL,"GlobalProtect Portal license, VM-200, not required if running 7.0 or higher PAN OS version",3500.0000
Palo Alto Networks,PAN-GP-VM-300-PORTAL,"GlobalProtect Portal license, VM-300, not required if running 7.0 or higher PAN OS version",3500.0000
Palo Alto Networks,PAN-GP-VM-1000-HV-PORTAL,"GlobalProtect Portal license, VM-1000-HV, required for HIP check and multiple gateway",4380.0000
Palo Alto Networks,PAN-PA-200-GP,"GlobalProtect subscription year 1, PA-200",400.0000
Palo Alto Networks,PAN-PA-200-GP-R,"GlobalProtect subscription renewal, PA-200",400.0000
Palo Alto Networks,PAN-PA-200-GP-3YR,"GlobalProtect subscription 3-year prepaid, PA-200",960.0000
Palo Alto Networks,PAN-PA-200-GP-3YR-R,"GlobalProtect subscription 3-year prepaid renewal, PA-200",960.0000
Palo Alto Networks,PAN-PA-200-GP-5YR,"GlobalProtect subscription 5-year prepaid, PA-200",1600.0000
Palo Alto Networks,PAN-PA-200-GP-5YR-R,"GlobalProtect subscription 5-year prepaid renewal, PA-200",1600.0000
Palo Alto Networks,PAN-PA-200-GP-HA2,"GlobalProtect subscription for device in an HA pair year 1, PA-200",280.0000
Palo Alto Networks,PAN-PA-200-GP-HA2-R,"GlobalProtect subscription for device in an HA pair renewal, PA-200",280.0000
Palo Alto Networks,PAN-PA-200-GP-3YR-HA2,"GlobalProtect subscription 3 year prepaid for device in an HA pair, PA-200",740.0000
Palo Alto Networks,PAN-PA-200-GP-3YR-HA2-R,"GlobalProtect subscription 3 year prepaid renewal for device in an HA pair, PA-200",740.0000
Palo Alto Networks,PAN-PA-200-GP-5YR-HA2,"GlobalProtect subscription 5 year prepaid for device in an HA pair, PA-200",1230.0000
Palo Alto Networks,PAN-PA-200-GP-5YR-HA2-R,"GlobalProtect subscription 5 year prepaid renewal for device in an HA pair, PA-200",1230.0000
Palo Alto Networks,PAN-PA-220-GP,"GlobalProtect subscription year 1, PA-220",200.0000
Palo Alto Networks,PAN-PA-220-GP-R,"GlobalProtect subscription renewal, PA-220",200.0000
Palo Alto Networks,PAN-PA-220-GP-3YR,"GlobalProtect subscription 3-year prepaid, PA-220",480.0000
Palo Alto Networks,PAN-PA-220-GP-3YR-R,"GlobalProtect subscription 3-year prepaid renewal, PA-220",480.0000
Palo Alto Networks,PAN-PA-220-GP-5YR,"GlobalProtect subscription 5-year prepaid, PA-220",800.0000
Palo Alto Networks,PAN-PA-220-GP-5YR-R,"GlobalProtect subscription 5-year prepaid renewal, PA-220",800.0000
Palo Alto Networks,PAN-PA-220-GP-HA2,"GlobalProtect subscription for device in an HA pair year 1, PA-220",140.0000
Palo Alto Networks,PAN-PA-220-GP-HA2-R,"GlobalProtect subscription for device in an HA pair renewal, PA-220",140.0000
Palo Alto Networks,PAN-PA-220-GP-3YR-HA2,"GlobalProtect subscription 3 year prepaid for device in an HA pair, PA-220",370.0000
Palo Alto Networks,PAN-PA-220-GP-3YR-HA2-R,"GlobalProtect subscription 3 year prepaid renewal for device in an HA pair, PA-220",370.0000
Palo Alto Networks,PAN-PA-220-GP-5YR-HA2,"GlobalProtect subscription 5 year prepaid for device in an HA pair, PA-220",620.0000
Palo Alto Networks,PAN-PA-220-GP-5YR-HA2-R,"GlobalProtect subscription 5 year prepaid renewal for device in an HA pair, PA-220",620.0000
Palo Alto Networks,PAN-PA-500-GP,"GlobalProtect subscription year 1, PA-500",900.0000
Palo Alto Networks,PAN-PA-500-GP-R,"GlobalProtect subscription renewal, PA-500",900.0000
Palo Alto Networks,PAN-PA-500-GP-3YR,"GlobalProtect subscription 3-year prepaid, PA-500",2160.0000
Palo Alto Networks,PAN-PA-500-GP-3YR-R,"GlobalProtect subscription 3-year prepaid renewal, PA-500",2160.0000
Palo Alto Networks,PAN-PA-500-GP-5YR,"GlobalProtect subscription 5-year prepaid, PA-500",3600.0000
Palo Alto Networks,PAN-PA-500-GP-5YR-R,"GlobalProtect subscription 5-year prepaid renewal, PA-500",3600.0000
Palo Alto Networks,PAN-PA-500-GP-HA2,"GlobalProtect subscription for device in an HA pair year 1, PA-500",630.0000
Palo Alto Networks,PAN-PA-500-GP-HA2-R,"GlobalProtect subscription for device in an HA pair renewal, PA-500",630.0000
Palo Alto Networks,PAN-PA-500-GP-3YR-HA2,"GlobalProtect subscription 3 year prepaid for device in an HA pair, PA-500",1660.0000
Palo Alto Networks,PAN-PA-500-GP-3YR-HA2-R,"GlobalProtect subscription 3 year prepaid renewal for device in an HA pair, PA-500",1660.0000
Palo Alto Networks,PAN-PA-500-GP-5YR-HA2,"GlobalProtect subscription 5 year prepaid for device in an HA pair, PA-500",2770.0000
Palo Alto Networks,PAN-PA-500-GP-5YR-HA2-R,"GlobalProtect subscription 5 year prepaid renewal for device in an HA pair, PA-500",2770.0000
Palo Alto Networks,PAN-PA-820-GP,"GlobalProtect subscription year 1, PA-820",900.0000
Palo Alto Networks,PAN-PA-820-GP-R,"GlobalProtect subscription renewal, PA-820",900.0000
Palo Alto Networks,PAN-PA-820-GP-3YR,"GlobalProtect subscription 3-year prepaid, PA-820",2200.0000
Palo Alto Networks,PAN-PA-820-GP-3YR-R,"GlobalProtect subscription renewal 3-year prepaid, PA-820",2200.0000
Palo Alto Networks,PAN-PA-820-GP-5YR,"GlobalProtect subscription 5-year prepaid, PA-820",3600.0000
Palo Alto Networks,PAN-PA-820-GP-5YR-R,"GlobalProtect subscription renewal 5-year prepaid, PA-820",3600.0000
Palo Alto Networks,PAN-PA-820-GP-HA2,"GlobalProtect subscription for devices in HA pair, PA-820",700.0000
Palo Alto Networks,PAN-PA-820-GP-HA2-R,"GlobalProtect subscription renewal for devices in HA pair, PA-820",700.0000
Palo Alto Networks,PAN-PA-820-GP-3YR-HA2,"GlobalProtect subscription 3-year prepaid for device in an HA pair, PA-820",1900.0000
Palo Alto Networks,PAN-PA-820-GP-3YR-HA2-R,"GlobalProtect subscription 3-year prepaid renewal for device in an HA pair, PA-820",1900.0000
Palo Alto Networks,PAN-PA-820-GP-5YR-HA2,"GlobalProtect subscription 5-year prepaid for device in an HA pair, PA-820",3100.0000
Palo Alto Networks,PAN-PA-820-GP-5YR-HA2-R,"GlobalProtect subscription renewal 5-year prepaid for device in an HA pair, PA-820",3100.0000
Palo Alto Networks,PAN-PA-850-GP,"GlobalProtect subscription year 1, PA-850",1900.0000
Palo Alto Networks,PAN-PA-850-GP-R,"GlobalProtect subscription renewal year 1, PA-850",1900.0000
Palo Alto Networks,PAN-PA-850-GP-3YR,"GlobalProtect subscription 3-year prepaid, PA-850",4600.0000
Palo Alto Networks,PAN-PA-850-GP-3YR-R,"GlobalProtect subscription 3-year prepaid renewal, PA-850",4600.0000
Palo Alto Networks,PAN-PA-850-GP-5YR,"GlobalProtect subscription 5-year prepaid, PA-850",7600.0000
Palo Alto Networks,PAN-PA-850-GP-5YR-R,"GlobalProtect subscription 5-year prepaid renewal, PA-850",7600.0000
Palo Alto Networks,PAN-PA-850-GP-HA2,"GlobalProtect subscription for device in an HA pair year 1, PA-850",1400.0000
Palo Alto Networks,PAN-PA-850-GP-HA2-R,"GlobalProtect subscription for device in an HA pair renewal, PA-850",1400.0000
Palo Alto Networks,PAN-PA-850-GP-3YR-HA2,"GlobalProtect subscription 3-year prepaid for device in an HA pair, PA-850",3700.0000
Palo Alto Networks,PAN-PA-850-GP-3YR-HA2-R,"GlobalProtect subscription 3-year prepaid renewal for device in an HA pair, PA-850",3700.0000
Palo Alto Networks,PAN-PA-850-GP-5YR-HA2,"GlobalProtect subscription 5-year prepaid for device in an HA pair, PA-850",6200.0000
Palo Alto Networks,PAN-PA-850-GP-5YR-HA2-R,"GlobalProtect subscription 5-year prepaid renewal for device in an HA pair, PA-850",6200.0000
Palo Alto Networks,PAN-PA-2020-GP,"GlobalProtect subscription year 1, PA-2020",2400.0000
Palo Alto Networks,PAN-PA-2020-GP-R,"GlobalProtect subscription renewal, PA-2020",2400.0000
Palo Alto Networks,PAN-PA-2020-GP-HA2,"GlobalProtect subscription for device in an HA pair year 1, PA-2020",1700.0000
Palo Alto Networks,PAN-PA-2020-GP-HA2-R,"GlobalProtect subscription for device in an HA pair renewal, PA-2020",1700.0000
Palo Alto Networks,PAN-PA-2050-GP,"GlobalProtect subscription year 1, PA-2050",3200.0000
Palo Alto Networks,PAN-PA-2050-GP-R,"GlobalProtect subscription renewal, PA-2050",3200.0000
Palo Alto Networks,PAN-PA-2050-GP-HA2,"GlobalProtect subscription for device in an HA pair year 1, PA-2050",2240.0000
Palo Alto Networks,PAN-PA-2050-GP-HA2-R,"GlobalProtect subscription for device in an HA pair renewal, PA-2050",2240.0000
Palo Alto Networks,PAN-PA-3020-GP,"GlobalProtect subscription year 1, PA-3020",2800.0000
Palo Alto Networks,PAN-PA-3020-GP-R,"GlobalProtect subscription renewal, PA-3020",2800.0000
Palo Alto Networks,PAN-PA-3020-GP-3YR,"GlobalProtect subscription 3-year prepaid, PA-3020",6720.0000
Palo Alto Networks,PAN-PA-3020-GP-3YR-R,"GlobalProtect subscription renewal 3-year prepaid, PA-3020",6720.0000
Palo Alto Networks,PAN-PA-3020-GP-5YR,"GlobalProtect subscription 5-year prepaid, PA-3020",11200.0000
Palo Alto Networks,PAN-PA-3020-GP-5YR-R,"GlobalProtect subscription renewal 5-year prepaid, PA-3020",11200.0000
,,,
Palo Alto Networks,PAN-PA-3020-GP-HA2,"GlobalProtect subscription for devices in HA pair, PA-3020",1960.0000
Palo Alto Networks,PAN-PA-3020-GP-HA2-R,"GlobalProtect subscription renewal for devices in HA pair, PA-3020",1960.0000
Palo Alto Networks,PAN-PA-3020-GP-3YR-HA2,"GlobalProtect subscription 3-year prepaid for device in an HA pair, PA-3020",5180.0000
Palo Alto Networks,PAN-PA-3020-GP-3YR-HA2-R,"GlobalProtect subscription 3-year prepaid renewal for device in an HA pair, PA-3020",5180.0000
Palo Alto Networks,PAN-PA-3020-GP-5YR-HA2,"GlobalProtect subscription 5-year prepaid for device in an HA pair, PA-3020",8600.0000
Palo Alto Networks,PAN-PA-3020-GP-5YR-HA2-R,"GlobalProtect subscription renewal 5-year prepaid for device in an HA pair, PA-3020",8600.0000
Palo Alto Networks,PAN-PA-3050-GP,"GlobalProtect subscription year 1, PA-3050",4800.0000
Palo Alto Networks,PAN-PA-3050-GP-R,"GlobalProtect subscription renewal year 1, PA-3050",4800.0000
Palo Alto Networks,PAN-PA-3050-GP-3YR,"GlobalProtect subscription 3-year prepaid, PA-3050",11520.0000
Palo Alto Networks,PAN-PA-3050-GP-3YR-R,"GlobalProtect subscription 3-year prepaid renewal, PA-3050",11520.0000
Palo Alto Networks,PAN-PA-3050-GP-5YR,"GlobalProtect subscription 5-year prepaid, PA-3050",19200.0000
Palo Alto Networks,PAN-PA-3050-GP-5YR-R,"GlobalProtect subscription 5-year prepaid renewal, PA-3050",19200.0000
Palo Alto Networks,PAN-PA-3050-GP-HA2,"GlobalProtect subscription for device in an HA pair year 1, PA-3050",3360.0000
Palo Alto Networks,PAN-PA-3050-GP-HA2-R,"GlobalProtect subscription for device in an HA pair renewal, PA-3050",3360.0000
Palo Alto Networks,PAN-PA-3050-GP-3YR-HA2,"GlobalProtect subscription 3-year prepaid for device in an HA pair, PA-3050",8870.0000
Palo Alto Networks,PAN-PA-3050-GP-3YR-HA2-R,"GlobalProtect subscription 3-year prepaid renewal for device in an HA pair, PA-3050",8870.0000
Palo Alto Networks,PAN-PA-3050-GP-5YR-HA2,"GlobalProtect subscription 5-year prepaid for device in an HA pair, PA-3050",14780.0000
Palo Alto Networks,PAN-PA-3050-GP-5YR-HA2-R,"GlobalProtect subscription 5-year prepaid renewal for device in an HA pair, PA-3050",14780.0000
Palo Alto Networks,PAN-PA-3060-GP,"GlobalProtect subscription year 1, PA-3060",7200.0000
Palo Alto Networks,PAN-PA-3060-GP-R,"GlobalProtect subscription renewal year 1, PA-3060",7200.0000
Palo Alto Networks,PAN-PA-3060-GP-3YR,"GlobalProtect subscription 3-year prepaid, PA-3060",17280.0000
Palo Alto Networks,PAN-PA-3060-GP-3YR-R,"GlobalProtect subscription 3-year prepaid renewal, PA-3060",17280.0000
Palo Alto Networks,PAN-PA-3060-GP-5YR,"GlobalProtect subscription 5-year prepaid, PA-3060",28800.0000
Palo Alto Networks,PAN-PA-3060-GP-5YR-R,"GlobalProtect subscription 5-year prepaid renewal, PA-3060",28800.0000
Palo Alto Networks,PAN-PA-3060-GP-HA2,"GlobalProtect subscription for device in an HA pair year 1, PA-3060",5040.0000
Palo Alto Networks,PAN-PA-3060-GP-HA2-R,"GlobalProtect subscription for device in an HA pair renewal, PA-3060",5040.0000
Palo Alto Networks,PAN-PA-3060-GP-3YR-HA2,"GlobalProtect subscription 3-year prepaid for device in an HA pair, PA-3060",13310.0000
Palo Alto Networks,PAN-PA-3060-GP-3YR-HA2-R,"GlobalProtect subscription 3-year prepaid renewal for device in an HA pair, PA-3060",13310.0000
Palo Alto Networks,PAN-PA-3060-GP-5YR-HA2,"GlobalProtect subscription 5-year prepaid for device in an HA pair, PA-3060",22180.0000
Palo Alto Networks,PAN-PA-3060-GP-5YR-HA2-R,"GlobalProtect subscription 5-year prepaid renewal for device in an HA pair, PA-3060",22180.0000
Palo Alto Networks,PAN-PA-4020-GP,"GlobalProtect subscription year 1, PA-4020",7000.0000
Palo Alto Networks,PAN-PA-4020-GP-R,"GlobalProtect subscription renewal, PA-4020",7000.0000
Palo Alto Networks,PAN-PA-4020-GP-HA2,"GlobalProtect subscription for device in an HA pair year 1, PA-4020",4900.0000
Palo Alto Networks,PAN-PA-4020-GP-HA2-R,"GlobalProtect subscription for device in an HA pair renewal, PA-4020",4900.0000
Palo Alto Networks,PAN-PA-4050-GP,"GlobalProtect subscription year 1, PA-4050",12000.0000
Palo Alto Networks,PAN-PA-4050-GP-R,"GlobalProtect subscription renewal, PA-4050",12000.0000
Palo Alto Networks,PAN-PA-4050-GP-HA2,"GlobalProtect subscription for device in an HA pair year 1, PA-4050",8400.0000
Palo Alto Networks,PAN-PA-4050-GP-HA2-R,"GlobalProtect subscription for device in an HA pair renewal, PA-4050",8400.0000
Palo Alto Networks,PAN-PA-4060-GP,"GlobalProtect subscription year 1, PA-4060",16000.0000
Palo Alto Networks,PAN-PA-4060-GP-R,"GlobalProtect subscription renewal, PA-4060",16000.0000
Palo Alto Networks,PAN-PA-4060-GP-HA2,"GlobalProtect subscription for device in an HA pair year 1, PA-4060",11200.0000
Palo Alto Networks,PAN-PA-4060-GP-HA2-R,"GlobalProtect subscription for device in an HA pair renewal, PA-4060",11200.0000
Palo Alto Networks,PAN-PA-5020-GP,"GlobalProtect subscription year 1, PA-5020",8000.0000
Palo Alto Networks,PAN-PA-5020-GP-R,"GlobalProtect subscription renewal, PA-5020",8000.0000
Palo Alto Networks,PAN-PA-5020-GP-3YR,"GlobalProtect subscription 3-year prepaid, PA-5020",19200.0000
Palo Alto Networks,PAN-PA-5020-GP-3YR-R,"GlobalProtect subscription 3-year prepaid renewal, PA-5020",19200.0000
Palo Alto Networks,PAN-PA-5020-GP-5YR,"GlobalProtect subscription 5-year prepaid, PA-5020",32000.0000
Palo Alto Networks,PAN-PA-5020-GP-5YR-R,"GlobalProtect subscription 5-year prepaid renewal, PA-5020",32000.0000
Palo Alto Networks,PAN-PA-5020-GP-HA2,"GlobalProtect subscription for device in an HA pair year 1, PA-5020",5600.0000
Palo Alto Networks,PAN-PA-5020-GP-HA2-R,"GlobalProtect subscription for device in an HA pair renewal, PA-5020",5600.0000
Palo Alto Networks,PAN-PA-5020-GP-3YR-HA2,"GlobalProtect subscription 3 year prepaid for device in an HA pair, PA-5020",14775.0000
Palo Alto Networks,PAN-PA-5020-GP-3YR-HA2-R,"GlobalProtect subscription 3 year prepaid renewal for device in an HA pair, PA-5020",14775.0000
Palo Alto Networks,PAN-PA-5020-GP-5YR-HA2,"GlobalProtect subscription 5 year prepaid for device in an HA pair, PA-5020",24640.0000
Palo Alto Networks,PAN-PA-5020-GP-5YR-HA2-R,"GlobalProtect subscription 5 year prepaid renewal for device in an HA pair, PA-5020",24640.0000
Palo Alto Networks,PAN-PA-5050-GP,"GlobalProtect subscription year 1, PA-5050",14000.0000
Palo Alto Networks,PAN-PA-5050-GP-R,"GlobalProtect subscription renewal, PA-5050",14000.0000
Palo Alto Networks,PAN-PA-5050-GP-3YR,"GlobalProtect subscription 3-year prepaid, PA-5050",33600.0000
Palo Alto Networks,PAN-PA-5050-GP-3YR-R,"GlobalProtect subscription 3-year prepaid renewal, PA-5050",33600.0000
Palo Alto Networks,PAN-PA-5050-GP-5YR,"GlobalProtect subscription 5-year prepaid, PA-5050",56000.0000
Palo Alto Networks,PAN-PA-5050-GP-5YR-R,"GlobalProtect subscription 5-year prepaid renewal, PA-5050",56000.0000
Palo Alto Networks,PAN-PA-5050-GP-HA2,"GlobalProtect subscription for device in an HA pair year 1, PA-5050",9800.0000
Palo Alto Networks,PAN-PA-5050-GP-HA2-R,"GlobalProtect subscription for device in an HA pair renewal, PA-5050",9800.0000
Palo Alto Networks,PAN-PA-5050-GP-3YR-HA2,"GlobalProtect subscription 3 year prepaid for device in an HA pair, PA-5050",25875.0000
Palo Alto Networks,PAN-PA-5050-GP-3YR-HA2-R,"GlobalProtect subscription 3 year prepaid renewal for device in an HA pair, PA-5050",25875.0000
Palo Alto Networks,PAN-PA-5050-GP-5YR-HA2,"GlobalProtect subscription 5 year prepaid for device in an HA pair, PA-5050",43120.0000
Palo Alto Networks,PAN-PA-5050-GP-5YR-HA2-R,"GlobalProtect subscription 5 year prepaid renewal for device in an HA pair, PA-5050",43120.0000
Palo Alto Networks,PAN-PA-5060-GP,"GlobalProtect subscription year 1, PA-5060",26000.0000
Palo Alto Networks,PAN-PA-5060-GP-R,"GlobalProtect subscription renewal, PA-5060",26000.0000
Palo Alto Networks,PAN-PA-5060-GP-3YR,"GlobalProtect subscription 3-year prepaid, PA-5060",62400.0000
Palo Alto Networks,PAN-PA-5060-GP-3YR-R,"GlobalProtect subscription 3-year prepaid renewal, PA-5060",62400.0000
Palo Alto Networks,PAN-PA-5060-GP-5YR,"GlobalProtect subscription 5-year prepaid, PA-5060",104000.0000
Palo Alto Networks,PAN-PA-5060-GP-5YR-R,"GlobalProtect subscription 5-year prepaid renewal, PA-5060",104000.0000
Palo Alto Networks,PAN-PA-5060-GP-HA2,"GlobalProtect subscription for device in an HA pair year 1, PA-5060",18200.0000
Palo Alto Networks,PAN-PA-5060-GP-HA2-R,"GlobalProtect subscription for device in an HA pair renewal, PA-5060",18200.0000
Palo Alto Networks,PAN-PA-5060-GP-3YR-HA2,"GlobalProtect subscription 3 year prepaid for device in an HA pair, PA-5060",48050.0000
Palo Alto Networks,PAN-PA-5060-GP-3YR-HA2-R,"GlobalProtect subscription 3 year prepaid renewal for device in an HA pair, PA-5060",48050.0000
Palo Alto Networks,PAN-PA-5060-GP-5YR-HA2,"GlobalProtect subscription 5 year prepaid for device in an HA pair, PA-5060",80080.0000
Palo Alto Networks,PAN-PA-5060-GP-5YR-HA2-R,"GlobalProtect subscription 5 year prepaid renewal for device in an HA pair, PA-5060",80080.0000
Palo Alto Networks,PAN-PA-5220-GP,"GlobalProtect subscription year 1, PA-5220",10000.0000
Palo Alto Networks,PAN-PA-5220-GP-R,"GlobalProtect subscription renewal, PA-5220",10000.0000
Palo Alto Networks,PAN-PA-5220-GP-3YR,"GlobalProtect subscription 3-year prepaid, PA-5220",24000.0000
Palo Alto Networks,PAN-PA-5220-GP-3YR-R,"GlobalProtect subscription 3-year prepaid renewal, PA-5220",24000.0000
Palo Alto Networks,PAN-PA-5220-GP-5YR,"GlobalProtect subscription 5-year prepaid, PA-5220",40000.0000
Palo Alto Networks,PAN-PA-5220-GP-5YR-R,"GlobalProtect subscription 5-year prepaid renewal, PA-5220",40000.0000
Palo Alto Networks,PAN-PA-5220-GP-HA2,"GlobalProtect subscription for device in an HA pair year 1, PA-5220",7000.0000
Palo Alto Networks,PAN-PA-5220-GP-HA2-R,"GlobalProtect subscription for device in an HA pair renewal, PA-5220",7000.0000
Palo Alto Networks,PAN-PA-5220-GP-3YR-HA2,"GlobalProtect subscription 3 year prepaid for device in an HA pair, PA-5220",18500.0000
Palo Alto Networks,PAN-PA-5220-GP-3YR-HA2-R,"GlobalProtect subscription 3 year prepaid renewal for device in an HA pair, PA-5220",18500.0000
Palo Alto Networks,PAN-PA-5220-GP-5YR-HA2,"GlobalProtect subscription 5 year prepaid for device in an HA pair, PA-5220",30800.0000
Palo Alto Networks,PAN-PA-5220-GP-5YR-HA2-R,"GlobalProtect subscription 5 year prepaid renewal for device in an HA pair, PA-5220",30800.0000
Palo Alto Networks,PAN-PA-5250-GP,"GlobalProtect subscription year 1, PA-5250",20000.0000
Palo Alto Networks,PAN-PA-5250-GP-R,"GlobalProtect subscription renewal, PA-5250",20000.0000
Palo Alto Networks,PAN-PA-5250-GP-3YR,"GlobalProtect subscription 3-year prepaid, PA-5250",48000.0000
Palo Alto Networks,PAN-PA-5250-GP-3YR-R,"GlobalProtect subscription 3-year prepaid renewal, PA-5250",48000.0000
Palo Alto Networks,PAN-PA-5250-GP-5YR,"GlobalProtect subscription 5-year prepaid, PA-5250",80000.0000
Palo Alto Networks,PAN-PA-5250-GP-5YR-R,"GlobalProtect subscription 5-year prepaid renewal, PA-5250",80000.0000
,,,
Palo Alto Networks,PAN-PA-5250-GP-HA2,"GlobalProtect subscription for device in an HA pair year 1, PA-5250",14000.0000
Palo Alto Networks,PAN-PA-5250-GP-HA2-R,"GlobalProtect subscription for device in an HA pair renewal, PA-5250",14000.0000
Palo Alto Networks,PAN-PA-5250-GP-3YR-HA2,"GlobalProtect subscription 3 year prepaid for device in an HA pair, PA-5250",37000.0000
Palo Alto Networks,PAN-PA-5250-GP-3YR-HA2-R,"GlobalProtect subscription 3 year prepaid renewal for device in an HA pair, PA-5250",37000.0000
Palo Alto Networks,PAN-PA-5250-GP-5YR-HA2,"GlobalProtect subscription 5 year prepaid for device in an HA pair, PA-5250",61600.0000
Palo Alto Networks,PAN-PA-5250-GP-5YR-HA2-R,"GlobalProtect subscription 5 year prepaid renewal for device in an HA pair, PA-5250",61600.0000
Palo Alto Networks,PAN-PA-5260-GP,"GlobalProtect subscription year 1, PA-5260",36000.0000
Palo Alto Networks,PAN-PA-5260-GP-R,"GlobalProtect subscription renewal, PA-5260",36000.0000
Palo Alto Networks,PAN-PA-5260-GP-3YR,"GlobalProtect subscription 3-year prepaid, PA-5260",86400.0000
Palo Alto Networks,PAN-PA-5260-GP-3YR-R,"GlobalProtect subscription 3-year prepaid renewal, PA-5260",86400.0000
Palo Alto Networks,PAN-PA-5260-GP-5YR,"GlobalProtect subscription 5-year prepaid, PA-5260",144000.0000
Palo Alto Networks,PAN-PA-5260-GP-5YR-R,"GlobalProtect subscription 5-year prepaid renewal, PA-5260",144000.0000
Palo Alto Networks,PAN-PA-5260-GP-HA2,"GlobalProtect subscription for device in an HA pair year 1, PA-5260",25200.0000
Palo Alto Networks,PAN-PA-5260-GP-HA2-R,"GlobalProtect subscription for device in an HA pair renewal, PA-5260",25200.0000
Palo Alto Networks,PAN-PA-5260-GP-3YR-HA2,"GlobalProtect subscription 3 year prepaid for device in an HA pair, PA-5260",66600.0000
Palo Alto Networks,PAN-PA-5260-GP-3YR-HA2-R,"GlobalProtect subscription 3 year prepaid renewal for device in an HA pair, PA-5260",66600.0000
Palo Alto Networks,PAN-PA-5260-GP-5YR-HA2,"GlobalProtect subscription 5 year prepaid for device in an HA pair, PA-5260",110900.0000
Palo Alto Networks,PAN-PA-5260-GP-5YR-HA2-R,"GlobalProtect subscription 5 year prepaid renewal for device in an HA pair, PA-5260",110900.0000
Palo Alto Networks,PAN-PA-7050-GP,"Global Protect subscription year 1, PA-7050",60000.0000
Palo Alto Networks,PAN-PA-7050-GP-R,"Global Protect subscription renewal year 1, PA-7050",60000.0000
Palo Alto Networks,PAN-PA-7050-GP-3YR,"Global Protect subscription 3-year prepaid, PA-7050",144000.0000
Palo Alto Networks,PAN-PA-7050-GP-3YR-R,"Global Protect subscription 3-year prepaid renewal, PA-7050",144000.0000
Palo Alto Networks,PAN-PA-7050-GP-5YR,"Global Protect subscription 5-year prepaid, PA-7050",240000.0000
Palo Alto Networks,PAN-PA-7050-GP-5YR-R,"Global Protect subscription 5-year prepaid renewal, PA-7050",240000.0000
Palo Alto Networks,PAN-PA-7050-GP-HA2,"Global Protect subscription for device in an HA pair year 1, PA-7050",42000.0000
Palo Alto Networks,PAN-PA-7050-GP-HA2-R,"Global Protect subscription for device in an HA pair renewal, PA-7050",42000.0000
Palo Alto Networks,PAN-PA-7050-GP-3YR-HA2,"Global Protect subscription 3-year prepaid for device in an HA pair, PA-7050",111000.0000
Palo Alto Networks,PAN-PA-7050-GP-3YR-HA2-R,"Global Protect subscription 3-year prepaid renewal for device in an HA pair, PA-7050",111000.0000
Palo Alto Networks,PAN-PA-7050-GP-5YR-HA2,"Global Protect subscription 5-year prepaid for device in an HA pair, PA-7050",185000.0000
Palo Alto Networks,PAN-PA-7050-GP-5YR-HA2-R,"Global Protect subscription 5-year prepaid renewal for device in an HA pair, PA-7050",185000.0000
Palo Alto Networks,PAN-PA-7080-GP,"GlobalProtect subscription year 1, PA-7080",75000.0000
Palo Alto Networks,PAN-PA-7080-GP-R,"GlobalProtect subscription renewal year 1, PA-7080",75000.0000
Palo Alto Networks,PAN-PA-7080-GP-3YR,"GlobalProtect subscription 3-year prepaid, PA-7080",180000.0000
Palo Alto Networks,PAN-PA-7080-GP-3YR-R,"GlobalProtect subscription 3-year prepaid renewal, PA-7080",180000.0000
Palo Alto Networks,PAN-PA-7080-GP-5YR,"GlobalProtect subscription 5-year prepaid, PA-7080",300000.0000
Palo Alto Networks,PAN-PA-7080-GP-5YR-R,"GlobalProtect subscription 5-year prepaid renewal, PA-7080",300000.0000
Palo Alto Networks,PAN-PA-7080-GP-HA2,"GlobalProtect subscription for device in an HA pair year 1, PA-7080",52500.0000
Palo Alto Networks,PAN-PA-7080-GP-HA2-R,"GlobalProtect subscription for device in an HA pair renewal, PA-7080",52500.0000
Palo Alto Networks,PAN-PA-7080-GP-3YR-HA2,"GlobalProtect subscription 3-year prepaid for device in an HA pair, PA-7080",138600.0000
Palo Alto Networks,PAN-PA-7080-GP-3YR-HA2-R,"GlobalProtect subscription 3-year prepaid renewal for device in an HA pair, PA-7080",138600.0000
Palo Alto Networks,PAN-PA-7080-GP-5YR-HA2,"GlobalProtect subscription 5-year prepaid for device in an HA pair, PA-7080",231000.0000
Palo Alto Networks,PAN-PA-7080-GP-5YR-HA2-R,"GlobalProtect subscription 5-year prepaid renewal for device in an HA pair, PA-7080",231000.0000
Palo Alto Networks,PAN-VM-100-GP,"GlobalProtect subscription year 1, VM-100",540.0000
Palo Alto Networks,PAN-VM-100-GP-R,"GlobalProtect subscription, year 1, renewal",540.0000
Palo Alto Networks,PAN-VM-100-GP-3YR,"GlobalProtect subscription, 3 year, VM-100",1300.0000
Palo Alto Networks,PAN-VM-100-GP-3YR-R,"GlobalProtect subscription, 3 year, renewal, VM-100",1300.0000
Palo Alto Networks,PAN-VM-100-GP-5YR,"GlobalProtect subscription, 5 year, VM-100",2160.0000
Palo Alto Networks,PAN-VM-100-GP-5YR-R,"GlobalProtect subscription, 5 year, renewal, VM-100",2160.0000
Palo Alto Networks,PAN-VM-100-GP-HA2,"GlobalProtect subscription for device in an HA pair, year 1, VM-100",380.0000
Palo Alto Networks,PAN-VM-100-GP-HA2-R,"GlobalProtect subscription for device in an HA pair, renewal, VM-100",380.0000
Palo Alto Networks,PAN-VM-100-GP-3YR-HA2,"GlobalProtect subscription for device in an HA pair, 3 year, VM-100",1000.0000
Palo Alto Networks,PAN-VM-100-GP-3YR-HA2-R,"GlobalProtect subscription for device in an HA pair, 3 year, renewal, VM-100",1000.0000
Palo Alto Networks,PAN-VM-100-GP-5YR-HA2,"GlobalProtect subscription for device in an HA pair, 5 year, VM-100",1660.0000
Palo Alto Networks,PAN-VM-100-GP-5YR-HA2-R,"GlobalProtect subscription for device in an HA pair, 5 year, renewal, VM-100",1660.0000
Palo Alto Networks,PAN-VM-100-ENT-GP,"GlobalProtect subscription year 1, VM-100 Enterprise",9000.0000
Palo Alto Networks,PAN-VM-100-ENT-GP-R,"GlobalProtect subscription, year 1, renewal VM-100 Enterprise",9000.0000
Palo Alto Networks,PAN-VM-100-ENT-GP-3YR,"GlobalProtect subscription, 3 year, VM-100 Enterprise",21600.0000
Palo Alto Networks,PAN-VM-100-ENT-GP-3YR-R,"GlobalProtect subscription, 3 year, renewal, VM-100 Enterprise",21600.0000
Palo Alto Networks,PAN-VM-100-ENT-GP-5YR,"GlobalProtect subscription, 5 year, VM-100 Enterprise",36000.0000
Palo Alto Networks,PAN-VM-100-ENT-GP-5YR-R,"GlobalProtect subscription, 5 year, renewal, VM-100 Enterprise",36000.0000
Palo Alto Networks,PAN-VM-100-ENT-GP-HA2,"GlobalProtect subscription for device in an HA pair, year 1, VM-100 Enterprise",6300.0000
Palo Alto Networks,PAN-VM-100-ENT-GP-HA2-R,"GlobalProtect subscription for device in an HA pair, renewal, VM-100 Enterprise",6300.0000
Palo Alto Networks,PAN-VM-100-ENT-GP-3YR-HA2,"GlobalProtect subscription for device in an HA pair, 3 year, VM-100 Enterprise",16630.0000
Palo Alto Networks,PAN-VM-100-ENT-GP-3YR-HA2-R,"GlobalProtect subscription for device in an HA pair, 3 year, renewal, VM-100 Enterprise",16630.0000
Palo Alto Networks,PAN-VM-100-ENT-GP-5YR-HA2,"GlobalProtect subscription for device in an HA pair, 5 year, VM-100 Enterprise",27720.0000
Palo Alto Networks,PAN-VM-100-ENT-GP-5YR-HA2-R,"GlobalProtect subscription for device in an HA pair, 5 year, renewal, VM-100 Enterprise",27720.0000
Palo Alto Networks,PAN-VM-200-GP,"GlobalProtect subscription year 1, VM-200",810.0000
Palo Alto Networks,PAN-VM-200-GP-R,"GlobalProtect subscription, year 1, renewal, VM-200",810.0000
Palo Alto Networks,PAN-VM-200-GP-3YR,"GlobalProtect subscription, 3 year, VM-200",1940.0000
Palo Alto Networks,PAN-VM-200-GP-3YR-R,"GlobalProtect subscription, 3 year, renewal, VM-200",1940.0000
Palo Alto Networks,PAN-VM-200-GP-5YR,"GlobalProtect subscription, 5 year, VM-200",3240.0000
Palo Alto Networks,PAN-VM-200-GP-5YR-R,"GlobalProtect subscription, 5 year, renewal, VM-200",3240.0000
Palo Alto Networks,PAN-VM-200-GP-HA2,"GlobalProtect subscription for device in an HA pair, year 1, VM-200",570.0000
Palo Alto Networks,PAN-VM-200-GP-HA2-R,"GlobalProtect subscription for device in an HA pair, renewal, VM-200",570.0000
Palo Alto Networks,PAN-VM-200-GP-3YR-HA2,"GlobalProtect subscription for device in an HA pair, 3 year, VM-200",1500.0000
Palo Alto Networks,PAN-VM-200-GP-3YR-HA2-R,"GlobalProtect subscription for device in an HA pair, 3 year, renewal, VM-200",1500.0000
Palo Alto Networks,PAN-VM-200-GP-5YR-HA2,"GlobalProtect subscription for device in an HA pair, 5 year, VM-200",2500.0000
Palo Alto Networks,PAN-VM-200-GP-5YR-HA2-R,"GlobalProtect subscription for device in an HA pair, 5 year, renewal, VM-200",2500.0000
Palo Alto Networks,PAN-VM-200-ENT-GP,"GlobalProtect subscription year 1, VM-200",13500.0000
Palo Alto Networks,PAN-VM-200-ENT-GP-R,"GlobalProtect subscription, year 1, renewal, VM-200",13500.0000
Palo Alto Networks,PAN-VM-200-ENT-GP-3YR,"GlobalProtect subscription, 3 year, VM-200",32400.0000
Palo Alto Networks,PAN-VM-200-ENT-GP-3YR-R,"GlobalProtect subscription, 3 year, renewal, VM-200",32400.0000
Palo Alto Networks,PAN-VM-200-ENT-GP-5YR,"GlobalProtect subscription, 5 year, VM-200",54000.0000
Palo Alto Networks,PAN-VM-200-ENT-GP-5YR-R,"GlobalProtect subscription, 5 year, renewal, VM-200",54000.0000
Palo Alto Networks,PAN-VM-200-ENT-GP-HA2,"GlobalProtect subscription for device in an HA pair, year 1, VM-200",9450.0000
Palo Alto Networks,PAN-VM-200-ENT-GP-HA2-R,"GlobalProtect subscription for device in an HA pair, renewal, VM-200",9450.0000
Palo Alto Networks,PAN-VM-200-ENT-GP-3YR-HA2,"GlobalProtect subscription for device in an HA pair, 3 year, VM-200",24950.0000
Palo Alto Networks,PAN-VM-200-ENT-GP-3YR-HA2-R,"GlobalProtect subscription for device in an HA pair, 3 year, renewal, VM-200",24950.0000
Palo Alto Networks,PAN-VM-200-ENT-GP-5YR-HA2,"GlobalProtect subscription for device in an HA pair, 5 year, VM-200",41580.0000
Palo Alto Networks,PAN-VM-200-ENT-GP-5YR-HA2-R,"GlobalProtect subscription for device in an HA pair, 5 year, renewal, VM-200",41580.0000
Palo Alto Networks,PAN-VM-300-GP,"GlobalProtect subscription year 1, VM-300",1080.0000
Palo Alto Networks,PAN-VM-300-GP-R,"GlobalProtect subscription, year 1, renewal, VM-300",1080.0000
Palo Alto Networks,PAN-VM-300-GP-3YR,"GlobalProtect subscription, 3 year, VM-300",2600.0000
Palo Alto Networks,PAN-VM-300-GP-3YR-R,"GlobalProtect subscription, 3 year, renewal, VM-300",2600.0000
Palo Alto Networks,PAN-VM-300-GP-5YR,"GlobalProtect subscription, 5 year, VM-300",4320.0000
Palo Alto Networks,PAN-VM-300-GP-5YR-R,"GlobalProtect subscription, 5 year, renewal, VM-300",4320.0000
,,,
Palo Alto Networks,PAN-VM-300-GP-HA2,"GlobalProtect subscription for device in an HA pair, year 1, VM-300",760.0000
Palo Alto Networks,PAN-VM-300-GP-HA2-R,"GlobalProtect subscription for device in an HA pair, renewal, VM-300",760.0000
Palo Alto Networks,PAN-VM-300-GP-3YR-HA2,"GlobalProtect subscription for device in an HA pair, 3 year, VM-300",2000.0000
Palo Alto Networks,PAN-VM-300-GP-3YR-HA2-R,"GlobalProtect subscription for device in an HA pair, 3 year, renewal, VM-300",2000.0000
Palo Alto Networks,PAN-VM-300-GP-5YR-HA2,"GlobalProtect subscription for device in an HA pair, 5 year, VM-300",3330.0000
Palo Alto Networks,PAN-VM-300-GP-5YR-HA2-R,"GlobalProtect subscription for device in an HA pair, 5 year, renewal, VM-300",3330.0000
Palo Alto Networks,PAN-VM-300-ENT-GP,"GlobalProtect subscription year 1, VM-300",18000.0000
Palo Alto Networks,PAN-VM-300-ENT-GP-R,"GlobalProtect subscription, year 1, renewal, VM-300",18000.0000
Palo Alto Networks,PAN-VM-300-ENT-GP-3YR,"GlobalProtect subscription, 3 year, VM-300",43200.0000
Palo Alto Networks,PAN-VM-300-ENT-GP-3YR-R,"GlobalProtect subscription, 3 year, renewal, VM-300",43200.0000
Palo Alto Networks,PAN-VM-300-ENT-GP-5YR,"GlobalProtect subscription, 5 year, VM-300",72000.0000
Palo Alto Networks,PAN-VM-300-ENT-GP-5YR-R,"GlobalProtect subscription, 5 year, renewal, VM-300",72000.0000
Palo Alto Networks,PAN-VM-300-ENT-GP-HA2,"GlobalProtect subscription for device in an HA pair, year 1, VM-300",12600.0000
Palo Alto Networks,PAN-VM-300-ENT-GP-HA2-R,"GlobalProtect subscription for device in an HA pair, renewal, VM-300",12600.0000
Palo Alto Networks,PAN-VM-300-ENT-GP-3YR-HA2,"GlobalProtect subscription for device in an HA pair, 3 year, VM-300",33260.0000
Palo Alto Networks,PAN-VM-300-ENT-GP-3YR-HA2-R,"GlobalProtect subscription for device in an HA pair, 3 year, renewal, VM-300",33260.0000
Palo Alto Networks,PAN-VM-300-ENT-GP-5YR-HA2,"GlobalProtect subscription for device in an HA pair, 5 year, VM-300",55440.0000
Palo Alto Networks,PAN-VM-300-ENT-GP-5YR-HA2-R,"GlobalProtect subscription for device in an HA pair, 5 year, renewal, VM-300",55440.0000
Palo Alto Networks,PAN-VM-1000-HV-GP,"GlobalProtect subscription year 1, VM-1000-HV",1350.0000
Palo Alto Networks,PAN-VM-1000-HV-GP-R,"GlobalProtect subscription, year 1, renewal, VM-1000-HV",1350.0000
Palo Alto Networks,PAN-VM-1000-HV-GP-3YR,"GlobalProtect subscription, 3 year, VM-1000-HV",3250.0000
Palo Alto Networks,PAN-VM-1000-HV-GP-3YR-R,"GlobalProtect subscription, 3 year, renewal, VM-1000-HV",3250.0000
Palo Alto Networks,PAN-VM-1000-HV-GP-5YR,"GlobalProtect subscription, 5 year, VM-1000-HV",5400.0000
Palo Alto Networks,PAN-VM-1000-HV-GP-5YR-R,"GlobalProtect subscription, 5 year, renewal, VM-1000-HV",5400.0000
Palo Alto Networks,PAN-VM-1000-HV-GP-HA2,"GlobalProtect subscription for device in an HA pair, year 1, VM-1000-HV",950.0000
Palo Alto Networks,PAN-VM-1000-HV-GP-HA2-R,"GlobalProtect subscription for device in an HA pair, renewal, VM-1000-HV",950.0000
Palo Alto Networks,PAN-VM-1000-HV-GP-3YR-HA2,"GlobalProtect subscription for device in an HA pair, 3 year, VM-1000-HV",2500.0000
Palo Alto Networks,PAN-VM-1000-HV-GP-3YR-HA2-R,"GlobalProtect subscription for device in an HA pair, 3 year, renewal, VM-1000-HV",2500.0000
Palo Alto Networks,PAN-VM-1000-HV-GP-5YR-HA2,"GlobalProtect subscription for device in an HA pair, 5 year, VM-1000-HV",4160.0000
Palo Alto Networks,PAN-VM-1000-HV-GP-5YR-HA2-R,"GlobalProtect subscription for device in an HA pair, 5 year, renewal, VM-1000-HV",4160.0000
Palo Alto Networks,PAN-VM-1000-HV-ENT-GP,"GlobalProtect subscription year 1, VM-1000-HV-ENT",22500.0000
Palo Alto Networks,PAN-VM-1000-HV-ENT-GP-R,"GlobalProtect subscription, year 1, renewal, VM-1000-HV-ENT",22500.0000
Palo Alto Networks,PAN-VM-1000-HV-ENT-GP-3YR,"GlobalProtect subscription, 3 year, VM-1000-HV-ENT",54000.0000
Palo Alto Networks,PAN-VM-1000-HV-ENT-GP-3YR-R,"GlobalProtect subscription, 3 year, renewal, VM-1000-HV-ENT",54000.0000
Palo Alto Networks,PAN-VM-1000-HV-ENT-GP-5YR,"GlobalProtect subscription, 5 year, VM-1000-HV-ENT",90000.0000
Palo Alto Networks,PAN-VM-1000-HV-ENT-GP-5YR-R,"GlobalProtect subscription, 5 year, renewal, VM-1000-HV-ENT",90000.0000
Palo Alto Networks,PAN-VM-1000-HV-ENT-GP-HA2,"GlobalProtect subscription for device in an HA pair, year 1, VM-1000-HV-ENT",15750.0000
Palo Alto Networks,PAN-VM-1000-HV-ENT-GP-HA2-R,"GlobalProtect subscription for device in an HA pair, renewal, VM-1000-HV-ENT",15750.0000
Palo Alto Networks,PAN-VM-1000-HV-ENT-GP-3YR-HA2,"GlobalProtect subscription for device in an HA pair, 3 year, VM-1000-HV-ENT",41580.0000
Palo Alto Networks,PAN-VM-1000-HV-ENT-GP-3YR-HA2-R,"GlobalProtect subscription for device in an HA pair, 3 year, renewal, VM-1000-HV-ENT",41580.0000
Palo Alto Networks,PAN-VM-1000-HV-ENT-GP-5YR-HA2,"GlobalProtect subscription for device in an HA pair, 5 year, VM-1000-HV-ENT",69300.0000
Palo Alto Networks,PAN-VM-1000-HV-ENT-GP-5YR-HA2-R,"GlobalProtect subscription for device in an HA pair, 5 year, renewal, VM-1000-HV-ENT",69300.0000
Palo Alto Networks,PAN-PA-200-TP,"Threat prevention subscription year 1, PA-200",400.0000
Palo Alto Networks,PAN-PA-200-TP-R,"Threat prevention subscription renewal, PA-200",400.0000
Palo Alto Networks,PAN-PA-200-TP-3YR,"Threat prevention subscription 3-year prepaid, PA-200",960.0000
Palo Alto Networks,PAN-PA-200-TP-3YR-R,"Threat prevention subscription 3-year prepaid renewal, PA-200",960.0000
Palo Alto Networks,PAN-PA-200-TP-5YR,"Threat prevention subscription 5-year prepaid, PA-200",1600.0000
Palo Alto Networks,PAN-PA-200-TP-5YR-R,"Threat prevention subscription 5-year prepaid renewal, PA-200",1600.0000
Palo Alto Networks,PAN-PA-200-TP-HA2,"Threat prevention subscription for device in an HA pair year 1, PA-200",280.0000
Palo Alto Networks,PAN-PA-200-TP-HA2-R,"Threat prevention subscription for device in an HA pair renewal, PA-200",280.0000
Palo Alto Networks,PAN-PA-200-TP-3YR-HA2,"Threat prevention subscription 3 year prepaid for device in an HA pair, PA-200",740.0000
Palo Alto Networks,PAN-PA-200-TP-3YR-HA2-R,"Threat prevention subscription 3 year prepaid renewal for device in an HA pair, PA-200",740.0000
Palo Alto Networks,PAN-PA-200-TP-5YR-HA2,"Threat prevention subscription 5 year prepaid for device in an HA pair, PA-200",1230.0000
Palo Alto Networks,PAN-PA-200-TP-5YR-HA2-R,"Threat prevention subscription 5 year prepaid renewal for device in an HA pair, PA-200",1230.0000
Palo Alto Networks,PAN-PA-220-TP,"Threat prevention subscription year 1, PA-220",200.0000
Palo Alto Networks,PAN-PA-220-TP-R,"Threat prevention subscription renewal, PA-220",200.0000
Palo Alto Networks,PAN-PA-220-TP-3YR,"Threat prevention subscription 3-year prepaid, PA-220",480.0000
Palo Alto Networks,PAN-PA-220-TP-3YR-R,"Threat prevention subscription 3-year prepaid renewal, PA-220",480.0000
Palo Alto Networks,PAN-PA-220-TP-5YR,"Threat prevention subscription 5-year prepaid, PA-220",800.0000
Palo Alto Networks,PAN-PA-220-TP-5YR-R,"Threat prevention subscription 5-year prepaid renewal, PA-220",800.0000
Palo Alto Networks,PAN-PA-220-TP-HA2,"Threat prevention subscription for device in an HA pair year 1, PA-220",140.0000
Palo Alto Networks,PAN-PA-220-TP-HA2-R,"Threat prevention subscription for device in an HA pair renewal, PA-220",140.0000
Palo Alto Networks,PAN-PA-220-TP-3YR-HA2,"Threat prevention subscription 3 year prepaid for device in an HA pair, PA-220",370.0000
Palo Alto Networks,PAN-PA-220-TP-3YR-HA2-R,"Threat prevention subscription 3 year prepaid renewal for device in an HA pair, PA-220",370.0000
Palo Alto Networks,PAN-PA-220-TP-5YR-HA2,"Threat prevention subscription 5 year prepaid for device in an HA pair, PA-220",620.0000
Palo Alto Networks,PAN-PA-220-TP-5YR-HA2-R,"Threat prevention subscription 5 year prepaid renewal for device in an HA pair, PA-220",620.0000
Palo Alto Networks,PAN-PA-500-TP,"Threat prevention subscription year 1, PA-500",900.0000
Palo Alto Networks,PAN-PA-500-TP-R,"Threat prevention subscription renewal, PA-500",900.0000
Palo Alto Networks,PAN-PA-500-TP-3YR,"Threat prevention subscription 3-year prepaid, PA-500",2160.0000
Palo Alto Networks,PAN-PA-500-TP-3YR-R,"Threat prevention subscription 3-year prepaid renewal, PA-500",2160.0000
Palo Alto Networks,PAN-PA-500-TP-5YR,"Threat prevention subscription 5-year prepaid, PA-500",3600.0000
Palo Alto Networks,PAN-PA-500-TP-5YR-R,"Threat prevention subscription 5-year prepaid renewal, PA-500",3600.0000
Palo Alto Networks,PAN-PA-500-TP-HA2,"Threat prevention subscription for device in an HA pair year 1, PA-500",630.0000
Palo Alto Networks,PAN-PA-500-TP-HA2-R,"Threat prevention subscription for device in an HA pair renewal, PA-500",630.0000
Palo Alto Networks,PAN-PA-500-TP-3YR-HA2,"Threat prevention subscription 3 year prepaid for device in an HA pair, PA-500",1660.0000
Palo Alto Networks,PAN-PA-500-TP-3YR-HA2-R,"Threat prevention subscription 3 year prepaid renewal for device in an HA pair, PA-500",1660.0000
Palo Alto Networks,PAN-PA-500-TP-5YR-HA2,"Threat prevention subscription 5 year prepaid for device in an HA pair, PA-500",2770.0000
Palo Alto Networks,PAN-PA-500-TP-5YR-HA2-R,"Threat prevention subscription 5 year prepaid renewal for device in an HA pair, PA-500",2770.0000
Palo Alto Networks,PAN-PA-820-TP,"Threat prevention subscription year 1, PA-820",900.0000
Palo Alto Networks,PAN-PA-820-TP-R,"Threat prevention subscription renewal, PA-820",900.0000
Palo Alto Networks,PAN-PA-820-TP-3YR,"Threat prevention subscription 3-year prepaid, PA-820",2200.0000
Palo Alto Networks,PAN-PA-820-TP-3YR-R,"Threat prevention subscription renewal 3-year prepaid, PA-820",2200.0000
Palo Alto Networks,PAN-PA-820-TP-5YR,"Threat prevention subscription 5-year prepaid, PA-820",3600.0000
Palo Alto Networks,PAN-PA-820-TP-5YR-R,"Threat prevention subscription renewal 5-year prepaid, PA-820",3600.0000
Palo Alto Networks,PAN-PA-820-TP-HA2,"Threat prevention subscription for devices in HA pair, PA-820",700.0000
Palo Alto Networks,PAN-PA-820-TP-HA2-R,"Threat prevention subscription renewal for devices in HA pair, PA-820",700.0000
Palo Alto Networks,PAN-PA-820-TP-3YR-HA2,"Threat prevention subscription 3-year prepaid for device in an HA pair, PA-820",1900.0000
Palo Alto Networks,PAN-PA-820-TP-3YR-HA2-R,"Threat prevention subscription 3-year prepaid renewal for device in an HA pair, PA-820",1900.0000
Palo Alto Networks,PAN-PA-820-TP-5YR-HA2,"Threat prevention subscription 5-year prepaid for device in an HA pair, PA-820",3100.0000
Palo Alto Networks,PAN-PA-820-TP-5YR-HA2-R,"Threat prevention subscription renewal 5-year prepaid for device in an HA pair, PA-820",3100.0000
Palo Alto Networks,PAN-PA-850-TP,"Threat prevention subscription year 1, PA-850",1900.0000
Palo Alto Networks,PAN-PA-850-TP-R,"Threat prevention subscription renewal year 1, PA-850",1900.0000
Palo Alto Networks,PAN-PA-850-TP-3YR,"Threat prevention subscription 3-year prepaid, PA-850",4600.0000
Palo Alto Networks,PAN-PA-850-TP-3YR-R,"Threat prevention subscription 3-year prepaid renewal, PA-850",4600.0000
Palo Alto Networks,PAN-PA-850-TP-5YR,"Threat prevention subscription 5-year prepaid, PA-850",7600.0000
Palo Alto Networks,PAN-PA-850-TP-5YR-R,"Threat prevention subscription 5-year prepaid renewal, PA-850",7600.0000
,,,
Palo Alto Networks,PAN-PA-850-TP-HA2,"Threat prevention subscription for device in an HA pair year 1, PA-850",1400.0000
Palo Alto Networks,PAN-PA-850-TP-HA2-R,"Threat prevention subscription for device in an HA pair renewal, PA-850",1400.0000
Palo Alto Networks,PAN-PA-850-TP-3YR-HA2,"Threat prevention subscription 3-year prepaid for device in an HA pair, PA-850",3700.0000
Palo Alto Networks,PAN-PA-850-TP-3YR-HA2-R,"Threat prevention subscription 3-year prepaid renewal for device in an HA pair, PA-850",3700.0000
Palo Alto Networks,PAN-PA-850-TP-5YR-HA2,"Threat prevention subscription 5-year prepaid for device in an HA pair, PA-850",6200.0000
Palo Alto Networks,PAN-PA-850-TP-5YR-HA2-R,"Threat prevention subscription 5-year prepaid renewal for device in an HA pair, PA-850",6200.0000
Palo Alto Networks,PAN-PA-2020-TP,"Threat prevention subscription year 1, PA-2020",2400.0000
Palo Alto Networks,PAN-PA-2020-TP-R,"Threat prevention subscription renewal, PA-2020",2400.0000
Palo Alto Networks,PAN-PA-2020-TP-HA2,"Threat prevention subscription for device in an HA pair year 1, PA-2020",1700.0000
Palo Alto Networks,PAN-PA-2020-TP-HA2-R,"Threat prevention subscription for device in an HA pair renewal, PA-2020",1700.0000
Palo Alto Networks,PAN-PA-2050-TP,"Threat prevention subscription year 1, PA-2050",3200.0000
Palo Alto Networks,PAN-PA-2050-TP-R,"Threat prevention subscription renewal, PA-2050",3200.0000
Palo Alto Networks,PAN-PA-2050-TP-HA2,"Threat prevention subscription for device in an HA pair year 1, PA-2050",2240.0000
Palo Alto Networks,PAN-PA-2050-TP-HA2-R,"Threat prevention subscription for device in an HA pair renewal, PA-2050",2240.0000
Palo Alto Networks,PAN-PA-3020-TP,"Threat prevention subscription year 1, PA-3020",2800.0000
Palo Alto Networks,PAN-PA-3020-TP-R,"Threat prevention subscription renewal, PA-3020",2800.0000
Palo Alto Networks,PAN-PA-3020-TP-3YR,"Threat prevention subscription 3-year prepaid, PA-3020",6720.0000
Palo Alto Networks,PAN-PA-3020-TP-3YR-R,"Threat prevention subscription renewal 3-year prepaid, PA-3020",6720.0000
Palo Alto Networks,PAN-PA-3020-TP-5YR,"Threat prevention subscription 5-year prepaid, PA-3020",11200.0000
Palo Alto Networks,PAN-PA-3020-TP-5YR-R,"Threat prevention subscription renewal 5-year prepaid, PA-3020",11200.0000
Palo Alto Networks,PAN-PA-3020-TP-HA2,"Threat prevention subscription for devices in HA pair, PA-3020",1960.0000
Palo Alto Networks,PAN-PA-3020-TP-HA2-R,"Threat prevention subscription renewal for devices in HA pair, PA-3020",1960.0000
Palo Alto Networks,PAN-PA-3020-TP-3YR-HA2,"Threat prevention subscription 3-year prepaid for device in an HA pair, PA-3020",5180.0000
Palo Alto Networks,PAN-PA-3020-TP-3YR-HA2-R,"Threat prevention subscription 3-year prepaid renewal for device in an HA pair, PA-3020",5180.0000
Palo Alto Networks,PAN-PA-3020-TP-5YR-HA2,"Threat prevention subscription 5-year prepaid for device in an HA pair, PA-3020",8600.0000
Palo Alto Networks,PAN-PA-3020-TP-5YR-HA2-R,"Threat prevention subscription renewal 5-year prepaid for device in an HA pair, PA-3020",8600.0000
Palo Alto Networks,PAN-PA-3050-TP,"Threat prevention subscription year 1, PA-3050",4800.0000
Palo Alto Networks,PAN-PA-3050-TP-R,"Threat prevention subscription renewal year 1, PA-3050",4800.0000
Palo Alto Networks,PAN-PA-3050-TP-3YR,"Threat prevention subscription 3-year prepaid, PA-3050",11520.0000
Palo Alto Networks,PAN-PA-3050-TP-3YR-R,"Threat prevention subscription 3-year prepaid renewal, PA-3050",11520.0000
Palo Alto Networks,PAN-PA-3050-TP-5YR,"Threat prevention subscription 5-year prepaid, PA-3050",19200.0000
Palo Alto Networks,PAN-PA-3050-TP-5YR-R,"Threat prevention subscription 5-year prepaid renewal, PA-3050",19200.0000
Palo Alto Networks,PAN-PA-3050-TP-HA2,"Threat prevention subscription for device in an HA pair year 1, PA-3050",3360.0000
Palo Alto Networks,PAN-PA-3050-TP-HA2-R,"Threat prevention subscription for device in an HA pair renewal, PA-3050",3360.0000
Palo Alto Networks,PAN-PA-3050-TP-3YR-HA2,"Threat prevention subscription 3-year prepaid for device in an HA pair, PA-3050",8870.0000
Palo Alto Networks,PAN-PA-3050-TP-3YR-HA2-R,"Threat prevention subscription 3-year prepaid renewal for device in an HA pair, PA-3050",8870.0000
Palo Alto Networks,PAN-PA-3050-TP-5YR-HA2,"Threat prevention subscription 5-year prepaid for device in an HA pair, PA-3050",14780.0000
Palo Alto Networks,PAN-PA-3050-TP-5YR-HA2-R,"Threat prevention subscription 5-year prepaid renewal for device in an HA pair, PA-3050",14780.0000
Palo Alto Networks,PAN-PA-3060-TP,"Threat prevention subscription year 1, PA-3060",7200.0000
Palo Alto Networks,PAN-PA-3060-TP-R,"Threat prevention subscription renewal year 1, PA-3060",7200.0000
Palo Alto Networks,PAN-PA-3060-TP-3YR,"Threat prevention subscription 3-year prepaid, PA-3060",17280.0000
Palo Alto Networks,PAN-PA-3060-TP-3YR-R,"Threat prevention subscription 3-year prepaid renewal, PA-3060",17280.0000
Palo Alto Networks,PAN-PA-3060-TP-5YR,"Threat prevention subscription 5-year prepaid, PA-3060",28800.0000
Palo Alto Networks,PAN-PA-3060-TP-5YR-R,"Threat prevention subscription 5-year prepaid renewal, PA-3060",28800.0000
Palo Alto Networks,PAN-PA-3060-TP-HA2,"Threat prevention subscription for device in an HA pair year 1, PA-3060",5040.0000
Palo Alto Networks,PAN-PA-3060-TP-HA2-R,"Threat prevention subscription for device in an HA pair renewal, PA-3060",5040.0000
Palo Alto Networks,PAN-PA-3060-TP-3YR-HA2,"Threat prevention subscription 3-year prepaid for device in an HA pair, PA-3060",13310.0000
Palo Alto Networks,PAN-PA-3060-TP-3YR-HA2-R,"Threat prevention subscription 3-year prepaid renewal for device in an HA pair, PA-3060",13310.0000
Palo Alto Networks,PAN-PA-3060-TP-5YR-HA2,"Threat prevention subscription 5-year prepaid for device in an HA pair, PA-3060",22180.0000
Palo Alto Networks,PAN-PA-3060-TP-5YR-HA2-R,"Threat prevention subscription 5-year prepaid renewal for device in an HA pair, PA-3060",22180.0000
Palo Alto Networks,PAN-PA-4020-TP,"Threat prevention subscription year 1, PA-4020",7000.0000
Palo Alto Networks,PAN-PA-4020-TP-R,"Threat prevention subscription renewal, PA-4020",7000.0000
Palo Alto Networks,PAN-PA-4020-TP-HA2,"Threat prevention subscription for device in an HA pair year 1, PA-4020",4900.0000
Palo Alto Networks,PAN-PA-4020-TP-HA2-R,"Threat prevention subscription for device in an HA pair renewal, PA-4020",4900.0000
Palo Alto Networks,PAN-PA-4050-TP,"Threat prevention subscription year 1, PA-4050",12000.0000
Palo Alto Networks,PAN-PA-4050-TP-R,"Threat prevention subscription renewal, PA-4050",12000.0000
Palo Alto Networks,PAN-PA-4050-TP-HA2,"Threat prevention subscription for device in an HA pair year 1, PA-4050",8400.0000
Palo Alto Networks,PAN-PA-4050-TP-HA2-R,"Threat prevention subscription for device in an HA pair renewal, PA-4050",8400.0000
Palo Alto Networks,PAN-PA-4060-TP,"Threat prevention subscription year 1, PA-4060",16000.0000
Palo Alto Networks,PAN-PA-4060-TP-R,"Threat prevention subscription renewal, PA-4060",16000.0000
Palo Alto Networks,PAN-PA-4060-TP-HA2,"Threat prevention subscription for device in an HA pair year 1, PA-4060",11200.0000
Palo Alto Networks,PAN-PA-4060-TP-HA2-R,"Threat prevention subscription for device in an HA pair renewal, PA-4060",11200.0000
Palo Alto Networks,PAN-PA-5020-TP,"Threat prevention subscription year 1, PA-5020",8000.0000
Palo Alto Networks,PAN-PA-5020-TP-R,"Threat prevention subscription renewal, PA-5020",8000.0000
Palo Alto Networks,PAN-PA-5020-TP-3YR,"Threat prevention subscription 3-year prepaid, PA-5020",19200.0000
Palo Alto Networks,PAN-PA-5020-TP-3YR-R,"Threat prevention subscription 3-year prepaid renewal, PA-5020",19200.0000
Palo Alto Networks,PAN-PA-5020-TP-5YR,"Threat prevention subscription 5-year prepaid, PA-5020",32000.0000
Palo Alto Networks,PAN-PA-5020-TP-5YR-R,"Threat prevention subscription 5-year prepaid renewal, PA-5020",32000.0000
Palo Alto Networks,PAN-PA-5020-TP-HA2,"Threat prevention subscription for device in an HA pair year 1, PA-5020",5600.0000
Palo Alto Networks,PAN-PA-5020-TP-HA2-R,"Threat prevention subscription for device in an HA pair renewal, PA-5020",5600.0000
Palo Alto Networks,PAN-PA-5020-TP-3YR-HA2,"Threat prevention subscription 3 year prepaid for device in an HA pair, PA-5020",14775.0000
Palo Alto Networks,PAN-PA-5020-TP-3YR-HA2-R,"Threat prevention subscription 3 year prepaid renewal for device in an HA pair, PA-5020",14775.0000
Palo Alto Networks,PAN-PA-5020-TP-5YR-HA2,"Threat prevention subscription 5 year prepaid for device in an HA pair, PA-5020",24640.0000
Palo Alto Networks,PAN-PA-5020-TP-5YR-HA2-R,"Threat prevention subscription 5 year prepaid renewal for device in an HA pair, PA-5020",24640.0000
Palo Alto Networks,PAN-PA-5050-TP,"Threat prevention subscription year 1, PA-5050",14000.0000
Palo Alto Networks,PAN-PA-5050-TP-R,"Threat prevention subscription renewal, PA-5050",14000.0000
Palo Alto Networks,PAN-PA-5050-TP-3YR,"Threat prevention subscription 3-year prepaid, PA-5050",33600.0000
Palo Alto Networks,PAN-PA-5050-TP-3YR-R,"Threat prevention subscription 3-year prepaid renewal, PA-5050",33600.0000
Palo Alto Networks,PAN-PA-5050-TP-5YR,"Threat prevention subscription 5-year prepaid, PA-5050",56000.0000
Palo Alto Networks,PAN-PA-5050-TP-5YR-R,"Threat prevention subscription 5-year prepaid renewal, PA-5050",56000.0000
Palo Alto Networks,PAN-PA-5050-TP-HA2,"Threat prevention subscription for device in an HA pair year 1, PA-5050",9800.0000
Palo Alto Networks,PAN-PA-5050-TP-HA2-R,"Threat prevention subscription for device in an HA pair renewal, PA-5050",9800.0000
Palo Alto Networks,PAN-PA-5050-TP-3YR-HA2,"Threat prevention subscription 3 year prepaid for device in an HA pair, PA-5050",25875.0000
Palo Alto Networks,PAN-PA-5050-TP-3YR-HA2-R,"Threat prevention subscription 3 year prepaid renewal for device in an HA pair, PA-5050",25875.0000
Palo Alto Networks,PAN-PA-5050-TP-5YR-HA2,"Threat prevention subscription 5 year prepaid for device in an HA pair, PA-5050",43120.0000
Palo Alto Networks,PAN-PA-5050-TP-5YR-HA2-R,"Threat prevention subscription 5 year prepaid renewal for device in an HA pair, PA-5050",43120.0000
Palo Alto Networks,PAN-PA-5060-TP,"Threat prevention subscription year 1, PA-5060",26000.0000
Palo Alto Networks,PAN-PA-5060-TP-R,"Threat prevention subscription renewal, PA-5060",26000.0000
Palo Alto Networks,PAN-PA-5060-TP-3YR,"Threat prevention subscription 3-year prepaid, PA-5060",62400.0000
Palo Alto Networks,PAN-PA-5060-TP-3YR-R,"Threat prevention subscription 3-year prepaid renewal, PA-5060",62400.0000
Palo Alto Networks,PAN-PA-5060-TP-5YR,"Threat prevention subscription 5-year prepaid, PA-5060",104000.0000
Palo Alto Networks,PAN-PA-5060-TP-5YR-R,"Threat prevention subscription 5-year prepaid renewal, PA-5060",104000.0000
Palo Alto Networks,PAN-PA-5060-TP-HA2,"Threat prevention subscription for device in an HA pair year 1, PA-5060",18200.0000
Palo Alto Networks,PAN-PA-5060-TP-HA2-R,"Threat prevention subscription for device in an HA pair renewal, PA-5060",18200.0000
Palo Alto Networks,PAN-PA-5060-TP-3YR-HA2,"Threat prevention subscription 3 year prepaid for device in an HA pair, PA-5060",48050.0000
Palo Alto Networks,PAN-PA-5060-TP-3YR-HA2-R,"Threat prevention subscription 3 year prepaid renewal for device in an HA pair, PA-5060",48050.0000
,,,
Palo Alto Networks,PAN-PA-5060-TP-5YR-HA2,"Threat prevention subscription 5 year prepaid for device in an HA pair, PA-5060",80080.0000
Palo Alto Networks,PAN-PA-5060-TP-5YR-HA2-R,"Threat prevention subscription 5 year prepaid renewal for device in an HA pair, PA-5060",80080.0000
Palo Alto Networks,PAN-PA-5220-TP,"Threat prevention subscription year 1, PA-5220",10000.0000
Palo Alto Networks,PAN-PA-5220-TP-R,"Threat prevention subscription renewal, PA-5220",10000.0000
Palo Alto Networks,PAN-PA-5220-TP-3YR,"Threat prevention subscription 3-year prepaid, PA-5220",24000.0000
Palo Alto Networks,PAN-PA-5220-TP-3YR-R,"Threat prevention subscription 3-year prepaid renewal, PA-5220",24000.0000
Palo Alto Networks,PAN-PA-5220-TP-5YR,"Threat prevention subscription 5-year prepaid, PA-5220",40000.0000
Palo Alto Networks,PAN-PA-5220-TP-5YR-R,"Threat prevention subscription 5-year prepaid renewal, PA-5220",40000.0000
Palo Alto Networks,PAN-PA-5220-TP-HA2,"Threat prevention subscription for device in an HA pair year 1, PA-5220",7000.0000
Palo Alto Networks,PAN-PA-5220-TP-HA2-R,"Threat prevention subscription for device in an HA pair renewal, PA-5220",7000.0000
Palo Alto Networks,PAN-PA-5220-TP-3YR-HA2,"Threat prevention subscription 3 year prepaid for device in an HA pair, PA-5220",18500.0000
Palo Alto Networks,PAN-PA-5220-TP-3YR-HA2-R,"Threat prevention subscription 3 year prepaid renewal for device in an HA pair, PA-5220",18500.0000
Palo Alto Networks,PAN-PA-5220-TP-5YR-HA2,"Threat prevention subscription 5 year prepaid for device in an HA pair, PA-5220",30800.0000
Palo Alto Networks,PAN-PA-5220-TP-5YR-HA2-R,"Threat prevention subscription 5 year prepaid renewal for device in an HA pair, PA-5220",30800.0000
Palo Alto Networks,PAN-PA-5250-TP,"Threat prevention subscription year 1, PA-5250",20000.0000
Palo Alto Networks,PAN-PA-5250-TP-R,"Threat prevention subscription renewal, PA-5250",20000.0000
Palo Alto Networks,PAN-PA-5250-TP-3YR,"Threat prevention subscription 3-year prepaid, PA-5250",48000.0000
Palo Alto Networks,PAN-PA-5250-TP-3YR-R,"Threat prevention subscription 3-year prepaid renewal, PA-5250",48000.0000
Palo Alto Networks,PAN-PA-5250-TP-5YR,"Threat prevention subscription 5-year prepaid, PA-5250",80000.0000
Palo Alto Networks,PAN-PA-5250-TP-5YR-R,"Threat prevention subscription 5-year prepaid renewal, PA-5250",80000.0000
Palo Alto Networks,PAN-PA-5250-TP-HA2,"Threat prevention subscription for device in an HA pair year 1, PA-5250",14000.0000
Palo Alto Networks,PAN-PA-5250-TP-HA2-R,"Threat prevention subscription for device in an HA pair renewal, PA-5250",14000.0000
Palo Alto Networks,PAN-PA-5250-TP-3YR-HA2,"Threat prevention subscription 3 year prepaid for device in an HA pair, PA-5250",37000.0000
Palo Alto Networks,PAN-PA-5250-TP-3YR-HA2-R,"Threat prevention subscription 3 year prepaid renewal for device in an HA pair, PA-5250",37000.0000
Palo Alto Networks,PAN-PA-5250-TP-5YR-HA2,"Threat prevention subscription 5 year prepaid for device in an HA pair, PA-5250",61600.0000
Palo Alto Networks,PAN-PA-5250-TP-5YR-HA2-R,"Threat prevention subscription 5 year prepaid renewal for device in an HA pair, PA-5250",61600.0000
Palo Alto Networks,PAN-PA-5260-TP,"Threat prevention subscription year 1, PA-5260",36000.0000
Palo Alto Networks,PAN-PA-5260-TP-R,"Threat prevention subscription renewal, PA-5260",36000.0000
Palo Alto Networks,PAN-PA-5260-TP-3YR,"Threat prevention subscription 3-year prepaid, PA-5260",86400.0000
Palo Alto Networks,PAN-PA-5260-TP-3YR-R,"Threat prevention subscription 3-year prepaid renewal, PA-5260",86400.0000
Palo Alto Networks,PAN-PA-5260-TP-5YR,"Threat prevention subscription 5-year prepaid, PA-5260",144000.0000
Palo Alto Networks,PAN-PA-5260-TP-5YR-R,"Threat prevention subscription 5-year prepaid renewal, PA-5260",144000.0000
Palo Alto Networks,PAN-PA-5260-TP-HA2,"Threat prevention subscription for device in an HA pair year 1, PA-5260",25200.0000
Palo Alto Networks,PAN-PA-5260-TP-HA2-R,"Threat prevention subscription for device in an HA pair renewal, PA-5260",25200.0000
Palo Alto Networks,PAN-PA-5260-TP-3YR-HA2,"Threat prevention subscription 3 year prepaid for device in an HA pair, PA-5260",66600.0000
Palo Alto Networks,PAN-PA-5260-TP-3YR-HA2-R,"Threat prevention subscription 3 year prepaid renewal for device in an HA pair, PA-5260",66600.0000
Palo Alto Networks,PAN-PA-5260-TP-5YR-HA2,"Threat prevention subscription 5 year prepaid for device in an HA pair, PA-5260",110900.0000
Palo Alto Networks,PAN-PA-5260-TP-5YR-HA2-R,"Threat prevention subscription 5 year prepaid renewal for device in an HA pair, PA-5260",110900.0000
Palo Alto Networks,PAN-PA-7050-TP,"Threat prevention subscription year 1, PA-7050",60000.0000
Palo Alto Networks,PAN-PA-7050-TP-R,"Threat prevention subscription renewal year 1, PA-7050",60000.0000
Palo Alto Networks,PAN-PA-7050-TP-3YR,"Threat prevention subscription 3-year prepaid, PA-7050",144000.0000
Palo Alto Networks,PAN-PA-7050-TP-3YR-R,"Threat prevention subscription 3-year prepaid renewal, PA-7050",144000.0000
Palo Alto Networks,PAN-PA-7050-TP-5YR,"Threat prevention subscription 5-year prepaid, PA-7050",240000.0000
Palo Alto Networks,PAN-PA-7050-TP-5YR-R,"Threat prevention subscription 5-year prepaid renewal, PA-7050",240000.0000
Palo Alto Networks,PAN-PA-7050-TP-HA2,"Threat prevention subscription for device in an HA pair year 1, PA-7050",42000.0000
Palo Alto Networks,PAN-PA-7050-TP-HA2-R,"Threat prevention subscription for device in an HA pair renewal, PA-7050",42000.0000
Palo Alto Networks,PAN-PA-7050-TP-3YR-HA2,"Threat prevention subscription 3-year prepaid for device in an HA pair, PA-7050",111000.0000
Palo Alto Networks,PAN-PA-7050-TP-3YR-HA2-R,"Threat prevention subscription 3-year prepaid renewal for device in an HA pair, PA-7050",111000.0000
Palo Alto Networks,PAN-PA-7050-TP-5YR-HA2,"Threat prevention subscription 5-year prepaid for device in an HA pair, PA-7050",185000.0000
Palo Alto Networks,PAN-PA-7050-TP-5YR-HA2-R,"Threat prevention subscription 5-year prepaid renewal for device in an HA pair, PA-7050",185000.0000
Palo Alto Networks,PAN-PA-7080-TP,"Threat prevention subscription year 1, PA-7080",75000.0000
Palo Alto Networks,PAN-PA-7080-TP-R,"Threat prevention subscription renewal year 1, PA-7080",75000.0000
Palo Alto Networks,PAN-PA-7080-TP-3YR,"Threat prevention subscription 3-year prepaid, PA-7080",180000.0000
Palo Alto Networks,PAN-PA-7080-TP-3YR-R,"Threat prevention subscription 3-year prepaid renewal, PA-7080",180000.0000
Palo Alto Networks,PAN-PA-7080-TP-5YR,"Threat prevention subscription 5-year prepaid, PA-7080",300000.0000
Palo Alto Networks,PAN-PA-7080-TP-5YR-R,"Threat prevention subscription 5-year prepaid renewal, PA-7080",300000.0000
Palo Alto Networks,PAN-PA-7080-TP-HA2,"Threat prevention subscription for device in an HA pair year 1, PA-7080",52500.0000
Palo Alto Networks,PAN-PA-7080-TP-HA2-R,"Threat prevention subscription for device in an HA pair renewal, PA-7080",52500.0000
Palo Alto Networks,PAN-PA-7080-TP-3YR-HA2,"Threat prevention subscription 3-year prepaid for device in an HA pair, PA-7080",138600.0000
Palo Alto Networks,PAN-PA-7080-TP-3YR-HA2-R,"Threat prevention subscription 3-year prepaid renewal for device in an HA pair, PA-7080",138600.0000
Palo Alto Networks,PAN-PA-7080-TP-5YR-HA2,"Threat prevention subscription 5-year prepaid for device in an HA pair, PA-7080",231000.0000
Palo Alto Networks,PAN-PA-7080-TP-5YR-HA2-R,"Threat prevention subscription 5-year prepaid renewal for device in an HA pair, PA-7080",231000.0000
Palo Alto Networks,PAN-VM-100-TP,"Threat prevention subscription, year 1, VM-100",540.0000
Palo Alto Networks,PAN-VM-100-TP-R,"Threat prevention subscription, year 1, renewal, VM-100",540.0000
Palo Alto Networks,PAN-VM-100-TP-3YR,"Threat prevention subscription, 3 year, VM-100",1300.0000
Palo Alto Networks,PAN-VM-100-TP-3YR-R,"Threat prevention subscription, 3 year, renewal, VM-100",1300.0000
Palo Alto Networks,PAN-VM-100-TP-5YR,"Threat prevention subscription, 5 year, VM-100",2160.0000
Palo Alto Networks,PAN-VM-100-TP-5YR-R,"Threat prevention subscription, 5 year, renewal, VM-100",2160.0000
Palo Alto Networks,PAN-VM-100-TP-HA2,"Threat prevention subscription for device in an HA pair, year 1, VM-100",380.0000
Palo Alto Networks,PAN-VM-100-TP-HA2-R,"Threat prevention subscription for device in an HA pair, year 1, renewal, VM-100",380.0000
Palo Alto Networks,PAN-VM-100-TP-3YR-HA2,"Threat prevention subscription for device in an HA pair, 3 year, VM-100",1000.0000
Palo Alto Networks,PAN-VM-100-TP-3YR-HA2-R,"Threat prevention subscription for device in an HA pair, 3 year, renewal, VM-100",1000.0000
Palo Alto Networks,PAN-VM-100-TP-5YR-HA2,"Threat prevention subscription for device in an HA pair, 5 year, VM-100",1660.0000
Palo Alto Networks,PAN-VM-100-TP-5YR-HA2-R,"Threat prevention subscription for device in an HA pair, 5 year, renewal, VM-100",1660.0000
Palo Alto Networks,PAN-VM-100-ENT-TP,"Threat prevention subscription, year 1, VM-100 Enterprise",9000.0000
Palo Alto Networks,PAN-VM-100-ENT-TP-R,"Threat prevention subscription, year 1, renewal, VM-100 Enterprise",9000.0000
Palo Alto Networks,PAN-VM-100-ENT-TP-3YR,"Threat prevention subscription, 3 year, VM-100 Enterprise",21600.0000
Palo Alto Networks,PAN-VM-100-ENT-TP-3YR-R,"Threat prevention subscription, 3 year, renewal, VM-100 Enterprise",21600.0000
Palo Alto Networks,PAN-VM-100-ENT-TP-5YR,"Threat prevention subscription, 5 year, VM-100 Enterprise",36000.0000
Palo Alto Networks,PAN-VM-100-ENT-TP-5YR-R,"Threat prevention subscription, 5 year, renewal, VM-100 Enterprise",36000.0000
Palo Alto Networks,PAN-VM-100-ENT-TP-HA2,"Threat prevention subscription for device in an HA pair, year 1, VM-100 Enterprise",6300.0000
Palo Alto Networks,PAN-VM-100-ENT-TP-HA2-R,"Threat prevention subscription for device in an HA pair, year 1, renewal, VM-100 Enterprise",6300.0000
Palo Alto Networks,PAN-VM-100-ENT-TP-3YR-HA2,"Threat prevention subscription for device in an HA pair, 3 year, VM-100 Enterprise",16630.0000
Palo Alto Networks,PAN-VM-100-ENT-TP-3YR-HA2-R,"Threat prevention subscription for device in an HA pair, 3 year, renewal, VM-100 Enterprise",16630.0000
Palo Alto Networks,PAN-VM-100-ENT-TP-5YR-HA2,"Threat prevention subscription for device in an HA pair, 5 year, VM-100 Enterprise",27720.0000
Palo Alto Networks,PAN-VM-100-ENT-TP-5YR-HA2-R,"Threat prevention subscription for device in an HA pair, 5 year, renewal, VM-100 Enterprise",27720.0000
Palo Alto Networks,PAN-VM-200-TP,"Threat prevention subscription, year 1, VM-200",810.0000
Palo Alto Networks,PAN-VM-200-TP-R,"Threat prevention subscription, year 1, renewal, VM-200",810.0000
Palo Alto Networks,PAN-VM-200-TP-3YR,"Threat prevention subscription, 3 year, VM-200",1940.0000
Palo Alto Networks,PAN-VM-200-TP-3YR-R,"Threat prevention subscription, 3 year, renewal, VM-200",1940.0000
Palo Alto Networks,PAN-VM-200-TP-5YR,"Threat prevention subscription, 5 year, VM-200",3240.0000
Palo Alto Networks,PAN-VM-200-TP-5YR-R,"Threat prevention subscription, 5 year, renewal, VM-200",3240.0000
Palo Alto Networks,PAN-VM-200-TP-HA2,"Threat prevention subscription for device in an HA pair, year 1, VM-200",570.0000
Palo Alto Networks,PAN-VM-200-TP-HA2-R,"Threat prevention subscription for device in an HA pair, year 1, renewal, VM-200",570.0000
Palo Alto Networks,PAN-VM-200-TP-3YR-HA2,"Threat prevention subscription for device in an HA pair, 3 year, VM-200",1500.0000
Palo Alto Networks,PAN-VM-200-TP-3YR-HA2-R,"Threat prevention subscription for device in an HA pair, 3 year, renewal, VM-200",1500.0000
,,,
Palo Alto Networks,PAN-VM-200-TP-5YR-HA2,"Threat prevention subscription for device in an HA pair, 5 year, VM-200",2500.0000
Palo Alto Networks,PAN-VM-200-TP-5YR-HA2-R,"Threat prevention subscription for device in an HA pair, 5 year, renewal, VM-200",2500.0000
Palo Alto Networks,PAN-VM-200-ENT-TP,"Threat prevention subscription, year 1, VM-200",13500.0000
Palo Alto Networks,PAN-VM-200-ENT-TP-R,"Threat prevention subscription, year 1, renewal, VM-200",13500.0000
Palo Alto Networks,PAN-VM-200-ENT-TP-3YR,"Threat prevention subscription, 3 year, VM-200",32400.0000
Palo Alto Networks,PAN-VM-200-ENT-TP-3YR-R,"Threat prevention subscription, 3 year, renewal, VM-200",32400.0000
Palo Alto Networks,PAN-VM-200-ENT-TP-5YR,"Threat prevention subscription, 5 year, VM-200",54000.0000
Palo Alto Networks,PAN-VM-200-ENT-TP-5YR-R,"Threat prevention subscription, 5 year, renewal, VM-200",54000.0000
Palo Alto Networks,PAN-VM-200-ENT-TP-HA2,"Threat prevention subscription for device in an HA pair, year 1, VM-200",9450.0000
Palo Alto Networks,PAN-VM-200-ENT-TP-HA2-R,"Threat prevention subscription for device in an HA pair, year 1, renewal, VM-200",9450.0000
Palo Alto Networks,PAN-VM-200-ENT-TP-3YR-HA2,"Threat prevention subscription for device in an HA pair, 3 year, VM-200",24950.0000
Palo Alto Networks,PAN-VM-200-ENT-TP-3YR-HA2-R,"Threat prevention subscription for device in an HA pair, 3 year, renewal, VM-200",24950.0000
Palo Alto Networks,PAN-VM-200-ENT-TP-5YR-HA2,"Threat prevention subscription for device in an HA pair, 5 year, VM-200",41580.0000
Palo Alto Networks,PAN-VM-200-ENT-TP-5YR-HA2-R,"Threat prevention subscription for device in an HA pair, 5 year, renewal, VM-200",41580.0000
Palo Alto Networks,PAN-VM-300-TP,"Threat prevention subscription, year 1, VM-300",1080.0000
Palo Alto Networks,PAN-VM-300-TP-R,"Threat prevention subscription, year 1, renewal, VM-300",1080.0000
Palo Alto Networks,PAN-VM-300-TP-3YR,"Threat prevention subscription, 3 year, VM-300",2600.0000
Palo Alto Networks,PAN-VM-300-TP-3YR-R,"Threat prevention subscription, 3 year, renewal, VM-300",2600.0000
Palo Alto Networks,PAN-VM-300-TP-5YR,"Threat prevention subscription, 5 year, VM-300",4320.0000
Palo Alto Networks,PAN-VM-300-TP-5YR-R,"Threat prevention subscription, 5 year, renewal, VM-300",4320.0000
Palo Alto Networks,PAN-VM-300-TP-HA2,"Threat prevention subscription for device in an HA pair, year 1, VM-300",760.0000
Palo Alto Networks,PAN-VM-300-TP-HA2-R,"Threat prevention subscription for device in an HA pair, year 1, renewal, VM-300",760.0000
Palo Alto Networks,PAN-VM-300-TP-3YR-HA2,"Threat prevention subscription for device in an HA pair, 3 year, VM-300",2000.0000
Palo Alto Networks,PAN-VM-300-TP-3YR-HA2-R,"Threat prevention subscription for device in an HA pair, 3 year, renewal, VM-300",2000.0000
Palo Alto Networks,PAN-VM-300-TP-5YR-HA2,"Threat prevention subscription for device in an HA pair, 5 year, VM-300",3330.0000
Palo Alto Networks,PAN-VM-300-TP-5YR-HA2-R,"Threat prevention subscription for device in an HA pair, 5 year, renewal, VM-300",3330.0000
Palo Alto Networks,PAN-VM-300-ENT-TP,"Threat prevention subscription, year 1, VM-300",18000.0000
Palo Alto Networks,PAN-VM-300-ENT-TP-R,"Threat prevention subscription, year 1, renewal, VM-300",18000.0000
Palo Alto Networks,PAN-VM-300-ENT-TP-3YR,"Threat prevention subscription, 3 year, VM-300",43200.0000
Palo Alto Networks,PAN-VM-300-ENT-TP-3YR-R,"Threat prevention subscription, 3 year, renewal, VM-300",43200.0000
Palo Alto Networks,PAN-VM-300-ENT-TP-5YR,"Threat prevention subscription, 5 year, VM-300",72000.0000
Palo Alto Networks,PAN-VM-300-ENT-TP-5YR-R,"Threat prevention subscription, 5 year, renewal, VM-300",72000.0000
Palo Alto Networks,PAN-VM-300-ENT-TP-HA2,"Threat prevention subscription for device in an HA pair, year 1, VM-300",12600.0000
Palo Alto Networks,PAN-VM-300-ENT-TP-HA2-R,"Threat prevention subscription for device in an HA pair, year 1, renewal, VM-300",12600.0000
Palo Alto Networks,PAN-VM-300-ENT-TP-3YR-HA2,"Threat prevention subscription for device in an HA pair, 3 year, VM-300",33260.0000
Palo Alto Networks,PAN-VM-300-ENT-TP-3YR-HA2-R,"Threat prevention subscription for device in an HA pair, 3 year, renewal, VM-300",33260.0000
Palo Alto Networks,PAN-VM-300-ENT-TP-5YR-HA2,"Threat prevention subscription for device in an HA pair, 5 year, VM-300",55440.0000
Palo Alto Networks,PAN-VM-300-ENT-TP-5YR-HA2-R,"Threat prevention subscription for device in an HA pair, 5 year, renewal, VM-300",55440.0000
Palo Alto Networks,PAN-VM-1000-HV-TP,"Threat prevention subscription, year 1, VM-1000-HV",1350.0000
Palo Alto Networks,PAN-VM-1000-HV-TP-R,"Threat prevention subscription, year 1, renewal, VM-1000-HV",1350.0000
Palo Alto Networks,PAN-VM-1000-HV-TP-3YR,"Threat prevention subscription, 3 year, VM-1000-HV",3250.0000
Palo Alto Networks,PAN-VM-1000-HV-TP-3YR-R,"Threat prevention subscription, 3 year, renewal, VM-1000-HV",3250.0000
Palo Alto Networks,PAN-VM-1000-HV-TP-5YR,"Threat prevention subscription, 5 year, VM-1000-HV",5400.0000
Palo Alto Networks,PAN-VM-1000-HV-TP-5YR-R,"Threat prevention subscription, 5 year, renewal, VM-1000-HV",5400.0000
Palo Alto Networks,PAN-VM-1000-HV-TP-HA2,"Threat prevention subscription for device in an HA pair, year 1, VM-1000-HV",950.0000
Palo Alto Networks,PAN-VM-1000-HV-TP-HA2-R,"Threat prevention subscription for device in an HA pair, year 1, renewal, VM-1000-HV",950.0000
Palo Alto Networks,PAN-VM-1000-HV-TP-3YR-HA2,"Threat prevention subscription for device in an HA pair, 3 year, VM-1000-HV",2500.0000
Palo Alto Networks,PAN-VM-1000-HV-TP-3YR-HA2-R,"Threat prevention subscription for device in an HA pair, 3 year, renewal, VM-1000-HV",2500.0000
Palo Alto Networks,PAN-VM-1000-HV-TP-5YR-HA2,"Threat prevention subscription for device in an HA pair, 5 year, VM-1000-HV",4160.0000
Palo Alto Networks,PAN-VM-1000-HV-TP-5YR-HA2-R,"Threat prevention subscription for device in an HA pair, 5 year, renewal, VM-1000-HV",4160.0000
Palo Alto Networks,PAN-VM-1000-HV-ENT-TP,"Threat prevention subscription, year 1, VM-1000-HV-ENT",22500.0000
Palo Alto Networks,PAN-VM-1000-HV-ENT-TP-R,"Threat prevention subscription, year 1, renewal, VM-1000-HV-ENT",22500.0000
Palo Alto Networks,PAN-VM-1000-HV-ENT-TP-3YR,"Threat prevention subscription, 3 year, VM-1000-HV-ENT",54000.0000
Palo Alto Networks,PAN-VM-1000-HV-ENT-TP-3YR-R,"Threat prevention subscription, 3 year, renewal, VM-1000-HV-ENT",54000.0000
Palo Alto Networks,PAN-VM-1000-HV-ENT-TP-5YR,"Threat prevention subscription, 5 year, VM-1000-HV-ENT",90000.0000
Palo Alto Networks,PAN-VM-1000-HV-ENT-TP-5YR-R,"Threat prevention subscription, 5 year, renewal, VM-1000-HV-ENT",90000.0000
Palo Alto Networks,PAN-VM-1000-HV-ENT-TP-HA2,"Threat prevention subscription for device in an HA pair, year 1, VM-1000-HV-ENT",15750.0000
Palo Alto Networks,PAN-VM-1000-HV-ENT-TP-HA2-R,"Threat prevention subscription for device in an HA pair, year 1, renewal, VM-1000-HV-ENT",15750.0000
Palo Alto Networks,PAN-VM-1000-HV-ENT-TP-3YR-HA2,"Threat prevention subscription for device in an HA pair, 3 year, VM-1000-HV-ENT",41580.0000
Palo Alto Networks,PAN-VM-1000-HV-ENT-TP-3YR-HA2-R,"Threat prevention subscription for device in an HA pair, 3 year, renewal, VM-1000-HV-ENT",41580.0000
Palo Alto Networks,PAN-VM-1000-HV-ENT-TP-5YR-HA2,"Threat prevention subscription for device in an HA pair, 5 year, VM-1000-HV-ENT",69300.0000
Palo Alto Networks,PAN-VM-1000-HV-ENT-TP-5YR-HA2-R,"Threat prevention subscription for device in an HA pair, 5 year, renewal, VM-1000-HV-ENT",69300.0000
Palo Alto Networks,PAN-PA-200-URL2,"Bright cloud URL filtering subscription year 1, PA-200",400.0000
Palo Alto Networks,PAN-PA-200-URL2-R,"Bright cloud URL filtering subscription renewal, PA-200",400.0000
Palo Alto Networks,PAN-PA-200-URL2-3YR,"Bright cloud URL filtering subscription 3-year prepaid, PA-200",960.0000
Palo Alto Networks,PAN-PA-200-URL2-3YR-R,"Bright cloud URL filtering subscription 3-year prepaid renewal, PA-200",960.0000
Palo Alto Networks,PAN-PA-200-URL2-5YR,"Bright cloud URL filtering subscription 5-year prepaid, PA-200",1600.0000
Palo Alto Networks,PAN-PA-200-URL2-5YR-R,"Bright cloud URL filtering subscription 5-year prepaid renewal, PA-200",1600.0000
Palo Alto Networks,PAN-PA-200-URL2-HA2,"Bright cloud URL filtering subscription for device in an HA pair year 1, PA-200",280.0000
Palo Alto Networks,PAN-PA-200-URL2-HA2-R,"Bright cloud URL filtering subscription for device in an HA pair renewal, PA-200",280.0000
Palo Alto Networks,PAN-PA-200-URL2-3YR-HA2,"Bright cloud URL filtering subscription 3 year prepaid for device in an HA pair, PA-200",740.0000
Palo Alto Networks,PAN-PA-200-URL2-3YR-HA2-R,"Bright cloud URL filtering subscription 3 year prepaid renewal for device in an HA pair, PA-200",740.0000
Palo Alto Networks,PAN-PA-200-URL2-5YR-HA2,"Bright cloud URL filtering subscription 5 year prepaid for device in an HA pair year 1, PA-200",1230.0000
Palo Alto Networks,PAN-PA-200-URL2-5YR-HA2-R,"Bright cloud URL filtering subscription 5 year prepaid renewal for device in an HA pair year 1, PA-200",1230.0000
Palo Alto Networks,PAN-PA-220-URL2,"BrightCloud URL filtering subscription year 1, PA-220",200.0000
Palo Alto Networks,PAN-PA-220-URL2-R,"BrightCloud URL filtering subscription renewal, PA-220",200.0000
Palo Alto Networks,PAN-PA-220-URL2-3YR,"BrightCloud URL filtering subscription 3-year prepaid, PA-220",480.0000
Palo Alto Networks,PAN-PA-220-URL2-3YR-R,"BrightCloud URL filtering subscription 3-year prepaid renewal, PA-220",480.0000
Palo Alto Networks,PAN-PA-220-URL2-5YR,"BrightCloud URL filtering subscription 5-year prepaid, PA-220",800.0000
Palo Alto Networks,PAN-PA-220-URL2-5YR-R,"BrightCloud URL filtering subscription 5-year prepaid renewal, PA-220",800.0000
Palo Alto Networks,PAN-PA-220-URL2-HA2,"BrightCloud URL filtering subscription for device in an HA pair year 1, PA-220",140.0000
Palo Alto Networks,PAN-PA-220-URL2-HA2-R,"BrightCloud URL filtering subscription for device in an HA pair renewal, PA-220",140.0000
Palo Alto Networks,PAN-PA-220-URL2-3YR-HA2,"BrightCloud URL filtering subscription 3 year prepaid for device in an HA pair, PA-220",370.0000
Palo Alto Networks,PAN-PA-220-URL2-3YR-HA2-R,"BrightCloud URL filtering subscription 3 year prepaid renewal for device in an HA pair, PA-220",370.0000
Palo Alto Networks,PAN-PA-220-URL2-5YR-HA2,"BrightCloud URL filtering subscription 5 year prepaid for device in an HA pair, PA-220",620.0000
Palo Alto Networks,PAN-PA-220-URL2-5YR-HA2-R,"BrightCloud URL filtering subscription 5 year prepaid renewal for device in an HA pair, PA-220",620.0000
Palo Alto Networks,PAN-PA-500-URL2,"Bright cloud URL filtering subscription year 1, PA-500",900.0000
Palo Alto Networks,PAN-PA-500-URL2-R,"Bright cloud URL filtering subscription renewal, PA-500",900.0000
Palo Alto Networks,PAN-PA-500-URL2-3YR,"Bright cloud URL filtering subscription 3-year prepaid, PA-500",2160.0000
Palo Alto Networks,PAN-PA-500-URL2-3YR-R,"Bright cloud URL filtering subscription 3-year prepaid renewal, PA-500",2160.0000
Palo Alto Networks,PAN-PA-500-URL2-5YR,"Bright cloud URL filtering subscription 5-year prepaid, PA-500",3600.0000
Palo Alto Networks,PAN-PA-500-URL2-5YR-R,"Bright cloud URL filtering subscription 5-year prepaid renewal, PA-500",3600.0000
Palo Alto Networks,PAN-PA-500-URL2-HA2,"Bright cloud URL filtering subscription for device in an HA pair year 1, PA-500",630.0000
Palo Alto Networks,PAN-PA-500-URL2-HA2-R,"Bright cloud URL filtering subscription for device in an HA pair renewal, PA-500",630.0000
Palo Alto Networks,PAN-PA-500-URL2-3YR-HA2,"Bright cloud URL filtering subscription 3 year prepaid for device in an HA pair, PA-500",1660.0000
Palo Alto Networks,PAN-PA-500-URL2-3YR-HA2-R,"Bright cloud URL filtering subscription 3 year prepaid renewal for device in an HA pair, PA-500",1660.0000
,,,
Palo Alto Networks,PAN-PA-500-URL2-5YR-HA2,"Bright cloud URL filtering subscription 5 year prepaid for device in an HA pair year 1, PA-500",2770.0000
Palo Alto Networks,PAN-PA-500-URL2-5YR-HA2-R,"Bright cloud URL filtering subscription 5 year prepaid renewal for device in an HA pair year 1, PA-500",2770.0000
Palo Alto Networks,PAN-PA-820-URL2,"Bright cloud URL filtering subscription year 1, PA-820",900.0000
Palo Alto Networks,PAN-PA-820-URL2-R,"Bright cloud URL filtering subscription renewal, PA-820",900.0000
Palo Alto Networks,PAN-PA-820-URL2-3YR,"Bright cloud URL filtering subscription 3-year prepaid, PA-820",2200.0000
Palo Alto Networks,PAN-PA-820-URL2-3YR-R,"Bright cloud URL filtering subscription renewal 3-year prepaid, PA-820",2200.0000
Palo Alto Networks,PAN-PA-820-URL2-5YR,"Bright cloud URL filtering subscription 5-year prepaid, PA-820",3600.0000
Palo Alto Networks,PAN-PA-820-URL2-5YR-R,"Bright cloud URL filtering subscription renewal 5-year prepaid, PA-820",3600.0000
Palo Alto Networks,PAN-PA-820-URL2-HA2,"Bright cloud URL filtering subscription for devices in HA pair, PA-820",700.0000
Palo Alto Networks,PAN-PA-820-URL2-HA2-R,"Bright cloud URL filtering subscription renewal for devices in HA pair, PA-820",700.0000
Palo Alto Networks,PAN-PA-820-URL2-3YR-HA2,"Bright cloud URL filtering subscription 3-year prepaid for device in an HA pair, PA-820",1900.0000
Palo Alto Networks,PAN-PA-820-URL2-3YR-HA2-R,"Bright cloud URL filtering subscription 3-year prepaid renewal for device in an HA pair, PA-820",1900.0000
Palo Alto Networks,PAN-PA-820-URL2-5YR-HA2,"Bright cloud URL filtering subscription 5-year prepaid for device in an HA pair, PA-820",3100.0000
Palo Alto Networks,PAN-PA-820-URL2-5YR-HA2-R,"Bright cloud URL filtering subscription renewal 5-year prepaid for device in an HA pair, PA-820",3100.0000
Palo Alto Networks,PAN-PA-850-URL2,"Bright cloud URL Filtering subscription year 1, PA-850",1900.0000
Palo Alto Networks,PAN-PA-850-URL2-R,"Bright cloud URL Filtering subscription renewal year 1, PA-850",1900.0000
Palo Alto Networks,PAN-PA-850-URL2-3YR,"Bright cloud URL Filtering subscription 3-year prepaid, PA-850",4600.0000
Palo Alto Networks,PAN-PA-850-URL2-3YR-R,"Bright cloud URL Filtering subscription 3-year prepaid renewal, PA-850",4600.0000
Palo Alto Networks,PAN-PA-850-URL2-5YR,"Bright cloud URL Filtering subscription 5-year prepaid, PA-850",7600.0000
Palo Alto Networks,PAN-PA-850-URL2-5YR-R,"Bright cloud URL Filtering subscription 5-year prepaid renewal, PA-850",7600.0000
Palo Alto Networks,PAN-PA-850-URL2-HA2,"Bright cloud URL Filtering subscription for device in an HA pair year 1, PA-850",1400.0000
Palo Alto Networks,PAN-PA-850-URL2-HA2-R,"Bright cloud URL Filtering subscription for device in an HA pair renewal, PA-850",1400.0000
Palo Alto Networks,PAN-PA-850-URL2-3YR-HA2,"Bright cloud URL Filtering subscription 3-year prepaid for device in an HA pair, PA-850",3700.0000
Palo Alto Networks,PAN-PA-850-URL2-3YR-HA2-R,"Bright cloud URL Filtering subscription 3-year prepaid renewal for device in an HA pair, PA-850",3700.0000
Palo Alto Networks,PAN-PA-850-URL2-5YR-HA2,"Bright cloud URL Filtering subscription 5-year prepaid for device in an HA pair, PA-850",6200.0000
Palo Alto Networks,PAN-PA-850-URL2-5YR-HA2-R,"Bright cloud URL Filtering subscription 5-year prepaid renewal for device in an HA pair, PA-850",6200.0000
Palo Alto Networks,PAN-PA-2020-URL2,"Bright cloud URL filtering subscription year 1, PA-2020",2400.0000
Palo Alto Networks,PAN-PA-2020-URL2-R,"Bright cloud URL filtering subscription renewal, PA-2020",2400.0000
Palo Alto Networks,PAN-PA-2020-URL2-HA2,"Bright cloud URL filtering subscription for device in an HA pair year 1, PA-2020",1700.0000
Palo Alto Networks,PAN-PA-2020-URL2-HA2-R,"Bright cloud URL filtering subscription for device in an HA pair renewal, PA-2020",1700.0000
Palo Alto Networks,PAN-PA-2050-URL2,"Bright cloud URL filtering subscription year 1, PA-2050",3200.0000
Palo Alto Networks,PAN-PA-2050-URL2-R,"Bright cloud URL filtering subscription renewal, PA-2050",3200.0000
Palo Alto Networks,PAN-PA-2050-URL2-HA2,"Bright cloud URL filtering subscription for device in an HA pair year 1, PA-2050",2240.0000
Palo Alto Networks,PAN-PA-2050-URL2-HA2-R,"Bright cloud URL filtering subscription for device in an HA pair renewal, PA-2050",2240.0000
Palo Alto Networks,PAN-PA-3020-URL2,"Bright cloud URL filtering subscription year 1, PA-3020",2800.0000
Palo Alto Networks,PAN-PA-3020-URL2-R,"Bright cloud URL filtering subscription renewal, PA-3020",2800.0000
Palo Alto Networks,PAN-PA-3020-URL2-3YR,"Bright cloud URL filtering subscription 3-year prepaid, PA-3020",6720.0000
Palo Alto Networks,PAN-PA-3020-URL2-3YR-R,"Bright cloud URL filtering subscription renewal 3-year prepaid, PA-3020",6720.0000
Palo Alto Networks,PAN-PA-3020-URL2-5YR,"Bright cloud URL filtering subscription 5-year prepaid, PA-3020",11200.0000
Palo Alto Networks,PAN-PA-3020-URL2-5YR-R,"Bright cloud URL filtering subscription renewal 5-year prepaid, PA-3020",11200.0000
Palo Alto Networks,PAN-PA-3020-URL2-HA2,"Bright cloud URL filtering subscription for devices in HA pair, PA-3020",1960.0000
Palo Alto Networks,PAN-PA-3020-URL2-HA2-R,"Bright cloud URL filtering subscription renewal for devices in HA pair, PA-3020",1960.0000
Palo Alto Networks,PAN-PA-3020-URL2-3YR-HA2,"Bright cloud URL filtering subscription 3-year prepaid for device in an HA pair, PA-3020",5180.0000
Palo Alto Networks,PAN-PA-3020-URL2-3YR-HA2-R,"Bright cloud URL filtering subscription 3-year prepaid renewal for device in an HA pair, PA-3020",5180.0000
Palo Alto Networks,PAN-PA-3020-URL2-5YR-HA2,"Bright cloud URL filtering subscription 5-year prepaid for device in an HA pair, PA-3020",8600.0000
Palo Alto Networks,PAN-PA-3020-URL2-5YR-HA2-R,"Bright cloud URL filtering subscription renewal 5-year prepaid for device in an HA pair, PA-3020",8600.0000
Palo Alto Networks,PAN-PA-3050-URL2,"Bright cloud URL Filtering subscription year 1, PA-3050",4800.0000
Palo Alto Networks,PAN-PA-3050-URL2-R,"Bright cloud URL Filtering subscription renewal year 1, PA-3050",4800.0000
Palo Alto Networks,PAN-PA-3050-URL2-3YR,"Bright cloud URL Filtering subscription 3-year prepaid, PA-3050",11520.0000
Palo Alto Networks,PAN-PA-3050-URL2-3YR-R,"Bright cloud URL Filtering subscription 3-year prepaid renewal, PA-3050",11520.0000
Palo Alto Networks,PAN-PA-3050-URL2-5YR,"Bright cloud URL Filtering subscription 5-year prepaid, PA-3050",19200.0000
Palo Alto Networks,PAN-PA-3050-URL2-5YR-R,"Bright cloud URL Filtering subscription 5-year prepaid renewal, PA-3050",19200.0000
Palo Alto Networks,PAN-PA-3050-URL2-HA2,"Bright cloud URL Filtering subscription for device in an HA pair year 1, PA-3050",3360.0000
Palo Alto Networks,PAN-PA-3050-URL2-HA2-R,"Bright cloud URL Filtering subscription for device in an HA pair renewal, PA-3050",3360.0000
Palo Alto Networks,PAN-PA-3050-URL2-3YR-HA2,"Bright cloud URL Filtering subscription 3-year prepaid for device in an HA pair, PA-3050",8870.0000
Palo Alto Networks,PAN-PA-3050-URL2-3YR-HA2-R,"Bright cloud URL Filtering subscription 3-year prepaid renewal for device in an HA pair, PA-3050",8870.0000
Palo Alto Networks,PAN-PA-3050-URL2-5YR-HA2,"Bright cloud URL Filtering subscription 5-year prepaid for device in an HA pair, PA-3050",14780.0000
Palo Alto Networks,PAN-PA-3050-URL2-5YR-HA2-R,"Bright cloud URL Filtering subscription 5-year prepaid renewal for device in an HA pair, PA-3050",14780.0000
Palo Alto Networks,PAN-PA-3060-URL2,"Bright cloud URL Filtering subscription year 1, PA-3060",7200.0000
Palo Alto Networks,PAN-PA-3060-URL2-R,"Bright cloud URL Filtering subscription renewal year 1, PA-3060",7200.0000
Palo Alto Networks,PAN-PA-3060-URL2-3YR,"Bright cloud URL Filtering subscription 3-year prepaid, PA-3060",17280.0000
Palo Alto Networks,PAN-PA-3060-URL2-3YR-R,"Bright cloud URL Filtering subscription 3-year prepaid renewal, PA-3060",17280.0000
Palo Alto Networks,PAN-PA-3060-URL2-5YR,"Bright cloud URL Filtering subscription 5-year prepaid, PA-3060",28800.0000
Palo Alto Networks,PAN-PA-3060-URL2-5YR-R,"Bright cloud URL Filtering subscription 5-year prepaid renewal, PA-3060",28800.0000
Palo Alto Networks,PAN-PA-3060-URL2-HA2,"Bright cloud URL Filtering subscription for device in an HA pair year 1, PA-3060",5040.0000
Palo Alto Networks,PAN-PA-3060-URL2-HA2-R,"Bright cloud URL Filtering subscription for device in an HA pair renewal, PA-3060",5040.0000
Palo Alto Networks,PAN-PA-3060-URL2-3YR-HA2,"Bright cloud URL Filtering subscription 3-year prepaid for device in an HA pair, PA-3060",13310.0000
Palo Alto Networks,PAN-PA-3060-URL2-3YR-HA2-R,"Bright cloud URL Filtering subscription 3-year prepaid renewal for device in an HA pair, PA-3060",13310.0000
Palo Alto Networks,PAN-PA-3060-URL2-5YR-HA2,"Bright cloud URL Filtering subscription 5-year prepaid for device in an HA pair, PA-3060",22180.0000
Palo Alto Networks,PAN-PA-3060-URL2-5YR-HA2-R,"Bright cloud URL Filtering subscription 5-year prepaid renewal for device in an HA pair, PA-3060",22180.0000
Palo Alto Networks,PAN-PA-4020-URL2,"Bright cloud URL filtering subscription year 1, PA-4020",7000.0000
Palo Alto Networks,PAN-PA-4020-URL2-R,"Bright cloud URL filtering subscription renewal, PA-4020",7000.0000
Palo Alto Networks,PAN-PA-4020-URL2-HA2,"Bright cloud URL filtering subscription for device in an HA pair year 1, PA-4020",4900.0000
Palo Alto Networks,PAN-PA-4020-URL2-HA2-R,"Bright cloud URL filtering subscription for device in an HA pair renewal, PA-4020",4900.0000
Palo Alto Networks,PAN-PA-4050-URL2,"Bright cloud URL filtering subscription year 1, PA-4050",12000.0000
Palo Alto Networks,PAN-PA-4050-URL2-R,"Bright cloud URL filtering subscription renewal, PA-4050",12000.0000
Palo Alto Networks,PAN-PA-4050-URL2-HA2,"Bright cloud URL filtering subscription for device in an HA pair year 1, PA-4050",8400.0000
Palo Alto Networks,PAN-PA-4050-URL2-HA2-R,"Bright cloud URL filtering subscription for device in an HA pair renewal, PA-4050",8400.0000
Palo Alto Networks,PAN-PA-4060-URL2,"Bright cloud URL filtering subscription year 1, PA-4060",16000.0000
Palo Alto Networks,PAN-PA-4060-URL2-R,"Bright cloud URL filtering subscription renewal, PA-4060",16000.0000
Palo Alto Networks,PAN-PA-4060-URL2-HA2,"Bright cloud URL filtering subscription for device in an HA pair year 1, PA-4060",11200.0000
Palo Alto Networks,PAN-PA-4060-URL2-HA2-R,"Bright cloud URL filtering subscription for device in an HA pair renewal, PA-4060",11200.0000
Palo Alto Networks,PAN-PA-5020-URL2,"Bright cloud URL filtering subscription year 1, PA-5020",8000.0000
Palo Alto Networks,PAN-PA-5020-URL2-R,"Bright cloud URL filtering subscription renewal, PA-5020",8000.0000
Palo Alto Networks,PAN-PA-5020-URL2-5YR,"Bright cloud URL filtering subscription 5-year prepaid, PA-5020",32000.0000
Palo Alto Networks,PAN-PA-5020-URL2-5YR-R,"Bright cloud URL filtering subscription 5-year prepaid renewal, PA-5020",32000.0000
Palo Alto Networks,PAN-PA-5020-URL2-3YR,"Bright cloud URL filtering subscription 3-year prepaid, PA-5020",19200.0000
Palo Alto Networks,PAN-PA-5020-URL2-3YR-R,"Bright cloud URL filtering subscription 3-year prepaid renewal, PA-5020",19200.0000
Palo Alto Networks,PAN-PA-5020-URL2-HA2,"Bright cloud URL filtering subscription for device in an HA pair year 1, PA-5020",5600.0000
Palo Alto Networks,PAN-PA-5020-URL2-HA2-R,"Bright cloud URL filtering subscription for device in an HA pair renewal, PA-5020",5600.0000
Palo Alto Networks,PAN-PA-5020-URL2-3YR-HA2,"Bright cloud URL filtering subscription 3 year prepaid for device in an HA pair, PA-5020",14775.0000
Palo Alto Networks,PAN-PA-5020-URL2-3YR-HA2-R,"Bright cloud URL filtering subscription 3 year prepaid renewal for device in an HA pair, PA-5020",14775.0000
Palo Alto Networks,PAN-PA-5020-URL2-5YR-HA2,"Bright cloud URL filtering subscription 5 year prepaid for device in an HA pair year 1, PA-5020",24640.0000
Palo Alto Networks,PAN-PA-5020-URL2-5YR-HA2-R,"Bright cloud URL filtering subscription 5 year prepaid renewal for device in an HA pair year 1, PA-5020",24640.0000
Palo Alto Networks,PAN-PA-5050-URL2,"Bright cloud URL filtering subscription year 1, PA-5050",14000.0000
Palo Alto Networks,PAN-PA-5050-URL2-R,"Bright cloud URL filtering subscription renewal, PA-5050",14000.0000
,,,
Palo Alto Networks,PAN-PA-5050-URL2-3YR,"Bright cloud URL filtering subscription 3-year prepaid, PA-5050",33600.0000
Palo Alto Networks,PAN-PA-5050-URL2-3YR-R,"Bright cloud URL filtering subscription 3-year prepaid renewal, PA-5050",33600.0000
Palo Alto Networks,PAN-PA-5050-URL2-5YR,"Bright cloud URL filtering subscription 5-year prepaid, PA-5050",56000.0000
Palo Alto Networks,PAN-PA-5050-URL2-5YR-R,"Bright cloud URL filtering subscription 5-year prepaid renewal, PA-5050",56000.0000
Palo Alto Networks,PAN-PA-5050-URL2-HA2,"Bright cloud URL filtering subscription for device in an HA pair year 1, PA-5050",9800.0000
Palo Alto Networks,PAN-PA-5050-URL2-HA2-R,"Bright cloud URL filtering subscription for device in an HA pair renewal, PA-5050",9800.0000
Palo Alto Networks,PAN-PA-5050-URL2-3YR-HA2,"Bright cloud URL filtering subscription 3 year prepaid for device in an HA pair, PA-5050",25875.0000
Palo Alto Networks,PAN-PA-5050-URL2-3YR-HA2-R,"Bright cloud URL filtering subscription 3 year prepaid renewal for device in an HA pair, PA-5050",25875.0000
Palo Alto Networks,PAN-PA-5050-URL2-5YR-HA2,"Bright cloud URL filtering subscription 5 year prepaid for device in an HA pair year 1, PA-5050",43120.0000
Palo Alto Networks,PAN-PA-5050-URL2-5YR-HA2-R,"Bright cloud URL filtering subscription 5 year prepaid renewal for device in an HA pair year 1, PA-5050",43120.0000
Palo Alto Networks,PAN-PA-5060-URL2,"Bright cloud URL filtering subscription year 1, PA-5060",26000.0000
Palo Alto Networks,PAN-PA-5060-URL2-R,"Bright cloud URL filtering subscription renewal, PA-5060",26000.0000
Palo Alto Networks,PAN-PA-5060-URL2-3YR,"Bright cloud URL filtering subscription 3-year prepaid, PA-5060",62400.0000
Palo Alto Networks,PAN-PA-5060-URL2-3YR-R,"Bright cloud URL filtering subscription 3-year prepaid renewal, PA-5060",62400.0000
Palo Alto Networks,PAN-PA-5060-URL2-5YR,"Bright cloud URL filtering subscription 5-year prepaid, PA-5060",104000.0000
Palo Alto Networks,PAN-PA-5060-URL2-5YR-R,"Bright cloud URL filtering subscription 5-year prepaid renewal, PA-5060",104000.0000
Palo Alto Networks,PAN-PA-5060-URL2-HA2,"Bright cloud URL filtering subscription for device in an HA pair year 1, PA-5060",18200.0000
Palo Alto Networks,PAN-PA-5060-URL2-HA2-R,"Bright cloud URL filtering subscription for device in an HA pair renewal, PA-5060",18200.0000
Palo Alto Networks,PAN-PA-5060-URL2-3YR-HA2,"Bright cloud URL filtering subscription 3 year prepaid for device in an HA pair, PA-5060",48050.0000
Palo Alto Networks,PAN-PA-5060-URL2-3YR-HA2-R,"Bright cloud URL filtering subscription 3 year prepaid renewal for device in an HA pair, PA-5060",48050.0000
Palo Alto Networks,PAN-PA-5060-URL2-5YR-HA2,"Bright cloud URL filtering subscription 5 year prepaid for device in an HA pair year 1, PA-5060",80080.0000
Palo Alto Networks,PAN-PA-5060-URL2-5YR-HA2-R,"Bright cloud URL filtering subscription 5 year prepaid renewal for device in an HA pair year 1, PA-5060",80080.0000
Palo Alto Networks,PAN-PA-5220-URL2,"BrightCloud URL filtering subscription year 1, PA-5220",10000.0000
Palo Alto Networks,PAN-PA-5220-URL2-R,"BrightCloud URL filtering subscription renewal, PA-5220",10000.0000
Palo Alto Networks,PAN-PA-5220-URL2-3YR,"BrightCloud URL filtering subscription 3-year prepaid, PA-5220",24000.0000
Palo Alto Networks,PAN-PA-5220-URL2-3YR-R,"BrightCloud URL filtering subscription 3-year prepaid renewal, PA-5220",24000.0000
Palo Alto Networks,PAN-PA-5220-URL2-5YR,"BrightCloud URL filtering subscription 5-year prepaid, PA-5220",40000.0000
Palo Alto Networks,PAN-PA-5220-URL2-5YR-R,"BrightCloud URL filtering subscription 5-year prepaid renewal, PA-5220",40000.0000
Palo Alto Networks,PAN-PA-5220-URL2-HA2,"BrightCloud URL filtering subscription for device in an HA pair year 1, PA-5220",7000.0000
Palo Alto Networks,PAN-PA-5220-URL2-HA2-R,"BrightCloud URL filtering subscription for device in an HA pair renewal, PA-5220",7000.0000
Palo Alto Networks,PAN-PA-5220-URL2-3YR-HA2,"BrightCloud URL filtering subscription 3 year prepaid for device in an HA pair, PA-5220",18500.0000
Palo Alto Networks,PAN-PA-5220-URL2-3YR-HA2-R,"BrightCloud URL filtering subscription 3 year prepaid renewal for device in an HA pair, PA-5220",18500.0000
Palo Alto Networks,PAN-PA-5220-URL2-5YR-HA2,"BrightCloud URL filtering subscription 5 year prepaid for device in an HA pair, PA-5220",30800.0000
Palo Alto Networks,PAN-PA-5220-URL2-5YR-HA2-R,"BrightCloud URL filtering subscription 5 year prepaid renewal for device in an HA pair, PA-5220",30800.0000
Palo Alto Networks,PAN-PA-5250-URL2,"BrightCloud URL filtering subscription year 1, PA-5250",20000.0000
Palo Alto Networks,PAN-PA-5250-URL2-R,"BrightCloud URL filtering subscription renewal, PA-5250",20000.0000
Palo Alto Networks,PAN-PA-5250-URL2-3YR,"BrightCloud URL filtering subscription 3-year prepaid, PA-5250",48000.0000
Palo Alto Networks,PAN-PA-5250-URL2-3YR-R,"BrightCloud URL filtering subscription 3-year prepaid renewal, PA-5250",48000.0000
Palo Alto Networks,PAN-PA-5250-URL2-5YR,"BrightCloud URL filtering subscription 5-year prepaid, PA-5250",80000.0000
Palo Alto Networks,PAN-PA-5250-URL2-5YR-R,"BrightCloud URL filtering subscription 5-year prepaid renewal, PA-5250",80000.0000
Palo Alto Networks,PAN-PA-5250-URL2-HA2,"BrightCloud URL filtering subscription for device in an HA pair year 1, PA-5250",14000.0000
Palo Alto Networks,PAN-PA-5250-URL2-HA2-R,"BrightCloud URL filtering subscription for device in an HA pair renewal, PA-5250",14000.0000
Palo Alto Networks,PAN-PA-5250-URL2-3YR-HA2,"BrightCloud URL filtering subscription 3 year prepaid for device in an HA pair, PA-5250",37000.0000
Palo Alto Networks,PAN-PA-5250-URL2-3YR-HA2-R,"BrightCloud URL filtering subscription 3 year prepaid renewal for device in an HA pair, PA-5250",37000.0000
Palo Alto Networks,PAN-PA-5250-URL2-5YR-HA2,"BrightCloud URL filtering subscription 5 year prepaid for device in an HA pair, PA-5250",61600.0000
Palo Alto Networks,PAN-PA-5250-URL2-5YR-HA2-R,"BrightCloud URL filtering subscription 5 year prepaid renewal for device in an HA pair, PA-5250",61600.0000
Palo Alto Networks,PAN-PA-5260-URL2,"BrightCloud URL filtering subscription year 1, PA-5260",36000.0000
Palo Alto Networks,PAN-PA-5260-URL2-R,"BrightCloud URL filtering subscription renewal, PA-5260",36000.0000
Palo Alto Networks,PAN-PA-5260-URL2-3YR,"BrightCloud URL filtering subscription 3-year prepaid, PA-5260",86400.0000
Palo Alto Networks,PAN-PA-5260-URL2-3YR-R,"BrightCloud URL filtering subscription 3-year prepaid renewal, PA-5260",86400.0000
Palo Alto Networks,PAN-PA-5260-URL2-5YR,"BrightCloud URL filtering subscription 5-year prepaid, PA-5260",144000.0000
Palo Alto Networks,PAN-PA-5260-URL2-5YR-R,"BrightCloud URL filtering subscription 5-year prepaid renewal, PA-5260",144000.0000
Palo Alto Networks,PAN-PA-5260-URL2-HA2,"BrightCloud URL filtering subscription for device in an HA pair year 1, PA-5260",25200.0000
Palo Alto Networks,PAN-PA-5260-URL2-HA2-R,"BrightCloud URL filtering subscription for device in an HA pair renewal, PA-5260",25200.0000
Palo Alto Networks,PAN-PA-5260-URL2-3YR-HA2,"BrightCloud URL filtering subscription 3 year prepaid for device in an HA pair, PA-5260",66600.0000
Palo Alto Networks,PAN-PA-5260-URL2-3YR-HA2-R,"BrightCloud URL filtering subscription 3 year prepaid renewal for device in an HA pair, PA-5260",66600.0000
Palo Alto Networks,PAN-PA-5260-URL2-5YR-HA2,"BrightCloud URL filtering subscription 5 year prepaid for device in an HA pair, PA-5260",110900.0000
Palo Alto Networks,PAN-PA-5260-URL2-5YR-HA2-R,"BrightCloud URL filtering subscription 5 year prepaid renewal for device in an HA pair, PA-5260",110900.0000
Palo Alto Networks,PAN-PA-7050-URL2,"Bright cloud URL Filtering subscription year 1, PA-7050",60000.0000
Palo Alto Networks,PAN-PA-7050-URL2-R,"Bright cloud URL Filtering subscription renewal year 1, PA-7050",60000.0000
Palo Alto Networks,PAN-PA-7050-URL2-3YR,"Bright cloud URL Filtering subscription 3-year prepaid, PA-7050",144000.0000
Palo Alto Networks,PAN-PA-7050-URL2-3YR-R,"Bright cloud URL Filtering subscription 3-year prepaid renewal, PA-7050",144000.0000
Palo Alto Networks,PAN-PA-7050-URL2-5YR,"Bright cloud URL Filtering subscription 5-year prepaid, PA-7050",240000.0000
Palo Alto Networks,PAN-PA-7050-URL2-5YR-R,"Bright cloud URL Filtering subscription 5-year prepaid renewal, PA-7050",240000.0000
Palo Alto Networks,PAN-PA-7050-URL2-HA2,"Bright cloud URL Filtering subscription for device in an HA pair year 1, PA-7050",42000.0000
Palo Alto Networks,PAN-PA-7050-URL2-HA2-R,"Bright cloud URL Filtering subscription for device in an HA pair renewal, PA-7050",42000.0000
Palo Alto Networks,PAN-PA-7050-URL2-3YR-HA2,"Bright cloud URL Filtering subscription 3-year prepaid for device in an HA pair, PA-7050",111000.0000
Palo Alto Networks,PAN-PA-7050-URL2-3YR-HA2-R,"Bright cloud URL Filtering subscription 3-year prepaid renewal for device in an HA pair, PA-7050",111000.0000
Palo Alto Networks,PAN-PA-7050-URL2-5YR-HA2,"Bright cloud URL Filtering subscription 5-year prepaid for device in an HA pair, PA-7050",185000.0000
Palo Alto Networks,PAN-PA-7050-URL2-5YR-HA2-R,"Bright cloud URL Filtering subscription 5-year prepaid renewal for device in an HA pair, PA-7050",185000.0000
Palo Alto Networks,PAN-PA-7080-URL2,"BrightCloud URL Filtering subscription year 1, PA-7080",75000.0000
Palo Alto Networks,PAN-PA-7080-URL2-R,"BrightCloud URL Filtering subscription renewal year 1, PA-7080",75000.0000
Palo Alto Networks,PAN-PA-7080-URL2-3YR,"BrightCloud URL Filtering subscription 3-year prepaid, PA-7080",180000.0000
Palo Alto Networks,PAN-PA-7080-URL2-3YR-R,"BrightCloud URL Filtering subscription 3-year prepaid renewal, PA-7080",180000.0000
Palo Alto Networks,PAN-PA-7080-URL2-5YR,"BrightCloud URL Filtering subscription 5-year prepaid, PA-7080",300000.0000
Palo Alto Networks,PAN-PA-7080-URL2-5YR-R,"BrightCloud URL Filtering subscription 5-year prepaid renewal, PA-7080",300000.0000
Palo Alto Networks,PAN-PA-7080-URL2-HA2,"BrightCloud URL Filtering subscription for device in an HA pair year 1, PA-7080",52500.0000
Palo Alto Networks,PAN-PA-7080-URL2-HA2-R,"BrightCloud URL Filtering subscription for device in an HA pair renewal, PA-7080",52500.0000
Palo Alto Networks,PAN-PA-7080-URL2-3YR-HA2,"BrightCloud URL Filtering subscription 3-year prepaid for device in an HA pair, PA-7080",138600.0000
Palo Alto Networks,PAN-PA-7080-URL2-3YR-HA2-R,"BrightCloud URL Filtering subscription 3-year prepaid renewal for device in an HA pair, PA-7080",138600.0000
Palo Alto Networks,PAN-PA-7080-URL2-5YR-HA2,"BrightCloud URL Filtering subscription 5-year prepaid for device in an HA pair, PA-7080",231000.0000
Palo Alto Networks,PAN-PA-7080-URL2-5YR-HA2-R,"BrightCloud URL Filtering subscription 5-year prepaid renewal for device in an HA pair, PA-7080",231000.0000
Palo Alto Networks,PAN-VM-100-URL2,"Bright cloud URL filtering subscription, year 1, VM-100",540.0000
Palo Alto Networks,PAN-VM-100-URL2-R,"Bright cloud URL filtering subscription, year 1, renewal, VM-100",540.0000
Palo Alto Networks,PAN-VM-100-URL2-3YR,"Bright cloud URL filtering subscription, 3 year, VM-100",1300.0000
Palo Alto Networks,PAN-VM-100-URL2-3YR-R,"Bright cloud URL filtering subscription, 3 year, renewal, VM-100",1300.0000
Palo Alto Networks,PAN-VM-100-URL2-5YR,"Bright cloud URL filtering subscription, 5 year, VM-100",2160.0000
Palo Alto Networks,PAN-VM-100-URL2-5YR-R,"Bright cloud URL filtering subscription, 5 year, renewal, VM-100",2160.0000
Palo Alto Networks,PAN-VM-100-URL2-HA2,"Bright cloud URL filtering subscription for device in an HA pair, year 1, VM-100",380.0000
Palo Alto Networks,PAN-VM-100-URL2-HA2-R,"Bright cloud URL filtering subscription for device in an HA pair, renewal, VM-100",380.0000
Palo Alto Networks,PAN-VM-100-URL2-3YR-HA2,"Bright cloud URL filtering subscription for device in an HA pair, 3 year, VM-100",1000.0000
Palo Alto Networks,PAN-VM-100-URL2-3YR-HA2-R,"Bright cloud URL filtering subscription for device in an HA pair, 3 year, renewal, VM-100",1000.0000
Palo Alto Networks,PAN-VM-100-URL2-5YR-HA2,"Bright cloud URL filtering subscription for device in an HA pair, 5 year, VM-100",1660.0000
Palo Alto Networks,PAN-VM-100-URL2-5YR-HA2-R,"Bright cloud URL filtering subscription for device in an HA pair, 5 year, renewal, VM-100",1660.0000
Palo Alto Networks,PAN-VM-100-ENT-URL2,"Bright cloud URL filtering subscription, year 1, VM-100 Enterprise",9000.0000
Palo Alto Networks,PAN-VM-100-ENT-URL2-R,"Bright cloud URL filtering subscription, year 1, renewal, VM-100 Enterprise",9000.0000
,,,
Palo Alto Networks,PAN-VM-100-ENT-URL2-3YR,"Bright cloud URL filtering subscription, 3 year, VM-100 Enterprise",21600.0000
Palo Alto Networks,PAN-VM-100-ENT-URL2-3YR-R,"Bright cloud URL filtering subscription, 3 year, renewal, VM-100 Enterprise",21600.0000
Palo Alto Networks,PAN-VM-100-ENT-URL2-5YR,"Bright cloud URL filtering subscription, 5 year, VM-100 Enterprise",36000.0000
Palo Alto Networks,PAN-VM-100-ENT-URL2-5YR-R,"Bright cloud URL filtering subscription, 5 year, renewal, VM-100 Enterprise",36000.0000
Palo Alto Networks,PAN-VM-100-ENT-URL2-HA2,"Bright cloud URL filtering subscription for device in an HA pair, year 1, VM-100 Enterprise",6300.0000
Palo Alto Networks,PAN-VM-100-ENT-URL2-HA2-R,"Bright cloud URL filtering subscription for device in an HA pair, renewal, VM-100 Enterprise",6300.0000
Palo Alto Networks,PAN-VM-100-ENT-URL2-3YR-HA2,"Bright cloud URL filtering subscription for device in an HA pair, 3 year, VM-100 Enterprise",16630.0000
Palo Alto Networks,PAN-VM-100-ENT-URL2-3YR-HA2-R,"Bright cloud URL filtering subscription for device in an HA pair, 3 year, renewal, VM-100 Enterprise",16630.0000
Palo Alto Networks,PAN-VM-100-ENT-URL2-5YR-HA2,"Bright cloud URL filtering subscription for device in an HA pair, 5 year, VM-100 Enterprise",27720.0000
Palo Alto Networks,PAN-VM-100-ENT-URL2-5YR-HA2-R,"Bright cloud URL filtering subscription for device in an HA pair, 5 year, renewal, VM-100 Enterprise",27720.0000
Palo Alto Networks,PAN-VM-200-URL2,"Bright cloud URL filtering subscription, year 1, VM-200",810.0000
Palo Alto Networks,PAN-VM-200-URL2-R,"Bright cloud URL filtering subscription, year 1, renewal, VM-200",810.0000
Palo Alto Networks,PAN-VM-200-URL2-3YR,"Bright cloud URL filtering subscription, 3 year, VM-200",1940.0000
Palo Alto Networks,PAN-VM-200-URL2-3YR-R,"Bright cloud URL filtering subscription, 3 year, renewal, VM-200",1940.0000
Palo Alto Networks,PAN-VM-200-URL2-5YR,"Bright cloud URL filtering subscription, 5 year, VM-200",3240.0000
Palo Alto Networks,PAN-VM-200-URL2-5YR-R,"Bright cloud URL filtering subscription, 5 year, renewal, VM-200",3240.0000
Palo Alto Networks,PAN-VM-200-URL2-HA2,"Bright cloud URL filtering subscription for device in an HA pair, year 1, VM-200",570.0000
Palo Alto Networks,PAN-VM-200-URL2-HA2-R,"Bright cloud URL filtering subscription for device in an HA pair, renewal, VM-200",570.0000
Palo Alto Networks,PAN-VM-200-URL2-3YR-HA2,"Bright cloud URL filtering subscription for device in an HA pair, 3 year, VM-200",1500.0000
Palo Alto Networks,PAN-VM-200-URL2-3YR-HA2-R,"Bright cloud URL filtering subscription for device in an HA pair, 3 year, renewal, VM-200",1500.0000
Palo Alto Networks,PAN-VM-200-URL2-5YR-HA2,"Bright cloud URL filtering subscription for device in an HA pair, 5 year, VM-200",2500.0000
Palo Alto Networks,PAN-VM-200-URL2-5YR-HA2-R,"Bright cloud URL filtering subscription for device in an HA pair, 5 year, renewal, VM-200",2500.0000
Palo Alto Networks,PAN-VM-200-ENT-URL2,"Bright cloud URL filtering subscription, year 1, VM-200",13500.0000
Palo Alto Networks,PAN-VM-200-ENT-URL2-R,"Bright cloud URL filtering subscription, year 1, renewal, VM-200",13500.0000
Palo Alto Networks,PAN-VM-200-ENT-URL2-3YR,"Bright cloud URL filtering subscription, 3 year, VM-200",32400.0000
Palo Alto Networks,PAN-VM-200-ENT-URL2-3YR-R,"Bright cloud URL filtering subscription, 3 year, renewal, VM-200",32400.0000
Palo Alto Networks,PAN-VM-200-ENT-URL2-5YR,"Bright cloud URL filtering subscription, 5 year, VM-200",54000.0000
Palo Alto Networks,PAN-VM-200-ENT-URL2-5YR-R,"Bright cloud URL filtering subscription, 5 year, renewal, VM-200",54000.0000
Palo Alto Networks,PAN-VM-200-ENT-URL2-HA2,"Bright cloud URL filtering subscription for device in an HA pair, year 1, VM-200",9450.0000
Palo Alto Networks,PAN-VM-200-ENT-URL2-HA2-R,"Bright cloud URL filtering subscription for device in an HA pair, renewal, VM-200",9450.0000
Palo Alto Networks,PAN-VM-200-ENT-URL2-3YR-HA2,"Bright cloud URL filtering subscription for device in an HA pair, 3 year, VM-200",24950.0000
Palo Alto Networks,PAN-VM-200-ENT-URL2-3YR-HA2-R,"Bright cloud URL filtering subscription for device in an HA pair, 3 year, renewal, VM-200",24950.0000
Palo Alto Networks,PAN-VM-200-ENT-URL2-5YR-HA2,"Bright cloud URL filtering subscription for device in an HA pair, 5 year, VM-200",41580.0000
Palo Alto Networks,PAN-VM-200-ENT-URL2-5YR-HA2-R,"Bright cloud URL filtering subscription for device in an HA pair, 5 year, renewal, VM-200",41580.0000
Palo Alto Networks,PAN-VM-300-URL2,"Bright cloud URL filtering subscription, year 1, VM-300",1080.0000
Palo Alto Networks,PAN-VM-300-URL2-R,"Bright cloud URL filtering subscription, year 1, renewal, VM-300",1080.0000
Palo Alto Networks,PAN-VM-300-URL2-3YR,"Bright cloud URL filtering subscription, 3 year, VM-300",2600.0000
Palo Alto Networks,PAN-VM-300-URL2-3YR-R,"Bright cloud URL filtering subscription, 3 year, renewal, VM-300",2600.0000
Palo Alto Networks,PAN-VM-300-URL2-5YR,"Bright cloud URL filtering subscription, 5 year, VM-300",4320.0000
Palo Alto Networks,PAN-VM-300-URL2-5YR-R,"Bright cloud URL filtering subscription, 5 year, renewal, VM-300",4320.0000
Palo Alto Networks,PAN-VM-300-URL2-HA2,"Bright cloud URL filtering subscription for device in an HA pair, year 1, VM-300",760.0000
Palo Alto Networks,PAN-VM-300-URL2-HA2-R,"Bright cloud URL filtering subscription for device in an HA pair, renewal, VM-300",760.0000
Palo Alto Networks,PAN-VM-300-URL2-3YR-HA2,"Bright cloud URL filtering subscription for device in an HA pair, 3 year, VM-300",2000.0000
Palo Alto Networks,PAN-VM-300-URL2-3YR-HA2-R,"Bright cloud URL filtering subscription for device in an HA pair, 3 year, renewal, VM-300",2000.0000
Palo Alto Networks,PAN-VM-300-URL2-5YR-HA2,"Bright cloud URL filtering subscription for device in an HA pair, 5 year, VM-300",3330.0000
Palo Alto Networks,PAN-VM-300-URL2-5YR-HA2-R,"Bright cloud URL filtering subscription for device in an HA pair, 5 year, renewal, VM-300",3330.0000
Palo Alto Networks,PAN-VM-300-ENT-URL2,"Bright cloud URL filtering subscription, year 1, VM-300",18000.0000
Palo Alto Networks,PAN-VM-300-ENT-URL2-R,"Bright cloud URL filtering subscription, year 1, renewal, VM-300",18000.0000
Palo Alto Networks,PAN-VM-300-ENT-URL2-3YR,"Bright cloud URL filtering subscription, 3 year, VM-300",43200.0000
Palo Alto Networks,PAN-VM-300-ENT-URL2-3YR-R,"Bright cloud URL filtering subscription, 3 year, renewal, VM-300",43200.0000
Palo Alto Networks,PAN-VM-300-ENT-URL2-5YR,"Bright cloud URL filtering subscription, 5 year, VM-300",72000.0000
Palo Alto Networks,PAN-VM-300-ENT-URL2-5YR-R,"Bright cloud URL filtering subscription, 5 year, renewal, VM-300",72000.0000
Palo Alto Networks,PAN-VM-300-ENT-URL2-HA2,"Bright cloud URL filtering subscription for device in an HA pair, year 1, VM-300",12600.0000
Palo Alto Networks,PAN-VM-300-ENT-URL2-HA2-R,"Bright cloud URL filtering subscription for device in an HA pair, renewal, VM-300",12600.0000
Palo Alto Networks,PAN-VM-300-ENT-URL2-3YR-HA2,"Bright cloud URL filtering subscription for device in an HA pair, 3 year, VM-300",33260.0000
Palo Alto Networks,PAN-VM-300-ENT-URL2-3YR-HA2-R,"Bright cloud URL filtering subscription for device in an HA pair, 3 year, renewal, VM-300",33260.0000
Palo Alto Networks,PAN-VM-300-ENT-URL2-5YR-HA2,"Bright cloud URL filtering subscription for device in an HA pair, 5 year, VM-300",55440.0000
Palo Alto Networks,PAN-VM-300-ENT-URL2-5YR-HA2-R,"Bright cloud URL filtering subscription for device in an HA pair, 5 year, renewal, VM-300",55440.0000
Palo Alto Networks,PAN-VM-1000-HV-URL2,"Bright cloud URL filtering subscription, year 1, VM-1000-HV",1350.0000
Palo Alto Networks,PAN-VM-1000-HV-URL2-R,"Bright cloud URL filtering subscription, year 1, renewal, VM-1000-HV",1350.0000
Palo Alto Networks,PAN-VM-1000-HV-URL2-3YR,"Bright cloud URL filtering subscription, 3 year, VM-1000-HV",3250.0000
Palo Alto Networks,PAN-VM-1000-HV-URL2-3YR-R,"Bright cloud URL filtering subscription, 3 year, renewal, VM-1000-HV",3250.0000
Palo Alto Networks,PAN-VM-1000-HV-URL2-5YR,"Bright cloud URL filtering subscription, 5 year, VM-1000-HV",5400.0000
Palo Alto Networks,PAN-VM-1000-HV-URL2-5YR-R,"Bright cloud URL filtering subscription, 5 year, renewal, VM-1000-HV",5400.0000
Palo Alto Networks,PAN-VM-1000-HV-URL2-HA2,"Bright cloud URL filtering subscription for device in an HA pair, year 1, VM-1000-HV",950.0000
Palo Alto Networks,PAN-VM-1000-HV-URL2-HA2-R,"Bright cloud URL filtering subscription for device in an HA pair, renewal, VM-1000-HV",950.0000
Palo Alto Networks,PAN-VM-1000-HV-URL2-3YR-HA2,"Bright cloud URL filtering subscription for device in an HA pair, 3 year, VM-1000-HV",2500.0000
Palo Alto Networks,PAN-VM-1000-HV-URL2-3YR-HA2-R,"Bright cloud URL filtering subscription for device in an HA pair, 3 year, renewal, VM-1000-HV",2500.0000
Palo Alto Networks,PAN-VM-1000-HV-URL2-5YR-HA2,"Bright cloud URL filtering subscription for device in an HA pair, 5 year, VM-1000-HV",4160.0000
Palo Alto Networks,PAN-VM-1000-HV-URL2-5YR-HA2-R,"Bright cloud URL filtering subscription for device in an HA pair, 5 year, renewal, VM-1000-HV",4160.0000
Palo Alto Networks,PAN-VM-1000-HV-ENT-URL2,"Bright cloud URL filtering subscription, year 1, VM-1000-HV-ENT",22500.0000
Palo Alto Networks,PAN-VM-1000-HV-ENT-URL2-R,"Bright cloud URL filtering subscription, year 1, renewal, VM-1000-HV-ENT",22500.0000
Palo Alto Networks,PAN-VM-1000-HV-ENT-URL2-3YR,"Bright cloud URL filtering subscription, 3 year, VM-1000-HV-ENT",54000.0000
Palo Alto Networks,PAN-VM-1000-HV-ENT-URL2-3YR-R,"Bright cloud URL filtering subscription, 3 year, renewal, VM-1000-HV-ENT",54000.0000
Palo Alto Networks,PAN-VM-1000-HV-ENT-URL2-5YR,"Bright cloud URL filtering subscription, 5 year, VM-1000-HV-ENT",90000.0000
Palo Alto Networks,PAN-VM-1000-HV-ENT-URL2-5YR-R,"Bright cloud URL filtering subscription, 5 year, renewal, VM-1000-HV-ENT",90000.0000
Palo Alto Networks,PAN-VM-1000-HV-ENT-URL2-HA2,"Bright cloud URL filtering subscription for device in an HA pair, year 1, VM-1000-HV-ENT",15750.0000
Palo Alto Networks,PAN-VM-1000-HV-ENT-URL2-HA2-R,"Bright cloud URL filtering subscription for device in an HA pair, renewal, VM-1000-HV-ENT",15750.0000
Palo Alto Networks,PAN-VM-1000-HV-ENT-URL2-3YR-HA2,"Bright cloud URL filtering subscription for device in an HA pair, 3 year, VM-1000-HV-ENT",41580.0000
Palo Alto Networks,PAN-VM-1000-HV-ENT-URL2-3YR-HA2-R,"Bright cloud URL filtering subscription for device in an HA pair, 3 year, renewal, VM-1000-HV-ENT",41580.0000
Palo Alto Networks,PAN-VM-1000-HV-ENT-URL2-5YR-HA2,"Bright cloud URL filtering subscription for device in an HA pair, 5 year, VM-1000-HV-ENT",69300.0000
Palo Alto Networks,PAN-VM-1000-HV-ENT-URL2-5YR-HA2-R,"Bright cloud URL filtering subscription for device in an HA pair, 5 year, renewal, VM-1000-HV-ENT",69300.0000
Palo Alto Networks,PAN-PA-200-URL4,"PANDB URL filtering subscription year 1, PA-200",400.0000
Palo Alto Networks,PAN-PA-200-URL4-R,"PANDB URL filtering subscription renewal, PA-200",400.0000
Palo Alto Networks,PAN-PA-200-URL4-3YR,"PANDB URL filtering subscription 3-year prepaid, PA-200",960.0000
Palo Alto Networks,PAN-PA-200-URL4-3YR-R,"PANDB URL filtering subscription 3-year prepaid renewal, PA-200",960.0000
Palo Alto Networks,PAN-PA-200-URL4-5YR,"PANDB URL filtering subscription 5-year prepaid, PA-200",1600.0000
Palo Alto Networks,PAN-PA-200-URL4-5YR-R,"PANDB URL filtering subscription 5-year prepaid renewal, PA-200",1600.0000
Palo Alto Networks,PAN-PA-200-URL4-HA2,"PANDB URL filtering subscription for device in an HA pair year 1, PA-200",280.0000
Palo Alto Networks,PAN-PA-200-URL4-HA2-R,"PANDB URL filtering subscription for device in an HA pair renewal, PA-200",280.0000
Palo Alto Networks,PAN-PA-200-URL4-3YR-HA2,"PANDB URL filtering subscription 3 year prepaid for device in an HA pair, PA-200",740.0000
Palo Alto Networks,PAN-PA-200-URL4-3YR-HA2-R,"PANDB URL filtering subscription 3 year prepaid renewal for device in an HA pair, PA-200",740.0000
Palo Alto Networks,PAN-PA-200-URL4-5YR-HA2,"PANDB URL filtering subscription 5 year prepaid for device in an HA pair year 1, PA-200",1230.0000
Palo Alto Networks,PAN-PA-200-URL4-5YR-HA2-R,"PANDB URL filtering subscription 5 year prepaid renewal for device in an HA pair year 1, PA-200",1230.0000
Palo Alto Networks,PAN-PA-220-URL4,"PANDB URL filtering subscription year 1, PA-220",200.0000
Palo Alto Networks,PAN-PA-220-URL4-R,"PANDB URL filtering subscription renewal, PA-220",200.0000
,,,
Palo Alto Networks,PAN-PA-220-URL4-3YR,"PANDB URL filtering subscription 3-year prepaid, PA-220",480.0000
Palo Alto Networks,PAN-PA-220-URL4-3YR-R,"PANDB URL filtering subscription 3-year prepaid renewal, PA-220",480.0000
Palo Alto Networks,PAN-PA-220-URL4-5YR,"PANDB URL filtering subscription 5-year prepaid, PA-220",800.0000
Palo Alto Networks,PAN-PA-220-URL4-5YR-R,"PANDB URL filtering subscription 5-year prepaid renewal, PA-220",800.0000
Palo Alto Networks,PAN-PA-220-URL4-HA2,"PANDB URL filtering subscription for device in an HA pair year 1, PA-220",140.0000
Palo Alto Networks,PAN-PA-220-URL4-HA2-R,"PANDB URL filtering subscription for device in an HA pair renewal, PA-220",140.0000
Palo Alto Networks,PAN-PA-220-URL4-3YR-HA2,"PANDB URL filtering subscription 3 year prepaid for device in an HA pair, PA-220",370.0000
Palo Alto Networks,PAN-PA-220-URL4-3YR-HA2-R,"PANDB URL filtering subscription 3 year prepaid renewal for device in an HA pair, PA-220",370.0000
Palo Alto Networks,PAN-PA-220-URL4-5YR-HA2,"PANDB URL filtering subscription 5 year prepaid for device in an HA pair, PA-220",620.0000
Palo Alto Networks,PAN-PA-220-URL4-5YR-HA2-R,"PANDB URL filtering subscription 5 year prepaid renewal for device in an HA pair, PA-220",620.0000
Palo Alto Networks,PAN-PA-500-URL4,"PANDB URL filtering subscription year 1, PA-500",900.0000
Palo Alto Networks,PAN-PA-500-URL4-R,"PANDB URL filtering subscription renewal, PA-500",900.0000
Palo Alto Networks,PAN-PA-500-URL4-3YR,"PANDB URL filtering subscription 3-year prepaid, PA-500",2160.0000
Palo Alto Networks,PAN-PA-500-URL4-3YR-R,"PANDB URL filtering subscription 3-year prepaid renewal, PA-500",2160.0000
Palo Alto Networks,PAN-PA-500-URL4-5YR,"PANDB URL filtering subscription 5-year prepaid, PA-500",3600.0000
Palo Alto Networks,PAN-PA-500-URL4-5YR-R,"PANDB URL filtering subscription 5-year prepaid renewal, PA-500",3600.0000
Palo Alto Networks,PAN-PA-500-URL4-HA2,"PANDB URL filtering subscription for device in an HA pair year 1, PA-500",630.0000
Palo Alto Networks,PAN-PA-500-URL4-HA2-R,"PANDB URL filtering subscription for device in an HA pair renewal, PA-500",630.0000
Palo Alto Networks,PAN-PA-500-URL4-3YR-HA2,"PANDB URL filtering subscription 3 year prepaid for device in an HA pair, PA-500",1660.0000
Palo Alto Networks,PAN-PA-500-URL4-3YR-HA2-R,"PANDB URL filtering subscription 3 year prepaid renewal for device in an HA pair, PA-500",1660.0000
Palo Alto Networks,PAN-PA-500-URL4-5YR-HA2,"PANDB URL filtering subscription 5 year prepaid for device in an HA pair year 1, PA-500",2770.0000
Palo Alto Networks,PAN-PA-500-URL4-5YR-HA2-R,"PANDB URL filtering subscription 5 year prepaid renewal for device in an HA pair year 1, PA-500",2770.0000
Palo Alto Networks,PAN-PA-820-URL4,"PANDB URL filtering subscription year 1, PA-820",900.0000
Palo Alto Networks,PAN-PA-820-URL4-R,"PANDB URL filtering subscription renewal, PA-820",900.0000
Palo Alto Networks,PAN-PA-820-URL4-3YR,"PANDB URL filtering subscription 3-year prepaid, PA-820",2200.0000
Palo Alto Networks,PAN-PA-820-URL4-3YR-R,"PANDB URL filtering subscription renewal 3-year prepaid, PA-820",2200.0000
Palo Alto Networks,PAN-PA-820-URL4-5YR,"PANDB URL filtering subscription 5-year prepaid, PA-820",3600.0000
Palo Alto Networks,PAN-PA-820-URL4-5YR-R,"PANDB URL filtering subscription renewel 5-year prepaid, PA-820",3600.0000
Palo Alto Networks,PAN-PA-820-URL4-HA2,"PANDB URL filtering subscription for devices in HA pair, PA-820",700.0000
Palo Alto Networks,PAN-PA-820-URL4-HA2-R,"PANDB URL filtering subscription renewal for devices in HA pair, PA-820",700.0000
Palo Alto Networks,PAN-PA-820-URL4-3YR-HA2,"PANDB URL filtering subscription 3-year prepaid for device in an HA pair, PA-820",1900.0000
Palo Alto Networks,PAN-PA-820-URL4-3YR-HA2-R,"PANDB URL filtering subscription 3-year prepaid renewal for device in an HA pair, PA-820",1900.0000
Palo Alto Networks,PAN-PA-820-URL4-5YR-HA2,"PANDB URL filtering subscription 5-year prepaid for device in an HA pair, PA-820",3100.0000
Palo Alto Networks,PAN-PA-820-URL4-5YR-HA2-R,"PANDB URL filtering subscription renewal 5-year prepaid for device in an HA pair, PA-820",3100.0000
Palo Alto Networks,PAN-PA-850-URL4,"PANDB URL Filtering subscription year 1, PA-850",1900.0000
Palo Alto Networks,PAN-PA-850-URL4-R,"PANDB URL Filtering subscription renewal year 1, PA-850",1900.0000
Palo Alto Networks,PAN-PA-850-URL4-3YR,"PANDB URL Filtering subscription 3-year prepaid, PA-850",4600.0000
Palo Alto Networks,PAN-PA-850-URL4-3YR-R,"PANDB URL Filtering subscription 3-year prepaid renewal, PA-850",4600.0000
Palo Alto Networks,PAN-PA-850-URL4-5YR,"PANDB URL Filtering subscription 5-year prepaid, PA-850",7600.0000
Palo Alto Networks,PAN-PA-850-URL4-5YR-R,"PANDB URL Filtering subscription 5-year prepaid, PA-850",7600.0000
Palo Alto Networks,PAN-PA-850-URL4-HA2,"PANDB URL Filtering subscription for device in an HA pair year 1, PA-850",1400.0000
Palo Alto Networks,PAN-PA-850-URL4-HA2-R,"PANDB URL Filtering subscription for device in an HA pair renewal, PA-850",1400.0000
Palo Alto Networks,PAN-PA-850-URL4-3YR-HA2,"PANDB URL Filtering subscription 3-year prepaid for device in an HA pair, PA-850",3700.0000
Palo Alto Networks,PAN-PA-850-URL4-3YR-HA2-R,"PANDB URL Filtering subscription 3-year prepaid renewal for device in an HA pair, PA-850",3700.0000
Palo Alto Networks,PAN-PA-850-URL4-5YR-HA2,"PANDB URL Filtering subscription 5-year prepaid for device in an HA pair, PA-850",6200.0000
Palo Alto Networks,PAN-PA-850-URL4-5YR-HA2-R,"PANDB URL Filtering subscription 5-year prepaid renewal for device in an HA pair, PA-850",6200.0000
Palo Alto Networks,PAN-PA-2020-URL4,"PANDB URL filtering subscription year 1, PA-2020",2400.0000
Palo Alto Networks,PAN-PA-2020-URL4-R,"PANDB URL filtering subscription renewal, PA-2020",2400.0000
Palo Alto Networks,PAN-PA-2020-URL4-HA2,"PANDB URL filtering subscription for device in an HA pair year 1, PA-2020",1700.0000
Palo Alto Networks,PAN-PA-2020-URL4-HA2-R,"PANDB URL filtering subscription for device in an HA pair renewal, PA-2020",1700.0000
Palo Alto Networks,PAN-PA-2050-URL4,"PANDB URL filtering subscription year 1, PA-2050",3200.0000
Palo Alto Networks,PAN-PA-2050-URL4-R,"PANDB URL filtering subscription renewal, PA-2050",3200.0000
Palo Alto Networks,PAN-PA-2050-URL4-HA2,"PANDB URL filtering subscription for device in an HA pair year 1, PA-2050",2240.0000
Palo Alto Networks,PAN-PA-2050-URL4-HA2-R,"PANDB URL filtering subscription for device in an HA pair renewal, PA-2050",2240.0000
Palo Alto Networks,PAN-PA-3020-URL4,"PANDB URL filtering subscription year 1, PA-3020",2800.0000
Palo Alto Networks,PAN-PA-3020-URL4-R,"PANDB URL filtering subscription renewal, PA-3020",2800.0000
Palo Alto Networks,PAN-PA-3020-URL4-3YR,"PANDB URL filtering subscription 3-year prepaid, PA-3020",6720.0000
Palo Alto Networks,PAN-PA-3020-URL4-3YR-R,"PANDB URL filtering subscription renewal 3-year prepaid, PA-3020",6720.0000
Palo Alto Networks,PAN-PA-3020-URL4-5YR,"PANDB URL filtering subscription 5-year prepaid, PA-3020",11200.0000
Palo Alto Networks,PAN-PA-3020-URL4-5YR-R,"PANDB URL filtering subscription renewel 5-year prepaid, PA-3020",11200.0000
Palo Alto Networks,PAN-PA-3020-URL4-HA2,"PANDB URL filtering subscription for devices in HA pair, PA-3020",1960.0000
Palo Alto Networks,PAN-PA-3020-URL4-HA2-R,"PANDB URL filtering subscription renewal for devices in HA pair, PA-3020",1960.0000
Palo Alto Networks,PAN-PA-3020-URL4-3YR-HA2,"PANDB URL filtering subscription 3-year prepaid for device in an HA pair, PA-3020",5180.0000
Palo Alto Networks,PAN-PA-3020-URL4-3YR-HA2-R,"PANDB URL filtering subscription 3-year prepaid renewal for device in an HA pair, PA-3020",5180.0000
Palo Alto Networks,PAN-PA-3020-URL4-5YR-HA2,"PANDB URL filtering subscription 5-year prepaid for device in an HA pair, PA-3020",8600.0000
Palo Alto Networks,PAN-PA-3020-URL4-5YR-HA2-R,"PANDB URL filtering subscription renewal 5-year prepaid for device in an HA pair, PA-3020",8600.0000
Palo Alto Networks,PAN-PA-3050-URL4,"PANDB URL Filtering subscription year 1, PA-3050",4800.0000
Palo Alto Networks,PAN-PA-3050-URL4-R,"PANDB URL Filtering subscription renewal year 1, PA-3050",4800.0000
Palo Alto Networks,PAN-PA-3050-URL4-3YR,"PANDB URL Filtering subscription 3-year prepaid, PA-3050",11520.0000
Palo Alto Networks,PAN-PA-3050-URL4-3YR-R,"PANDB URL Filtering subscription 3-year prepaid renewal, PA-3050",11520.0000
Palo Alto Networks,PAN-PA-3050-URL4-5YR,"PANDB URL Filtering subscription 5-year prepaid, PA-3050",19200.0000
Palo Alto Networks,PAN-PA-3050-URL4-5YR-R,"PANDB URL Filtering subscription 5-year prepaid, PA-3050",19200.0000
Palo Alto Networks,PAN-PA-3050-URL4-HA2,"PANDB URL Filtering subscription for device in an HA pair year 1, PA-3050",3360.0000
Palo Alto Networks,PAN-PA-3050-URL4-HA2-R,"PANDB URL Filtering subscription for device in an HA pair renewal, PA-3050",3360.0000
Palo Alto Networks,PAN-PA-3050-URL4-3YR-HA2,"PANDB URL Filtering subscription 3-year prepaid for device in an HA pair, PA-3050",8870.0000
Palo Alto Networks,PAN-PA-3050-URL4-3YR-HA2-R,"PANDB URL Filtering subscription 3-year prepaid renewal for device in an HA pair, PA-3050",8870.0000
Palo Alto Networks,PAN-PA-3050-URL4-5YR-HA2,"PANDB URL Filtering subscription 5-year prepaid for device in an HA pair, PA-3050",14780.0000
Palo Alto Networks,PAN-PA-3050-URL4-5YR-HA2-R,"PANDB URL Filtering subscription 5-year prepaid renewal for device in an HA pair, PA-3050",14780.0000
Palo Alto Networks,PAN-PA-3060-URL4,"PANDB URL Filtering subscription year 1, PA-3060",7200.0000
Palo Alto Networks,PAN-PA-3060-URL4-R,"PANDB URL Filtering subscription renewal year 1, PA-3060",7200.0000
Palo Alto Networks,PAN-PA-3060-URL4-3YR,"PANDB URL Filtering subscription 3-year prepaid, PA-3060",17280.0000
Palo Alto Networks,PAN-PA-3060-URL4-3YR-R,"PANDB URL Filtering subscription 3-year prepaid renewal, PA-3060",17280.0000
Palo Alto Networks,PAN-PA-3060-URL4-5YR,"PANDB URL Filtering subscription 5-year prepaid, PA-3060",28800.0000
Palo Alto Networks,PAN-PA-3060-URL4-5YR-R,"PANDB URL Filtering subscription 5-year prepaid, PA-3060",28800.0000
Palo Alto Networks,PAN-PA-3060-URL4-HA2,"PANDB URL Filtering subscription for device in an HA pair year 1, PA-3060",5040.0000
Palo Alto Networks,PAN-PA-3060-URL4-HA2-R,"PANDB URL Filtering subscription for device in an HA pair renewal, PA-3060",5040.0000
Palo Alto Networks,PAN-PA-3060-URL4-3YR-HA2,"PANDB URL Filtering subscription 3-year prepaid for device in an HA pair, PA-3060",13310.0000
Palo Alto Networks,PAN-PA-3060-URL4-3YR-HA2-R,"PANDB URL Filtering subscription 3-year prepaid renewal for device in an HA pair, PA-3060",13310.0000
Palo Alto Networks,PAN-PA-3060-URL4-5YR-HA2,"PANDB URL Filtering subscription 5-year prepaid for device in an HA pair, PA-3060",22180.0000
Palo Alto Networks,PAN-PA-3060-URL4-5YR-HA2-R,"PANDB URL Filtering subscription 5-year prepaid renewal for device in an HA pair, PA-3060",22180.0000
Palo Alto Networks,PAN-PA-4020-URL4,"PANDB URL filtering subscription year 1, PA-4020",7000.0000
Palo Alto Networks,PAN-PA-4020-URL4-R,"PANDB URL filtering subscription renewal, PA-4020",7000.0000
Palo Alto Networks,PAN-PA-4020-URL4-HA2,"PANDB URL filtering subscription for device in an HA pair year 1, PA-4020",4900.0000
Palo Alto Networks,PAN-PA-4020-URL4-HA2-R,"PANDB URL filtering subscription for device in an HA pair renewal, PA-4020",4900.0000
Palo Alto Networks,PAN-PA-4050-URL4,"PANDB URL filtering subscription year 1, PA-4050",12000.0000
Palo Alto Networks,PAN-PA-4050-URL4-R,"PANDB URL filtering subscription renewal, PA-4050",12000.0000
,,,
Palo Alto Networks,PAN-PA-4050-URL4-HA2,"PANDB URL filtering subscription for device in an HA pair year 1, PA-4050",8400.0000
Palo Alto Networks,PAN-PA-4050-URL4-HA2-R,"PANDB URL filtering subscription for device in an HA pair renewal, PA-4050",8400.0000
Palo Alto Networks,PAN-PA-4060-URL4,"PANDB URL filtering subscription year 1, PA-4060",16000.0000
Palo Alto Networks,PAN-PA-4060-URL4-R,"PANDB URL filtering subscription renewal, PA-4060",16000.0000
Palo Alto Networks,PAN-PA-4060-URL4-HA2,"PANDB URL filtering subscription for device in an HA pair year 1, PA-4060",11200.0000
Palo Alto Networks,PAN-PA-4060-URL4-HA2-R,"PANDB URL filtering subscription for device in an HA pair renewal, PA-4060",11200.0000
Palo Alto Networks,PAN-PA-5020-URL4,"PANDB URL filtering subscription year 1, PA-5020",8000.0000
Palo Alto Networks,PAN-PA-5020-URL4-R,"PANDB URL filtering subscription renewal, PA-5020",8000.0000
Palo Alto Networks,PAN-PA-5020-URL4-3YR,"PANDB URL filtering subscription 3-year prepaid, PA-5020",19200.0000
Palo Alto Networks,PAN-PA-5020-URL4-3YR-R,"PANDB URL filtering subscription 3-year prepaid renewal, PA-5020",19200.0000
Palo Alto Networks,PAN-PA-5020-URL4-5YR,"PANDB URL filtering subscription 5-year prepaid, PA-5020",32000.0000
Palo Alto Networks,PAN-PA-5020-URL4-5YR-R,"PANDB URL filtering subscription 5-year prepaid renewal, PA-5020",32000.0000
Palo Alto Networks,PAN-PA-5020-URL4-HA2,"PANDB URL filtering subscription for device in an HA pair year 1, PA-5020",5600.0000
Palo Alto Networks,PAN-PA-5020-URL4-HA2-R,"PANDB URL filtering subscription for device in an HA pair renewal, PA-5020",5600.0000
Palo Alto Networks,PAN-PA-5020-URL4-3YR-HA2,"PANDB URL filtering subscription 3 year prepaid for device in an HA pair, PA-5020",14775.0000
Palo Alto Networks,PAN-PA-5020-URL4-3YR-HA2-R,"PANDB URL filtering subscription 3 year prepaid renewal for device in an HA pair, PA-5020",14775.0000
Palo Alto Networks,PAN-PA-5020-URL4-5YR-HA2,"PANDB URL filtering subscription 5 year prepaid for device in an HA pair year 1, PA-5020",24640.0000
Palo Alto Networks,PAN-PA-5020-URL4-5YR-HA2-R,"PANDB URL filtering subscription 5 year prepaid renewal for device in an HA pair year 1, PA-5020",24640.0000
Palo Alto Networks,PAN-PA-5050-URL4,"PANDB URL filtering subscription year 1, PA-5050",14000.0000
Palo Alto Networks,PAN-PA-5050-URL4-R,"PANDB URL filtering subscription renewal, PA-5050",14000.0000
Palo Alto Networks,PAN-PA-5050-URL4-3YR,"PANDB URL filtering subscription 3-year prepaid, PA-5050",33600.0000
Palo Alto Networks,PAN-PA-5050-URL4-3YR-R,"PANDB URL filtering subscription 3-year prepaid renewal, PA-5050",33600.0000
Palo Alto Networks,PAN-PA-5050-URL4-5YR,"PANDB URL filtering subscription 5-year prepaid, PA-5050",56000.0000
Palo Alto Networks,PAN-PA-5050-URL4-5YR-R,"PANDB URL filtering subscription 5-year prepaid renewal, PA-5050",56000.0000
Palo Alto Networks,PAN-PA-5050-URL4-HA2,"PANDB URL filtering subscription for device in an HA pair year 1, PA-5050",9800.0000
Palo Alto Networks,PAN-PA-5050-URL4-HA2-R,"PANDB URL filtering subscription for device in an HA pair renewal, PA-5050",9800.0000
Palo Alto Networks,PAN-PA-5050-URL4-3YR-HA2,"PANDB URL filtering subscription 3 year prepaid for device in an HA pair, PA-5050",25875.0000
Palo Alto Networks,PAN-PA-5050-URL4-3YR-HA2-R,"PANDB URL filtering subscription 3 year prepaid renewal for device in an HA pair, PA-5050",25875.0000
Palo Alto Networks,PAN-PA-5050-URL4-5YR-HA2,"PANDB URL filtering subscription 5 year prepaid for device in an HA pair year 1, PA-5050",43120.0000
Palo Alto Networks,PAN-PA-5050-URL4-5YR-HA2-R,"PANDB URL filtering subscription 5 year prepaid renewal for device in an HA pair year 1, PA-5050",43120.0000
Palo Alto Networks,PAN-PA-5060-URL4,"PANDB URL filtering subscription year 1, PA-5060",26000.0000
Palo Alto Networks,PAN-PA-5060-URL4-R,"PANDB URL filtering subscription renewal, PA-5060",26000.0000
Palo Alto Networks,PAN-PA-5060-URL4-3YR,"PANDB URL filtering subscription 3-year prepaid, PA-5060",62400.0000
Palo Alto Networks,PAN-PA-5060-URL4-3YR-R,"PANDB URL filtering subscription 3-year prepaid renewal, PA-5060",62400.0000
Palo Alto Networks,PAN-PA-5060-URL4-5YR,"PANDB URL filtering subscription 5-year prepaid, PA-5060",104000.0000
Palo Alto Networks,PAN-PA-5060-URL4-5YR-R,"PANDB URL filtering subscription 5-year prepaid renewal, PA-5060",104000.0000
Palo Alto Networks,PAN-PA-5060-URL4-HA2,"PANDB URL filtering subscription for device in an HA pair year 1, PA-5060",18200.0000
Palo Alto Networks,PAN-PA-5060-URL4-HA2-R,"PANDB URL filtering subscription for device in an HA pair renewal, PA-5060",18200.0000
Palo Alto Networks,PAN-PA-5060-URL4-3YR-HA2,"PANDB URL filtering subscription 3 year prepaid for device in an HA pair, PA-5060",48050.0000
Palo Alto Networks,PAN-PA-5060-URL4-3YR-HA2-R,"PANDB URL filtering subscription 3 year prepaid renewal for device in an HA pair, PA-5060",48050.0000
Palo Alto Networks,PAN-PA-5060-URL4-5YR-HA2,"PANDB URL filtering subscription 5 year prepaid for device in an HA pair year 1, PA-5060",80080.0000
Palo Alto Networks,PAN-PA-5060-URL4-5YR-HA2-R,"PANDB URL filtering subscription 5 year prepaid renewal for device in an HA pair year 1, PA-5060",80080.0000
Palo Alto Networks,PAN-PA-5220-URL4,"PANDB URL filtering subscription year 1, PA-5220",10000.0000
Palo Alto Networks,PAN-PA-5220-URL4-R,"PANDB URL filtering subscription renewal, PA-5220",10000.0000
Palo Alto Networks,PAN-PA-5220-URL4-3YR,"PANDB URL filtering subscription 3-year prepaid, PA-5220",24000.0000
Palo Alto Networks,PAN-PA-5220-URL4-3YR-R,"PANDB URL filtering subscription 3-year prepaid renewal, PA-5220",24000.0000
Palo Alto Networks,PAN-PA-5220-URL4-5YR,"PANDB URL filtering subscription 5-year prepaid, PA-5220",40000.0000
Palo Alto Networks,PAN-PA-5220-URL4-5YR-R,"PANDB URL filtering subscription 5-year prepaid renewal, PA-5220",40000.0000
Palo Alto Networks,PAN-PA-5220-URL4-HA2,"PANDB URL filtering subscription for device in an HA pair year 1, PA-5220",7000.0000
Palo Alto Networks,PAN-PA-5220-URL4-HA2-R,"PANDB URL filtering subscription for device in an HA pair renewal, PA-5220",7000.0000
Palo Alto Networks,PAN-PA-5220-URL4-3YR-HA2,"PANDB URL filtering subscription 3 year prepaid for device in an HA pair, PA-5220",18500.0000
Palo Alto Networks,PAN-PA-5220-URL4-3YR-HA2-R,"PANDB URL filtering subscription 3 year prepaid renewal for device in an HA pair, PA-5220",18500.0000
Palo Alto Networks,PAN-PA-5220-URL4-5YR-HA2,"PANDB URL filtering subscription 5 year prepaid for device in an HA pair, PA-5220",30800.0000
Palo Alto Networks,PAN-PA-5220-URL4-5YR-HA2-R,"PANDB URL filtering subscription 5 year prepaid renewal for device in an HA pair, PA-5220",30800.0000
Palo Alto Networks,PAN-PA-5250-URL4,"PANDB URL filtering subscription year 1, PA-5250",20000.0000
Palo Alto Networks,PAN-PA-5250-URL4-R,"PANDB URL filtering subscription renewal, PA-5250",20000.0000
Palo Alto Networks,PAN-PA-5250-URL4-3YR,"PANDB URL filtering subscription 3-year prepaid, PA-5250",48000.0000
Palo Alto Networks,PAN-PA-5250-URL4-3YR-R,"PANDB URL filtering subscription 3-year prepaid renewal, PA-5250",48000.0000
Palo Alto Networks,PAN-PA-5250-URL4-5YR,"PANDB URL filtering subscription 5-year prepaid, PA-5250",80000.0000
Palo Alto Networks,PAN-PA-5250-URL4-5YR-R,"PANDB URL filtering subscription 5-year prepaid renewal, PA-5250",80000.0000
Palo Alto Networks,PAN-PA-5250-URL4-HA2,"PANDB URL filtering subscription for device in an HA pair year 1, PA-5250",14000.0000
Palo Alto Networks,PAN-PA-5250-URL4-HA2-R,"PANDB URL filtering subscription for device in an HA pair renewal, PA-5250",14000.0000
Palo Alto Networks,PAN-PA-5250-URL4-3YR-HA2,"PANDB URL filtering subscription 3 year prepaid for device in an HA pair, PA-5250",37000.0000
Palo Alto Networks,PAN-PA-5250-URL4-3YR-HA2-R,"PANDB URL filtering subscription 3 year prepaid renewal for device in an HA pair, PA-5250",37000.0000
Palo Alto Networks,PAN-PA-5250-URL4-5YR-HA2,"PANDB URL filtering subscription 5 year prepaid for device in an HA pair, PA-5250",61600.0000
Palo Alto Networks,PAN-PA-5250-URL4-5YR-HA2-R,"PANDB URL filtering subscription 5 year prepaid renewal for device in an HA pair, PA-5250",61600.0000
Palo Alto Networks,PAN-PA-5260-URL4,"PANDB URL filtering subscription year 1, PA-5260",36000.0000
Palo Alto Networks,PAN-PA-5260-URL4-R,"PANDB URL filtering subscription renewal, PA-5260",36000.0000
Palo Alto Networks,PAN-PA-5260-URL4-3YR,"PANDB URL filtering subscription 3-year prepaid, PA-5260",86400.0000
Palo Alto Networks,PAN-PA-5260-URL4-3YR-R,"PANDB URL filtering subscription 3-year prepaid renewal, PA-5260",86400.0000
Palo Alto Networks,PAN-PA-5260-URL4-5YR,"PANDB URL filtering subscription 5-year prepaid, PA-5260",144000.0000
Palo Alto Networks,PAN-PA-5260-URL4-5YR-R,"PANDB URL filtering subscription 5-year prepaid renewal, PA-5260",144000.0000
Palo Alto Networks,PAN-PA-5260-URL4-HA2,"PANDB URL filtering subscription for device in an HA pair year 1, PA-5260",25200.0000
Palo Alto Networks,PAN-PA-5260-URL4-HA2-R,"PANDB URL filtering subscription for device in an HA pair renewal, PA-5260",25200.0000
Palo Alto Networks,PAN-PA-5260-URL4-3YR-HA2,"PANDB URL filtering subscription 3 year prepaid for device in an HA pair, PA-5260",66600.0000
Palo Alto Networks,PAN-PA-5260-URL4-3YR-HA2-R,"PANDB URL filtering subscription 3 year prepaid renewal for device in an HA pair, PA-5260",66600.0000
Palo Alto Networks,PAN-PA-5260-URL4-5YR-HA2,"PANDB URL filtering subscription 5 year prepaid for device in an HA pair, PA-5260",110900.0000
Palo Alto Networks,PAN-PA-5260-URL4-5YR-HA2-R,"PANDB URL filtering subscription 5 year prepaid renewal for device in an HA pair, PA-5260",110900.0000
Palo Alto Networks,PAN-PA-7050-URL4,"PANDB URL Filtering subscription year 1, PA-7050",60000.0000
Palo Alto Networks,PAN-PA-7050-URL4-R,"PANDB URL Filtering subscription renewal year 1, PA-7050",60000.0000
Palo Alto Networks,PAN-PA-7050-URL4-3YR,"PANDB URL Filtering subscription 3-year prepaid, PA-7050",144000.0000
Palo Alto Networks,PAN-PA-7050-URL4-3YR-R,"PANDB URL Filtering subscription 3-year prepaid renewal, PA-3050",144000.0000
Palo Alto Networks,PAN-PA-7050-URL4-5YR,"PANDB URL Filtering subscription 5-year prepaid, PA-7050",240000.0000
Palo Alto Networks,PAN-PA-7050-URL4-5YR-R,"PANDB URL Filtering subscription 5-year prepaid, PA-7050",240000.0000
Palo Alto Networks,PAN-PA-7050-URL4-HA2,"PANDB URL Filtering subscription for device in an HA pair year 1, PA-7050",42000.0000
Palo Alto Networks,PAN-PA-7050-URL4-HA2-R,"PANDB URL Filtering subscription for device in an HA pair renewal, PA-7050",42000.0000
Palo Alto Networks,PAN-PA-7050-URL4-3YR-HA2,"PANDB URL Filtering subscription 3-year prepaid for device in an HA pair, PA-7050",111000.0000
Palo Alto Networks,PAN-PA-7050-URL4-3YR-HA2-R,"PANDB URL Filtering subscription 3-year prepaid renewal for device in an HA pair, PA-7050",111000.0000
Palo Alto Networks,PAN-PA-7050-URL4-5YR-HA2,"PANDB URL Filtering subscription 5-year prepaid for device in an HA pair, PA-7050",185000.0000
Palo Alto Networks,PAN-PA-7050-URL4-5YR-HA2-R,"PANDB URL Filtering subscription 5-year prepaid renewal for device in an HA pair, PA-7050",185000.0000
Palo Alto Networks,PAN-PA-7080-URL4,"PAN-DB URL Filtering subscription year 1, PA-7080",75000.0000
Palo Alto Networks,PAN-PA-7080-URL4-R,"PAN-DB URL Filtering subscription renewal year 1, PA-7080",75000.0000
Palo Alto Networks,PAN-PA-7080-URL4-3YR,"PAN-DB URL Filtering subscription 3-year prepaid, PA-7080",180000.0000
Palo Alto Networks,PAN-PA-7080-URL4-3YR-R,"PAN-DB URL Filtering subscription 3-year prepaid renewal, PA-7080",180000.0000
Palo Alto Networks,PAN-PA-7080-URL4-5YR,"PAN-DB URL Filtering subscription 5-year prepaid, PA-7080",300000.0000
Palo Alto Networks,PAN-PA-7080-URL4-5YR-R,"PAN-DB URL Filtering subscription 5-year prepaid, PA-7080",300000.0000
,,,
Palo Alto Networks,PAN-PA-7080-URL4-HA2,"PAN-DB URL Filtering subscription for device in an HA pair year 1, PA-7080",52500.0000
Palo Alto Networks,PAN-PA-7080-URL4-HA2-R,"PAN-DB URL Filtering subscription for device in an HA pair renewal, PA-7080",52500.0000
Palo Alto Networks,PAN-PA-7080-URL4-3YR-HA2,"PAN-DB URL Filtering subscription 3-year prepaid for device in an HA pair, PA-7080",138600.0000
Palo Alto Networks,PAN-PA-7080-URL4-3YR-HA2-R,"PAN-DB URL Filtering subscription 3-year prepaid renewal for device in an HA pair, PA-7080",138600.0000
Palo Alto Networks,PAN-PA-7080-URL4-5YR-HA2,"PAN-DB URL Filtering subscription 5-year prepaid for device in an HA pair, PA-7080",231000.0000
Palo Alto Networks,PAN-PA-7080-URL4-5YR-HA2-R,"PAN-DB URL Filtering subscription 5-year prepaid renewal for device in an HA pair, PA-7080",231000.0000
Palo Alto Networks,PAN-VM-100-URL4,"PANDB URL filtering subscription, VM-100",540.0000
Palo Alto Networks,PAN-VM-100-URL4-R,"PANDB URL filtering subscription renewal, VM-100",540.0000
Palo Alto Networks,PAN-VM-100-URL4-3YR,"PANDB URL filtering subscription, 3 year, VM-100",1300.0000
Palo Alto Networks,PAN-VM-100-URL4-3YR-R,"PANDB URL filtering subscription 3 year renewal, VM-100",1300.0000
Palo Alto Networks,PAN-VM-100-URL4-5YR,"PANDB URL filtering subscription, 5 year, VM-100",2160.0000
Palo Alto Networks,PAN-VM-100-URL4-5YR-R,"PANDB URL filtering subscription, 5 year, renewal, VM-100",2160.0000
Palo Alto Networks,PAN-VM-100-URL4-HA2,PANDB URL filtering subscription for device in an HA pair,380.0000
Palo Alto Networks,PAN-VM-100-URL4-HA2-R,PANDB URL filtering subscription for device in an HA pair,380.0000
Palo Alto Networks,PAN-VM-100-URL4-3YR-HA2,"PANDB URL filtering subscription for device in an HA pair, VM-100",1000.0000
Palo Alto Networks,PAN-VM-100-URL4-3YR-HA2-R,"PANDB URL filtering subscription for device in an HA pair, 3 year, renewal, VM-100",1000.0000
Palo Alto Networks,PAN-VM-100-URL4-5YR-HA2,"PANDB URL filtering subscription for device in an HA pair, 5 year, VM-100",1660.0000
Palo Alto Networks,PAN-VM-100-URL4-5YR-HA2-R,"PANDB URL filtering subscription for device in an HA pair, 5 year, renewal, VM-100",1660.0000
Palo Alto Networks,PAN-VM-100-ENT-URL4,"PANDB URL filtering subscription, VM-100 Enterprise",9000.0000
Palo Alto Networks,PAN-VM-100-ENT-URL4-R,"PANDB URL filtering subscription renewal, VM-100 Enterprise",9000.0000
Palo Alto Networks,PAN-VM-100-ENT-URL4-3YR,"PANDB URL filtering subscription, 3 year, VM-100 Enterprise",21600.0000
Palo Alto Networks,PAN-VM-100-ENT-URL4-3YR-R,"PANDB URL filtering subscription 3 year renewal, VM-100 Enterprise",21600.0000
Palo Alto Networks,PAN-VM-100-ENT-URL4-5YR,"PANDB URL filtering subscription, 5 year, VM-100 Enterprise",36000.0000
Palo Alto Networks,PAN-VM-100-ENT-URL4-5YR-R,"PANDB URL filtering subscription, 5 year, renewal, VM-100 Enterprise",36000.0000
Palo Alto Networks,PAN-VM-100-ENT-URL4-HA2,PANDB URL filtering subscription for device in an HA pair VM-100 Enterprise,6300.0000
Palo Alto Networks,PAN-VM-100-ENT-URL4-HA2-R,PANDB URL filtering subscription for device in an HA pair VM-100 Enterprise,6300.0000
Palo Alto Networks,PAN-VM-100-ENT-URL4-3YR-HA2,"PANDB URL filtering subscription for device in an HA pair, VM-100 Enterprise",16630.0000
Palo Alto Networks,PAN-VM-100-ENT-URL4-3YR-HA2-R,"PANDB URL filtering subscription for device in an HA pair, 3 year, renewal, VM-100 Enterprise",16630.0000
Palo Alto Networks,PAN-VM-100-ENT-URL4-5YR-HA2,"PANDB URL filtering subscription for device in an HA pair, 5 year, VM-100 Enterprise",27720.0000
Palo Alto Networks,PAN-VM-100-ENT-URL4-5YR-HA2-R,"PANDB URL filtering subscription for device in an HA pair, 5 year, renewal, VM-100 Enterprise",27720.0000
Palo Alto Networks,PAN-VM-200-URL4,"PANDB URL filtering subscription, VM-200",810.0000
Palo Alto Networks,PAN-VM-200-URL4-R,"PANDB URL filtering subscription renewal, VM-200",810.0000
Palo Alto Networks,PAN-VM-200-URL4-3YR,"PANDB URL filtering subscription, 3 year, VM-200",1940.0000
Palo Alto Networks,PAN-VM-200-URL4-3YR-R,"PANDB URL filtering subscription 3 year renewal, VM-200",1940.0000
Palo Alto Networks,PAN-VM-200-URL4-5YR,"PANDB URL filtering subscription, 5 year, VM-200",3240.0000
Palo Alto Networks,PAN-VM-200-URL4-5YR-R,"PANDB URL filtering subscription, 5 year, renewal, VM-200",3240.0000
Palo Alto Networks,PAN-VM-200-URL4-HA2,"PANDB URL filtering subscription for device in an HA pair, VM-200",570.0000
Palo Alto Networks,PAN-VM-200-URL4-HA2-R,"PANDB URL filtering subscription for device in an HA pair, VM-200",570.0000
Palo Alto Networks,PAN-VM-200-URL4-3YR-HA2,"PANDB URL filtering subscription for device in an HA pair, VM-200",1500.0000
Palo Alto Networks,PAN-VM-200-URL4-3YR-HA2-R,"PANDB URL filtering subscription for device in an HA pair, 3 year, renewal, VM-200",1500.0000
Palo Alto Networks,PAN-VM-200-URL4-5YR-HA2,"PANDB URL filtering subscription for device in an HA pair, 5 year, VM-200",2500.0000
Palo Alto Networks,PAN-VM-200-URL4-5YR-HA2-R,"PANDB URL filtering subscription for device in an HA pair, 5 year, renewal, VM-200",2500.0000
Palo Alto Networks,PAN-VM-200-ENT-URL4,"PANDB URL filtering subscription, VM-200",13500.0000
Palo Alto Networks,PAN-VM-200-ENT-URL4-R,"PANDB URL filtering subscription renewal, VM-200",13500.0000
Palo Alto Networks,PAN-VM-200-ENT-URL4-3YR,"PANDB URL filtering subscription, 3 year, VM-200",32400.0000
Palo Alto Networks,PAN-VM-200-ENT-URL4-3YR-R,"PANDB URL filtering subscription 3 year renewal, VM-200",32400.0000
Palo Alto Networks,PAN-VM-200-ENT-URL4-5YR,"PANDB URL filtering subscription, 5 year, VM-200",54000.0000
Palo Alto Networks,PAN-VM-200-ENT-URL4-5YR-R,"PANDB URL filtering subscription, 5 year, renewal, VM-200",54000.0000
Palo Alto Networks,PAN-VM-200-ENT-URL4-HA2,"PANDB URL filtering subscription for device in an HA pair, VM-200",9450.0000
Palo Alto Networks,PAN-VM-200-ENT-URL4-HA2-R,"PANDB URL filtering subscription for device in an HA pair, VM-200",9450.0000
Palo Alto Networks,PAN-VM-200-ENT-URL4-3YR-HA2,"PANDB URL filtering subscription for device in an HA pair, VM-200",24950.0000
Palo Alto Networks,PAN-VM-200-ENT-URL4-3YR-HA2-R,"PANDB URL filtering subscription for device in an HA pair, 3 year, renewal, VM-200",24950.0000
Palo Alto Networks,PAN-VM-200-ENT-URL4-5YR-HA2,"PANDB URL filtering subscription for device in an HA pair, 5 year, VM-200",41580.0000
Palo Alto Networks,PAN-VM-200-ENT-URL4-5YR-HA2-R,"PANDB URL filtering subscription for device in an HA pair, 5 year, renewal, VM-200",41580.0000
Palo Alto Networks,PAN-VM-300-URL4,"PANDB URL filtering subscription, VM-300",1080.0000
Palo Alto Networks,PAN-VM-300-URL4-R,"PANDB URL filtering subscription, VM-300",1080.0000
Palo Alto Networks,PAN-VM-300-URL4-3YR,"PANDB URL filtering subscription, 3 year, VM-300",2600.0000
Palo Alto Networks,PAN-VM-300-URL4-3YR-R,"PANDB URL filtering subscription 3 year, renewal, VM-300",2600.0000
Palo Alto Networks,PAN-VM-300-URL4-5YR,"PANDB URL filtering subscription, 5 year, VM-300",4320.0000
Palo Alto Networks,PAN-VM-300-URL4-5YR-R,"PANDB URL filtering subscription, 5 year, renewal, VM-300",4320.0000
Palo Alto Networks,PAN-VM-300-URL4-HA2,"PANDB URL filtering subscription for device in an HA pair, VM-300",760.0000
Palo Alto Networks,PAN-VM-300-URL4-HA2-R,"PANDB URL filtering subscription for device in an HA pair, VM-300",760.0000
Palo Alto Networks,PAN-VM-300-URL4-3YR-HA2,"PANDB URL filtering subscription for device in an HA pair, VM-300",2000.0000
Palo Alto Networks,PAN-VM-300-URL4-3YR-HA2-R,"PANDB URL filtering subscription for device in an HA pair, 3 year, renewal, VM-300",2000.0000
Palo Alto Networks,PAN-VM-300-URL4-5YR-HA2,"PANDB URL filtering subscription for device in an HA pair, 5 year, VM-300",3330.0000
Palo Alto Networks,PAN-VM-300-URL4-5YR-HA2-R,"PANDB URL filtering subscription for device in an HA pair, 5 year, renewal, VM-300",3330.0000
Palo Alto Networks,PAN-VM-300-ENT-URL4,"PANDB URL filtering subscription, VM-300",18000.0000
Palo Alto Networks,PAN-VM-300-ENT-URL4-R,"PANDB URL filtering subscription, VM-300",18000.0000
Palo Alto Networks,PAN-VM-300-ENT-URL4-3YR,"PANDB URL filtering subscription, 3 year, VM-300",43200.0000
Palo Alto Networks,PAN-VM-300-ENT-URL4-3YR-R,"PANDB URL filtering subscription 3 year, renewal, VM-300",43200.0000
Palo Alto Networks,PAN-VM-300-ENT-URL4-5YR,"PANDB URL filtering subscription, 5 year, VM-300",72000.0000
Palo Alto Networks,PAN-VM-300-ENT-URL4-5YR-R,"PANDB URL filtering subscription, 5 year, renewal, VM-300",72000.0000
Palo Alto Networks,PAN-VM-300-ENT-URL4-HA2,"PANDB URL filtering subscription for device in an HA pair, VM-300",12600.0000
Palo Alto Networks,PAN-VM-300-ENT-URL4-HA2-R,"PANDB URL filtering subscription for device in an HA pair, VM-300",12600.0000
Palo Alto Networks,PAN-VM-300-ENT-URL4-3YR-HA2,"PANDB URL filtering subscription for device in an HA pair, VM-300",33260.0000
Palo Alto Networks,PAN-VM-300-ENT-URL4-3YR-HA2-R,"PANDB URL filtering subscription for device in an HA pair, 3 year, renewal, VM-300",33260.0000
Palo Alto Networks,PAN-VM-300-ENT-URL4-5YR-HA2,"PANDB URL filtering subscription for device in an HA pair, 5 year, VM-300",55440.0000
Palo Alto Networks,PAN-VM-300-ENT-URL4-5YR-HA2-R,"PANDB URL filtering subscription for device in an HA pair, 5 year, renewal, VM-300",55440.0000
Palo Alto Networks,PAN-VM-1000-HV-URL4,"PANDB URL filtering subscription, VM-1000-HV",1350.0000
Palo Alto Networks,PAN-VM-1000-HV-URL4-R,"PANDB URL filtering subscription, VM-1000-HV",1350.0000
Palo Alto Networks,PAN-VM-1000-HV-URL4-3YR,"PANDB URL filtering subscription, 3 year, VM-1000-HV",3250.0000
Palo Alto Networks,PAN-VM-1000-HV-URL4-3YR-R,"PANDB URL filtering subscription 3 year, renewal, VM-1000-HV",3250.0000
Palo Alto Networks,PAN-VM-1000-HV-URL4-5YR,"PANDB URL filtering subscription, 5 year, VM-1000-HV",5400.0000
Palo Alto Networks,PAN-VM-1000-HV-URL4-5YR-R,"PANDB URL filtering subscription, 5 year, renewal, VM-1000-HV",5400.0000
Palo Alto Networks,PAN-VM-1000-HV-URL4-HA2,"PANDB URL filtering subscription for device in an HA pair, VM-1000-HV",950.0000
Palo Alto Networks,PAN-VM-1000-HV-URL4-HA2-R,"PANDB URL filtering subscription for device in an HA pair, VM-1000-HV",950.0000
Palo Alto Networks,PAN-VM-1000-HV-URL4-3YR-HA2,"PANDB URL filtering subscription for device in an HA pair, VM-1000-HV",2500.0000
Palo Alto Networks,PAN-VM-1000-HV-URL4-3YR-HA2-R,"PANDB URL filtering subscription for device in an HA pair, 3 year, renewal, VM-1000-HV",2500.0000
Palo Alto Networks,PAN-VM-1000-HV-URL4-5YR-HA2,"PANDB URL filtering subscription for device in an HA pair, 5 year, VM-1000-HV",4160.0000
Palo Alto Networks,PAN-VM-1000-HV-URL4-5YR-HA2-R,"PANDB URL filtering subscription for device in an HA pair, 5 year, renewal, VM-1000-HV",4160.0000
Palo Alto Networks,PAN-VM-1000-HV-ENT-URL4,"PANDB URL filtering subscription, VM-1000-HV-ENT",22500.0000
Palo Alto Networks,PAN-VM-1000-HV-ENT-URL4-R,"PANDB URL filtering subscription, VM-1000-HV-ENT",22500.0000
Palo Alto Networks,PAN-VM-1000-HV-ENT-URL4-3YR,"PANDB URL filtering subscription, 3 year, VM-1000-HV-ENT",54000.0000
Palo Alto Networks,PAN-VM-1000-HV-ENT-URL4-3YR-R,"PANDB URL filtering subscription 3 year, renewal, VM-1000-HV-ENT",54000.0000
Palo Alto Networks,PAN-VM-1000-HV-ENT-URL4-5YR,"PANDB URL filtering subscription, 5 year, VM-1000-HV-ENT",90000.0000
Palo Alto Networks,PAN-VM-1000-HV-ENT-URL4-5YR-R,"PANDB URL filtering subscription, 5 year, renewal, VM-1000-HV-ENT",90000.0000
,,,
Palo Alto Networks,PAN-VM-1000-HV-ENT-URL4-HA2,"PANDB URL filtering subscription for device in an HA pair, VM-1000-HV-ENT",15750.0000
Palo Alto Networks,PAN-VM-1000-HV-ENT-URL4-HA2-R,"PANDB URL filtering subscription for device in an HA pair, VM-1000-HV-ENT",15750.0000
Palo Alto Networks,PAN-VM-1000-HV-ENT-URL4-3YR-HA2,"PANDB URL filtering subscription for device in an HA pair, VM-1000-HV-ENT",41580.0000
Palo Alto Networks,PAN-VM-1000-HV-ENT-URL4-3YR-HA2-R,"PANDB URL filtering subscription for device in an HA pair, 3 year, renewal, VM-1000-HV-ENT",41580.0000
Palo Alto Networks,PAN-VM-1000-HV-ENT-URL4-5YR-HA2,"PANDB URL filtering subscription for device in an HA pair, 5 year, VM-1000-HV-ENT",69300.0000
Palo Alto Networks,PAN-VM-1000-HV-ENT-URL4-5YR-HA2-R,"PANDB URL filtering subscription for device in an HA pair, 5 year, renewal, VM-1000-HV-ENT",69300.0000
Palo Alto Networks,PAN-PA-200-WF,"WildFire subscription year 1, PA-200",400.0000
Palo Alto Networks,PAN-PA-200-WF-R,"WildFire subscription renewal, PA-200",400.0000
Palo Alto Networks,PAN-PA-200-WF-3YR,"WildFire subscription 3-year prepaid, PA-200",960.0000
Palo Alto Networks,PAN-PA-200-WF-3YR-R,"WildFire subscription 3-year prepaid renewal, PA-200",960.0000
Palo Alto Networks,PAN-PA-200-WF-5YR,"WildFire subscription 5-year prepaid, PA-200",1600.0000
Palo Alto Networks,PAN-PA-200-WF-5YR-R,"WildFire subscription 5-year prepaid renewal, PA-200",1600.0000
Palo Alto Networks,PAN-PA-200-WF-HA2,"WildFire subscription year 1 for device in HA pair, PA-200",280.0000
Palo Alto Networks,PAN-PA-200-WF-HA2-R,"WildFire subscription renewal for device in HA pair, PA-200",280.0000
Palo Alto Networks,PAN-PA-200-WF-3YR-HA2,"WildFire subscription 3-year prepaid for device in an HA pair, PA-200",740.0000
Palo Alto Networks,PAN-PA-200-WF-3YR-HA2-R,"WildFire subscription 3-year prepaid renewal for device in HA pair, PA-200",740.0000
Palo Alto Networks,PAN-PA-200-WF-5YR-HA2,"WildFire subscription 5-year prepaid for device in HA pair, PA-200",1230.0000
Palo Alto Networks,PAN-PA-200-WF-5YR-HA2-R,"WildFire subscription 5-year prepaid renewal for device in HA pair, PA-200",1230.0000
Palo Alto Networks,PAN-PA-220-WF,"WildFire subscription year 1, PA-220",200.0000
Palo Alto Networks,PAN-PA-220-WF-R,"WildFire subscription renewal, PA-220",200.0000
Palo Alto Networks,PAN-PA-220-WF-3YR,"WildFire subscription 3-year prepaid, PA-220",480.0000
Palo Alto Networks,PAN-PA-220-WF-3YR-R,"WildFire subscription 3-year prepaid renewal, PA-220",480.0000
Palo Alto Networks,PAN-PA-220-WF-5YR,"WildFire subscription 5-year prepaid, PA-220",800.0000
Palo Alto Networks,PAN-PA-220-WF-5YR-R,"WildFire subscription 5-year prepaid renewal, PA-220",800.0000
Palo Alto Networks,PAN-PA-220-WF-HA2,"WildFire subscription year 1 for device in HA pair, PA-220",140.0000
Palo Alto Networks,PAN-PA-220-WF-HA2-R,"WildFire subscription renewal for device in HA pair, PA-220",140.0000
Palo Alto Networks,PAN-PA-220-WF-3YR-HA2,"WildFire subscription 3-year prepaid for device in an HA pair, PA-220",370.0000
Palo Alto Networks,PAN-PA-220-WF-3YR-HA2-R,"WildFire subscription 3-year prepaid renewal for device in HA pair, PA-220",370.0000
Palo Alto Networks,PAN-PA-220-WF-5YR-HA2,"WildFire subscription 5-year prepaid for device in HA pair, PA-220",620.0000
Palo Alto Networks,PAN-PA-220-WF-5YR-HA2-R,"WildFire subscription 5-year prepaid renewal for device in HA pair, PA-220",620.0000
Palo Alto Networks,PAN-PA-500-WF,"WildFire subscription year 1, PA-500",900.0000
Palo Alto Networks,PAN-PA-500-WF-R,"WildFire subscription renewal, PA-500",900.0000
Palo Alto Networks,PAN-PA-500-WF-3YR,"WildFire subscription 3-year prepaid, PA-500",2160.0000
Palo Alto Networks,PAN-PA-500-WF-3YR-R,"WildFire subscription 3-year prepaid renewal, PA-500",2160.0000
Palo Alto Networks,PAN-PA-500-WF-5YR,"WildFire subscription 5-year prepaid, PA-500",3600.0000
Palo Alto Networks,PAN-PA-500-WF-5YR-R,"WildFire subscription 5-year prepaid renewal, PA-500",3600.0000
Palo Alto Networks,PAN-PA-500-WF-HA2,"WildFire subscription for device in an HA pair year 1, PA-500",630.0000
Palo Alto Networks,PAN-PA-500-WF-HA2-R,"WildFire subscription for device in an HA pair renewal, PA-500",630.0000
Palo Alto Networks,PAN-PA-500-WF-3YR-HA2,"WildFire subscription 3 year prepaid for device in an HA pair, PA-500",1660.0000
Palo Alto Networks,PAN-PA-500-WF-3YR-HA2-R,"WildFire subscription 3 year prepaid renewal for device in an HA pair, PA-500",1660.0000
Palo Alto Networks,PAN-PA-500-WF-5YR-HA2,"WildFire subscription 5 year prepaid for device in an HA pair year 1, PA-500",2770.0000
Palo Alto Networks,PAN-PA-500-WF-5YR-HA2-R,"WildFire subscription 5 year prepaid renewal for device in an HA pair year 1, PA-500",2770.0000
Palo Alto Networks,PAN-PA-820-WF,"WildFire subscription year 1, PA-820",900.0000
Palo Alto Networks,PAN-PA-820-WF-R,"WildFire subscription renewal, PA-820",900.0000
Palo Alto Networks,PAN-PA-820-WF-3YR,"WildFire subscription 3-year prepaid, PA-820",2200.0000
Palo Alto Networks,PAN-PA-820-WF-3YR-R,"WildFire subscription renewal 3-year prepaid, PA-820",2200.0000
Palo Alto Networks,PAN-PA-820-WF-5YR,"WildFire subscription 5-year prepaid, PA-820",3600.0000
Palo Alto Networks,PAN-PA-820-WF-5YR-R,"WildFire subscription renewal 5-year prepaid, PA-820",3600.0000
Palo Alto Networks,PAN-PA-820-WF-HA2,"WildFire subscription for devices in HA pair, PA-820",700.0000
Palo Alto Networks,PAN-PA-820-WF-HA2-R,"WildFire subscription renewal for devices in HA pair, PA-820",700.0000
Palo Alto Networks,PAN-PA-820-WF-3YR-HA2,"WildFire subscription 3-year prepaid for device in an HA pair, PA-820",1900.0000
Palo Alto Networks,PAN-PA-820-WF-3YR-HA2-R,"WildFire subscription 3-year prepaid renewal for device in an HA pair, PA-820",1900.0000
Palo Alto Networks,PAN-PA-820-WF-5YR-HA2,"WildFire subscription 5-year prepaid for device in an HA pair, PA-820",3100.0000
Palo Alto Networks,PAN-PA-820-WF-5YR-HA2-R,"WildFire subscription renewal 5-year prepaid for device in an HA pair, PA-820",3100.0000
Palo Alto Networks,PAN-PA-850-WF,"WildFire subscription year 1, PA-850",1900.0000
Palo Alto Networks,PAN-PA-850-WF-R,"WildFire subscription renewal year 1, PA-850",1900.0000
Palo Alto Networks,PAN-PA-850-WF-3YR,"WildFire subscription 3-year prepaid, PA-850",4600.0000
Palo Alto Networks,PAN-PA-850-WF-3YR-R,"WildFire subscription 3-year prepaid renewal, PA-850",4600.0000
Palo Alto Networks,PAN-PA-850-WF-5YR,"WildFire subscription 5-year prepaid, PA-850",7600.0000
Palo Alto Networks,PAN-PA-850-WF-5YR-R,"WildFire subscription 5-year prepaid renewal, PA-850",7600.0000
Palo Alto Networks,PAN-PA-850-WF-HA2,"WildFire subscription for device in an HA pair year 1, PA-850",1400.0000
Palo Alto Networks,PAN-PA-850-WF-HA2-R,"WildFire subscription for device in an HA pair renewal, PA-850",1400.0000
Palo Alto Networks,PAN-PA-850-WF-3YR-HA2,"WildFire subscription 3-year prepaid for device in an HA pair, PA-850",3700.0000
Palo Alto Networks,PAN-PA-850-WF-3YR-HA2-R,"WildFire subscription 3-year prepaid renewal for device in an HA pair, PA-850",3700.0000
Palo Alto Networks,PAN-PA-850-WF-5YR-HA2,"WildFire subscription 5-year prepaid for device in an HA pair, PA-850",6200.0000
Palo Alto Networks,PAN-PA-850-WF-5YR-HA2-R,"WildFire subscription 5-year prepaid renewal for device in an HA pair, PA-850",6200.0000
Palo Alto Networks,PAN-PA-2020-WF,"WildFire subscription year 1, PA-2020",2400.0000
Palo Alto Networks,PAN-PA-2020-WF-R,"WildFire subscription renewal, PA-2020",2400.0000
Palo Alto Networks,PAN-PA-2020-WF-HA2,"WildFire subscription for device in an HA pair year 1, PA-2020",1700.0000
Palo Alto Networks,PAN-PA-2020-WF-HA2-R,"WildFire subscription for device in an HA pair renewal, PA-2020",1700.0000
Palo Alto Networks,PAN-PA-2050-WF,"WildFire subscription year 1, PA-2050",3200.0000
Palo Alto Networks,PAN-PA-2050-WF-R,"WildFire subscription renewal, PA-2050",3200.0000
Palo Alto Networks,PAN-PA-2050-WF-HA2,"WildFire subscription for device in an HA pair year 1, PA-2050",2240.0000
Palo Alto Networks,PAN-PA-2050-WF-HA2-R,"WildFire subscription for device in an HA pair renewal, PA-2050",2240.0000
Palo Alto Networks,PAN-PA-3020-WF,"WildFire subscription year 1, PA-3020",2800.0000
Palo Alto Networks,PAN-PA-3020-WF-R,"WildFire subscription renewal, PA-3020",2800.0000
Palo Alto Networks,PAN-PA-3020-WF-3YR,"WildFire subscription 3-year prepaid, PA-3020",6720.0000
Palo Alto Networks,PAN-PA-3020-WF-3YR-R,"WildFire subscription renewal 3-year prepaid, PA-3020",6720.0000
Palo Alto Networks,PAN-PA-3020-WF-5YR,"WildFire subscription 5-year prepaid, PA-3020",11200.0000
Palo Alto Networks,PAN-PA-3020-WF-5YR-R,"WildFire subscription renewal 5-year prepaid, PA-3020",11200.0000
Palo Alto Networks,PAN-PA-3020-WF-HA2,"WildFire subscription for devices in HA pair, PA-3020",1960.0000
Palo Alto Networks,PAN-PA-3020-WF-HA2-R,"WildFire subscription renewal for devices in HA pair, PA-3020",1960.0000
Palo Alto Networks,PAN-PA-3020-WF-3YR-HA2,"WildFire subscription 3-year prepaid for device in an HA pair, PA-3020",5180.0000
Palo Alto Networks,PAN-PA-3020-WF-3YR-HA2-R,"WildFire subscription 3-year prepaid renewal for device in an HA pair, PA-3020",5180.0000
Palo Alto Networks,PAN-PA-3020-WF-5YR-HA2,"WildFire subscription 5-year prepaid for device in an HA pair, PA-3020",8600.0000
Palo Alto Networks,PAN-PA-3020-WF-5YR-HA2-R,"WildFire subscription renewal 5-year prepaid for device in an HA pair, PA-3020",8600.0000
Palo Alto Networks,PAN-PA-3050-WF,"WildFire subscription year 1, PA-3050",4800.0000
Palo Alto Networks,PAN-PA-3050-WF-R,"WildFire subscription renewal year 1, PA-3050",4800.0000
Palo Alto Networks,PAN-PA-3050-WF-3YR,"WildFire subscription 3-year prepaid, PA-3050",11520.0000
Palo Alto Networks,PAN-PA-3050-WF-3YR-R,"WildFire subscription 3-year prepaid renewal, PA-3050",11520.0000
Palo Alto Networks,PAN-PA-3050-WF-5YR,"WildFire subscription 5-year prepaid, PA-3050",19200.0000
Palo Alto Networks,PAN-PA-3050-WF-5YR-R,"WildFire subscription 5-year prepaid renewal, PA-3050",19200.0000
Palo Alto Networks,PAN-PA-3050-WF-HA2,"WildFire subscription for device in an HA pair year 1, PA-3050",3360.0000
Palo Alto Networks,PAN-PA-3050-WF-HA2-R,"WildFire subscription for device in an HA pair renewal, PA-3050",3360.0000
Palo Alto Networks,PAN-PA-3050-WF-3YR-HA2,"WildFire subscription 3-year prepaid for device in an HA pair, PA-3050",8870.0000
Palo Alto Networks,PAN-PA-3050-WF-3YR-HA2-R,"WildFire subscription 3-year prepaid renewal for device in an HA pair, PA-3050",8870.0000
,,,
Palo Alto Networks,PAN-PA-3050-WF-5YR-HA2,"WildFire subscription 5-year prepaid for device in an HA pair, PA-3050",14780.0000
Palo Alto Networks,PAN-PA-3050-WF-5YR-HA2-R,"WildFire subscription 5-year prepaid renewal for device in an HA pair, PA-3050",14780.0000
Palo Alto Networks,PAN-PA-3060-WF,"WildFire subscription year 1, PA-3060",7200.0000
Palo Alto Networks,PAN-PA-3060-WF-R,"WildFire subscription renewal year 1, PA-3060",7200.0000
Palo Alto Networks,PAN-PA-3060-WF-3YR,"WildFire subscription 3-year prepaid, PA-3060",17280.0000
Palo Alto Networks,PAN-PA-3060-WF-3YR-R,"WildFire subscription 3-year prepaid renewal, PA-3060",17280.0000
Palo Alto Networks,PAN-PA-3060-WF-5YR,"WildFire subscription 5-year prepaid, PA-3060",28800.0000
Palo Alto Networks,PAN-PA-3060-WF-5YR-R,"WildFire subscription 5-year prepaid renewal, PA-3060",28800.0000
Palo Alto Networks,PAN-PA-3060-WF-HA2,"WildFire subscription for device in an HA pair year 1, PA-3060",5040.0000
Palo Alto Networks,PAN-PA-3060-WF-HA2-R,"WildFire subscription for device in an HA pair renewal, PA-3060",5040.0000
Palo Alto Networks,PAN-PA-3060-WF-3YR-HA2,"WildFire subscription 3-year prepaid for device in an HA pair, PA-3060",13310.0000
Palo Alto Networks,PAN-PA-3060-WF-3YR-HA2-R,"WildFire subscription 3-year prepaid renewal for device in an HA pair, PA-3060",13310.0000
Palo Alto Networks,PAN-PA-3060-WF-5YR-HA2,"WildFire subscription 5-year prepaid for device in an HA pair, PA-3060",22180.0000
Palo Alto Networks,PAN-PA-3060-WF-5YR-HA2-R,"WildFire subscription 5-year prepaid renewal for device in an HA pair, PA-3060",22180.0000
Palo Alto Networks,PAN-PA-4020-WF,"WildFire subscription year 1, PA-4020",7000.0000
Palo Alto Networks,PAN-PA-4020-WF-R,"WildFire subscription renewal, PA-4020",7000.0000
Palo Alto Networks,PAN-PA-4020-WF-HA2,"WildFire subscription for device in an HA pair year 1, PA-4020",4900.0000
Palo Alto Networks,PAN-PA-4020-WF-HA2-R,"WildFire subscription for device in an HA pair renewal, PA-4020",4900.0000
Palo Alto Networks,PAN-PA-4050-WF,"WildFire subscription year 1, PA-4050",12000.0000
Palo Alto Networks,PAN-PA-4050-WF-R,"WildFire subscription renewal, PA-4050",12000.0000
Palo Alto Networks,PAN-PA-4050-WF-HA2,"WildFire subscription for device in an HA pair year 1, PA-4050",8400.0000
Palo Alto Networks,PAN-PA-4050-WF-HA2-R,"WildFire subscription for device in an HA pair renewal, PA-4050",8400.0000
Palo Alto Networks,PAN-PA-4060-WF,"WildFire subscription year 1, PA-4060",16000.0000
Palo Alto Networks,PAN-PA-4060-WF-R,"WildFire subscription renewal, PA-4060",16000.0000
Palo Alto Networks,PAN-PA-4060-WF-HA2,"WildFire subscription for device in an HA pair year 1, PA-4060",11200.0000
Palo Alto Networks,PAN-PA-4060-WF-HA2-R,"WildFire subscription for device in an HA pair renewal, PA-4060",11200.0000
Palo Alto Networks,PAN-PA-5020-WF,"WildFire subscription year 1, PA-5020",8000.0000
Palo Alto Networks,PAN-PA-5020-WF-R,"WildFire subscription renewal, PA-5020",8000.0000
Palo Alto Networks,PAN-PA-5020-WF-3YR,"WildFire subscription 3-year prepaid, PA-5020",19200.0000
Palo Alto Networks,PAN-PA-5020-WF-3YR-R,"WildFire subscription 3-year prepaid renewal, PA-5020",19200.0000
Palo Alto Networks,PAN-PA-5020-WF-5YR,"WildFire subscription 5-year prepaid, PA-5020",32000.0000
Palo Alto Networks,PAN-PA-5020-WF-5YR-R,"WildFire subscription 5-year prepaid renewal, PA-5020",32000.0000
Palo Alto Networks,PAN-PA-5020-WF-HA2,"WildFire subscription for device in an HA pair year 1, PA-5020",5600.0000
Palo Alto Networks,PAN-PA-5020-WF-HA2-R,"WildFire subscription for device in an HA pair renewal, PA-5020",5600.0000
Palo Alto Networks,PAN-PA-5020-WF-3YR-HA2,"WildFire subscription 3 year prepaid for device in an HA pair, PA-5020",14775.0000
Palo Alto Networks,PAN-PA-5020-WF-3YR-HA2-R,"WildFire subscription 3 year prepaid renewal for device in an HA pair, PA-5020",14775.0000
Palo Alto Networks,PAN-PA-5020-WF-5YR-HA2,"WildFire subscription 5 year prepaid for device in an HA pair year 1, PA-5020",24640.0000
Palo Alto Networks,PAN-PA-5020-WF-5YR-HA2-R,"WildFire subscription 5 year prepaid renewal for device in an HA pair year 1, PA-5020",24640.0000
Palo Alto Networks,PAN-PA-5050-WF,"WildFire subscription year 1, PA-5050",14000.0000
Palo Alto Networks,PAN-PA-5050-WF-R,"WildFire subscription renewal, PA-5050",14000.0000
Palo Alto Networks,PAN-PA-5050-WF-3YR,"WildFire subscription 3-year prepaid, PA-5050",33600.0000
Palo Alto Networks,PAN-PA-5050-WF-3YR-R,"WildFire subscription 3-year prepaid renewal, PA-5050",33600.0000
Palo Alto Networks,PAN-PA-5050-WF-5YR,"WildFire subscription 5-year prepaid, PA-5050",56000.0000
Palo Alto Networks,PAN-PA-5050-WF-5YR-R,"WildFire subscription 5-year prepaid renewal, PA-5050",56000.0000
Palo Alto Networks,PAN-PA-5050-WF-HA2,"WildFire subscription for device in an HA pair year 1, PA-5050",9800.0000
Palo Alto Networks,PAN-PA-5050-WF-HA2-R,"WildFire subscription for device in an HA pair renewal, PA-5050",9800.0000
Palo Alto Networks,PAN-PA-5050-WF-3YR-HA2,"WildFire subscription 3 year prepaid for device in an HA pair, PA-5050",25875.0000
Palo Alto Networks,PAN-PA-5050-WF-3YR-HA2-R,"WildFire subscription 3 year prepaid renewal for device in an HA pair, PA-5050",25875.0000
Palo Alto Networks,PAN-PA-5050-WF-5YR-HA2,"WildFire subscription 5 year prepaid for device in an HA pair year 1, PA-5050",43120.0000
Palo Alto Networks,PAN-PA-5050-WF-5YR-HA2-R,"WildFire subscription 5 year prepaid renewal for device in an HA pair year 1, PA-5050",43120.0000
Palo Alto Networks,PAN-PA-5060-WF,"WildFire subscription year 1, PA-5060",26000.0000
Palo Alto Networks,PAN-PA-5060-WF-R,"WildFire subscription renewal, PA-5060",26000.0000
Palo Alto Networks,PAN-PA-5060-WF-3YR,"WildFire subscription 3-year prepaid, PA-5060",62400.0000
Palo Alto Networks,PAN-PA-5060-WF-3YR-R,"WildFire subscription 3-year prepaid renewal, PA-5060",62400.0000
Palo Alto Networks,PAN-PA-5060-WF-5YR,"WildFire subscription 5-year prepaid, PA-5060",104000.0000
Palo Alto Networks,PAN-PA-5060-WF-5YR-R,"WildFire subscription 5-year prepaid renewal, PA-5060",104000.0000
Palo Alto Networks,PAN-PA-5060-WF-HA2,"WildFire subscription for device in an HA pair year 1, PA-5060",18200.0000
Palo Alto Networks,PAN-PA-5060-WF-HA2-R,"WildFire subscription for device in an HA pair renewal, PA-5060",18200.0000
Palo Alto Networks,PAN-PA-5060-WF-3YR-HA2,"WildFire subscription 3 year prepaid for device in an HA pair, PA-5060",48050.0000
Palo Alto Networks,PAN-PA-5060-WF-3YR-HA2-R,"WildFire subscription 3 year prepaid renewal for device in an HA pair, PA-5060",48050.0000
Palo Alto Networks,PAN-PA-5060-WF-5YR-HA2,"WildFire subscription 5 year prepaid for device in an HA pair year 1, PA-5060",80080.0000
Palo Alto Networks,PAN-PA-5060-WF-5YR-HA2-R,"WildFire subscription 5 year prepaid renewal for device in an HA pair year 1, PA-5060",80080.0000
Palo Alto Networks,PAN-PA-5220-WF,"WildFire subscription year 1, PA-5220",10000.0000
Palo Alto Networks,PAN-PA-5220-WF-R,"WildFire subscription renewal, PA-5220",10000.0000
Palo Alto Networks,PAN-PA-5220-WF-3YR,"WildFire subscription 3-year prepaid, PA-5220",24000.0000
Palo Alto Networks,PAN-PA-5220-WF-3YR-R,"WildFire subscription 3-year prepaid renewal, PA-5220",24000.0000
Palo Alto Networks,PAN-PA-5220-WF-5YR,"WildFire subscription 5-year prepaid, PA-5220",40000.0000
Palo Alto Networks,PAN-PA-5220-WF-5YR-R,"WildFire subscription 5-year prepaid renewal, PA-5220",40000.0000
Palo Alto Networks,PAN-PA-5220-WF-HA2,"WildFire subscription for device in an HA pair year 1, PA-5220",7000.0000
Palo Alto Networks,PAN-PA-5220-WF-HA2-R,"WildFire subscription for device in an HA pair renewal, PA-5220",7000.0000
Palo Alto Networks,PAN-PA-5220-WF-3YR-HA2,"WildFire subscription 3 year prepaid for device in an HA pair, PA-5220",18500.0000
Palo Alto Networks,PAN-PA-5220-WF-3YR-HA2-R,"WildFire subscription 3 year prepaid renewal for device in an HA pair, PA-5220",18500.0000
Palo Alto Networks,PAN-PA-5220-WF-5YR-HA2,"WildFire subscription 5 year prepaid for device in an HA pair, PA-5220",30800.0000
Palo Alto Networks,PAN-PA-5220-WF-5YR-HA2-R,"WildFire subscription 5 year prepaid renewal for device in an HA pair, PA-5220",30800.0000
Palo Alto Networks,PAN-PA-5250-WF,"WildFire subscription year 1, PA-5250",20000.0000
Palo Alto Networks,PAN-PA-5250-WF-R,"WildFire subscription renewal, PA-5250",20000.0000
Palo Alto Networks,PAN-PA-5250-WF-3YR,"WildFire subscription 3-year prepaid, PA-5250",48000.0000
Palo Alto Networks,PAN-PA-5250-WF-3YR-R,"WildFire subscription 3-year prepaid renewal, PA-5250",48000.0000
Palo Alto Networks,PAN-PA-5250-WF-5YR,"WildFire subscription 5-year prepaid, PA-5250",80000.0000
Palo Alto Networks,PAN-PA-5250-WF-5YR-R,"WildFire subscription 5-year prepaid renewal, PA-5250",80000.0000
Palo Alto Networks,PAN-PA-5250-WF-HA2,"WildFire subscription for device in an HA pair year 1, PA-5250",14000.0000
Palo Alto Networks,PAN-PA-5250-WF-HA2-R,"WildFire subscription for device in an HA pair renewal, PA-5250",14000.0000
Palo Alto Networks,PAN-PA-5250-WF-3YR-HA2,"WildFire subscription 3 year prepaid for device in an HA pair, PA-5250",37000.0000
Palo Alto Networks,PAN-PA-5250-WF-3YR-HA2-R,"WildFire subscription 3 year prepaid renewal for device in an HA pair, PA-5250",37000.0000
Palo Alto Networks,PAN-PA-5250-WF-5YR-HA2,"WildFire subscription 5 year prepaid for device in an HA pair, PA-5250",61600.0000
Palo Alto Networks,PAN-PA-5250-WF-5YR-HA2-R,"WildFire subscription 5 year prepaid renewal for device in an HA pair, PA-5250",61600.0000
Palo Alto Networks,PAN-PA-5260-WF,"WildFire subscription year 1, PA-5260",36000.0000
Palo Alto Networks,PAN-PA-5260-WF-R,"WildFire subscription renewal, PA-5260",36000.0000
Palo Alto Networks,PAN-PA-5260-WF-3YR,"WildFire subscription 3-year prepaid, PA-5260",86400.0000
Palo Alto Networks,PAN-PA-5260-WF-3YR-R,"WildFire subscription 3-year prepaid renewal, PA-5260",86400.0000
Palo Alto Networks,PAN-PA-5260-WF-5YR,"WildFire subscription 5-year prepaid, PA-5260",144000.0000
Palo Alto Networks,PAN-PA-5260-WF-5YR-R,"WildFire subscription 5-year prepaid renewal, PA-5260",144000.0000
Palo Alto Networks,PAN-PA-5260-WF-HA2,"WildFire subscription for device in an HA pair year 1, PA-5260",25200.0000
Palo Alto Networks,PAN-PA-5260-WF-HA2-R,"WildFire subscription for device in an HA pair renewal, PA-5260",25200.0000
Palo Alto Networks,PAN-PA-5260-WF-3YR-HA2,"WildFire subscription 3 year prepaid for device in an HA pair, PA-5260",66600.0000
Palo Alto Networks,PAN-PA-5260-WF-3YR-HA2-R,"WildFire subscription 3 year prepaid renewal for device in an HA pair, PA-5260",66600.0000
,,,
Palo Alto Networks,PAN-PA-5260-WF-5YR-HA2,"WildFire subscription 5 year prepaid for device in an HA pair, PA-5260",110900.0000
Palo Alto Networks,PAN-PA-5260-WF-5YR-HA2-R,"WildFire subscription 5 year prepaid renewal for device in an HA pair, PA-5260",110900.0000
Palo Alto Networks,PAN-PA-7050-WF,"WildFire subscription year 1, PA-7050",60000.0000
Palo Alto Networks,PAN-PA-7050-WF-R,"WildFire subscription renewal year 1, PA-7050",60000.0000
Palo Alto Networks,PAN-PA-7050-WF-3YR,"WildFire subscription 3-year prepaid, PA-7050",144000.0000
Palo Alto Networks,PAN-PA-7050-WF-3YR-R,"WildFire subscription 3-year prepaid renewal, PA-7050",144000.0000
Palo Alto Networks,PAN-PA-7050-WF-5YR,"WildFire subscription 5-year prepaid, PA-7050",240000.0000
Palo Alto Networks,PAN-PA-7050-WF-5YR-R,"WildFire subscription 5-year prepaid renewal, PA-7050",240000.0000
Palo Alto Networks,PAN-PA-7050-WF-HA2,"WildFire subscription for device in an HA pair year 1, PA-7050",42000.0000
Palo Alto Networks,PAN-PA-7050-WF-HA2-R,"WildFire subscription for device in an HA pair renewal, PA-7050",42000.0000
Palo Alto Networks,PAN-PA-7050-WF-3YR-HA2,"WildFire subscription 3-year prepaid for device in an HA pair, PA-7050",111000.0000
Palo Alto Networks,PAN-PA-7050-WF-3YR-HA2-R,"WildFire subscription 3-year prepaid renewal for device in an HA pair, PA-7050",111000.0000
Palo Alto Networks,PAN-PA-7050-WF-5YR-HA2,"WildFire subscription 5-year prepaid for device in an HA pair, PA-7050",185000.0000
Palo Alto Networks,PAN-PA-7050-WF-5YR-HA2-R,"WildFire subscription 5-year prepaid renewal for device in an HA pair, PA-7050",185000.0000
Palo Alto Networks,PAN-PA-7080-WF,"WildFire subscription year 1, PA-7080",75000.0000
Palo Alto Networks,PAN-PA-7080-WF-R,"WildFire subscription renewal year 1, PA-7080",75000.0000
Palo Alto Networks,PAN-PA-7080-WF-3YR,"WildFire subscription 3-year prepaid, PA-7080",180000.0000
Palo Alto Networks,PAN-PA-7080-WF-3YR-R,"WildFire subscription 3-year prepaid renewal, PA-7080",180000.0000
Palo Alto Networks,PAN-PA-7080-WF-5YR,"WildFire subscription 5-year prepaid, PA-7080",300000.0000
Palo Alto Networks,PAN-PA-7080-WF-5YR-R,"WildFire subscription 5-year prepaid renewal, PA-7080",300000.0000
Palo Alto Networks,PAN-PA-7080-WF-HA2,"WildFire subscription for device in an HA pair year 1, PA-7080",52500.0000
Palo Alto Networks,PAN-PA-7080-WF-HA2-R,"WildFire subscription for device in an HA pair renewal, PA-7080",52500.0000
Palo Alto Networks,PAN-PA-7080-WF-3YR-HA2,"WildFire subscription 3-year prepaid for device in an HA pair, PA-7080",138600.0000
Palo Alto Networks,PAN-PA-7080-WF-3YR-HA2-R,"WildFire subscription 3-year prepaid renewal for device in an HA pair, PA-7080",138600.0000
Palo Alto Networks,PAN-PA-7080-WF-5YR-HA2,"WildFire subscription 5-year prepaid for device in an HA pair, PA-7080",231000.0000
Palo Alto Networks,PAN-PA-7080-WF-5YR-HA2-R,"WildFire subscription 5-year prepaid renewal for device in an HA pair, PA-7080",231000.0000
Palo Alto Networks,PAN-VM-100-WF,"WildFire subscription, VM-100",540.0000
Palo Alto Networks,PAN-VM-100-WF-R,"WildFire subscription renewal, VM-100",540.0000
Palo Alto Networks,PAN-VM-100-WF-3YR,"WildFire subscription 3 year, VM-100",1300.0000
Palo Alto Networks,PAN-VM-100-WF-3YR-R,"WildFire subscription 3 year renewal, VM-100",1300.0000
Palo Alto Networks,PAN-VM-100-WF-5YR,"WildFire subscription 5 year, VM-100",2160.0000
Palo Alto Networks,PAN-VM-100-WF-5YR-R,"WildFire subscription 5 year renewal, VM-100",2160.0000
Palo Alto Networks,PAN-VM-100-WF-HA2,"WildFire subscription for device in an HA pair, VM-100",380.0000
Palo Alto Networks,PAN-VM-100-WF-HA2-R,"WildFire subscription for device in an HA pair renewal, VM-100",380.0000
Palo Alto Networks,PAN-VM-100-WF-3YR-HA2,"WildFire subscription for device in an HA pair, 3 year, VM-100",1000.0000
Palo Alto Networks,PAN-VM-100-WF-3YR-HA2-R,"WildFire subscription for device in an HA pair 3 year renewal, VM-100",1000.0000
Palo Alto Networks,PAN-VM-100-WF-5YR-HA2,"WildFire subscription for device in an HA pair, 5 year, VM-100",1660.0000
Palo Alto Networks,PAN-VM-100-WF-5YR-HA2-R,"WildFire subscription for device in an HA pair 5 year renewal, VM-100",1660.0000
Palo Alto Networks,PAN-VM-100-ENT-WF,"WildFire subscription, VM-100 Enterprise",9000.0000
Palo Alto Networks,PAN-VM-100-ENT-WF-R,"WildFire subscription renewal, VM-100 Enterprise",9000.0000
Palo Alto Networks,PAN-VM-100-ENT-WF-3YR,"WildFire subscription 3 year, VM-100 Enterprise",21600.0000
Palo Alto Networks,PAN-VM-100-ENT-WF-3YR-R,"WildFire subscription 3 year renewal, VM-100 Enterprise",21600.0000
Palo Alto Networks,PAN-VM-100-ENT-WF-5YR,"WildFire subscription 5 year, VM-100 Enterprise",36000.0000
Palo Alto Networks,PAN-VM-100-ENT-WF-5YR-R,"WildFire subscription 5 year renewal, VM-100 Enterprise",36000.0000
Palo Alto Networks,PAN-VM-100-ENT-WF-HA2,"WildFire subscription for device in an HA pair, VM-100 Enterprise",6300.0000
Palo Alto Networks,PAN-VM-100-ENT-WF-HA2-R,"WildFire subscription for device in an HA pair renewal, VM-100 Enterprise",6300.0000
Palo Alto Networks,PAN-VM-100-ENT-WF-3YR-HA2,"WildFire subscription for device in an HA pair, 3 year, VM-100 Enterprise",16630.0000
Palo Alto Networks,PAN-VM-100-ENT-WF-3YR-HA2-R,"WildFire subscription for device in an HA pair 3 year renewal, VM-100 Enterprise",16630.0000
Palo Alto Networks,PAN-VM-100-ENT-WF-5YR-HA2,"WildFire subscription for device in an HA pair, 5 year, VM-100 Enterprise",27720.0000
Palo Alto Networks,PAN-VM-100-ENT-WF-5YR-HA2-R,"WildFire subscription for device in an HA pair 5 year renewal, VM-100 Enterprise",27720.0000
Palo Alto Networks,PAN-VM-200-WF,"WildFire subscription, VM-200",810.0000
Palo Alto Networks,PAN-VM-200-WF-R,"WildFire subscription renewal, VM-200",810.0000
Palo Alto Networks,PAN-VM-200-WF-3YR,"WildFire subscription 3 year, VM-200",1940.0000
Palo Alto Networks,PAN-VM-200-WF-3YR-R,"WildFire subscription 3 year renewal, VM-200",1940.0000
Palo Alto Networks,PAN-VM-200-WF-5YR,"WildFire subscription 5 year, VM-200",3240.0000
Palo Alto Networks,PAN-VM-200-WF-5YR-R,"WildFire subscription 5 year renewal, VM-200",3240.0000
Palo Alto Networks,PAN-VM-200-WF-HA2,"WildFire subscription for device in an HA pair, VM-200",570.0000
Palo Alto Networks,PAN-VM-200-WF-HA2-R,"WildFire subscription for device in an HA pair renewal, VM-200",570.0000
Palo Alto Networks,PAN-VM-200-WF-3YR-HA2,"WildFire subscription for device in an HA pair, 3 year, VM-200",1500.0000
Palo Alto Networks,PAN-VM-200-WF-3YR-HA2-R,"WildFire subscription for device in an HA pair 3 year renewal, VM-200",1500.0000
Palo Alto Networks,PAN-VM-200-WF-5YR-HA2,"WildFire subscription for device in an HA pair, 5 year, VM-200",2500.0000
Palo Alto Networks,PAN-VM-200-WF-5YR-HA2-R,"WildFire subscription for device in an HA pair 5 year renewal, VM-200",2500.0000
Palo Alto Networks,PAN-VM-200-ENT-WF,"WildFire subscription, VM-200",13500.0000
Palo Alto Networks,PAN-VM-200-ENT-WF-R,"WildFire subscription renewal, VM-200",13500.0000
Palo Alto Networks,PAN-VM-200-ENT-WF-3YR,"WildFire subscription 3 year, VM-200",32400.0000
Palo Alto Networks,PAN-VM-200-ENT-WF-3YR-R,"WildFire subscription 3 year renewal, VM-200",32400.0000
Palo Alto Networks,PAN-VM-200-ENT-WF-5YR,"WildFire subscription 5 year, VM-200",54000.0000
Palo Alto Networks,PAN-VM-200-ENT-WF-5YR-R,"WildFire subscription 5 year renewal, VM-200",54000.0000
Palo Alto Networks,PAN-VM-200-ENT-WF-HA2,"WildFire subscription for device in an HA pair, VM-200",9450.0000
Palo Alto Networks,PAN-VM-200-ENT-WF-HA2-R,"WildFire subscription for device in an HA pair renewal, VM-200",9450.0000
Palo Alto Networks,PAN-VM-200-ENT-WF-3YR-HA2,"WildFire subscription for device in an HA pair, 3 year, VM-200",24950.0000
Palo Alto Networks,PAN-VM-200-ENT-WF-3YR-HA2-R,"WildFire subscription for device in an HA pair 3 year renewal, VM-200",24950.0000
Palo Alto Networks,PAN-VM-200-ENT-WF-5YR-HA2,"WildFire subscription for device in an HA pair, 5 year, VM-200",41580.0000
Palo Alto Networks,PAN-VM-200-ENT-WF-5YR-HA2-R,"WildFire subscription for device in an HA pair 5 year renewal, VM-200",51580.0000
Palo Alto Networks,PAN-VM-300-WF,"WildFire subscription, VM-300",1080.0000
Palo Alto Networks,PAN-VM-300-WF-R,"WildFire subscription renewal, VM-300",1080.0000
Palo Alto Networks,PAN-VM-300-WF-3YR,"WildFire subscription 3 year, VM-300",2600.0000
Palo Alto Networks,PAN-VM-300-WF-3YR-R,"WildFire subscription 3 year renewal, VM-300",2600.0000
Palo Alto Networks,PAN-VM-300-WF-5YR,"WildFire subscription 5 year, VM-300",4320.0000
Palo Alto Networks,PAN-VM-300-WF-5YR-R,"WildFire subscription 5 year renewal, VM-300",4320.0000
Palo Alto Networks,PAN-VM-300-WF-HA2,"WildFire subscription for device in an HA pair, VM-300",760.0000
Palo Alto Networks,PAN-VM-300-WF-HA2-R,"WildFire subscription for device in an HA pair renewal, VM-300",760.0000
Palo Alto Networks,PAN-VM-300-WF-3YR-HA2,"WildFire subscription for device in an HA pair, 3 year, VM-300",2000.0000
Palo Alto Networks,PAN-VM-300-WF-3YR-HA2-R,"WildFire subscription for device in an HA pair 3 year renewal, VM-300",2000.0000
Palo Alto Networks,PAN-VM-300-WF-5YR-HA2,"WildFire subscription for device in an HA pair, 5 year, VM-300",3330.0000
Palo Alto Networks,PAN-VM-300-WF-5YR-HA2-R,"WildFire subscription for device in an HA pair 5 year renewal, VM-300",3330.0000
Palo Alto Networks,PAN-VM-300-ENT-WF,"WildFire subscription, VM-300",18000.0000
Palo Alto Networks,PAN-VM-300-ENT-WF-R,"WildFire subscription renewal, VM-300",18000.0000
Palo Alto Networks,PAN-VM-300-ENT-WF-3YR,"WildFire subscription 3 year, VM-300",43200.0000
Palo Alto Networks,PAN-VM-300-ENT-WF-3YR-R,"WildFire subscription 3 year renewal, VM-300",43200.0000
Palo Alto Networks,PAN-VM-300-ENT-WF-5YR,"WildFire subscription 5 year, VM-300",72000.0000
Palo Alto Networks,PAN-VM-300-ENT-WF-5YR-R,"WildFire subscription 5 year renewal, VM-300",72000.0000
Palo Alto Networks,PAN-VM-300-ENT-WF-HA2,"WildFire subscription for device in an HA pair, VM-300",12600.0000
Palo Alto Networks,PAN-VM-300-ENT-WF-HA2-R,"WildFire subscription for device in an HA pair renewal, VM-300",12600.0000
Palo Alto Networks,PAN-VM-300-ENT-WF-3YR-HA2,"WildFire subscription for device in an HA pair, 3 year, VM-300",33260.0000
Palo Alto Networks,PAN-VM-300-ENT-WF-3YR-HA2-R,"WildFire subscription for device in an HA pair 3 year renewal, VM-300",33260.0000
,,,
Palo Alto Networks,PAN-VM-300-ENT-WF-5YR-HA2,"WildFire subscription for device in an HA pair, 5 year, VM-300",55440.0000
Palo Alto Networks,PAN-VM-300-ENT-WF-5YR-HA2-R,"WildFire subscription for device in an HA pair 5 year renewal, VM-300",55440.0000
Palo Alto Networks,PAN-VM-1000-HV-WF,"WildFire subscription, VM-1000-HV",1350.0000
Palo Alto Networks,PAN-VM-1000-HV-WF-R,"WildFire subscription renewal, VM-1000-HV",1350.0000
Palo Alto Networks,PAN-VM-1000-HV-WF-3YR,"WildFire subscription 3 year, VM-1000-HV",3250.0000
Palo Alto Networks,PAN-VM-1000-HV-WF-3YR-R,"WildFire subscription 3 year renewal, VM-1000-HV",3250.0000
Palo Alto Networks,PAN-VM-1000-HV-WF-5YR,"WildFire subscription 5 year, VM-1000-HV",5400.0000
Palo Alto Networks,PAN-VM-1000-HV-WF-5YR-R,"WildFire subscription 5 year renewal, VM-1000-HV",5400.0000
Palo Alto Networks,PAN-VM-1000-HV-WF-HA2,"WildFire subscription for device in an HA pair, VM-1000-HV",950.0000
Palo Alto Networks,PAN-VM-1000-HV-WF-HA2-R,"WildFire subscription for device in an HA pair renewal, VM-1000-HV",950.0000
Palo Alto Networks,PAN-VM-1000-HV-WF-3YR-HA2,"WildFire subscription for device in an HA pair, 3 year, VM-1000-HV",2500.0000
Palo Alto Networks,PAN-VM-1000-HV-WF-3YR-HA2-R,"WildFire subscription for device in an HA pair 3 year renewal, VM-1000-HV",2500.0000
Palo Alto Networks,PAN-VM-1000-HV-WF-5YR-HA2,"WildFire subscription for device in an HA pair, 5 year, VM-1000-HV",4160.0000
Palo Alto Networks,PAN-VM-1000-HV-WF-5YR-HA2-R,"WildFire subscription for device in an HA pair 5 year renewal, VM-1000-HV",4160.0000
Palo Alto Networks,PAN-VM-1000-HV-ENT-WF,"WildFire subscription, VM-1000-HV-ENT",22500.0000
Palo Alto Networks,PAN-VM-1000-HV-ENT-WF-R,"WildFire subscription renewal, VM-1000-HV-ENT",22500.0000
Palo Alto Networks,PAN-VM-1000-HV-ENT-WF-3YR,"WildFire subscription 3 year, VM-1000-HV-ENT",54000.0000
Palo Alto Networks,PAN-VM-1000-HV-ENT-WF-3YR-R,"WildFire subscription 3 year renewal, VM-1000-HV-ENT",54000.0000
Palo Alto Networks,PAN-VM-1000-HV-ENT-WF-5YR,"WildFire subscription 5 year, VM-1000-HV-ENT",90000.0000
Palo Alto Networks,PAN-VM-1000-HV-ENT-WF-5YR-R,"WildFire subscription 5 year renewal, VM-1000-HV-ENT",90000.0000
Palo Alto Networks,PAN-VM-1000-HV-ENT-WF-HA2,"WildFire subscription for device in an HA pair, VM-1000-HV-ENT",15750.0000
Palo Alto Networks,PAN-VM-1000-HV-ENT-WF-HA2-R,"WildFire subscription for device in an HA pair renewal, VM-1000-HV-ENT",15750.0000
Palo Alto Networks,PAN-VM-1000-HV-ENT-WF-3YR-HA2,"WildFire subscription for device in an HA pair, 3 year, VM-1000-HV-ENT",41580.0000
Palo Alto Networks,PAN-VM-1000-HV-ENT-WF-3YR-HA2-R,"WildFire subscription for device in an HA pair 3 year renewal, VM-1000-HV-ENT",41580.0000
Palo Alto Networks,PAN-VM-1000-HV-ENT-WF-5YR-HA2,"WildFire subscription for device in an HA pair, 5 year, VM-1000-HV-ENT",69300.0000
Palo Alto Networks,PAN-VM-1000-HV-ENT-WF-5YR-HA2-R,"WildFire subscription for device in an HA pair 5 year renewal, VM-1000-HV-ENT",69300.0000
Palo Alto Networks,PAN-GP-100-WF,"WildFire subscription year 1, GP-100, 500 devices",5000.0000
Palo Alto Networks,PAN-GP-100-WF-R,"WildFire renewal year 1, GP-100, 500 devices",5000.0000
Palo Alto Networks,PAN-GP-100-WF-3YR,"WildFire subscription 3-year prepaid, GP-100, 500 devices",12000.0000
Palo Alto Networks,PAN-GP-100-WF-3YR-R,"WildFire subscription 3-year prepaid renewal, GP-100, 500 devices",12000.0000
Palo Alto Networks,PAN-GP-100-1K-WF,"WildFire subscription year 1, GP-100, 1k device",8000.0000
Palo Alto Networks,PAN-GP-100-1K-WF-R,"WildFire renewal year 1, GP-100, 1k device",8000.0000
Palo Alto Networks,PAN-GP-100-1K-WF-3YR,"WildFire subscription 3-year prepaid, GP-100, 1k device",19200.0000
Palo Alto Networks,PAN-GP-100-1K-WF-3YR-R,"WildFire subscription 3-year prepaid renewal, GP-100, 1k device",19200.0000
Palo Alto Networks,PAN-GP-100-2K-WF,"WildFire subscription year 1, GP-100, 2k device",12000.0000
Palo Alto Networks,PAN-GP-100-2K-WF-R,"WildFire renewal year 1, GP-100, 2k device",12000.0000
Palo Alto Networks,PAN-GP-100-2K-WF-3YR,"WildFire subscription 3-year prepaid, GP-100, 2k device",28800.0000
Palo Alto Networks,PAN-GP-100-2K-WF-3YR-R,"WildFire subscription 3-year prepaid renewal, GP-100, 2k device",28800.0000
Palo Alto Networks,PAN-GP-100-5K-WF,"WildFire subscription year 1, GP-100, 5k device",21000.0000
Palo Alto Networks,PAN-GP-100-5K-WF-R,"WildFire renewal year 1, GP-100, 5k device",21000.0000
Palo Alto Networks,PAN-GP-100-5K-WF-3YR,"WildFire subscription 3-year prepaid, GP-100, 5k device",50400.0000
Palo Alto Networks,PAN-GP-100-5K-WF-3YR-R,"WildFire subscription 3-year prepaid renewal, GP-100, 5k device",50400.0000
Palo Alto Networks,PAN-GP-100-10K-WF,"WildFire subscription year 1, GP-100, 10k device",37000.0000
Palo Alto Networks,PAN-GP-100-10K-WF-R,"WildFire renewal year 1, GP-100, 10k device",37000.0000
Palo Alto Networks,PAN-GP-100-10K-WF-3YR,"WildFire subscription 3-year prepaid, GP-100, 10k device",88800.0000
Palo Alto Networks,PAN-GP-100-10K-WF-3YR-R,"WildFire subscription 3-year prepaid renewal, GP-100, 10k device",88800.0000
Palo Alto Networks,PAN-GP-100-25K-WF,"WildFire subscription year 1, GP-100, 25k device",75000.0000
Palo Alto Networks,PAN-GP-100-25K-WF-R,"WildFire renewal year 1, GP-100, 25k device",75000.0000
Palo Alto Networks,PAN-GP-100-25K-WF-3YR,"WildFire subscription 3-year prepaid, GP-100, 25k device",180000.0000
Palo Alto Networks,PAN-GP-100-25K-WF-3YR-R,"WildFire subscription 3-year prepaid renewal, GP-100, 25k device",180000.0000
Palo Alto Networks,PAN-GP-100-50K-WF,"WildFire subscription year 1, GP-100, 50k device",105000.0000
Palo Alto Networks,PAN-GP-100-50K-WF-R,"WildFire renewal year 1, GP-100, 50k device",105000.0000
Palo Alto Networks,PAN-GP-100-50K-WF-3YR,"WildFire subscription 3-year prepaid, GP-100, 50k device",252000.0000
Palo Alto Networks,PAN-GP-100-50K-WF-3YR-R,"WildFire subscription 3-year prepaid renewal, GP-100, 50k device",252000.0000
Palo Alto Networks,PAN-GP-100-100K-WF,"WildFire subscription year 1, GP-100, 100k device",155000.0000
Palo Alto Networks,PAN-GP-100-100K-WF-R,"WildFire renewal year 1, GP-100, 100k device",155000.0000
Palo Alto Networks,PAN-GP-100-100K-WF-3YR,"WildFire subscription 3-year prepaid, GP-100, 100k device",372000.0000
Palo Alto Networks,PAN-GP-100-100K-WF-3YR-R,"WildFire subscription 3-year prepaid renewal, GP-100, 100k device",372000.0000
Palo Alto Networks,PAN-SVC-4HR-200,"4-Hour Premium support year 1, PA-200",420.0000
Palo Alto Networks,PAN-SVC-4HR-200-R,"4-Hour Premium support renewal, PA-200",420.0000
Palo Alto Networks,PAN-SVC-4HR-200-3YR,"4-Hour Premium support 3-year prepaid, PA-200",1000.0000
Palo Alto Networks,PAN-SVC-4HR-200-3YR-R,"4-Hour Premium support 3-year prepaid renewal, PA-200",1000.0000
Palo Alto Networks,PAN-SVC-4HR-200-5YR,"4-Hour Premium support 5-year prepaid, PA-200",1680.0000
Palo Alto Networks,PAN-SVC-4HR-200-5YR-R,"4-Hour Premium support 5-year prepaid renewal, PA-200",1680.0000
Palo Alto Networks,PAN-SVC-4HRUSG-200,"For US Government accounts only. 4-Hour Premium support year 1, PA-200",460.0000
Palo Alto Networks,PAN-SVC-4HRUSG-200-R,"For US Government accounts only. 4-Hour Premium support renewal, PA-200",460.0000
Palo Alto Networks,PAN-SVC-4HRUSG-200-3YR,"For US Government accounts only. 4-Hour Premium support 3-year prepaid, PA-200",1100.0000
Palo Alto Networks,PAN-SVC-4HRUSG-200-3YR-R,"For US Government accounts only. 4-Hour Premium support 3-year prepaid renewal, PA-200",1100.0000
Palo Alto Networks,PAN-SVC-4HRUSG-200-5YR,"For US Government accounts only. 4-Hour Premium support 5-year prepaid, PA-200",1840.0000
Palo Alto Networks,PAN-SVC-4HRUSG-200-5YR-R,"For US Government accounts only. 4-Hour Premium support 5-year prepaid renewal, PA-200",1840.0000
Palo Alto Networks,PAN-SVC-4HR-200E,"4-Hour Premium support year 1, PA-200, Enterprise",300.0000
Palo Alto Networks,PAN-SVC-4HR-200E-R,"4-Hour Premium support renewal, PA-200, Enterprise",300.0000
Palo Alto Networks,PAN-SVC-4HR-200E-3YR,"4-Hour Premium support 3-year prepaid, PA-200, Enterprise",720.0000
Palo Alto Networks,PAN-SVC-4HR-200E-3YR-R,"4-Hour Premium support 3-year prepaid renewal, PA-200, Enterprise",720.0000
Palo Alto Networks,PAN-SVC-4HR-200E-5YR,"4-Hour Premium support 5-year prepaid, PA-200, Enterprise",1200.0000
Palo Alto Networks,PAN-SVC-4HR-200E-5YR-R,"4-Hour Premium support 5-year prepaid renewal, PA-200, Enterprise",1200.0000
Palo Alto Networks,PAN-SVC-4HRUSG-200E,"For US Government accounts only. 4-Hour Premium support year 1, PA-200, Enterprise",330.0000
Palo Alto Networks,PAN-SVC-4HRUSG-200E-R,"For US Government accounts only. 4-Hour Premium support renewal, PA-200, Enterprise",330.0000
Palo Alto Networks,PAN-SVC-4HRUSG-200E-3YR,"For US Government accounts only. 4-Hour Premium support 3-year prepaid, PA-200, Enterprise",790.0000
Palo Alto Networks,PAN-SVC-4HRUSG-200E-3YR-R,"For US Government accounts only. 4-Hour Premium support 3-year prepaid renewal, PA-200, Enterprise",790.0000
Palo Alto Networks,PAN-SVC-4HRUSG-200E-5YR,"For US Government accounts only. 4-Hour Premium support 5-year prepaid, PA-200, Enterprise",1320.0000
Palo Alto Networks,PAN-SVC-4HRUSG-200E-5YR-R,"For US Government accounts only. 4-Hour Premium support 5-year prepaid renewal, PA-200, Enterprise",1320.0000
Palo Alto Networks,PAN-SVC-4HR-220,"4-Hour Premium support year 1, PA-220",210.0000
Palo Alto Networks,PAN-SVC-4HR-220-R,"4-Hour Premium support renewal, PA-220",210.0000
Palo Alto Networks,PAN-SVC-4HR-220-3YR,"4-Hour Premium support 3-year prepaid, PA-220",500.0000
Palo Alto Networks,PAN-SVC-4HR-220-3YR-R,"4-Hour Premium support 3-year prepaid renewal, PA-220",500.0000
Palo Alto Networks,PAN-SVC-4HR-220-5YR,"4-Hour Premium support 5-year prepaid, PA-220",840.0000
Palo Alto Networks,PAN-SVC-4HR-220-5YR-R,"4-Hour Premium support 5-year prepaid renewal, PA-220",840.0000
Palo Alto Networks,PAN-SVC-4HRUSG-220,"For US Government accounts only. 4-Hour Premium support year 1, PA-220",240.0000
Palo Alto Networks,PAN-SVC-4HRUSG-220-R,"For US Government accounts only. 4-Hour Premium support renewal, PA-220",240.0000
Palo Alto Networks,PAN-SVC-4HRUSG-220-3YR,"For US Government accounts only. 4-Hour Premium support 3-year prepaid, PA-220",570.0000
Palo Alto Networks,PAN-SVC-4HRUSG-220-3YR-R,"For US Government accounts only. 4-Hour Premium support 3-year prepaid renewal, PA-220",570.0000
Palo Alto Networks,PAN-SVC-4HRUSG-220-5YR,"For US Government accounts only. 4-Hour Premium support 5-year prepaid, PA-220",950.0000
Palo Alto Networks,PAN-SVC-4HRUSG-220-5YR-R,"For US Government accounts only. 4-Hour Premium support 5-year prepaid renewal, PA-220",950.0000
Palo Alto Networks,PAN-SVC-4HR-500,"4-Hour Premium support year 1, PA-500",945.0000
Palo Alto Networks,PAN-SVC-4HR-500-R,"4-Hour Premium support renewal, PA-500",945.0000
,,,
Palo Alto Networks,PAN-SVC-4HR-500-3YR,"4-Hour Premium support 3-year prepaid, PA-500",2250.0000
Palo Alto Networks,PAN-SVC-4HR-500-3YR-R,"4-Hour Premium support 3-year prepaid renewal, PA-500",2250.0000
Palo Alto Networks,PAN-SVC-4HR-500-5YR,"4-Hour Premium support 5-year prepaid, PA-500",3780.0000
Palo Alto Networks,PAN-SVC-4HR-500-5YR-R,"4-Hour Premium support 5-year prepaid renewal, PA-500",3780.0000
Palo Alto Networks,PAN-SVC-4HRUSG-500,"For US Government accounts only. 4-Hour Premium support year 1, PA-500",1040.0000
Palo Alto Networks,PAN-SVC-4HRUSG-500-R,"For US Government accounts only. 4-Hour Premium support renewal, PA-500",1040.0000
Palo Alto Networks,PAN-SVC-4HRUSG-500-3YR,"For US Government accounts only. 4-Hour Premium support 3-year prepaid, PA-500",2470.0000
Palo Alto Networks,PAN-SVC-4HRUSG-500-3YR-R,"For US Government accounts only. 4-Hour Premium support 3-year prepaid renewal, PA-500",2470.0000
Palo Alto Networks,PAN-SVC-4HRUSG-500-5YR,"For US Government accounts only. 4-Hour Premium support 5-year prepaid, PA-500",4140.0000
Palo Alto Networks,PAN-SVC-4HRUSG-500-5YR-R,"For US Government accounts only. 4-Hour Premium support 5-year prepaid renewal, PA-500",4140.0000
Palo Alto Networks,PAN-SVC-4HR-820,"4-Hour premium support year 1, PA-820",950.0000
Palo Alto Networks,PAN-SVC-4HR-820-R,"4-Hour premium support year 1 renewal, PA-820",950.0000
Palo Alto Networks,PAN-SVC-4HR-820-3YR,"4-Hour premium support 3 year prepaid, PA-820",2270.0000
Palo Alto Networks,PAN-SVC-4HR-820-3YR-R,"4-Hour premium support 3 year prepaid renewal, PA-820",2270.0000
Palo Alto Networks,PAN-SVC-4HR-820-5YR,"4-Hour premium support 5 year prepaid, PA-820",3780.0000
Palo Alto Networks,PAN-SVC-4HR-820-5YR-R,"4-Hour premium support 5 year prepaid renewal, PA-820",3780.0000
Palo Alto Networks,PAN-SVC-4HRUSG-820,"For US Government accounts only. 4-Hour Premium support year 1, PA-820",1060.0000
Palo Alto Networks,PAN-SVC-4HRUSG-820-R,"For US Government accounts only. 4-Hour Premium support renewal, PA-820",1060.0000
Palo Alto Networks,PAN-SVC-4HRUSG-820-3YR,"For US Government accounts only. 4-Hour Premium support 3-year prepaid, PA-820",2550.0000
Palo Alto Networks,PAN-SVC-4HRUSG-820-3YR-R,"For US Government accounts only. 4-Hour Premium support 3-year prepaid renewal, PA-820",2550.0000
Palo Alto Networks,PAN-SVC-4HRUSG-820-5YR,"For US Government accounts only. 4-Hour Premium support 5-year prepaid, PA-820",4250.0000
Palo Alto Networks,PAN-SVC-4HRUSG-820-5YR-R,"For US Government accounts only. 4-Hour Premium support 5-year prepaid renewal, PA-820",4250.0000
Palo Alto Networks,PAN-SVC-4HR-850,"4-Hour premium support year 1, PA-850",2000.0000
Palo Alto Networks,PAN-SVC-4HR-850-R,"4-Hour premium support year 1 renewal, PA-850",2000.0000
Palo Alto Networks,PAN-SVC-4HR-850-3YR,"4-Hour premium support 3 year prepaid, PA-850",4790.0000
Palo Alto Networks,PAN-SVC-4HR-850-3YR-R,"4-Hour premium support 3 year prepaid renewal, PA-850",4790.0000
Palo Alto Networks,PAN-SVC-4HR-850-5YR,"4-Hour premium support 5 year prepaid, PA-850",7980.0000
Palo Alto Networks,PAN-SVC-4HR-850-5YR-R,"4-Hour premium support 5 year prepaid renewal, PA-850",7980.0000
Palo Alto Networks,PAN-SVC-4HRUSG-850,"For US Government accounts only. 4-Hour Premium support year 1, PA-850",2240.0000
Palo Alto Networks,PAN-SVC-4HRUSG-850-R,"For US Government accounts only. 4-Hour Premium support renewal, PA-850",2240.0000
Palo Alto Networks,PAN-SVC-4HRUSG-850-3YR,"For US Government accounts only. 4-Hour Premium support 3-year prepaid, PA-850",5390.0000
Palo Alto Networks,PAN-SVC-4HRUSG-850-3YR-R,"For US Government accounts only. 4-Hour Premium support 3-year prepaid renewal, PA-850",5390.0000
Palo Alto Networks,PAN-SVC-4HRUSG-850-5YR,"For US Government accounts only. 4-Hour Premium support 5-year prepaid, PA-850",8980.0000
Palo Alto Networks,PAN-SVC-4HRUSG-850-5YR-R,"For US Government accounts only. 4-Hour Premium support 5-year prepaid renewal, PA-850",8980.0000
Palo Alto Networks,PAN-SVC-4HR-2020-R,"4-Hour Premium support renewal, PA-2020",2520.0000
Palo Alto Networks,PAN-SVC-4HRUSG-2020-R,"For US Government accounts only. 4-Hour Premium support renewal, PA-2020",2760.0000
Palo Alto Networks,PAN-SVC-4HR-2050-R,"4-Hour Premium support renewal, PA-2050",3360.0000
Palo Alto Networks,PAN-SVC-4HRUSG-2050-R,"For US Government accounts only. 4-Hour Premium support renewal, PA-2050",3680.0000
Palo Alto Networks,PAN-SVC-4HR-3020,"4-Hour premium support year 1, PA-3020",2940.0000
Palo Alto Networks,PAN-SVC-4HR-3020-R,"4-Hour premium support year 1 renewal, PA-3020",2940.0000
Palo Alto Networks,PAN-SVC-4HR-3020-3YR,"4-Hour premium support 3 year prepaid, PA-3020",7060.0000
Palo Alto Networks,PAN-SVC-4HR-3020-3YR-R,"4-Hour premium support 3 year prepaid renewal, PA-3020",7060.0000
Palo Alto Networks,PAN-SVC-4HR-3020-5YR,"4-Hour premium support 5 year prepaid, PA-3020",11760.0000
Palo Alto Networks,PAN-SVC-4HR-3020-5YR-R,"4-Hour premium support 5 year prepaid renewal, PA-3020",11760.0000
Palo Alto Networks,PAN-SVC-4HRUSG-3020,"For US Government accounts only. 4-Hour premium support year 1, PA-3020",3220.0000
Palo Alto Networks,PAN-SVC-4HRUSG-3020-R,"For US Government accounts only. 4-Hour premium support year 1 renewal, PA-3020",3220.0000
Palo Alto Networks,PAN-SVC-4HRUSG-3020-3YR,"For US Government accounts only. 4-Hour premium support 3 year prepaid, PA-3020",7740.0000
Palo Alto Networks,PAN-SVC-4HRUSG-3020-3YR-R,"For US Government accounts only. 4-Hour premium support 3 year prepaid renewal, PA-3020",7740.0000
Palo Alto Networks,PAN-SVC-4HRUSG-3020-5YR,"For US Government accounts only. 4-Hour premium support 5 year prepaid, PA-3020",12880.0000
Palo Alto Networks,PAN-SVC-4HRUSG-3020-5YR-R,"For US Government accounts only. 4-Hour premium support 5 year prepaid renewal, PA-3020",12880.0000
Palo Alto Networks,PAN-SVC-4HR-3050,"4-Hour premium support year 1, PA-3050",5040.0000
Palo Alto Networks,PAN-SVC-4HR-3050-R,"4-Hour premium support year 1 renewal, PA-3050",5040.0000
Palo Alto Networks,PAN-SVC-4HR-3050-3YR,"4-Hour premium support 3 year prepaid, PA-3050",12100.0000
Palo Alto Networks,PAN-SVC-4HR-3050-3YR-R,"4-Hour premium support 3 year prepaid renewal, PA-3050",12100.0000
Palo Alto Networks,PAN-SVC-4HR-3050-5YR,"4-Hour premium support 5 year prepaid, PA-3050",20160.0000
Palo Alto Networks,PAN-SVC-4HR-3050-5YR-R,"4-Hour premium support 5 year prepaid renewal, PA-3050",20160.0000
Palo Alto Networks,PAN-SVC-4HRUSG-3050,"For US Government accounts only. 4-Hour premium support year 1, PA-3050",5520.0000
Palo Alto Networks,PAN-SVC-4HRUSG-3050-R,"For US Government accounts only. 4-Hour premium support year 1 renewal, PA-3050",5520.0000
Palo Alto Networks,PAN-SVC-4HRUSG-3050-3YR,"For US Government accounts only. 4-Hour premium support 3 year prepaid, PA-3050",13260.0000
Palo Alto Networks,PAN-SVC-4HRUSG-3050-3YR-R,"For US Government accounts only. 4-Hour premium support 3 year prepaid renewal, PA-3050",13260.0000
Palo Alto Networks,PAN-SVC-4HRUSG-3050-5YR,"For US Government accounts only. 4-Hour premium support 5 year prepaid, PA-3050",22080.0000
Palo Alto Networks,PAN-SVC-4HRUSG-3050-5YR-R,"For US Government accounts only. 4-Hour premium support 5 year prepaid renewal, PA-3050",22080.0000
Palo Alto Networks,PAN-SVC-4HR-3060,"4-Hour premium support year 1, PA-3060",7560.0000
Palo Alto Networks,PAN-SVC-4HR-3060-R,"4-Hour premium support year 1 renewal, PA-3060",7560.0000
Palo Alto Networks,PAN-SVC-4HR-3060-3YR,"4-Hour premium support 3 year prepaid, PA-3060",18140.0000
Palo Alto Networks,PAN-SVC-4HR-3060-3YR-R,"4-Hour premium support 3 year prepaid renewal, PA-3060",18140.0000
Palo Alto Networks,PAN-SVC-4HR-3060-5YR,"4-Hour premium support 5 year prepaid, PA-3060",30240.0000
Palo Alto Networks,PAN-SVC-4HR-3060-5YR-R,"4-Hour premium support 5 year prepaid renewal, PA-3060",30240.0000
Palo Alto Networks,PAN-SVC-4HRUSG-3060,"For US Government accounts only. 4-Hour premium support year 1, PA-3060",8280.0000
Palo Alto Networks,PAN-SVC-4HRUSG-3060-R,"For US Government accounts only. 4-Hour premium support year 1 renewal, PA-3060",8280.0000
Palo Alto Networks,PAN-SVC-4HRUSG-3060-3YR,"For US Government accounts only. 4-Hour premium support 3 year prepaid, PA-3060",19870.0000
Palo Alto Networks,PAN-SVC-4HRUSG-3060-3YR-R,"For US Government accounts only. 4-Hour premium support 3 year prepaid renewal, PA-3060",19870.0000
Palo Alto Networks,PAN-SVC-4HRUSG-3060-5YR,"For US Government accounts only. 4-Hour premium support 5 year prepaid, PA-3060",33120.0000
Palo Alto Networks,PAN-SVC-4HRUSG-3060-5YR-R,"For US Government accounts only. 4-Hour premium support 5 year prepaid renewal, PA-3060",33120.0000
Palo Alto Networks,PAN-SVC-4HR-4020-R,"4-Hour Premium support renewal, PA-4020",7350.0000
Palo Alto Networks,PAN-SVC-4HRUSG-4020-R,"For US Government accounts only. 4-Hour Premium support renewal, PA-4020",8050.0000
Palo Alto Networks,PAN-SVC-4HR-4050-R,"4-Hour Premium support renewal, PA-4050",12600.0000
Palo Alto Networks,PAN-SVC-4HRUSG-4050-R,"For US Government accounts only. 4-Hour Premium support renewal, PA-4050",13800.0000
Palo Alto Networks,PAN-SVC-4HR-4060-R,"4-Hour Premium support renewal, PA-4060",16800.0000
Palo Alto Networks,PAN-SVC-4HRUSG-4060-R,"For US Government accounts only. 4-Hour Premium support renewal, PA-4060",18400.0000
Palo Alto Networks,PAN-SVC-4HR-5020,"4-Hour Premium support year 1, PA-5020",8400.0000
Palo Alto Networks,PAN-SVC-4HR-5020-R,"4-Hour Premium support renewal, PA-5020",8400.0000
Palo Alto Networks,PAN-SVC-4HR-5020-3YR,"4-Hour Premium support 3-year prepaid, PA-5020",20000.0000
Palo Alto Networks,PAN-SVC-4HR-5020-3YR-R,"PA-200 Lab Unit Renewal Service Bundle (Threat Prevention, BrightCloud URL Filtering, GlobalProtect, WildFire, Standard Support)",20000.0000
Palo Alto Networks,PAN-SVC-4HR-5020-5YR,"4-Hour Premium support 5 year prepaid, PA-5020",33600.0000
Palo Alto Networks,PAN-SVC-4HR-5020-5YR-R,"4-Hour Premium support 5 year prepaid renewal, PA-5020",33600.0000
Palo Alto Networks,PAN-SVC-4HRUSG-5020,"For US Government accounts only. 4-Hour Premium support year 1, PA-5020",9200.0000
Palo Alto Networks,PAN-SVC-4HRUSG-5020-R,"For US Government accounts only. 4-Hour Premium support renewal, PA-5020",9200.0000
Palo Alto Networks,PAN-SVC-4HRUSG-5020-3YR,"For US Government accounts only. 4-Hour Premium support 3-year prepaid, PA-5020",21910.0000
Palo Alto Networks,PAN-SVC-4HRUSG-5020-3YR-R,"For US Government accounts only. 4-Hour Premium support 3-year prepaid renewal, PA-5020",21910.0000
Palo Alto Networks,PAN-SVC-4HRUSG-5020-5YR,"For US Government accounts only. 4-Hour Premium support 5 year prepaid, PA-5020",36800.0000
Palo Alto Networks,PAN-SVC-4HRUSG-5020-5YR-R,"For US Government accounts only. 4-Hour Premium support 5 year prepaid renewal, PA-5020",36800.0000
Palo Alto Networks,PAN-SVC-4HR-5050,"4-Hour Premium support year 1, PA-5050",14700.0000
Palo Alto Networks,PAN-SVC-4HR-5050-R,"4-Hour Premium support renewal, PA-5050",14700.0000
Palo Alto Networks,PAN-SVC-4HR-5050-3YR,"4-Hour Premium support 3-year prepaid, PA-5050",35000.0000
,,,
Palo Alto Networks,PAN-SVC-4HR-5050-3YR-R,"4-Hour Premium support 3-year prepaid renewal, PA-5050",35000.0000
Palo Alto Networks,PAN-SVC-4HR-5050-5YR,"4-Hour Premium support 5 year prepaid, PA-5050",58800.0000
Palo Alto Networks,PAN-SVC-4HR-5050-5YR-R,"4-Hour Premium support 5 year prepaid renewal, PA-5050",58800.0000
Palo Alto Networks,PAN-SVC-4HRUSG-5050,"For US Government accounts only. 4-Hour Premium support year 1, PA-5050",16100.0000
Palo Alto Networks,PAN-SVC-4HRUSG-5050-R,"For US Government accounts only. 4-Hour Premium support renewal, PA-5050",16100.0000
Palo Alto Networks,PAN-SVC-4HRUSG-5050-3YR,"For US Government accounts only. 4-Hour Premium support 3-year prepaid, PA-5050",38340.0000
Palo Alto Networks,PAN-SVC-4HRUSG-5050-3YR-R,"For US Government accounts only. 4-Hour Premium support 3-year prepaid renewal, PA-5050",38340.0000
Palo Alto Networks,PAN-SVC-4HRUSG-5050-5YR,"For US Government accounts only. 4-Hour Premium support 5 year prepaid, PA-5050",64400.0000
Palo Alto Networks,PAN-SVC-4HRUSG-5050-5YR-R,"For US Government accounts only. 4-Hour Premium support 5 year prepaid renewal, PA-5050",64400.0000
Palo Alto Networks,PAN-SVC-4HR-5060,"4-Hour Premium support year 1, PA-5060",27300.0000
Palo Alto Networks,PAN-SVC-4HR-5060-R,"4-Hour Premium support renewal, PA-5060",27300.0000
Palo Alto Networks,PAN-SVC-4HR-5060-3YR,"4-Hour Premium support 3-year prepaid, PA-5060",65000.0000
Palo Alto Networks,PAN-SVC-4HR-5060-3YR-R,"4-Hour Premium support 3-year prepaid renewal, PA-5060",65000.0000
Palo Alto Networks,PAN-SVC-4HR-5060-5YR,"4-Hour Premium support 5 year prepaid, PA-5060",109200.0000
Palo Alto Networks,PAN-SVC-4HR-5060-5YR-R,"4-Hour Premium support 5 year prepaid renewal, PA-5060",109200.0000
Palo Alto Networks,PAN-SVC-4HRUSG-5060,"For US Government accounts only. 4-Hour Premium support year 1, PA-5060",29900.0000
Palo Alto Networks,PAN-SVC-4HRUSG-5060-R,"For US Government accounts only. 4-Hour Premium support renewal, PA-5060",29900.0000
Palo Alto Networks,PAN-SVC-4HRUSG-5060-3YR,"For US Government accounts only. 4-Hour Premium support 3-year prepaid, PA-5060",71200.0000
Palo Alto Networks,PAN-SVC-4HRUSG-5060-3YR-R,"For US Government accounts only. 4-Hour Premium support 3-year prepaid renewal, PA-5060",71200.0000
Palo Alto Networks,PAN-SVC-4HRUSG-5060-5YR,"For US Government accounts only. 4-Hour Premium support 5 year prepaid, PA-5060",119600.0000
Palo Alto Networks,PAN-SVC-4HRUSG-5060-5YR-R,"For US Government accounts only. 4-Hour Premium support 5 year prepaid renewal, PA-5060",119600.0000
Palo Alto Networks,PAN-SVC-4HR-5220,"4-Hour Premium support year 1, PA-5220",10500.0000
Palo Alto Networks,PAN-SVC-4HR-5220-R,"4-Hour Premium support renewal, PA-5220",10500.0000
Palo Alto Networks,PAN-SVC-4HR-5220-3YR,"4-Hour Premium support 3-year prepaid, PA-5220",25200.0000
Palo Alto Networks,PAN-SVC-4HR-5220-3YR-R,"4-Hour Premium support 3-year prepaid renewal, PA-5220",25200.0000
Palo Alto Networks,PAN-SVC-4HR-5220-5YR,"4-Hour Premium support 5 year prepaid, PA-5220",42000.0000
Palo Alto Networks,PAN-SVC-4HR-5220-5YR-R,"4-Hour Premium support 5 year prepaid renewal, PA-5220",42000.0000
Palo Alto Networks,PAN-SVC-4HRUSG-5220,"For US Government accounts only. 4-Hour Premium support year 1, PA-5220",11810.0000
Palo Alto Networks,PAN-SVC-4HRUSG-5220-R,"For US Government accounts only. 4-Hour Premium support renewal, PA-5220",11810.0000
Palo Alto Networks,PAN-SVC-4HRUSG-5220-3YR,"For US Government accounts only. 4-Hour Premium support 3-year prepaid, PA-5220",28350.0000
Palo Alto Networks,PAN-SVC-4HRUSG-5220-3YR-R,"For US Government accounts only. 4-Hour Premium support 3-year prepaid renewal, PA-5220",28350.0000
Palo Alto Networks,PAN-SVC-4HRUSG-5220-5YR,"For US Government accounts only. 4-Hour Premium support 5 year prepaid, PA-5220",47250.0000
Palo Alto Networks,PAN-SVC-4HRUSG-5220-5YR-R,"For US Government accounts only. 4-Hour Premium support 5 year prepaid renewal, PA-5220",47250.0000
Palo Alto Networks,PAN-SVC-4HR-5250,"4-Hour Premium support year 1, PA-5250",21000.0000
Palo Alto Networks,PAN-SVC-4HR-5250-R,"4-Hour Premium support renewal, PA-5250",21000.0000
Palo Alto Networks,PAN-SVC-4HR-5250-3YR,"4-Hour Premium support 3-year prepaid, PA-5250",50400.0000
Palo Alto Networks,PAN-SVC-4HR-5250-3YR-R,"4-Hour Premium support 3-year prepaid renewal, PA-5250",50400.0000
Palo Alto Networks,PAN-SVC-4HR-5250-5YR,"4-Hour Premium support 5 year prepaid, PA-5250",84000.0000
Palo Alto Networks,PAN-SVC-4HR-5250-5YR-R,"4-Hour Premium support 5 year prepaid renewal, PA-5250",84000.0000
Palo Alto Networks,PAN-SVC-4HRUSG-5250,"For US Government accounts only. 4-Hour Premium support year 1, PA-5250",23630.0000
Palo Alto Networks,PAN-SVC-4HRUSG-5250-R,"For US Government accounts only. 4-Hour Premium support renewal, PA-5250",23630.0000
Palo Alto Networks,PAN-SVC-4HRUSG-5250-3YR,"For US Government accounts only. 4-Hour Premium support 3-year prepaid, PA-5250",56700.0000
Palo Alto Networks,PAN-SVC-4HRUSG-5250-3YR-R,"For US Government accounts only. 4-Hour Premium support 3-year prepaid renewal, PA-5250",56700.0000
Palo Alto Networks,PAN-SVC-4HRUSG-5250-5YR,"For US Government accounts only. 4-Hour Premium support 5 year prepaid, PA-5250",94500.0000
Palo Alto Networks,PAN-SVC-4HRUSG-5250-5YR-R,"For US Government accounts only. 4-Hour Premium support 5 year prepaid renewal, PA-5250",94500.0000
Palo Alto Networks,PAN-SVC-4HR-5260,"4-Hour Premium support year 1, PA-5260",37800.0000
Palo Alto Networks,PAN-SVC-4HR-5260-R,"4-Hour Premium support renewal, PA-5260",37800.0000
Palo Alto Networks,PAN-SVC-4HR-5260-3YR,"4-Hour Premium support 3-year prepaid, PA-5260",90720.0000
Palo Alto Networks,PAN-SVC-4HR-5260-3YR-R,"4-Hour Premium support 3-year prepaid renewal, PA-5260",90720.0000
Palo Alto Networks,PAN-SVC-4HR-5260-5YR,"4-Hour Premium support 5 year prepaid, PA-5260",151200.0000
Palo Alto Networks,PAN-SVC-4HR-5260-5YR-R,"4-Hour Premium support 5 year prepaid renewal, PA-5260",151200.0000
Palo Alto Networks,PAN-SVC-4HRUSG-5260,"For US Government accounts only. 4-Hour Premium support year 1, PA-5260",42530.0000
Palo Alto Networks,PAN-SVC-4HRUSG-5260-R,"For US Government accounts only. 4-Hour Premium support renewal, PA-5260",42530.0000
Palo Alto Networks,PAN-SVC-4HRUSG-5260-3YR,"For US Government accounts only. 4-Hour Premium support 3-year prepaid, PA-5260",102060.0000
Palo Alto Networks,PAN-SVC-4HRUSG-5260-3YR-R,"For US Government accounts only. 4-Hour Premium support 3-year prepaid renewal, PA-5260",102060.0000
Palo Alto Networks,PAN-SVC-4HRUSG-5260-5YR,"For US Government accounts only. 4-Hour Premium support 5 year prepaid, PA-5260",170100.0000
Palo Alto Networks,PAN-SVC-4HRUSG-5260-5YR-R,"For US Government accounts only. 4-Hour Premium support 5 year prepaid renewal, PA-5260",170100.0000
Palo Alto Networks,PAN-SVC-4HR-7050,"4-Hour premium support year 1, PA-7050",72000.0000
Palo Alto Networks,PAN-SVC-4HR-7050-R,"4-Hour premium support year 1 renewal, PA-7050",72000.0000
Palo Alto Networks,PAN-SVC-4HR-7050-3YR,"4-Hour premium support 3 year prepaid, PA-7050",172800.0000
Palo Alto Networks,PAN-SVC-4HR-7050-3YR-R,"4-Hour premium support 3 year prepaid renewal, PA-7050",172800.0000
Palo Alto Networks,PAN-SVC-4HR-7050-5YR,"4-Hour premium support 5 year prepaid, PA-7050",288000.0000
Palo Alto Networks,PAN-SVC-4HR-7050-5YR-R,"4-Hour premium support 5 year prepaid renewal, PA-7050",288000.0000
Palo Alto Networks,PAN-SVC-4HRUSG-7050,"For US Government accounts only. 4-Hour premium support year 1, PA-7050",78860.0000
Palo Alto Networks,PAN-SVC-4HRUSG-7050-R,"For US Government accounts only. 4-Hour premium support year 1 renewal, PA-7050",78860.0000
Palo Alto Networks,PAN-SVC-4HRUSG-7050-3YR,"For US Government accounts only. 4-Hour premium support 3 year prepaid, PA-7050",189260.0000
Palo Alto Networks,PAN-SVC-4HRUSG-7050-3YR-R,"For US Government accounts only. 4-Hour premium support 3 year prepaid renewal, PA-7050",189260.0000
Palo Alto Networks,PAN-SVC-4HRUSG-7050-5YR,"For US Government accounts only. 4-Hour premium support 5 year prepaid, PA-7050",315430.0000
Palo Alto Networks,PAN-SVC-4HRUSG-7050-5YR-R,"For US Government accounts only. 4-Hour premium support 5 year prepaid renewal, PA-7050",315430.0000
Palo Alto Networks,PAN-SVC-4HR-7080,"4-Hour Premium support year 1, PA-7080",78800.0000
Palo Alto Networks,PAN-SVC-4HR-7080-R,"4-Hour Premium support year 1 renewal, PA-7080",78800.0000
Palo Alto Networks,PAN-SVC-4HR-7080-3YR,"4-Hour Premium support 3 year prepaid, PA-7080",189200.0000
Palo Alto Networks,PAN-SVC-4HR-7080-3YR-R,"4-Hour Premium support 3 year prepaid renewal, PA-7080",189200.0000
Palo Alto Networks,PAN-SVC-4HR-7080-5YR,"4-Hour Premium support 5 year prepaid, PA-7080",315200.0000
Palo Alto Networks,PAN-SVC-4HR-7080-5YR-R,"4-Hour Premium support 5 year prepaid renewal, PA-7080",315200.0000
Palo Alto Networks,PAN-SVC-4HRUSG-7080,"For US Government accounts only. 4-Hour premium support 1 year, PA-7080",86300.0000
Palo Alto Networks,PAN-SVC-4HRUSG-7080-R,"For US Government accounts only. 4-Hour premium support 1 year renewal, PA-7080",86300.0000
Palo Alto Networks,PAN-SVC-4HRUSG-7080-3YR,"For US Government accounts only. 4-Hour premium support 3 year prepaid, PA-7080",207200.0000
Palo Alto Networks,PAN-SVC-4HRUSG-7080-3YR-R,"For US Government accounts only. 4-Hour premium support 3 year prepaid renewal, PA-7080",207200.0000
Palo Alto Networks,PAN-SVC-4HRUSG-7080-5YR,"For US Government accounts only. 4-Hour premium support 5 year prepaid, PA-7080",345200.0000
Palo Alto Networks,PAN-SVC-4HRUSG-7080-5YR-R,"For US Government accounts only. 4-Hour premium support 5 year prepaid renewal, PA-7080",345200.0000
Palo Alto Networks,PAN-SVC-4HR-M-100-P-25,"4-Hour Premium support year 1, Panorama M-100 25 devices or log collector",4200.0000
Palo Alto Networks,PAN-SVC-4HR-M-100-P-25-R,"4-Hour Premium support renewal, Panorama M-100 25 devices or log collector",4200.0000
Palo Alto Networks,PAN-SVC-4HR-M-100-P-25-3Y,"4-Hour Premium support 3-year prepaid, Panorama M-100 25 devices or log collector",10100.0000
Palo Alto Networks,PAN-SVC-4HR-M-100-P-25-3Y-R,"4-Hour Premium support 3-year prepaid renewal, Panorama M-100 25 devices or log collector",10100.0000
Palo Alto Networks,PAN-SVC-4HR-M-100-P-25-5Y,"4-Hour Premium support 5-year prepaid, Panorama M-100 25 devices or log collector",16800.0000
Palo Alto Networks,PAN-SVC-4HR-M-100-P-25-5Y-R,"4-Hour Premium support 5-year prepaid renewal, Panorama M-100 25 devices or log collector",16800.0000
Palo Alto Networks,PAN-SVC-4HRUSG-M-100-P-25,"For US Government accounts only. 4-Hour Premium support year 1, Panorama M-100 25 devices or log collector",4600.0000
Palo Alto Networks,PAN-SVC-4HRUSG-M-100-P-25-R,"For US Government accounts only. 4-Hour Premium support renewal, Panorama M-100 25 devices or log collector",4600.0000
Palo Alto Networks,PAN-SVC-4HRUSG-M-100-P-25-3YR,"For US Government accounts only. 4-Hour Premium support 3-year prepaid, Panorama M-100 25 devices or log collector",11070.0000
Palo Alto Networks,PAN-SVC-4HRUSG-M-100-P-25-3YR-R,"For US Government accounts only. 4-Hour Premium support 3-year prepaid renewal, Panorama M-100 25 devices or log collector",11070.0000
Palo Alto Networks,PAN-SVC-4HRUSG-M-100-P-25-5YR,"For US Government accounts only. 4-Hour Premium support 5-year prepaid, Panorama M-100 25 devices or log collector",18400.0000
,,,
Palo Alto Networks,PAN-SVC-4HRUSG-M-100-P-25-5YR-R,"For US Government accounts only. 4-Hour Premium support 5-year prepaid renewal, Panorama M-100 25 devices or log collector",18400.0000
Palo Alto Networks,PAN-SVC-4HR-M-100-P-100,"4-Hour Premium support year 1, Panorama M-100 100 devices",7350.0000
Palo Alto Networks,PAN-SVC-4HR-M-100-P-100-R,"4-Hour Premium support renewal, Panorama M-100 100 devices",7350.0000
Palo Alto Networks,PAN-SVC-4HR-M-100-P-100-3Y,"4-Hour Premium support 3-year prepaid, Panorama M-100 100 devices",17650.0000
Palo Alto Networks,PAN-SVC-4HR-M-100-P-100-3Y-R,"4-Hour Premium support 3-year prepaid renewal, Panorama M-100 100 devices",17650.0000
Palo Alto Networks,PAN-SVC-4HR-M-100-P-100-5Y,"4-Hour Premium support 5-year prepaid, Panorama M-100 100 devices",29400.0000
Palo Alto Networks,PAN-SVC-4HR-M-100-P-100-5Y-R,"4-Hour Premium support 5-year prepaid renewal, Panorama M-100 100 devices",29400.0000
Palo Alto Networks,PAN-SVC-4HRUSG-M-100-P-100,"For US Government accounts only. 4-Hour Premium support year 1, Panorama M-100 100 devices",8050.0000
Palo Alto Networks,PAN-SVC-4HRUSG-M-100-P-100-R,"For US Government accounts only. 4-Hour Premium support renewal, Panorama M-100 100 devices",8050.0000
Palo Alto Networks,PAN-SVC-4HRUSG-M-100-P-100-3YR,"For US Government accounts only. 4-Hour Premium support 3-year prepaid, Panorama M-100 100 devices",19340.0000
Palo Alto Networks,PAN-SVC-4HRUSG-M-100-P-100-3YR-R,"For US Government accounts only. 4-Hour Premium support 3-year prepaid renewal, Panorama M-100 100 devices",19340.0000
Palo Alto Networks,PAN-SVC-4HRUSG-M-100-P-100-5YR,"For US Government accounts only. 4-Hour Premium support 5-year prepaid, Panorama M-100 100 devices",32200.0000
Palo Alto Networks,PAN-SVC-4HRUSG-M-100-P-100-5YR-R,"For US Government accounts only. 4-Hour Premium support 5-year prepaid renewal, Panorama M-100 100 devices",32200.0000
Palo Alto Networks,PAN-SVC-4HR-M-100-P-1K,"4-Hour Premium support year 1, Panorama M-100 1000 devices",17850.0000
Palo Alto Networks,PAN-SVC-4HR-M-100-P-1K-R,"4-Hour Premium support renewal, Panorama M-100 1000 devices",17850.0000
Palo Alto Networks,PAN-SVC-4HR-M-100-P-1K-3Y,"4-Hour Premium support 3-year prepaid, Panorama M-100 1000 devices",42850.0000
Palo Alto Networks,PAN-SVC-4HR-M-100-P-1K-3Y-R,"4-Hour Premium support 3-year prepaid renewal, Panorama M-100 1000 devices",42850.0000
Palo Alto Networks,PAN-SVC-4HR-M-100-P-1K-5Y,"4-Hour Premium support 5-year prepaid, Panorama M-100 1000 devices",71400.0000
Palo Alto Networks,PAN-SVC-4HR-M-100-P-1K-5Y-R,"4-Hour Premium support 5-year prepaid renewal, Panorama M-100 1000 devices",71400.0000
Palo Alto Networks,PAN-SVC-4HRUSG-M-100-P-1K,"For US Government accounts only. 4-Hour Premium support year 1, Panorama M-100 1000 devices",19550.0000
Palo Alto Networks,PAN-SVC-4HRUSG-M-100-P-1K-R,"For US Government accounts only. 4-Hour Premium support renewal, Panorama M-100 1000 devices",19550.0000
Palo Alto Networks,PAN-SVC-4HRUSG-M-100-P-1K-3YR,"For US Government accounts only. 4-Hour Premium support 3-year prepaid, Panorama M-100 1000 devices",46940.0000
Palo Alto Networks,PAN-SVC-4HRUSG-M-100-P-1K-3YR-R,"For US Government accounts only. 4-Hour Premium support 3-year prepaid renewal, Panorama M-100 1000 devices",46940.0000
Palo Alto Networks,PAN-SVC-4HRUSG-M-100-P-1K-5YR,"For US Government accounts only. 4-Hour Premium support 5-year prepaid, Panorama M-100 1000 devices",78200.0000
Palo Alto Networks,PAN-SVC-4HRUSG-M-100-P-1K-5YR-R,"For US Government accounts only. 4-Hour Premium support 5-year prepaid renewal, Panorama M-100 1000 devices",78200.0000
Palo Alto Networks,PAN-SVC-4HR-M-500-P-25,"4-Hour Premium support, Panorama M-500 25 devices, PAN-DB Private Cloud or log collector",7350.0000
Palo Alto Networks,PAN-SVC-4HR-M-500-P-25-R,"4-Hour Premium support renewal, Panorama M-500 25 devices, PAN-DB Private Cloud or log collector",7350.0000
Palo Alto Networks,PAN-SVC-4HR-M-500-P-25-3Y,"4-Hour Premium support 3-year prepaid, Panorama M-500 25 devices, PAN-DB Private Cloud or log collector",17640.0000
Palo Alto Networks,PAN-SVC-4HR-M-500-P-25-3Y-R,"4-Hour Premium support 3-year prepaid renewal, Panorama M-500 25 devices, PAN-DB Private Cloud or log collector",17640.0000
Palo Alto Networks,PAN-SVC-4HR-M-500-P-25-5Y,"4-Hour Premium support 5-year prepaid, Panorama M-500 25 devices, PAN-DB Private Cloud or log collector",29400.0000
Palo Alto Networks,PAN-SVC-4HR-M-500-P-25-5Y-R,"4-Hour Premium support 5-year prepaid renewal, Panorama M-500 25 devices, PAN-DB Private Cloud or log collector",29400.0000
Palo Alto Networks,PAN-SVC-4HRUSG-M-500-P-25,"For US Government accounts only. 4-Hour Premium support year 1, Panorama M-500 25 devices or log collector",8050.0000
Palo Alto Networks,PAN-SVC-4HRUSG-M-500-P-25-R,"For US Government accounts only. 4-Hour Premium support renewal, Panorama M-500 25 devices or log collector",8050.0000
Palo Alto Networks,PAN-SVC-4HRUSG-M-500-P-25-3YR,"For US Government accounts only. 4-Hour Premium support 3-year prepaid, Panorama M-500 25 devices or log collector",19320.0000
Palo Alto Networks,PAN-SVC-4HRUSG-M-500-P-25-3YR-R,"For US Government accounts only. 4-Hour Premium support 3-year prepaid renewal, Panorama M-500 25 devices or log collector",19320.0000
Palo Alto Networks,PAN-SVC-4HRUSG-M-500-P-25-5YR,"For US Government accounts only. 4-Hour Premium support 5-year prepaid, Panorama M-500 25 devices or log collector",32200.0000
Palo Alto Networks,PAN-SVC-4HRUSG-M-500-P-25-5YR-R,"For US Government accounts only. 4-Hour Premium support 5-year prepaid renewal, Panorama M-500 25 devices or log collector",32200.0000
Palo Alto Networks,PAN-SVC-4HR-M-500-P-100,"4-Hour Premium support, Panorama M-500 100 devices",10500.0000
Palo Alto Networks,PAN-SVC-4HR-M-500-P-100-R,"4-Hour Premium support renewal, Panorama M-500 100 devices",10500.0000
Palo Alto Networks,PAN-SVC-4HR-M-500-P-100-3Y,"4-Hour Premium support 3-year prepaid, Panorama M-500 100 devices",25200.0000
Palo Alto Networks,PAN-SVC-4HR-M-500-P-100-3Y-R,"4-Hour Premium support 3-year prepaid renewal, Panorama M-500 100 devices",25200.0000
Palo Alto Networks,PAN-SVC-4HR-M-500-P-100-5Y,"4-Hour Premium support 5-year prepaid, Panorama M-500 100 devices",42000.0000
Palo Alto Networks,PAN-SVC-4HR-M-500-P-100-5Y-R,"4-Hour Premium support 5-year prepaid renewal, Panorama M-500 100 devices",42000.0000
Palo Alto Networks,PAN-SVC-4HRUSG-M-500-P-100,"For US Government accounts only. 4-Hour Premium support year 1, Panorama M-500 100 devices",11500.0000
Palo Alto Networks,PAN-SVC-4HRUSG-M-500-P-100-R,"For US Government accounts only. 4-Hour Premium support renewal, Panorama M-500 100 devices",11500.0000
Palo Alto Networks,PAN-SVC-4HRUSG-M-500-P-100-3YR,"For US Government accounts only. 4-Hour Premium support 3-year prepaid, Panorama M-500 100 devices",27600.0000
Palo Alto Networks,PAN-SVC-4HRUSG-M-500-P-100-3YR-R,"For US Government accounts only. 4-Hour Premium support 3-year prepaid renewal, Panorama M-500 100 devices",27600.0000
Palo Alto Networks,PAN-SVC-4HRUSG-M-500-P-100-5YR,"For US Government accounts only. 4-Hour Premium support 5-year prepaid, Panorama M-500 100 devices",46000.0000
Palo Alto Networks,PAN-SVC-4HRUSG-M-500-P-100-5YR-R,"For US Government accounts only. 4-Hour Premium support 5-year prepaid renewal, Panorama M-500 100 devices",46000.0000
Palo Alto Networks,PAN-SVC-4HR-M-500-P-1K,"4-Hour Premium support, Panorama M-500 1K devices",21000.0000
Palo Alto Networks,PAN-SVC-4HR-M-500-P-1K-R,"4-Hour Premium support renewal, Panorama M-500 1K devices",21000.0000
Palo Alto Networks,PAN-SVC-4HR-M-500-P-1K-3Y,"4-Hour Premium support 3-year prepaid, Panorama M-500 1K devices",50400.0000
Palo Alto Networks,PAN-SVC-4HR-M-500-P-1K-3Y-R,"4-Hour Premium support 3-year prepaid renewal, Panorama M-500 1K devices",50400.0000
Palo Alto Networks,PAN-SVC-4HR-M-500-P-1K-5Y,"4-Hour Premium support 5-year prepaid, Panorama M-500 1K devices",84000.0000
Palo Alto Networks,PAN-SVC-4HR-M-500-P-1K-5Y-R,"4-Hour Premium support 5-year prepaid renewal, Panorama M-500 1K devices",84000.0000
Palo Alto Networks,PAN-SVC-4HRUSG-M-500-P-1K,"For US Government accounts only. 4-Hour Premium support year 1, Panorama M-500 1000 devices",23000.0000
Palo Alto Networks,PAN-SVC-4HRUSG-M-500-P-1K-R,"For US Government accounts only. 4-Hour Premium support renewal, Panorama M-500 1000 devices",23000.0000
Palo Alto Networks,PAN-SVC-4HRUSG-M-500-P-1K-3YR,"For US Government accounts only. 4-Hour Premium support 3-year prepaid, Panorama M-500 1000 devices",55200.0000
Palo Alto Networks,PAN-SVC-4HRUSG-M-500-P-1K-3YR-R,"For US Government accounts only. 4-Hour Premium support 3-year prepaid renewal, Panorama M-500 1000 devices",55200.0000
Palo Alto Networks,PAN-SVC-4HRUSG-M-500-P-1K-5YR,"For US Government accounts only. 4-Hour Premium support 5-year prepaid, Panorama M-500 1000 devices",92000.0000
Palo Alto Networks,PAN-SVC-4HRUSG-M-500-P-1K-5YR-R,"For US Government accounts only. 4-Hour Premium support 5-year prepaid renewal, Panorama M-500 1000 devices",92000.0000
Palo Alto Networks,PAN-SVC-PREM-200,"Premium support year 1, PA-200",320.0000
Palo Alto Networks,PAN-SVC-PREM-200-R,"Premium support renewal, PA-200",320.0000
Palo Alto Networks,PAN-SVC-PREM-200-3YR,"Premium support 3-year prepaid, PA-200",770.0000
Palo Alto Networks,PAN-SVC-PREM-200-3YR-R,"Premium support 3-year prepaid renewal, PA-200",770.0000
Palo Alto Networks,PAN-SVC-PREM-200-5YR,"Premium support 5-year prepaid, PA-200",1280.0000
Palo Alto Networks,PAN-SVC-PREM-200-5YR-R,"Premium support 5-year prepaid renewal, PA-200",1280.0000
Palo Alto Networks,PAN-SVC-PREMUSG-200,"For US Government accounts only. Premium support year 1, PA-200",360.0000
Palo Alto Networks,PAN-SVC-PREMUSG-200-R,"For US Government accounts only. Premium support renewal, PA-200",360.0000
Palo Alto Networks,PAN-SVC-PREMUSG-200-3YR,"For US Government accounts only. Premium support 3-year prepaid, PA-200",870.0000
Palo Alto Networks,PAN-SVC-PREMUSG-200-3YR-R,"For US Government accounts only. Premium support 3-year prepaid renewal, PA-200",870.0000
Palo Alto Networks,PAN-SVC-PREMUSG-200-5YR,"For US Government accounts only. Premium support 5-year prepaid, PA-200",1440.0000
Palo Alto Networks,PAN-SVC-PREMUSG-200-5YR-R,"For US Government accounts only. Premium support 5-year prepaid renewal, PA-200",1440.0000
Palo Alto Networks,PAN-SVC-PREM-200E-5YR,"Premium support 5-year prepaid, PA-200, Enterprise",600.0000
Palo Alto Networks,PAN-SVC-PREM-200E-5YR-R,"Premium support 5-year prepaid renewal, PA-200, Enterprise",600.0000
Palo Alto Networks,PAN-SVC-PREM-200E,"Premium support year 1, PA-200, Enterprise",150.0000
Palo Alto Networks,PAN-SVC-PREM-200E-R,"Premium support renewal, PA-200, Enterprise",150.0000
Palo Alto Networks,PAN-SVC-PREM-200E-3YR,"Premium support 3-year prepaid, PA-200, Enterprise",360.0000
Palo Alto Networks,PAN-SVC-PREM-200E-3YR-R,"Premium support 3-year prepaid renewal, PA-200, Enterprise",360.0000
Palo Alto Networks,PAN-SVC-PREMUSG-200E,"For US Government accounts only. Premium support year 1, PA-200, Enterprise",170.0000
Palo Alto Networks,PAN-SVC-PREMUSG-200E-R,"For US Government accounts only. Premium support renewal, PA-200, Enterprise",170.0000
Palo Alto Networks,PAN-SVC-PREMUSG-200E-3YR,"For US Government accounts only. Premium support 3-year prepaid, PA-200, Enterprise",410.0000
Palo Alto Networks,PAN-SVC-PREMUSG-200E-3YR-R,"For US Government accounts only. Premium support 3-year prepaid renewal, PA-200, Enterprise",410.0000
Palo Alto Networks,PAN-SVC-PREMUSG-200E-5YR,"For US Government accounts only. Premium support 5-year prepaid, PA-200, Enterprise",680.0000
Palo Alto Networks,PAN-SVC-PREMUSG-200E-5YR-R,"For US Government accounts only. Premium support 5-year prepaid renewal, PA-200, Enterprise",680.0000
Palo Alto Networks,PAN-SVC-PREM-220,"Premium support year 1, PA-220",160.0000
Palo Alto Networks,PAN-SVC-PREM-220-R,"Premium support renewal, PA-220",160.0000
Palo Alto Networks,PAN-SVC-PREM-220-3YR,"Premium support 3-year prepaid, PA-220",380.0000
Palo Alto Networks,PAN-SVC-PREM-220-3YR-R,"Premium support 3-year prepaid renewal, PA-220",380.0000
Palo Alto Networks,PAN-SVC-PREM-220-5YR,"Premium support 5-year prepaid, PA-220",640.0000
Palo Alto Networks,PAN-SVC-PREM-220-5YR-R,"Premium support 5-year prepaid renewal, PA-220",640.0000
,,,
Palo Alto Networks,PAN-SVC-PREMUSG-220,"For US Government accounts only. Premium support year 1, PA-220",180.0000
Palo Alto Networks,PAN-SVC-PREMUSG-220-R,"For US Government accounts only. Premium support renewal, PA-220",180.0000
Palo Alto Networks,PAN-SVC-PREMUSG-220-3YR,"For US Government accounts only. Premium support 3-year prepaid, PA-220",430.0000
Palo Alto Networks,PAN-SVC-PREMUSG-220-3YR-R,"For US Government accounts only. Premium support 3-year prepaid renewal, PA-220",430.0000
Palo Alto Networks,PAN-SVC-PREMUSG-220-5YR,"For US Government accounts only. Premium support 5-year prepaid, PA-220",720.0000
Palo Alto Networks,PAN-SVC-PREMUSG-220-5YR-R,"For US Government accounts only. Premium support 5-year prepaid renewal, PA-220",720.0000
Palo Alto Networks,PAN-SVC-PREM-500,"Premium support year 1, PA-500",720.0000
Palo Alto Networks,PAN-SVC-PREM-500-R,"Premium support renewal, PA-500",720.0000
Palo Alto Networks,PAN-SVC-PREM-500-3YR,"Premium support 3-year prepaid, PA-500",1750.0000
Palo Alto Networks,PAN-SVC-PREM-500-3YR-R,"Premium support 3-year prepaid renewal, PA-500",1750.0000
Palo Alto Networks,PAN-SVC-PREM-500-5YR,"Premium support 5-year prepaid, PA-500",2880.0000
Palo Alto Networks,PAN-SVC-PREM-500-5YR-R,"Premium support 5-year prepaid renewal, PA-500",2880.0000
Palo Alto Networks,PAN-SVC-PREMUSG-500,"For US Government accounts only. Premium support year 1, PA-500",810.0000
Palo Alto Networks,PAN-SVC-PREMUSG-500-R,"For US Government accounts only. Premium support renewal, PA-500",810.0000
Palo Alto Networks,PAN-SVC-PREMUSG-500-3YR,"For US Government accounts only. Premium support 3-year prepaid, PA-500",1970.0000
Palo Alto Networks,PAN-SVC-PREMUSG-500-3YR-R,"For US Government accounts only. Premium support 3-year prepaid renewal, PA-500",1970.0000
Palo Alto Networks,PAN-SVC-PREMUSG-500-5YR,"For US Government accounts only. Premium support 5-year prepaid, PA-500",3240.0000
Palo Alto Networks,PAN-SVC-PREMUSG-500-5YR-R,"For US Government accounts only. Premium support 5-year prepaid renewal, PA-500",3240.0000
Palo Alto Networks,PAN-SVC-PREM-820,"Premium support year 1, PA-820",720.0000
Palo Alto Networks,PAN-SVC-PREM-820-R,"Premium support year 1 renewal, PA-820",720.0000
Palo Alto Networks,PAN-SVC-PREM-820-3YR,"Premium support 3-year prepaid, PA-820",1730.0000
Palo Alto Networks,PAN-SVC-PREM-820-3YR-R,"Premium support 3-year prepaid renewal, PA-820",1730.0000
Palo Alto Networks,PAN-SVC-PREM-820-5YR,"Premium support 5 year prepaid, PA-820",2880.0000
Palo Alto Networks,PAN-SVC-PREM-820-5YR-R,"Premium support 5 year prepaid renewal, PA-820",2880.0000
Palo Alto Networks,PAN-SVC-PREMUSG-820,"For US Government accounts only. Premium support year 1, PA-820",810.0000
Palo Alto Networks,PAN-SVC-PREMUSG-820-R,"For US Government accounts only. Premium support renewal, PA-820",810.0000
Palo Alto Networks,PAN-SVC-PREMUSG-820-3YR,"For US Government accounts only. Premium support 3-year prepaid, PA-820",1940.0000
Palo Alto Networks,PAN-SVC-PREMUSG-820-3YR-R,"For US Government accounts only. Premium support 3-year prepaid renewal, PA-820",1940.0000
Palo Alto Networks,PAN-SVC-PREMUSG-820-5YR,"For US Government accounts only. Premium support 5-year prepaid, PA-820",3240.0000
Palo Alto Networks,PAN-SVC-PREMUSG-820-5YR-R,"For US Government accounts only. Premium support 5-year prepaid renewal, PA-820",3240.0000
Palo Alto Networks,PAN-SVC-PREM-850,"Premium support year 1, PA-850",1520.0000
Palo Alto Networks,PAN-SVC-PREM-850-R,"Premium support year 1 renewal, PA-850",1520.0000
Palo Alto Networks,PAN-SVC-PREM-850-3YR,"Premium support 3-year prepaid, PA-850",3650.0000
Palo Alto Networks,PAN-SVC-PREM-850-3YR-R,"Premium support 3-year prepaid renewal, PA-850",3650.0000
Palo Alto Networks,PAN-SVC-PREM-850-5YR,"Premium support 5 year prepaid, PA-850",6080.0000
Palo Alto Networks,PAN-SVC-PREM-850-5YR-R,"Premium support 5 year prepaid renewal, PA-850",6080.0000
Palo Alto Networks,PAN-SVC-PREMUSG-850,"For US Government accounts only. Premium support year 1, PA-850",1710.0000
Palo Alto Networks,PAN-SVC-PREMUSG-850-R,"For US Government accounts only. Premium support renewal, PA-850",1710.0000
Palo Alto Networks,PAN-SVC-PREMUSG-850-3YR,"For US Government accounts only. Premium support 3-year prepaid, PA-850",4100.0000
Palo Alto Networks,PAN-SVC-PREMUSG-850-3YR-R,"For US Government accounts only. Premium support 3-year prepaid renewal, PA-850",4100.0000
Palo Alto Networks,PAN-SVC-PREMUSG-850-5YR,"For US Government accounts only. Premium support 5-year prepaid, PA-850",6840.0000
Palo Alto Networks,PAN-SVC-PREMUSG-850-5YR-R,"For US Government accounts only. Premium support 5-year prepaid renewal, PA-850",6840.0000
Palo Alto Networks,PAN-SVC-PREM-2020-R,"Premium support renewal, PA-2020",1900.0000
Palo Alto Networks,PAN-SVC-PREMUSG-2020-R,"For US Government accounts only. Premium support renewal, PA-2020",2140.0000
Palo Alto Networks,PAN-SVC-PREM-2050-R,"Premium support renewal, PA-2050",2550.0000
Palo Alto Networks,PAN-SVC-PREMUSG-2050-R,"For US Government accounts only. Premium support renewal, PA-2050",2870.0000
Palo Alto Networks,PAN-SVC-PREM-3020,"Premium support year 1, PA-3020",2240.0000
Palo Alto Networks,PAN-SVC-PREM-3020-R,"Premium support year 1 renewal, PA-3020",2240.0000
Palo Alto Networks,PAN-SVC-PREM-3020-3YR,"Premium support 3-year prepaid, PA-3020",5380.0000
Palo Alto Networks,PAN-SVC-PREM-3020-3YR-R,"Premium support 3-year prepaid renewal, PA-3020",5380.0000
Palo Alto Networks,PAN-SVC-PREM-3020-5YR,"Premium support 5 year prepaid, PA-3020",8960.0000
Palo Alto Networks,PAN-SVC-PREM-3020-5YR-R,"Premium support 5 year prepaid renewal, PA-3020",8960.0000
Palo Alto Networks,PAN-SVC-PREMUSG-3020,"For US Government accounts only. Premium support year 1, PA-3020",2520.0000
Palo Alto Networks,PAN-SVC-PREMUSG-3020-R,"For US Government accounts only. Premium support year 1 renewal, PA-3020",2520.0000
Palo Alto Networks,PAN-SVC-PREMUSG-3020-3YR,"For US Government accounts only. Premium support 3-year prepaid, PA-3020",6060.0000
Palo Alto Networks,PAN-SVC-PREMUSG-3020-3YR-R,"For US Government accounts only. Premium support 3-year prepaid renewal, PA-3020",6060.0000
Palo Alto Networks,PAN-SVC-PREMUSG-3020-5YR,"For US Government accounts only. Premium support 5 year prepaid, PA-3020",10080.0000
Palo Alto Networks,PAN-SVC-PREMUSG-3020-5YR-R,"For US Government accounts only. Premium support 5 year prepaid renewal, PA-3020",10080.0000
Palo Alto Networks,PAN-SVC-PREM-3050,"Premium support year 1, PA-3050",3840.0000
Palo Alto Networks,PAN-SVC-PREM-3050-R,"Premium support year 1 renewal, PA-3050",3840.0000
Palo Alto Networks,PAN-SVC-PREM-3050-3YR,"Premium support 3-year prepaid, PA-3050",9220.0000
Palo Alto Networks,PAN-SVC-PREM-3050-3YR-R,"Premium support 3-year prepaid renewal, PA-3050",9220.0000
Palo Alto Networks,PAN-SVC-PREM-3050-5YR,"Premium support 5 year prepaid, PA-3050",15360.0000
Palo Alto Networks,PAN-SVC-PREM-3050-5YR-R,"Premium support 5 year prepaid renewal, PA-3050",15360.0000
Palo Alto Networks,PAN-SVC-PREMUSG-3050,"For US Government accounts only. Premium support year 1, PA-3050",4320.0000
Palo Alto Networks,PAN-SVC-PREMUSG-3050-R,"For US Government accounts only. Premium support year 1 renewal, PA-3050",4320.0000
Palo Alto Networks,PAN-SVC-PREMUSG-3050-3YR,"For US Government accounts only. Premium support 3-year prepaid, PA-3050",10380.0000
Palo Alto Networks,PAN-SVC-PREMUSG-3050-3YR-R,"For US Government accounts only. Premium support 3-year prepaid renewal, PA-3050",10380.0000
Palo Alto Networks,PAN-SVC-PREMUSG-3050-5YR,"For US Government accounts only. Premium support 5 year prepaid, PA-3050",17280.0000
Palo Alto Networks,PAN-SVC-PREMUSG-3050-5YR-R,"For US Government accounts only. Premium support 5 year prepaid renewal, PA-3050",17280.0000
Palo Alto Networks,PAN-SVC-PREM-3060,"Premium support year 1, PA-3060",5760.0000
Palo Alto Networks,PAN-SVC-PREM-3060-R,"Premium support year 1 renewal, PA-3060",5760.0000
Palo Alto Networks,PAN-SVC-PREM-3060-3YR,"Premium support 3-year prepaid, PA-3060",13820.0000
Palo Alto Networks,PAN-SVC-PREM-3060-3YR-R,"Premium support 3-year prepaid renewal, PA-3060",13820.0000
Palo Alto Networks,PAN-SVC-PREM-3060-5YR,"Premium support 5 year prepaid, PA-3060",23040.0000
Palo Alto Networks,PAN-SVC-PREM-3060-5YR-R,"Premium support 5 year prepaid renewal, PA-3060",23040.0000
Palo Alto Networks,PAN-SVC-PREMUSG-3060,"For US Government accounts only. Premium support year 1, PA-3060",6480.0000
Palo Alto Networks,PAN-SVC-PREMUSG-3060-R,"For US Government accounts only. Premium support year 1 renewal, PA-3060",6480.0000
Palo Alto Networks,PAN-SVC-PREMUSG-3060-3YR,"For US Government accounts only. Premium support 3-year prepaid, PA-3060",15550.0000
Palo Alto Networks,PAN-SVC-PREMUSG-3060-3YR-R,"For US Government accounts only. Premium support 3-year prepaid renewal, PA-3060",15550.0000
Palo Alto Networks,PAN-SVC-PREMUSG-3060-5YR,"For US Government accounts only. Premium support 5 year prepaid, PA-3060",25920.0000
Palo Alto Networks,PAN-SVC-PREMUSG-3060-5YR-R,"For US Government accounts only. Premium support 5 year prepaid renewal, PA-3060",25920.0000
Palo Alto Networks,PAN-SVC-PREM-4020-R,"Premium support renewal, PA-4020",5600.0000
Palo Alto Networks,PAN-SVC-PREMUSG-4020-R,"For US Government accounts only. Premium support renewal, PA-4020",6300.0000
Palo Alto Networks,PAN-SVC-PREM-4050-R,"Premium support renewal, PA-4050",9600.0000
Palo Alto Networks,PAN-SVC-PREMUSG-4050-R,"For US Government accounts only. Premium support renewal, PA-4050",10800.0000
Palo Alto Networks,PAN-SVC-PREM-4060-R,"Premium support renewal, PA-4060",12800.0000
Palo Alto Networks,PAN-SVC-PREMUSG-4060-R,"For US Government accounts only. Premium support renewal, PA-4060",14400.0000
Palo Alto Networks,PAN-SVC-PREM-5020,"Premium support year 1, PA-5020",6400.0000
Palo Alto Networks,PAN-SVC-PREM-5020-R,"Premium support renewal, PA-5020",6400.0000
Palo Alto Networks,PAN-SVC-PREM-5020-3YR,"Premium support 3-year prepaid, PA-5020",15360.0000
Palo Alto Networks,PAN-SVC-PREM-5020-3YR-R,"Premium support 3-year prepaid renewal, PA-5020",15360.0000
Palo Alto Networks,PAN-SVC-PREM-5020-5YR,"Premium support 5 year prepaid, PA-5020",25600.0000
Palo Alto Networks,PAN-SVC-PREM-5020-5YR-R,"Premium support 5 year prepaid renewal, PA-5020",25600.0000
Palo Alto Networks,PAN-SVC-PREMUSG-5020,"For US Government accounts only. Premium support year 1, PA-5020",7200.0000
Palo Alto Networks,PAN-SVC-PREMUSG-5020-R,"For US Government accounts only. Premium support renewal, PA-5020",7200.0000
,,,
Palo Alto Networks,PAN-SVC-PREMUSG-5020-3YR,"For US Government accounts only. Premium support 3-year prepaid, PA-5020",17280.0000
Palo Alto Networks,PAN-SVC-PREMUSG-5020-3YR-R,"For US Government accounts only. Premium support 3-year prepaid renewal, PA-5020",17280.0000
Palo Alto Networks,PAN-SVC-PREMUSG-5020-5YR,"For US Government accounts only. Premium support 5 year prepaid, PA-5020",28800.0000
Palo Alto Networks,PAN-SVC-PREMUSG-5020-5YR-R,"For US Government accounts only. Premium support 5 year prepaid renewal, PA-5020",28800.0000
Palo Alto Networks,PAN-SVC-PREM-5050,"Premium support year 1, PA-5050",11200.0000
Palo Alto Networks,PAN-SVC-PREM-5050-R,"Premium support renewal, PA-5050",11200.0000
Palo Alto Networks,PAN-SVC-PREM-5050-3YR,"Premium support 3-year prepaid, PA-5050",26880.0000
Palo Alto Networks,PAN-SVC-PREM-5050-3YR-R,"Premium support 3-year prepaid renewal, PA-5050",26880.0000
Palo Alto Networks,PAN-SVC-PREM-5050-5YR,"Premium support 5 year prepaid, PA-5050",44800.0000
Palo Alto Networks,PAN-SVC-PREM-5050-5YR-R,"Premium support 5 year prepaid renewal, PA-5050",44800.0000
Palo Alto Networks,PAN-SVC-PREMUSG-5050,"For US Government accounts only. Premium support year 1, PA-5050",12600.0000
Palo Alto Networks,PAN-SVC-PREMUSG-5050-R,"For US Government accounts only. Premium support renewal, PA-5050",12600.0000
Palo Alto Networks,PAN-SVC-PREMUSG-5050-3YR,"For US Government accounts only. Premium support 3-year prepaid, PA-5050",30240.0000
Palo Alto Networks,PAN-SVC-PREMUSG-5050-3YR-R,"For US Government accounts only. Premium support 3-year prepaid renewal, PA-5050",30240.0000
Palo Alto Networks,PAN-SVC-PREMUSG-5050-5YR,"For US Government accounts only. Premium support 5 year prepaid, PA-5050",50400.0000
Palo Alto Networks,PAN-SVC-PREMUSG-5050-5YR-R,"For US Government accounts only. Premium support 5 year prepaid renewal, PA-5050",50400.0000
Palo Alto Networks,PAN-SVC-PREM-5060,"Premium support year 1, PA-5060",20800.0000
Palo Alto Networks,PAN-SVC-PREM-5060-R,"Premium support renewal, PA-5060",20800.0000
Palo Alto Networks,PAN-SVC-PREM-5060-3YR,"Premium support 3-year prepaid, PA-5060",49920.0000
Palo Alto Networks,PAN-SVC-PREM-5060-3YR-R,"Premium support 3-year prepaid renewal, PA-5060",49920.0000
Palo Alto Networks,PAN-SVC-PREM-5060-5YR,"Premium support 5 year prepaid, PA-5060",83200.0000
Palo Alto Networks,PAN-SVC-PREM-5060-5YR-R,"Premium support 5 year prepaid renewal, PA-5060",83200.0000
Palo Alto Networks,PAN-SVC-PREMUSG-5060,"For US Government accounts only. Premium support year 1, PA-5060",23400.0000
Palo Alto Networks,PAN-SVC-PREMUSG-5060-R,"For US Government accounts only. Premium support renewal, PA-5060",23400.0000
Palo Alto Networks,PAN-SVC-PREMUSG-5060-3YR,"For US Government accounts only. Premium support 3-year prepaid, PA-5060",56160.0000
Palo Alto Networks,PAN-SVC-PREMUSG-5060-3YR-R,"For US Government accounts only. Premium support 3-year prepaid renewal, PA-5060",56160.0000
Palo Alto Networks,PAN-SVC-PREMUSG-5060-5YR,"For US Government accounts only. Premium support 5 year prepaid, PA-5060",93600.0000
Palo Alto Networks,PAN-SVC-PREMUSG-5060-5YR-R,"For US Government accounts only. Premium support 5 year prepaid renewal, PA-5060",93600.0000
Palo Alto Networks,PAN-SVC-PREM-5220,"Premium support year 1, PA-5220",8000.0000
Palo Alto Networks,PAN-SVC-PREM-5220-R,"Premium support renewal, PA-5220",8000.0000
Palo Alto Networks,PAN-SVC-PREM-5220-3YR,"Premium support 3-year prepaid, PA-5220",19200.0000
Palo Alto Networks,PAN-SVC-PREM-5220-3YR-R,"Premium support 3-year prepaid renewal, PA-5220",19200.0000
Palo Alto Networks,PAN-SVC-PREM-5220-5YR,"Premium support 5 year prepaid, PA-5220",32000.0000
Palo Alto Networks,PAN-SVC-PREM-5220-5YR-R,"Premium support 5 year prepaid renewal, PA-5220",32000.0000
Palo Alto Networks,PAN-SVC-PREMUSG-5220,"For US Government accounts only. Premium support year 1, PA-5220",9000.0000
Palo Alto Networks,PAN-SVC-PREMUSG-5220-R,"For US Government accounts only. Premium support renewal, PA-5220",9000.0000
Palo Alto Networks,PAN-SVC-PREMUSG-5220-3YR,"For US Government accounts only. Premium support 3-year prepaid, PA-5220",21600.0000
Palo Alto Networks,PAN-SVC-PREMUSG-5220-3YR-R,"For US Government accounts only. Premium support 3-year prepaid renewal, PA-5220",21600.0000
Palo Alto Networks,PAN-SVC-PREMUSG-5220-5YR,"For US Government accounts only. Premium support 5 year prepaid, PA-5220",36000.0000
Palo Alto Networks,PAN-SVC-PREMUSG-5220-5YR-R,"For US Government accounts only. Premium support 5 year prepaid renewal, PA-5220",36000.0000
Palo Alto Networks,PAN-SVC-PREM-5250,"Premium support year 1, PA-5250",16000.0000
Palo Alto Networks,PAN-SVC-PREM-5250-R,"Premium support renewal, PA-5250",16000.0000
Palo Alto Networks,PAN-SVC-PREM-5250-3YR,"Premium support 3-year prepaid, PA-5250",38400.0000
Palo Alto Networks,PAN-SVC-PREM-5250-3YR-R,"Premium support 3-year prepaid renewal, PA-5250",38400.0000
Palo Alto Networks,PAN-SVC-PREM-5250-5YR,"Premium support 5 year prepaid, PA-5250",64000.0000
Palo Alto Networks,PAN-SVC-PREM-5250-5YR-R,"Premium support 5 year prepaid renewal, PA-5250",64000.0000
Palo Alto Networks,PAN-SVC-PREMUSG-5250,"For US Government accounts only. Premium support year 1, PA-5250",18000.0000
Palo Alto Networks,PAN-SVC-PREMUSG-5250-R,"For US Government accounts only. Premium support renewal, PA-5250",18000.0000
Palo Alto Networks,PAN-SVC-PREMUSG-5250-3YR,"For US Government accounts only. Premium support 3-year prepaid, PA-5250",43200.0000
Palo Alto Networks,PAN-SVC-PREMUSG-5250-3YR-R,"For US Government accounts only. Premium support 3-year prepaid renewal, PA-5250",43200.0000
Palo Alto Networks,PAN-SVC-PREMUSG-5250-5YR,"For US Government accounts only. Premium support 5 year prepaid, PA-5250",72000.0000
Palo Alto Networks,PAN-SVC-PREMUSG-5250-5YR-R,"For US Government accounts only. Premium support 5 year prepaid renewal, PA-5250",72000.0000
Palo Alto Networks,PAN-SVC-PREM-5260,"Premium support year 1, PA-5260",28800.0000
Palo Alto Networks,PAN-SVC-PREM-5260-R,"Premium support renewal, PA-5260",28800.0000
Palo Alto Networks,PAN-SVC-PREM-5260-3YR,"Premium support 3-year prepaid, PA-5260",69120.0000
Palo Alto Networks,PAN-SVC-PREM-5260-3YR-R,"Premium support 3-year prepaid renewal, PA-5260",69120.0000
Palo Alto Networks,PAN-SVC-PREM-5260-5YR,"Premium support 5 year prepaid, PA-5260",115200.0000
Palo Alto Networks,PAN-SVC-PREM-5260-5YR-R,"Premium support 5 year prepaid renewal, PA-5260",115200.0000
Palo Alto Networks,PAN-SVC-PREMUSG-5260,"For US Government accounts only. Premium support year 1, PA-5260",32400.0000
Palo Alto Networks,PAN-SVC-PREMUSG-5260-R,"For US Government accounts only. Premium support renewal, PA-5260",32400.0000
Palo Alto Networks,PAN-SVC-PREMUSG-5260-3YR,"For US Government accounts only. Premium support 3-year prepaid, PA-5260",77760.0000
Palo Alto Networks,PAN-SVC-PREMUSG-5260-3YR-R,"For US Government accounts only. Premium support 3-year prepaid renewal, PA-5260",77760.0000
Palo Alto Networks,PAN-SVC-PREMUSG-5260-5YR,"For US Government accounts only. Premium support 5 year prepaid, PA-5260",129600.0000
Palo Alto Networks,PAN-SVC-PREMUSG-5260-5YR-R,"For US Government accounts only. Premium support 5 year prepaid renewal, PA-5260",129600.0000
Palo Alto Networks,PAN-SVC-PREM-7050,"Premium support year 1, PA-7050",48000.0000
Palo Alto Networks,PAN-SVC-PREM-7050-R,"Premium support year 1 renewal, PA-7050",48000.0000
Palo Alto Networks,PAN-SVC-PREM-7050-3YR,"Premium support 3-year prepaid, PA-7050",115200.0000
Palo Alto Networks,PAN-SVC-PREM-7050-3YR-R,"Premium support 3-year prepaid renewal, PA-7050",115200.0000
Palo Alto Networks,PAN-SVC-PREM-7050-5YR,"Premium support 5 year prepaid, PA-7050",192000.0000
Palo Alto Networks,PAN-SVC-PREM-7050-5YR-R,"Premium support 5 year prepaid renewal, PA-7050",192000.0000
Palo Alto Networks,PAN-SVC-PREMUSG-7050,"For US Government accounts only. Premium support year 1, PA-7050",54000.0000
Palo Alto Networks,PAN-SVC-PREMUSG-7050-R,"For US Government accounts only. Premium support year 1 renewal, PA-7050",54000.0000
Palo Alto Networks,PAN-SVC-PREMUSG-7050-3YR,"For US Government accounts only. Premium support 3-year prepaid, PA-7050",129600.0000
Palo Alto Networks,PAN-SVC-PREMUSG-7050-3YR-R,"For US Government accounts only. Premium support 3-year prepaid renewal, PA-7050",129600.0000
Palo Alto Networks,PAN-SVC-PREMUSG-7050-5YR,"For US Government accounts only. Premium support 5 year prepaid, PA-7050",216000.0000
Palo Alto Networks,PAN-SVC-PREMUSG-7050-5YR-R,"For US Government accounts only. Premium support 5 year prepaid renewal, PA-7050",216000.0000
Palo Alto Networks,PAN-SVC-PREM-7080,"Premium support year 1, PA-7080",60000.0000
Palo Alto Networks,PAN-SVC-PREM-7080-R,"Premium support year 1 renewal, PA-7080",60000.0000
Palo Alto Networks,PAN-SVC-PREM-7080-3YR,"Premium support 3-year prepaid, PA-7080",144000.0000
Palo Alto Networks,PAN-SVC-PREM-7080-3YR-R,"Premium support 3-year prepaid renewal, PA-7080",144000.0000
Palo Alto Networks,PAN-SVC-PREM-7080-5YR,"Premium support 5 year prepaid, PA-7080",240000.0000
Palo Alto Networks,PAN-SVC-PREM-7080-5YR-R,"Premium support 5 year prepaid renewal, PA-7080",240000.0000
Palo Alto Networks,PAN-SVC-PREMUSG-7080,"For US Government accounts only. Premium support 1 year, PA-7080",67500.0000
Palo Alto Networks,PAN-SVC-PREMUSG-7080-R,"For US Government accounts only. Premium support 1 year renewal, PA-7080",67500.0000
Palo Alto Networks,PAN-SVC-PREMUSG-7080-3YR,"For US Government accounts only. Premium support 3 year prepaid, PA-7080",162000.0000
Palo Alto Networks,PAN-SVC-PREMUSG-7080-3YR-R,"For US Government accounts only. Premium support 3 year prepaid renewal, PA-7080",162000.0000
Palo Alto Networks,PAN-SVC-PREMUSG-7080-5YR,"For US Government accounts only. Premium support 5 year prepaid, PA-7080",270000.0000
Palo Alto Networks,PAN-SVC-PREMUSG-7080-5YR-R,"For US Government accounts only. Premium support 5 year prepaid renewal, PA-7080",270000.0000
Palo Alto Networks,PAN-SVC-PREM-PRA-25,"Premium support year 1, Panorama 25 devices",1600.0000
Palo Alto Networks,PAN-SVC-PREM-PRA-25-R,"Premium support renewal, Panorama 25 devices",1600.0000
Palo Alto Networks,PAN-SVC-PREM-PRA-25-3YR,"Premium support 3 year prepaid, Panorama 25 devices",3800.0000
Palo Alto Networks,PAN-SVC-PREM-PRA-25-3YR-R,"Premium support 3 year prepaid renewal, Panorama 25 devices",3800.0000
Palo Alto Networks,PAN-SVC-PREM-PRA-25-5YR,"Premium support 5 year prepaid, Panorama 25 devices",6400.0000
Palo Alto Networks,PAN-SVC-PREM-PRA-25-5YR-R,"Premium support 5 year prepaid renewal, Panorama 25 devices",6400.0000
Palo Alto Networks,PAN-SVC-PREMUSG-PRA-25,"For US Government accounts only. Premium support year 1, Panorama 25 devices",1800.0000
Palo Alto Networks,PAN-SVC-PREMUSG-PRA-25-R,"For US Government accounts only. Premium support renewal, Panorama 25 devices",1800.0000
,,,
Palo Alto Networks,PAN-SVC-PREMUSG-PRA-25-3YR,For US Government accounts only. Premium support,4280.0000
Palo Alto Networks,PAN-SVC-PREMUSG-PRA-25-3YR-R,For US Government accounts only. Premium support,4280.0000
Palo Alto Networks,PAN-SVC-PREMUSG-PRA-25-5YR,"For US Government accounts only. Premium support 5 year prepaid, Panorama 25 devices",7200.0000
Palo Alto Networks,PAN-SVC-PREMUSG-PRA-25-5YR-R,"For US Government accounts only. Premium support 5 year prepaid renewal, Panorama 25 devices",7200.0000
Palo Alto Networks,PAN-SVC-PREM-PRA-100,"Premium support year 1, Panorama 100 devices",4000.0000
Palo Alto Networks,PAN-SVC-PREM-PRA-100-R,"Premium support renewal, Panorama 100 devices",4000.0000
Palo Alto Networks,PAN-SVC-PREM-PRA-100-3YR,"Premium support 3 year prepaid, Panorama 100 devices",9500.0000
Palo Alto Networks,PAN-SVC-PREM-PRA-100-3YR-R,"Premium support 3 year prepaid renewal, Panorama 100 devices",9500.0000
Palo Alto Networks,PAN-SVC-PREM-PRA-100-5YR,"Premium support 5 year prepaid, Panorama 100 devices",16000.0000
Palo Alto Networks,PAN-SVC-PREM-PRA-100-5YR-R,"Premium support 5 year prepaid renewal, Panorama 100 devices",16000.0000
Palo Alto Networks,PAN-SVC-PREMUSG-PRA-100,"For US Government accounts only. Premium support year 1, Panorama 100 devices",4500.0000
Palo Alto Networks,PAN-SVC-PREMUSG-PRA-100-R,"For US Government accounts only. Premium support renewal, Panorama 100 devices",4500.0000
Palo Alto Networks,PAN-SVC-PREMUSG-PRA-100-3YR,For US Government accounts only. Premium support,10690.0000
Palo Alto Networks,PAN-SVC-PREMUSG-PRA-100-3YR-R,For US Government accounts only. Premium support,10690.0000
Palo Alto Networks,PAN-SVC-PREMUSG-PRA-100-5YR,"For US Government accounts only. Premium support 5 year prepaid, Panorama 100 devices",18000.0000
Palo Alto Networks,PAN-SVC-PREMUSG-PRA-100-5YR-R,"For US Government accounts only. Premium support 5 year prepaid renewal, Panorama 100 devices",18000.0000
Palo Alto Networks,PAN-SVC-PREM-PRA-1K,"Premium support year 1, Panorama 1000 devices",12000.0000
Palo Alto Networks,PAN-SVC-PREM-PRA-1K-R,"Premium support renewal, Panorama 1000 devices",12000.0000
Palo Alto Networks,PAN-SVC-PREM-PRA-1K-3YR,"Premium support 3 year prepaid, Panorama 1000 devices",28500.0000
Palo Alto Networks,PAN-SVC-PREM-PRA-1K-3YR-R,"Premium support 3 year prepaid renewal, Panorama 1000 devices",28500.0000
Palo Alto Networks,PAN-SVC-PREM-PRA-1K-5YR,"Premium support 5 year prepaid, Panorama 1000 devices",48000.0000
Palo Alto Networks,PAN-SVC-PREM-PRA-1K-5YR-R,"Premium support 5 year prepaid renewal, Panorama 1000 devices",48000.0000
Palo Alto Networks,PAN-SVC-PREMUSG-PRA-1K,"For US Government accounts only. Premium support year 1, Panorama 1000 devices",13500.0000
Palo Alto Networks,PAN-SVC-PREMUSG-PRA-1K-R,"For US Government accounts only. Premium support renewal, Panorama 1000 devices",13500.0000
Palo Alto Networks,PAN-SVC-PREMUSG-PRA-1K-3YR,For US Government accounts only. Premium support,32070.0000
Palo Alto Networks,PAN-SVC-PREMUSG-PRA-1K-3YR-R,For US Government accounts only. Premium support,32070.0000
Palo Alto Networks,PAN-SVC-PREMUSG-PRA-1K-5YR,"For US Government accounts only. Premium support 5 year prepaid, Panorama 1000 devices",54000.0000
Palo Alto Networks,PAN-SVC-PREMUSG-PRA-1K-5YR-R,"For US Government accounts only. Premium support 5 year prepaid renewal, Panorama 1000 devices",54000.0000
Palo Alto Networks,PAN-SVC-PREM-VM-100,"Premium support year 1, VM-100",540.0000
Palo Alto Networks,PAN-SVC-PREM-VM-100-R,"Premium support year 1 renewal, VM-100",540.0000
Palo Alto Networks,PAN-SVC-PREM-VM-100-3YR,"Premium support 3-year prepaid, VM-100",1300.0000
Palo Alto Networks,PAN-SVC-PREM-VM-100-3YR-R,"Premium support 3-year prepaid renewal, VM-100",1300.0000
Palo Alto Networks,PAN-SVC-PREM-VM-100-5YR,"Premium support 5 year prepaid, VM-100",2160.0000
Palo Alto Networks,PAN-SVC-PREM-VM-100-5YR-R,"Premium support 5 year prepaid renewal, VM-100",2160.0000
Palo Alto Networks,PAN-SVC-PREMUSG-VM-100,"For US Government accounts only. Premium support year 1, VM-100",610.0000
Palo Alto Networks,PAN-SVC-PREMUSG-VM-100-R,"For US Government accounts only. Premium support year 1 renewal, VM-100",610.0000
Palo Alto Networks,PAN-SVC-PREMUSG-VM-100-3YR,"For US Government accounts only. Premium support 3-year prepaid, VM-100",1470.0000
Palo Alto Networks,PAN-SVC-PREMUSG-VM-100-3YR-R,"For US Government accounts only. Premium support 3-year prepaid renewal, VM-100",1470.0000
Palo Alto Networks,PAN-SVC-PREMUSG-VM-100-5YR,"For US Government accounts only. Premium support 5 year prepaid, VM-100",2430.0000
Palo Alto Networks,PAN-SVC-PREMUSG-VM-100-5YR-R,"For US Government accounts only. Premium support 5 year prepaid renewal, VM-100",2430.0000
Palo Alto Networks,PAN-SVC-PREM-VM-100-ENT,"Premium support year 1, VM-100-ENT",9000.0000
Palo Alto Networks,PAN-SVC-PREM-VM-100-ENT-R,"Premium support year 1 renewal, VM-100-ENT",9000.0000
Palo Alto Networks,PAN-SVC-PREM-VM-100-ENT-3YR,"Premium support 3-year prepaid, VM-100-ENT",21600.0000
Palo Alto Networks,PAN-SVC-PREM-VM-100-ENT-3YR-R,"Premium support 3-year prepaid renewal, VM-100-ENT",21600.0000
Palo Alto Networks,PAN-SVC-PREM-VM-100-ENT-5YR,"Premium support 5 year prepaid, VM-100-ENT",36000.0000
Palo Alto Networks,PAN-SVC-PREM-VM-100-ENT-5YR-R,"Premium support 5 year prepaid renewal, VM-100-ENT",36000.0000
Palo Alto Networks,PAN-SVC-PREMUSG-VM-100-ENT,"For US Government accounts only. Premium support year 1, VM-100-ENT",10130.0000
Palo Alto Networks,PAN-SVC-PREMUSG-VM-100-ENT-R,"For US Government accounts only. Premium support year 1 renewal, VM-100-ENT",10130.0000
Palo Alto Networks,PAN-SVC-PREMUSG-VM-100-ENT-3YR,"For US Government accounts only. Premium support 3-year prepaid, VM-100-ENT",24300.0000
Palo Alto Networks,PAN-SVC-PREMUSG-VM-100-ENT-3YR-R,"For US Government accounts only. Premium support 3-year prepaid renewal, VM-100-ENT",24300.0000
Palo Alto Networks,PAN-SVC-PREMUSG-VM-100-ENT-5YR,"For US Government accounts only. Premium support 5 year prepaid, VM-100-ENT",40500.0000
Palo Alto Networks,PAN-SVC-PREMUSG-VM-100-ENT-5YR-R,"For US Government accounts only. Premium support 5 year prepaid renewal, VM-100-ENT",40500.0000
Palo Alto Networks,PAN-SVC-PREM-VM-200,"Premium support year 1, VM-200",810.0000
Palo Alto Networks,PAN-SVC-PREM-VM-200-R,"Premium support year 1 renewal, VM-200",810.0000
Palo Alto Networks,PAN-SVC-PREM-VM-200-3YR,"Premium support 3-year prepaid, VM-200",1940.0000
Palo Alto Networks,PAN-SVC-PREM-VM-200-3YR-R,"Premium support 3-year prepaid renewal, VM-200",1940.0000
Palo Alto Networks,PAN-SVC-PREM-VM-200-5YR,"Premium support 5 year prepaid, VM-200",3240.0000
Palo Alto Networks,PAN-SVC-PREM-VM-200-5YR-R,"Premium support 5 year prepaid renewal, VM-200",3240.0000
Palo Alto Networks,PAN-SVC-PREMUSG-VM-200,"For US Government accounts only. Premium support year 1, VM-200",920.0000
Palo Alto Networks,PAN-SVC-PREMUSG-VM-200-R,"For US Government accounts only. Premium support year 1 renewal, VM-200",920.0000
Palo Alto Networks,PAN-SVC-PREMUSG-VM-200-3YR,"For US Government accounts only. Premium support 3-year prepaid, VM-200",2190.0000
Palo Alto Networks,PAN-SVC-PREMUSG-VM-200-3YR-R,"For US Government accounts only. Premium support 3-year prepaid renewal, VM-200",2190.0000
Palo Alto Networks,PAN-SVC-PREMUSG-VM-200-5YR,"For US Government accounts only. Premium support 5 year prepaid, VM-200",3650.0000
Palo Alto Networks,PAN-SVC-PREMUSG-VM-200-5YR-R,"For US Government accounts only. Premium support 5 year prepaid renewal, VM-200",3650.0000
Palo Alto Networks,PAN-SVC-PREM-VM-200-ENT,"Premium support year 1, VM-200-ENT",13500.0000
Palo Alto Networks,PAN-SVC-PREM-VM-200-ENT-R,"Premium support year 1 renewal, VM-200-ENT",13500.0000
Palo Alto Networks,PAN-SVC-PREM-VM-200-ENT-3YR,"Premium support 3-year prepaid, VM-200-ENT",32400.0000
Palo Alto Networks,PAN-SVC-PREM-VM-200-ENT-3YR-R,"Premium support 3-year prepaid renewal, VM-200-ENT",32400.0000
Palo Alto Networks,PAN-SVC-PREM-VM-200-ENT-5YR,"Premium support 5 year prepaid, VM-200-ENT",54000.0000
Palo Alto Networks,PAN-SVC-PREM-VM-200-ENT-5YR-R,"Premium support 5 year prepaid renewal, VM-200-ENT",54000.0000
Palo Alto Networks,PAN-SVC-PREMUSG-VM-200-ENT,"For US Government accounts only. Premium support year 1, VM-200-ENT",15190.0000
Palo Alto Networks,PAN-SVC-PREMUSG-VM-200-ENT-R,"For US Government accounts only. Premium support year 1 renewal, VM-200-ENT",15190.0000
Palo Alto Networks,PAN-SVC-PREMUSG-VM-200-ENT-3YR,"For US Government accounts only. Premium support 3-year prepaid, VM-200-ENT",36450.0000
Palo Alto Networks,PAN-SVC-PREMUSG-VM-200-ENT-3YR-R,"For US Government accounts only. Premium support 3-year prepaid renewal, VM-200-ENT",36450.0000
Palo Alto Networks,PAN-SVC-PREMUSG-VM-200-ENT-5YR,"For US Government accounts only. Premium support 5 year prepaid, VM-200-ENT",60750.0000
Palo Alto Networks,PAN-SVC-PREMUSG-VM-200-ENT-5YR-R,"For US Government accounts only. Premium support 5 year prepaid renewal, VM-200-ENT",60750.0000
Palo Alto Networks,PAN-SVC-PREM-VM-300,"Premium support year 1, VM-300",1080.0000
Palo Alto Networks,PAN-SVC-PREM-VM-300-R,"Premium support year 1 renewal, VM-300",1080.0000
Palo Alto Networks,PAN-SVC-PREM-VM-300-3YR,"Premium support 3-year prepaid, VM-300",2600.0000
Palo Alto Networks,PAN-SVC-PREM-VM-300-3YR-R,"Premium support 3-year prepaid renewal, VM-300",2600.0000
Palo Alto Networks,PAN-SVC-PREM-VM-300-5YR,"Premium support 5 year prepaid, VM-300",4320.0000
Palo Alto Networks,PAN-SVC-PREM-VM-300-5YR-R,"Premium support 5 year prepaid renewal, VM-300",4320.0000
Palo Alto Networks,PAN-SVC-PREMUSG-VM-300,"For US Government accounts only. Premium support year 1, VM-300",1220.0000
Palo Alto Networks,PAN-SVC-PREMUSG-VM-300-R,"For US Government accounts only. Premium support year 1 renewal, VM-300",1220.0000
Palo Alto Networks,PAN-SVC-PREMUSG-VM-300-3YR,"For US Government accounts only. Premium support 3-year prepaid, VM-300",2930.0000
Palo Alto Networks,PAN-SVC-PREMUSG-VM-300-3YR-R,"For US Government accounts only. Premium support 3-year prepaid renewal, VM-300",2930.0000
Palo Alto Networks,PAN-SVC-PREMUSG-VM-300-5YR,"For US Government accounts only. Premium support 5 year prepaid, VM-300",4860.0000
Palo Alto Networks,PAN-SVC-PREMUSG-VM-300-5YR-R,"For US Government accounts only. Premium support 5 year prepaid renewal, VM-300",4860.0000
Palo Alto Networks,PAN-SVC-PREM-VM-300-ENT,"Premium support year 1, VM-300-ENT",18000.0000
Palo Alto Networks,PAN-SVC-PREM-VM-300-ENT-R,"Premium support year 1 renewal, VM-300-ENT",18000.0000
Palo Alto Networks,PAN-SVC-PREM-VM-300-ENT-3YR,"Premium support 3-year prepaid, VM-300-ENT",43000.0000
Palo Alto Networks,PAN-SVC-PREM-VM-300-ENT-3YR-R,"Premium support 3-year prepaid renewal, VM-300-ENT",43000.0000
Palo Alto Networks,PAN-SVC-PREM-VM-300-ENT-5YR,"Premium support 5 year prepaid, VM-300-ENT",72000.0000
Palo Alto Networks,PAN-SVC-PREM-VM-300-ENT-5YR-R,"Premium support 5 year prepaid renewal, VM-300-ENT",72000.0000
Palo Alto Networks,PAN-SVC-PREMUSG-VM-300-ENT,"For US Government accounts only. Premium support year 1, VM-300-ENT",20250.0000
Palo Alto Networks,PAN-SVC-PREMUSG-VM-300-ENT-R,"For US Government accounts only. Premium support year 1 renewal, VM-300-ENT",20250.0000
,,,
Palo Alto Networks,PAN-SVC-PREMUSG-VM-300-ENT-3YR,"For US Government accounts only. Premium support 3-year prepaid, VM-300-ENT",48380.0000
Palo Alto Networks,PAN-SVC-PREMUSG-VM-300-ENT-3YR-R,"For US Government accounts only. Premium support 3-year prepaid renewal, VM-300-ENT",48380.0000
Palo Alto Networks,PAN-SVC-PREMUSG-VM-300-ENT-5YR,"For US Government accounts only. Premium support 5 year prepaid, VM-300-ENT",81000.0000
Palo Alto Networks,PAN-SVC-PREMUSG-VM-300-ENT-5YR-R,"For US Government accounts only. Premium support 5 year prepaid renewal, VM-300-ENT",81000.0000
Palo Alto Networks,PAN-SVC-PREM-VM-1000-HV,"Premium support year 1, VM-1000-HV",1350.0000
Palo Alto Networks,PAN-SVC-PREM-VM-1000-HV-R,"Premium support year 1 renewal, VM-1000-HV",1350.0000
Palo Alto Networks,PAN-SVC-PREM-VM-1000-HV-3YR,"Premium support 3-year prepaid, VM-1000-HV",3250.0000
Palo Alto Networks,PAN-SVC-PREM-VM-1000-HV-3YR-R,"Premium support 3-year prepaid renewal, VM-1000-HV",3250.0000
Palo Alto Networks,PAN-SVC-PREM-VM-1000-HV-5YR,"Premium support 5 year prepaid, VM-1000-HV",5400.0000
Palo Alto Networks,PAN-SVC-PREM-VM-1000-HV-5YR-R,"Premium support 5 year prepaid renewal, VM-1000-HV",5400.0000
Palo Alto Networks,PAN-SVC-PREMUSG-VM-1000-HV,"For US Government accounts only. Premium support year 1, VM-1000-HV",1520.0000
Palo Alto Networks,PAN-SVC-PREMUSG-VM-1000-HV-R,"For US Government accounts only. Premium support year 1 renewal, VM-1000-HV",1520.0000
Palo Alto Networks,PAN-SVC-PREMUSG-VM-1000-HV-3YR,"For US Government accounts only. Premium support 3-year prepaid, VM-1000-HV",3660.0000
Palo Alto Networks,PAN-SVC-PREMUSG-VM-1000-HV-3YR-R,"For US Government accounts only. Premium support 3-year prepaid renewal, VM-1000-HV",3660.0000
Palo Alto Networks,PAN-SVC-PREMUSG-VM-1000-HV-5YR,"For US Government accounts only. Premium support 5 year prepaid, VM-1000-HV",6080.0000
Palo Alto Networks,PAN-SVC-PREMUSG-VM-1000-HV-5YR-R,"For US Government accounts only. Premium support 5 year prepaid renewal, VM-1000-HV",6080.0000
Palo Alto Networks,PAN-SVC-PREM-VM-1000-HV-ENT,"Premium support year 1, VM-1000-HV-ENT",22500.0000
Palo Alto Networks,PAN-SVC-PREM-VM-1000-HV-ENT-R,"Premium support year 1 renewal, VM-1000-HV-ENT",22500.0000
Palo Alto Networks,PAN-SVC-PREM-VM-1000-HV-ENT-3YR,"Premium support 3-year prepaid, VM-1000-HV-ENT",54000.0000
Palo Alto Networks,PAN-SVC-PREM-VM-1000-HV-ENT-3YR-R,"Premium support 3-year prepaid renewal, VM-1000-HV-ENT",54000.0000
Palo Alto Networks,PAN-SVC-PREM-VM-1000-HV-ENT-5YR,"Premium support 5 year prepaid, VM-1000-HV-ENT",90000.0000
Palo Alto Networks,PAN-SVC-PREM-VM-1000-HV-ENT-5YR-R,"Premium support 5 year prepaid renewal, VM-1000-HV-ENT",90000.0000
Palo Alto Networks,PAN-SVC-PREMUSG-VM-1000-HV-ENT,"For US Government accounts only. Premium support year 1, VM-1000-HV-ENT",25320.0000
Palo Alto Networks,PAN-SVC-PREMUSG-VM-1000-HV-ENT-R,"For US Government accounts only. Premium support year 1 renewal, VM-1000-HV-ENT",25320.0000
Palo Alto Networks,PAN-SVC-PREMUSG-VM-1000-HV-ENT-3YR,"For US Government accounts only. Premium support 3-year prepaid, VM-1000-HV-ENT",60750.0000
Palo Alto Networks,PAN-SVC-PREMUSG-VM-1000-HV-ENT-3YR-R,"For US Government accounts only. Premium support 3-year prepaid renewal, VM-1000-HV-ENT",60750.0000
Palo Alto Networks,PAN-SVC-PREMUSG-VM-1000-HV-ENT-5YR,"For US Government accounts only. Premium support 5 year prepaid, VM-1000-HV-ENT",101250.0000
Palo Alto Networks,PAN-SVC-PREMUSG-VM-1000-HV-ENT-5YR-R,"For US Government accounts only. Premium support 5 year prepaid renewal, VM-1000-HV-ENT",101250.0000
Palo Alto Networks,PAN-SVC-PREM-WF-500,"Premium support year 1, WF-500",20000.0000
Palo Alto Networks,PAN-SVC-PREM-WF-500-R,"Premium support renewal, WF-500",20000.0000
Palo Alto Networks,PAN-SVC-PREM-WF-500-3YR,"Premium support 3-year prepaid, WF-500",48000.0000
Palo Alto Networks,PAN-SVC-PREM-WF-500-3YR-R,"Premium support 3-year prepaid renewal, WF-500",48000.0000
Palo Alto Networks,PAN-SVC-PREM-WF-500-5YR,"Premium support 5-year prepaid, WF-500",80000.0000
Palo Alto Networks,PAN-SVC-PREM-WF-500-5YR-R,"Premium support 5-year prepaid renewal, WF-500",80000.0000
Palo Alto Networks,PAN-SVC-PREMUSG-WF-500,"For US Government accounts only. Premium support year 1, WF-500",22500.0000
Palo Alto Networks,PAN-SVC-PREMUSG-WF-500-R,"For US Government accounts only. Premium support renewal, WF-500",22500.0000
Palo Alto Networks,PAN-SVC-PREMUSG-WF-500-3YR,"For US Government accounts only. Premium support 3-year prepaid, WF-500",54000.0000
Palo Alto Networks,PAN-SVC-PREMUSG-WF-500-3YR-R,"For US Government accounts only. Premium support 3-year prepaid renewal, WF-500",54000.0000
Palo Alto Networks,PAN-SVC-PREMUSG-WF-500-5YR,"For US Government accounts only. Premium support 5-year prepaid, WF-500",90000.0000
Palo Alto Networks,PAN-SVC-PREMUSG-WF-500-5YR-R,"For US Government accounts only. Premium support 5-year prepaid renewal, WF-500",90000.0000
Palo Alto Networks,PAN-SVC-PREM-M-100-P-25,"Premium support year 1, Panorama M-100 25 devices or log collector",3200.0000
Palo Alto Networks,PAN-SVC-PREM-M-100-P-25-R,"Premium support renewal, Panorama M-100 25 devices or log collector",3200.0000
Palo Alto Networks,PAN-SVC-PREM-M-100-P-25-3Y,"Premium support 3-year prepaid, Panorama M-100 25 devices or log collector",7600.0000
Palo Alto Networks,PAN-SVC-PREM-M-100-P-25-3Y-R,"Premium support 3-year prepaid renewal, Panorama M-100 25 devices or log collector",7600.0000
Palo Alto Networks,PAN-SVC-PREM-M-100-P-25-5Y,"Premium support 5-year prepaid, Panorama M-100 25 devices or log collector",12800.0000
Palo Alto Networks,PAN-SVC-PREM-M-100-P-25-5Y-R,"Premium support 5-year prepaid renewal, Panorama M-100 25 devices or log collector",12800.0000
Palo Alto Networks,PAN-SVC-PREMUSG-M-100-P-25,"For US Government accounts only. Premium support year 1, Panorama M-100 25 devices or log collector",3600.0000
Palo Alto Networks,PAN-SVC-PREMUSG-M-100-P-25-R,"For US Government accounts only. Premium support renewal, Panorama M-100 25 devices or log collector",3600.0000
Palo Alto Networks,PAN-SVC-PREMUSG-M-100-P-25-3YR,"For US Government accounts only. Premium support 3-year prepaid, Panorama M-100 25 devices or log collector",8550.0000
Palo Alto Networks,PAN-SVC-PREMUSG-M-100-P-25-3YR-R,"For US Government accounts only. Premium support 3-year prepaid renewal, Panorama M-100 25 devices or log collector",8550.0000
Palo Alto Networks,PAN-SVC-PREMUSG-M-100-P-25-5YR,"For US Government accounts only. Premium support 5-year prepaid, Panorama M-100 25 devices or log collector",14400.0000
Palo Alto Networks,PAN-SVC-PREMUSG-M-100-P-25-5YR-R,"For US Government accounts only. Premium support 5-year prepaid renewal, Panorama M-100 25 devices or log collector",14400.0000
Palo Alto Networks,PAN-SVC-PREM-M-100-P-100,"Premium support year 1, Panorama M-100 100 devices",5600.0000
Palo Alto Networks,PAN-SVC-PREM-M-100-P-100-R,"Premium support renewal, Panorama M-100 100 devices",5600.0000
Palo Alto Networks,PAN-SVC-PREM-M-100-P-100-3Y,"Premium support 3-year prepaid, Panorama M-100 100 devices",13300.0000
Palo Alto Networks,PAN-SVC-PREM-M-100-P-100-3Y-R,"Premium support 3-year prepaid renewal, Panorama M-100 100 devices",13300.0000
Palo Alto Networks,PAN-SVC-PREM-M-100-P-100-5Y,"Premium support 5-year prepaid, Panorama M-100 100 devices",22400.0000
Palo Alto Networks,PAN-SVC-PREM-M-100-P-100-5Y-R,"Premium support 5-year prepaid renewal, Panorama M-100 100 devices",22400.0000
Palo Alto Networks,PAN-SVC-PREMUSG-M-100-P-100,"For US Government accounts only. Premium support year 1, Panorama M-100 100 devices",6300.0000
Palo Alto Networks,PAN-SVC-PREMUSG-M-100-P-100-R,"For US Government accounts only. Premium support renewal, Panorama M-100 100 devices",6300.0000
Palo Alto Networks,PAN-SVC-PREMUSG-M-100-P-100-3YR,"For US Government accounts only. Premium support 3-year prepaid, Panorama M-100 100 devices",14970.0000
Palo Alto Networks,PAN-SVC-PREMUSG-M-100-P-100-3YR-R,"For US Government accounts only. Premium support 3-year prepaid renewal, Panorama M-100 100 devices",14970.0000
Palo Alto Networks,PAN-SVC-PREMUSG-M-100-P-100-5YR,"For US Government accounts only. Premium support 5-year prepaid, Panorama M-100 100 devices",25200.0000
Palo Alto Networks,PAN-SVC-PREMUSG-M-100-P-100-5YR-R,"For US Government accounts only. Premium support 5-year prepaid renewal, Panorama M-100 100 devices",25200.0000
Palo Alto Networks,PAN-SVC-PREM-M-100-P-1K,"Premium support year 1, Panorama M-100 1000 devices",13600.0000
Palo Alto Networks,PAN-SVC-PREM-M-100-P-1K-R,"Premium support renewal, Panorama M-100 1000 devices",13600.0000
Palo Alto Networks,PAN-SVC-PREM-M-100-P-1K-3Y,"Premium support 3-year prepaid, Panorama M-100 1000 devices",32600.0000
Palo Alto Networks,PAN-SVC-PREM-M-100-P-1K-3Y-R,"Premium support 3-year prepaid renewal, Panorama M-100 1000 devices",32600.0000
Palo Alto Networks,PAN-SVC-PREM-M-100-P-1K-5Y,"Premium support 5-year prepaid, Panorama M-100 1000 devices",54400.0000
Palo Alto Networks,PAN-SVC-PREM-M-100-P-1K-5Y-R,"Premium support 5-year prepaid renewal, Panorama M-100 1000 devices",54400.0000
Palo Alto Networks,PAN-SVC-PREMUSG-M-100-P-1K,"For US Government accounts only. Premium support year 1, Panorama M-100 1000 devices",15300.0000
Palo Alto Networks,PAN-SVC-PREMUSG-M-100-P-1K-R,"For US Government accounts only. Premium support renewal, Panorama M-100 1000 devices",15300.0000
Palo Alto Networks,PAN-SVC-PREMUSG-M-100-P-1K-3YR,"For US Government accounts only. Premium support 3-year prepaid, Panorama M-100 1000 devices",36680.0000
Palo Alto Networks,PAN-SVC-PREMUSG-M-100-P-1K-3YR-R,"For US Government accounts only. Premium support 3-year prepaid renewal, Panorama M-100 1000 devices",36680.0000
Palo Alto Networks,PAN-SVC-PREMUSG-M-100-P-1K-5YR,"For US Government accounts only. Premium support 5-year prepaid, Panorama M-100 1000 devices",61200.0000
Palo Alto Networks,PAN-SVC-PREMUSG-M-100-P-1K-5YR-R,"For US Government accounts only. Premium support 5-year prepaid renewal, Panorama M-100 1000 devices",61200.0000
Palo Alto Networks,PAN-SVC-PREM-M-500-P-25,"Premium support, Panorama M-500 25 devices, PAN-DB Private Cloud or log collector",5600.0000
Palo Alto Networks,PAN-SVC-PREM-M-500-P-25-R,"Premium support renewal, Panorama M-500 25 devices, PAN-DB Private Cloud or log collector",5600.0000
Palo Alto Networks,PAN-SVC-PREM-M-500-P-25-3Y,"Premium support 3-year prepaid, Panorama M-500 25 devices, PAN-DB Private Cloud or log collector",13440.0000
Palo Alto Networks,PAN-SVC-PREM-M-500-P-25-3Y-R,"Premium support 3-year prepaid renewal, Panorama M-500 25 devices, PAN-DB Private Cloud or log collector",13440.0000
Palo Alto Networks,PAN-SVC-PREM-M-500-P-25-5Y,"Premium support 5-year prepaid, Panorama M-500 25 devices, PAN-DB Private Cloud or log collector",22400.0000
Palo Alto Networks,PAN-SVC-PREM-M-500-P-25-5Y-R,"Premium support 5-year prepaid renewal, Panorama M-500 25 devices, PAN-DB Private Cloud or log collector",22400.0000
Palo Alto Networks,PAN-SVC-PREMUSG-M-500-P-25,"For US Government accounts only. Premium support year 1, Panorama M-500 25 devices or log collector",6300.0000
Palo Alto Networks,PAN-SVC-PREMUSG-M-500-P-25-R,"For US Government accounts only. Premium support renewal, Panorama M-500 25 devices or log collector",6300.0000
Palo Alto Networks,PAN-SVC-PREMUSG-M-500-P-25-3YR,"For US Government accounts only. Premium support 3-year prepaid, Panorama M-500 25 devices or log collector",15120.0000
Palo Alto Networks,PAN-SVC-PREMUSG-M-500-P-25-3YR-R,"For US Government accounts only. Premium support 3-year prepaid renewal, Panorama M-500 25 devices or log collector",15120.0000
Palo Alto Networks,PAN-SVC-PREMUSG-M-500-P-25-5YR,"For US Government accounts only. Premium support 5-year prepaid, Panorama M-500 25 devices or log collector",25200.0000
Palo Alto Networks,PAN-SVC-PREMUSG-M-500-P-25-5YR-R,"For US Government accounts only. Premium support 5-year prepaid renewal, Panorama M-500 25 devices or log collector",25200.0000
Palo Alto Networks,PAN-SVC-PREM-M-500-P-100,"Premium support, Panorama M-500 100 devices",8000.0000
Palo Alto Networks,PAN-SVC-PREM-M-500-P-100-R,"Premium support renewal, Panorama M-500 100 devices",8000.0000
Palo Alto Networks,PAN-SVC-PREM-M-500-P-100-3Y,"Premium support 3-year prepaid, Panorama M-500 100 devices",19200.0000
Palo Alto Networks,PAN-SVC-PREM-M-500-P-100-3Y-R,"Premium support 3-year prepaid renewal, Panorama M-500 100 devices",19200.0000
,,,
Palo Alto Networks,PAN-SVC-PREM-M-500-P-100-5Y,"Premium support 5-year prepaid, Panorama M-500 100 devices",32000.0000
Palo Alto Networks,PAN-SVC-PREM-M-500-P-100-5Y-R,"Premium support 5-year prepaid renewal, Panorama M-500 100 devices",32000.0000
Palo Alto Networks,PAN-SVC-PREMUSG-M-500-P-100,"For US Government accounts only. Premium support year 1, Panorama M-500 100 devices",9000.0000
Palo Alto Networks,PAN-SVC-PREMUSG-M-500-P-100-R,"For US Government accounts only. Premium support renewal, Panorama M-500 100 devices",9000.0000
Palo Alto Networks,PAN-SVC-PREMUSG-M-500-P-100-3YR,"For US Government accounts only. Premium support 3-year prepaid, Panorama M-500 100 devices",21600.0000
Palo Alto Networks,PAN-SVC-PREMUSG-M-500-P-100-3YR-R,"For US Government accounts only. Premium support 3-year prepaid renewal, Panorama M-500 100 devices",21600.0000
Palo Alto Networks,PAN-SVC-PREMUSG-M-500-P-100-5YR,"For US Government accounts only. Premium support 5-year prepaid, Panorama M-500 100 devices",36000.0000
Palo Alto Networks,PAN-SVC-PREMUSG-M-500-P-100-5YR-R,"For US Government accounts only. Premium support 5-year prepaid renewal, Panorama M-500 100 devices",36000.0000
Palo Alto Networks,PAN-SVC-PREM-M-500-P-1K,"Premium support, Panorama M-500 1K devices",16000.0000
Palo Alto Networks,PAN-SVC-PREM-M-500-P-1K-R,"Premium support renewal, Panorama M-500 1K devices",16000.0000
Palo Alto Networks,PAN-SVC-PREM-M-500-P-1K-3Y,"Premium support 3-year prepaid, Panorama M-500 1K devices",38400.0000
Palo Alto Networks,PAN-SVC-PREM-M-500-P-1K-3Y-R,"Premium support 3-year prepaid renewal, Panorama M-500 1K devices",38400.0000
Palo Alto Networks,PAN-SVC-PREM-M-500-P-1K-5Y,"Premium support 5-year prepaid, Panorama M-500 1K devices",64000.0000
Palo Alto Networks,PAN-SVC-PREM-M-500-P-1K-5Y-R,"Premium support 5-year prepaid renewal, Panorama M-500 1K devices",64000.0000
Palo Alto Networks,PAN-SVC-PREMUSG-M-500-P-1K,"For US Government accounts only. Premium support year 1, Panorama M-500 1000 devices",18000.0000
Palo Alto Networks,PAN-SVC-PREMUSG-M-500-P-1K-R,"For US Government accounts only. Premium support renewal, Panorama M-500 1000 devices",18000.0000
Palo Alto Networks,PAN-SVC-PREMUSG-M-500-P-1K-3YR,"For US Government accounts only. Premium support 3-year prepaid, Panorama M-500 1000 devices",43200.0000
Palo Alto Networks,PAN-SVC-PREMUSG-M-500-P-1K-3YR-R,"For US Government accounts only. Premium support 3-year prepaid renewal, Panorama M-500 1000 devices",43200.0000
Palo Alto Networks,PAN-SVC-PREMUSG-M-500-P-1K-5YR,"For US Government accounts only. Premium support 5-year prepaid, Panorama M-500 1000 devices",72000.0000
Palo Alto Networks,PAN-SVC-PREMUSG-M-500-P-1K-5YR-R,"For US Government accounts only. Premium support 5-year prepaid renewal, Panorama M-500 1000 devices",72000.0000
Palo Alto Networks,PAN-SVC-PREM-GP-100-R,"Premium Support renewal, GP-100 500 Devices",4000.0000
Palo Alto Networks,PAN-SVC-PREM-GP-100-3YR-R,"Premium Support 3-year prepaid renewal, GP-100 500 Devices",9600.0000
Palo Alto Networks,PAN-SVC-PREM-GP-100-1K-R,"Premium Support renewal, GP-100 1K Devices",6400.0000
Palo Alto Networks,PAN-SVC-PREM-GP-100-1K-3YR-R,"Premium Support 3-year prepaid renewal, GP-100 1K Devices",15360.0000
Palo Alto Networks,PAN-SVC-PREM-GP-100-2K-R,"Premium Support renewal, GP-100 2K Devices",9600.0000
Palo Alto Networks,PAN-SVC-PREM-GP-100-2K-3YR-R,"Premium Support 3-year prepaid renewal, GP-100 2K Devices",23040.0000
Palo Alto Networks,PAN-SVC-PREM-GP-100-5K-R,"Premium Support renewal, GP-100 5K Devices",16800.0000
Palo Alto Networks,PAN-SVC-PREM-GP-100-5K-3YR-R,"Premium Support 3-year prepaid renewal, GP-100 5K Devices",40320.0000
Palo Alto Networks,PAN-SVC-PREM-GP-100-10K-R,"Premium Support renewal, GP-100 10K Devices",29600.0000
Palo Alto Networks,PAN-SVC-PREM-GP-100-10K-3YR-R,"Premium Support 3-year prepaid renewal, GP-100 10K Devices",71040.0000
Palo Alto Networks,PAN-SVC-PREM-GP-100-25K-R,"Premium Support renewal, GP-100 25K Devices",60000.0000
Palo Alto Networks,PAN-SVC-PREM-GP-100-25K-3YR-R,"Premium Support 3-year prepaid renewal, GP-100 25K Devices",144000.0000
Palo Alto Networks,PAN-SVC-PREM-GP-100-50K-R,"Premium Support renewal, GP-100 50K Devices",84000.0000
Palo Alto Networks,PAN-SVC-PREM-GP-100-50K-3YR-R,"Premium Support 3-year prepaid renewal, GP-100 50K Devices",201600.0000
Palo Alto Networks,PAN-SVC-PREM-GP-100-100K-R,"Premium Support renewal, GP-100 100K Devices",124000.0000
Palo Alto Networks,PAN-SVC-PREM-GP-100-100K-3YR-R,"Premium Support 3-year prepaid renewal, GP-100 100K Devices",297600.0000
Palo Alto Networks,PAN-SVC-STND-500,"Standard support year 1, PA-500",540.0000
Palo Alto Networks,PAN-SVC-STND-500-R,"Standard support renewal, PA-500",540.0000
Palo Alto Networks,PAN-SVC-STND-500-3YR,"Standard support 3-year prepaid, PA-500",1300.0000
Palo Alto Networks,PAN-SVC-STND-500-3YR-R,"Standard support 3-year prepaid renewal, PA-500",1300.0000
Palo Alto Networks,PAN-SVC-STND-820,"Standard support year 1, PA-820",540.0000
Palo Alto Networks,PAN-SVC-STND-820-R,"Standard support year 1 renewal, PA-820",540.0000
Palo Alto Networks,PAN-SVC-STND-820-3YR,"Standard support 3 year prepaid, PA-820",1300.0000
Palo Alto Networks,PAN-SVC-STND-820-3YR-R,"Standard support 3 year prepaid renewal, PA-820",1300.0000
Palo Alto Networks,PAN-SVC-STND-850,"Standard support year 1, PA-850",1140.0000
Palo Alto Networks,PAN-SVC-STND-850-R,"Standard support year 1 renewal, PA-850",1140.0000
Palo Alto Networks,PAN-SVC-STND-850-3YR,"Standard support 3 year prepaid, PA-850",2740.0000
Palo Alto Networks,PAN-SVC-STND-850-3YR-R,"Standard support 3 year prepaid renewal, PA-850",2740.0000
Palo Alto Networks,PAN-SVC-STND-2020-R,"Standard support renewal, PA-2020",1450.0000
Palo Alto Networks,PAN-SVC-STND-2050-R,"Standard support renewal, PA-2050",1900.0000
Palo Alto Networks,PAN-SVC-STND-3020,"Standard support year 1, PA-3020",1680.0000
Palo Alto Networks,PAN-SVC-STND-3020-R,"Standard support year 1 renewal, PA-3020",1680.0000
Palo Alto Networks,PAN-SVC-STND-3020-3YR,"Standard support 3 year prepaid, PA-3020",4030.0000
Palo Alto Networks,PAN-SVC-STND-3020-3YR-R,"Standard support 3 year prepaid renewal, PA-3020",4030.0000
Palo Alto Networks,PAN-SVC-STND-3050,"Standard support year 1, PA-3050",2880.0000
Palo Alto Networks,PAN-SVC-STND-3050-R,"Standard support year 1 renewal, PA-3050",2880.0000
Palo Alto Networks,PAN-SVC-STND-3050-3YR,"Standard support 3 year prepaid, PA-3050",6910.0000
Palo Alto Networks,PAN-SVC-STND-3050-3YR-R,"Standard support 3 year prepaid renewal, PA-3050",6910.0000
Palo Alto Networks,PAN-SVC-STND-3060,"Standard support year 1, PA-3060",4320.0000
Palo Alto Networks,PAN-SVC-STND-3060-R,"Standard support year 1 renewal, PA-3060",4320.0000
Palo Alto Networks,PAN-SVC-STND-3060-3YR,"Standard support 3 year prepaid, PA-3060",10370.0000
Palo Alto Networks,PAN-SVC-STND-3060-3YR-R,"Standard support 3 year prepaid renewal, PA-3060",10370.0000
Palo Alto Networks,PAN-SVC-STND-4020-R,"Standard support renewal, PA-4020",4200.0000
Palo Alto Networks,PAN-SVC-STND-4050-R,"Standard support renewal, PA-4050",7200.0000
Palo Alto Networks,PAN-SVC-STND-4060-R,"Standard support renewal, PA-4060",9600.0000
Palo Alto Networks,PAN-SVC-STND-5020,"Standard support year 1, PA-5020",4800.0000
Palo Alto Networks,PAN-SVC-STND-5020-R,"Standard support renewal, PA-5020",4800.0000
Palo Alto Networks,PAN-SVC-STND-5020-3YR,"Standard support 3-year prepaid, PA-5020",11520.0000
Palo Alto Networks,PAN-SVC-STND-5020-3YR-R,"Standard support 3-year prepaid renewal, PA-5020",11520.0000
Palo Alto Networks,PAN-SVC-STND-5050,"Standard support year 1, PA-5050",8400.0000
Palo Alto Networks,PAN-SVC-STND-5050-R,"Standard support renewal, PA-5050",8400.0000
Palo Alto Networks,PAN-SVC-STND-5050-3YR,"Standard support 3-year prepaid, PA-5050",20160.0000
Palo Alto Networks,PAN-SVC-STND-5050-3YR-R,"Standard support 3-year prepaid renewal, PA-5050",20160.0000
Palo Alto Networks,PAN-SVC-STND-5060,"Standard support year 1, PA-5060",15600.0000
Palo Alto Networks,PAN-SVC-STND-5060-R,"Standard support renewal, PA-5060",15600.0000
Palo Alto Networks,PAN-SVC-STND-5060-3YR,"Standard support 3-year prepaid, PA-5060",37440.0000
Palo Alto Networks,PAN-SVC-STND-5060-3YR-R,"Standard support 3-year prepaid renewal, PA-5060",37440.0000
Palo Alto Networks,PAN-SVC-STND-5220,"Standard support year 1, PA-5220",6000.0000
Palo Alto Networks,PAN-SVC-STND-5220-R,"Standard support renewal, PA-5220",6000.0000
Palo Alto Networks,PAN-SVC-STND-5220-3YR,"Standard support 3-year prepaid, PA-5220",14400.0000
Palo Alto Networks,PAN-SVC-STND-5220-3YR-R,"Standard support 3-year prepaid renewal, PA-5220",14400.0000
Palo Alto Networks,PAN-SVC-STND-5250,"Standard support year 1, PA-5250",12000.0000
Palo Alto Networks,PAN-SVC-STND-5250-R,"Standard support renewal, PA-5250",12000.0000
Palo Alto Networks,PAN-SVC-STND-5250-3YR,"Standard support 3-year prepaid, PA-5250",28800.0000
Palo Alto Networks,PAN-SVC-STND-5250-3YR-R,"Standard support 3-year prepaid renewal, PA-5250",28800.0000
Palo Alto Networks,PAN-SVC-STND-5260,"Standard support year 1, PA-5260",21600.0000
Palo Alto Networks,PAN-SVC-STND-5260-R,"Standard support renewal, PA-5260",21600.0000
Palo Alto Networks,PAN-SVC-STND-5260-3YR,"Standard support 3-year prepaid, PA-5260",51840.0000
Palo Alto Networks,PAN-SVC-STND-5260-3YR-R,"Standard support 3-year prepaid renewal, PA-5260",51840.0000
Palo Alto Networks,PAN-SVC-STND-7050,"Standard support year 1, PA-7050",36000.0000
Palo Alto Networks,PAN-SVC-STND-7050-3YR,"Standard support 3 year prepaid, PA-7050",86400.0000
Palo Alto Networks,PAN-SVC-STND-7050-3YR-R,"Standard support 3 year prepaid renewal, PA-7050",86400.0000
Palo Alto Networks,PAN-SVC-STND-7050-R,"Standard support year 1 renewal, PA-7050",36000.0000
Palo Alto Networks,PAN-SVC-STND-7080,"Standard support year 1, PA-7080",45000.0000
Palo Alto Networks,PAN-SVC-STND-7080-R,"Standard support year 1 renewal, PA-7080",45000.0000
Palo Alto Networks,PAN-SVC-STND-7080-3YR,"Standard support 3 year prepaid, PA-7080",108000.0000
,,,
Palo Alto Networks,PAN-SVC-STND-7080-3YR-R,"Standard support 3 year prepaid renewal, PA-7080",108000.0000
Palo Alto Networks,PAN-SVC-B4HR-200,"Partner enabled 4-Hour Premium support year 1, PA-200",420.0000
Palo Alto Networks,PAN-SVC-B4HR-200-R,"Partner enabled 4-Hour Premium support renewal, PA-200",420.0000
Palo Alto Networks,PAN-SVC-B4HR-200-3YR,"Partner enabled 4-Hour Premium support 3-year prepaid, PA-200",1000.0000
Palo Alto Networks,PAN-SVC-B4HR-200-3YR-R,"Partner enabled 4-Hour Premium support 3-year prepaid renewal, PA-200",1000.0000
Palo Alto Networks,PAN-SVC-B4HR-200-5YR,"Partner enabled 4-Hour Premium support 5-year prepaid, PA-200",1680.0000
Palo Alto Networks,PAN-SVC-B4HR-200-5YR-R,"Partner enabled 4-Hour Premium support 5-year prepaid renewal, PA-200",1680.0000
Palo Alto Networks,PAN-SVC-B4HRUSG-200,"For US Government accounts only. Partner enabled 4-Hour Premium support year 1, PA-200",460.0000
Palo Alto Networks,PAN-SVC-B4HRUSG-200-R,"For US Government accounts only. Partner enabled 4-Hour Premium support renewal, PA-200",460.0000
Palo Alto Networks,PAN-SVC-B4HRUSG-200-3YR,"For US Government accounts only. Partner enabled 4-Hour Premium support 3-year prepaid, PA-200",1100.0000
Palo Alto Networks,PAN-SVC-B4HRUSG-200-3YR-R,"For US Government accounts only. Partner enabled 4-Hour Premium support 3-year prepaid renewal, PA-200",1100.0000
Palo Alto Networks,PAN-SVC-B4HRUSG-200-5YR,"For US Government accounts only. Partner enabled 4-Hour Premium support 5-year prepaid, PA-200",1840.0000
Palo Alto Networks,PAN-SVC-B4HRUSG-200-5YR-R,"For US Government accounts only. Partner enabled 4-Hour Premium support 5-year prepaid renewal, PA-200",1840.0000
Palo Alto Networks,PAN-SVC-B4HR-200E,"Partner enabled 4-Hour Premium support year 1, PA-200, Enterprise",400.0000
Palo Alto Networks,PAN-SVC-B4HR-200E-R,"Partner enabled 4-Hour Premium support renewal, PA-200, Enterprise",400.0000
Palo Alto Networks,PAN-SVC-B4HR-200E-3YR,"Partner enabled 4-Hour Premium support 3-year prepaid, PA-200, Enterprise",960.0000
Palo Alto Networks,PAN-SVC-B4HR-200E-3YR-R,"Partner enabled 4-Hour Premium support 3-year prepaid renewal, PA-200, Enterprise",960.0000
Palo Alto Networks,PAN-SVC-B4HR-200E-5YR,"Partner enabled 4-Hour Premium support 5-year prepaid, PA-200, Enterprise",1600.0000
Palo Alto Networks,PAN-SVC-B4HR-200E-5YR-R,"Partner enabled 4-Hour Premium support 5-year prepaid renewal, PA-200, Enterprise",1600.0000
Palo Alto Networks,PAN-SVC-B4HRUSG-200E,"For US Government accounts only. Partner enabled 4-Hour Premium support year 1, PA-200, Enterprise",440.0000
Palo Alto Networks,PAN-SVC-B4HRUSG-200E-R,"For US Government accounts only. Partner enabled 4-Hour Premium support renewal, PA-200, Enterprise",440.0000
Palo Alto Networks,PAN-SVC-B4HRUSG-200E-3YR,"For US Government accounts only. Partner enabled 4-Hour Premium support 3-year prepaid, PA-200, Enterprise",1060.0000
Palo Alto Networks,PAN-SVC-B4HRUSG-200E-3YR-R,"For US Government accounts only. Partner enabled 4-Hour Premium support 3-year prepaid renewal, PA-200, Enterprise",1060.0000
Palo Alto Networks,PAN-SVC-B4HRUSG-200E-5YR,"For US Government accounts only. Partner enabled 4-Hour Premium support 5-year prepaid, PA-200, Enterprise",1760.0000
Palo Alto Networks,PAN-SVC-B4HRUSG-200E-5YR-R,"For US Government accounts only. Partner enabled 4-Hour Premium support 5-year prepaid renewal, PA-200, Enterprise",1760.0000
Palo Alto Networks,PAN-SVC-B4HR-220,"Partner enabled 4-Hour Premium support year 1, PA-220",210.0000
Palo Alto Networks,PAN-SVC-B4HR-220-R,"Partner enabled 4-Hour Premium support renewal, PA-220",210.0000
Palo Alto Networks,PAN-SVC-B4HR-220-3YR,"Partner enabled 4-Hour Premium support 3-year prepaid, PA-220",500.0000
Palo Alto Networks,PAN-SVC-B4HR-220-3YR-R,"Partner enabled 4-Hour Premium support 3-year prepaid renewal, PA-220",500.0000
Palo Alto Networks,PAN-SVC-B4HR-220-5YR,"Partner enabled 4-Hour Premium support 5-year prepaid, PA-220",840.0000
Palo Alto Networks,PAN-SVC-B4HR-220-5YR-R,"Partner enabled 4-Hour Premium support 5-year prepaid renewal, PA-220",840.0000
Palo Alto Networks,PAN-SVC-B4HRUSG-220,"For US Government accounts only. Partner enabled 4-Hour Premium support year 1, PA-220",240.0000
Palo Alto Networks,PAN-SVC-B4HRUSG-220-R,"For US Government accounts only. Partner enabled 4-Hour Premium support renewal, PA-220",240.0000
Palo Alto Networks,PAN-SVC-B4HRUSG-220-3YR,"For US Government accounts only. Partner enabled 4-Hour Premium support 3-year prepaid, PA-220",570.0000
Palo Alto Networks,PAN-SVC-B4HRUSG-220-3YR-R,"For US Government accounts only. Partner enabled 4-Hour Premium support 3-year prepaid renewal, PA-220",570.0000
Palo Alto Networks,PAN-SVC-B4HRUSG-220-5YR,"For US Government accounts only. Partner enabled 4-Hour Premium support 5-year prepaid, PA-220",950.0000
Palo Alto Networks,PAN-SVC-B4HRUSG-220-5YR-R,"For US Government accounts only. Partner enabled 4-Hour Premium support 5-year prepaid renewal, PA-220",950.0000
Palo Alto Networks,PAN-SVC-B4HR-500,"Partner enabled 4-Hour Premium support year 1, PA-500",945.0000
Palo Alto Networks,PAN-SVC-B4HR-500-R,"Partner enabled 4-Hour Premium support renewal, PA-500",945.0000
Palo Alto Networks,PAN-SVC-B4HR-500-3YR,"Partner enabled 4-Hour Premium support 3-year prepaid, PA-500",2270.0000
Palo Alto Networks,PAN-SVC-B4HR-500-3YR-R,"Partner enabled 4-Hour Premium support 3-year prepaid renewal, PA-500",2270.0000
Palo Alto Networks,PAN-SVC-B4HR-500-5YR,"Partner enabled 4-Hour Premium support 5-year prepaid, PA-500",3780.0000
Palo Alto Networks,PAN-SVC-B4HR-500-5YR-R,"Partner enabled 4-Hour Premium support 5-year prepaid renewal, PA-500",3780.0000
Palo Alto Networks,PAN-SVC-B4HRUSG-500,"For US Government accounts only. Partner enabled 4-Hour Premium support year 1, PA-500",1040.0000
Palo Alto Networks,PAN-SVC-B4HRUSG-500-R,"For US Government accounts only. Partner enabled 4-Hour Premium support renewal, PA-500",1040.0000
Palo Alto Networks,PAN-SVC-B4HRUSG-500-3YR,"For US Government accounts only. Partner enabled 4-Hour Premium support 3-year prepaid, PA-500",2490.0000
Palo Alto Networks,PAN-SVC-B4HRUSG-500-3YR-R,"For US Government accounts only. Partner enabled 4-Hour Premium support 3-year prepaid renewal, PA-500",2490.0000
Palo Alto Networks,PAN-SVC-B4HRUSG-500-5YR,"For US Government accounts only. Partner enabled 4-Hour Premium support 5-year prepaid, PA-500",4140.0000
Palo Alto Networks,PAN-SVC-B4HRUSG-500-5YR-R,"For US Government accounts only. Partner enabled 4-Hour Premium support 5-year prepaid renewal, PA-500",4140.0000
Palo Alto Networks,PAN-SVC-B4HR-820,"Partner enabled 4-Hour premium support year 1, PA-820",950.0000
Palo Alto Networks,PAN-SVC-B4HR-820-R,"Partner enabled 4-Hour premium support year 1 renewal, PA-820",950.0000
Palo Alto Networks,PAN-SVC-B4HR-820-3YR,"Partner enabled 4-Hour premium support 3 year prepaid, PA-820",2270.0000
Palo Alto Networks,PAN-SVC-B4HR-820-3YR-R,"Partner enabled 4-Hour premium support 3 year prepaid renewal, PA-820",2270.0000
Palo Alto Networks,PAN-SVC-B4HR-820-5YR,"Partner enabled 4-Hour premium support 5 year prepaid, PA-820",3780.0000
Palo Alto Networks,PAN-SVC-B4HR-820-5YR-R,"Partner enabled 4-Hour premium support 5 year prepaid renewal, PA-820",3780.0000
Palo Alto Networks,PAN-SVC-B4HRUSG-820,"For US Government accounts only. Partner enabled 4-Hour Premium support year 1, PA-820",1060.0000
Palo Alto Networks,PAN-SVC-B4HRUSG-820-R,"For US Government accounts only. Partner enabled 4-Hour Premium support renewal, PA-820",1060.0000
Palo Alto Networks,PAN-SVC-B4HRUSG-820-3YR,"For US Government accounts only. Partner enabled 4-Hour Premium support 3-year prepaid, PA-820",2550.0000
Palo Alto Networks,PAN-SVC-B4HRUSG-820-3YR-R,"For US Government accounts only. Partner enabled 4-Hour Premium support 3-year prepaid renewal, PA-820",2550.0000
Palo Alto Networks,PAN-SVC-B4HRUSG-820-5YR,"For US Government accounts only. Partner enabled 4-Hour Premium support 5-year prepaid, PA-820",4250.0000
Palo Alto Networks,PAN-SVC-B4HRUSG-820-5YR-R,"For US Government accounts only. Partner enabled 4-Hour Premium support 5-year prepaid renewal, PA-820",4250.0000
Palo Alto Networks,PAN-SVC-B4HR-850,"Partner enabled 4-Hour premium support year 1, PA-850",2000.0000
Palo Alto Networks,PAN-SVC-B4HR-850-R,"Partner enabled 4-Hour premium support year 1 renewal, PA-850",2000.0000
Palo Alto Networks,PAN-SVC-B4HR-850-3YR,"Partner enabled 4-Hour premium support 3 year prepaid, PA-850",4790.0000
Palo Alto Networks,PAN-SVC-B4HR-850-3YR-R,"Partner enabled 4-Hour premium support 3 year prepaid renewal, PA-850",4790.0000
Palo Alto Networks,PAN-SVC-B4HR-850-5YR,"Partner enabled 4-Hour premium support 5 year prepaid, PA-850",7980.0000
Palo Alto Networks,PAN-SVC-B4HR-850-5YR-R,"Partner enabled 4-Hour premium support 5 year prepaid renewal, PA-850",7980.0000
Palo Alto Networks,PAN-SVC-B4HRUSG-850,"For US Government accounts only. Partner enabled 4-Hour Premium support year 1, PA-850",2240.0000
Palo Alto Networks,PAN-SVC-B4HRUSG-850-R,"For US Government accounts only. Partner enabled 4-Hour Premium support renewal, PA-850",2240.0000
Palo Alto Networks,PAN-SVC-B4HRUSG-850-3YR,"For US Government accounts only. Partner enabled 4-Hour Premium support 3-year prepaid, PA-850",5390.0000
Palo Alto Networks,PAN-SVC-B4HRUSG-850-3YR-R,"For US Government accounts only. Partner enabled 4-Hour Premium support 3-year prepaid renewal, PA-850",5390.0000
Palo Alto Networks,PAN-SVC-B4HRUSG-850-5YR,"For US Government accounts only. Partner enabled 4-Hour Premium support 5-year prepaid, PA-850",8980.0000
Palo Alto Networks,PAN-SVC-B4HRUSG-850-5YR-R,"For US Government accounts only. Partner enabled 4-Hour Premium support 5-year prepaid renewal, PA-850",8980.0000
Palo Alto Networks,PAN-SVC-B4HR-2020-R,"Partner enabled 4-Hour Premium support renewal, PA-2020",2520.0000
Palo Alto Networks,PAN-SVC-B4HRUSG-2020-R,"For US Government accounts only. Partner enabled 4-Hour Premium support renewal, PA-2020",2760.0000
Palo Alto Networks,PAN-SVC-B4HR-2050-R,"Partner enabled 4-Hour Premium support renewal, PA-2050",3360.0000
Palo Alto Networks,PAN-SVC-B4HRUSG-2050-R,"For US Government accounts only. Partner enabled 4-Hour Premium support renewal, PA-2050",3680.0000
Palo Alto Networks,PAN-SVC-B4HR-3020,"Partner enabled 4-Hour premium support year 1, PA-3020",2940.0000
Palo Alto Networks,PAN-SVC-B4HR-3020-R,"Partner enabled 4-Hour premium support year 1 renewal, PA-3020",2940.0000
Palo Alto Networks,PAN-SVC-B4HR-3020-3YR,"Partner enabled 4-Hour premium support 3 year prepaid, PA-3020",7060.0000
Palo Alto Networks,PAN-SVC-B4HR-3020-3YR-R,"Partner enabled 4-Hour premium support 3 year prepaid renewal, PA-3020",7060.0000
Palo Alto Networks,PAN-SVC-B4HR-3020-5YR,"Partner enabled 4-Hour premium support 5 year prepaid, PA-3020",11760.0000
Palo Alto Networks,PAN-SVC-B4HR-3020-5YR-R,"Partner enabled 4-Hour premium support 5 year prepaid renewal, PA-3020",11760.0000
Palo Alto Networks,PAN-SVC-B4HRUSG-3020,"For US Government accounts only. Partner enabled 4-Hour premium support year 1, PA-3020",3220.0000
Palo Alto Networks,PAN-SVC-B4HRUSG-3020-R,"For US Government accounts only. Partner enabled 4-Hour premium support year 1 renewal, PA-3020",3220.0000
Palo Alto Networks,PAN-SVC-B4HRUSG-3020-3YR,"For US Government accounts only. Partner enabled 4-Hour premium support 3 year prepaid, PA-3020",7740.0000
Palo Alto Networks,PAN-SVC-B4HRUSG-3020-3YR-R,"For US Government accounts only. Partner enabled 4-Hour premium support 3 year prepaid renewal, PA-3020",7740.0000
Palo Alto Networks,PAN-SVC-B4HRUSG-3020-5YR,"For US Government accounts only. Partner enabled 4-Hour premium support 5 year prepaid, PA-3020",12880.0000
Palo Alto Networks,PAN-SVC-B4HRUSG-3020-5YR-R,"For US Government accounts only. Partner enabled 4-Hour premium support 5 year prepaid renewal, PA-3020",12880.0000
Palo Alto Networks,PAN-SVC-B4HR-3050,"Partner enabled 4-Hour premium support year 1, PA-3050",5040.0000
Palo Alto Networks,PAN-SVC-B4HR-3050-R,"Partner enabled 4-Hour premium support year 1 renewal, PA-3050",5040.0000
Palo Alto Networks,PAN-SVC-B4HR-3050-3YR,"Partner enabled 4-Hour premium support 3 year prepaid, PA-3050",12100.0000
Palo Alto Networks,PAN-SVC-B4HR-3050-3YR-R,"Partner enabled 4-Hour premium support 3 year prepaid renewal, PA-3050",12100.0000
Palo Alto Networks,PAN-SVC-B4HR-3050-5YR,"Partner enabled 4-Hour premium support 5 year prepaid, PA-3050",20160.0000
,,,
Palo Alto Networks,PAN-SVC-B4HR-3050-5YR-R,"Partner enabled 4-Hour premium support 5 year prepaid renewal, PA-3050",20160.0000
Palo Alto Networks,PAN-SVC-B4HRUSG-3050,"For US Government accounts only. Partner enabled 4-Hour premium support year 1, PA-3050",5520.0000
Palo Alto Networks,PAN-SVC-B4HRUSG-3050-R,"For US Government accounts only. Partner enabled 4-Hour premium support year 1 renewal, PA-3050",5520.0000
Palo Alto Networks,PAN-SVC-B4HRUSG-3050-3YR,"For US Government accounts only. Partner enabled 4-Hour premium support 3 year prepaid, PA-3050",13260.0000
Palo Alto Networks,PAN-SVC-B4HRUSG-3050-3YR-R,"For US Government accounts only. Partner enabled 4-Hour premium support 3 year prepaid renewal, PA-3050",13260.0000
Palo Alto Networks,PAN-SVC-B4HRUSG-3050-5YR,"For US Government accounts only. Partner enabled 4-Hour premium support 5 year prepaid, PA-3050",22080.0000
Palo Alto Networks,PAN-SVC-B4HRUSG-3050-5YR-R,"For US Government accounts only. Partner enabled 4-Hour premium support 5 year prepaid renewal, PA-3050",22080.0000
Palo Alto Networks,PAN-SVC-B4HR-3060,"Partner enabled 4-Hour premium support year 1, PA-3060",7560.0000
Palo Alto Networks,PAN-SVC-B4HR-3060-R,"Partner enabled 4-Hour premium support year 1 renewal, PA-3060",7560.0000
Palo Alto Networks,PAN-SVC-B4HR-3060-3YR,"Partner enabled 4-Hour premium support 3 year prepaid, PA-3060",18140.0000
Palo Alto Networks,PAN-SVC-B4HR-3060-3YR-R,"Partner enabled 4-Hour premium support 3 year prepaid renewal, PA-3060",18140.0000
Palo Alto Networks,PAN-SVC-B4HR-3060-5YR,"Partner enabled 4-Hour premium support 5 year prepaid, PA-3060",30240.0000
Palo Alto Networks,PAN-SVC-B4HR-3060-5YR-R,"Partner enabled 4-Hour premium support 5 year prepaid renewal, PA-3060",30240.0000
Palo Alto Networks,PAN-SVC-B4HRUSG-3060,"For US Government accounts only. Partner enabled 4-Hour premium support year 1, PA-3060",8280.0000
Palo Alto Networks,PAN-SVC-B4HRUSG-3060-R,"For US Government accounts only. Partner enabled 4-Hour premium support year 1 renewal, PA-3060",8280.0000
Palo Alto Networks,PAN-SVC-B4HRUSG-3060-3YR,"For US Government accounts only. Partner enabled 4-Hour premium support 3 year prepaid, PA-3060",19870.0000
Palo Alto Networks,PAN-SVC-B4HRUSG-3060-3YR-R,"For US Government accounts only. Partner enabled 4-Hour premium support 3 year prepaid renewal, PA-3060",19870.0000
Palo Alto Networks,PAN-SVC-B4HRUSG-3060-5YR,"For US Government accounts only. Partner enabled 4-Hour premium support 5 year prepaid, PA-3060",33120.0000
Palo Alto Networks,PAN-SVC-B4HRUSG-3060-5YR-R,"For US Government accounts only. Partner enabled 4-Hour premium support 5 year prepaid renewal, PA-3060",33120.0000
Palo Alto Networks,PAN-SVC-B4HR-4020-R,"Partner enabled 4-Hour Premium support renewal, PA-4020",7350.0000
Palo Alto Networks,PAN-SVC-B4HRUSG-4020-R,"For US Government accounts only. Partner enabled 4-Hour Premium support renewal, PA-4020",8050.0000
Palo Alto Networks,PAN-SVC-B4HR-4050-R,"Partner enabled 4-Hour Premium support renewal, PA-4050",12600.0000
Palo Alto Networks,PAN-SVC-B4HRUSG-4050-R,"For US Government accounts only. Partner enabled 4-Hour Premium support renewal, PA-4050",13800.0000
Palo Alto Networks,PAN-SVC-B4HR-4060-R,"Partner enabled 4-Hour Premium support renewal, PA-4060",16800.0000
Palo Alto Networks,PAN-SVC-B4HRUSG-4060-R,"For US Government accounts only. Partner enabled 4-Hour Premium support renewal, PA-4060",18400.0000
Palo Alto Networks,PAN-SVC-B4HR-5020,"Partner enabled 4-Hour Premium support year 1, PA-5020",8400.0000
Palo Alto Networks,PAN-SVC-B4HR-5020-R,"Partner enabled 4-Hour Premium support renewal, PA-5020",8400.0000
Palo Alto Networks,PAN-SVC-B4HR-5020-3YR,"Partner enabled 4-Hour Premium support 3-year prepaid, PA-5020",20160.0000
Palo Alto Networks,PAN-SVC-B4HR-5020-3YR-R,"Partner enabled 4-Hour Premium support 3-year prepaid renewal, PA-5020",20160.0000
Palo Alto Networks,PAN-SVC-B4HR-5020-5YR,"Partner enabled 4-Hour Premium support 5 year prepaid, PA-5020",33600.0000
Palo Alto Networks,PAN-SVC-B4HR-5020-5YR-R,"Partner enabled 4-Hour Premium support 5 year prepaid renewal, PA-5020",33600.0000
Palo Alto Networks,PAN-SVC-B4HRUSG-5020,"For US Government accounts only. Partner enabled 4-Hour Premium support year 1, PA-5020",9200.0000
Palo Alto Networks,PAN-SVC-B4HRUSG-5020-R,"For US Government accounts only. Partner enabled 4-Hour Premium support renewal, PA-5020",9200.0000
Palo Alto Networks,PAN-SVC-B4HRUSG-5020-3YR,"For US Government accounts only. Partner enabled 4-Hour Premium support 3-year prepaid, PA-5020",22080.0000
Palo Alto Networks,PAN-SVC-B4HRUSG-5020-3YR-R,"For US Government accounts only. Partner enabled 4-Hour Premium support 3-year prepaid renewal, PA-5020",22080.0000
Palo Alto Networks,PAN-SVC-B4HRUSG-5020-5YR,"For US Government accounts only. Partner enabled 4-Hour Premium support 5 year prepaid, PA-5020",36800.0000
Palo Alto Networks,PAN-SVC-B4HRUSG-5020-5YR-R,"For US Government accounts only. Partner enabled 4-Hour Premium support 5 year prepaid renewal, PA-5020",36800.0000
Palo Alto Networks,PAN-SVC-B4HR-5050,"Partner enabled 4-Hour Premium support year 1, PA-5050",14700.0000
Palo Alto Networks,PAN-SVC-B4HR-5050-R,"Partner enabled 4-Hour Premium support renewal, PA-5050",14700.0000
Palo Alto Networks,PAN-SVC-B4HR-5050-3YR,"Partner enabled 4-Hour Premium support 3-year prepaid, PA-5050",35280.0000
Palo Alto Networks,PAN-SVC-B4HR-5050-3YR-R,"Partner enabled 4-Hour Premium support 3-year prepaid renewal, PA-5050",35280.0000
Palo Alto Networks,PAN-SVC-B4HR-5050-5YR,"Partner enabled 4-Hour Premium support 5 year prepaid, PA-5050",58800.0000
Palo Alto Networks,PAN-SVC-B4HR-5050-5YR-R,"Partner enabled 4-Hour Premium support 5 year prepaid renewal, PA-5050",58800.0000
Palo Alto Networks,PAN-SVC-B4HRUSG-5050,"For US Government accounts only. Partner enabled 4-Hour Premium support year 1, PA-5050",16100.0000
Palo Alto Networks,PAN-SVC-B4HRUSG-5050-R,"For US Government accounts only. Partner enabled 4-Hour Premium support renewal, PA-5050",16100.0000
Palo Alto Networks,PAN-SVC-B4HRUSG-5050-3YR,"For US Government accounts only. Partner enabled 4-Hour Premium support 3-year prepaid, PA-5050",38640.0000
Palo Alto Networks,PAN-SVC-B4HRUSG-5050-3YR-R,"For US Government accounts only. Partner enabled 4-Hour Premium support 3-year prepaid renewal, PA-5050",38640.0000
Palo Alto Networks,PAN-SVC-B4HRUSG-5050-5YR,"For US Government accounts only. Partner enabled 4-Hour Premium support 5 year prepaid, PA-5050",64400.0000
Palo Alto Networks,PAN-SVC-B4HRUSG-5050-5YR-R,"For US Government accounts only. Partner enabled 4-Hour Premium support 5 year prepaid renewal, PA-5050",64400.0000
Palo Alto Networks,PAN-SVC-B4HR-5060,"Partner enabled 4-Hour Premium support year 1, PA-5060",27300.0000
Palo Alto Networks,PAN-SVC-B4HR-5060-R,"Partner enabled 4-Hour Premium support renewal, PA-5060",27300.0000
Palo Alto Networks,PAN-SVC-B4HR-5060-3YR,"Partner enabled 4-Hour Premium support 3-year prepaid, PA-5060",65520.0000
Palo Alto Networks,PAN-SVC-B4HR-5060-3YR-R,"Partner enabled 4-Hour Premium support 3-year prepaid renewal, PA-5060",65520.0000
Palo Alto Networks,PAN-SVC-B4HR-5060-5YR,"Partner enabled 4-Hour Premium support 5 year prepaid, PA-5060",109200.0000
Palo Alto Networks,PAN-SVC-B4HR-5060-5YR-R,"Partner enabled 4-Hour Premium support 5 year prepaid renewal, PA-5060",109200.0000
Palo Alto Networks,PAN-SVC-B4HRUSG-5060,"For US Government accounts only. Partner enabled 4-Hour Premium support year 1, PA-5060",29900.0000
Palo Alto Networks,PAN-SVC-B4HRUSG-5060-R,"For US Government accounts only. Partner enabled 4-Hour Premium support renewal, PA-5060",29900.0000
Palo Alto Networks,PAN-SVC-B4HRUSG-5060-3YR,"For US Government accounts only. Partner enabled 4-Hour Premium support 3-year prepaid, PA-5060",71760.0000
Palo Alto Networks,PAN-SVC-B4HRUSG-5060-3YR-R,"For US Government accounts only. Partner enabled 4-Hour Premium support 3-year prepaid renewal, PA-5060",71760.0000
Palo Alto Networks,PAN-SVC-B4HRUSG-5060-5YR,"For US Government accounts only. Partner enabled 4-Hour Premium support 5 year prepaid, PA-5060",119600.0000
Palo Alto Networks,PAN-SVC-B4HRUSG-5060-5YR-R,"For US Government accounts only. Partner enabled 4-Hour Premium support 5 year prepaid renewal, PA-5060",119600.0000
Palo Alto Networks,PAN-SVC-B4HR-5220,"Partner enabled 4-Hour Premium support year 1, PA-5220",10500.0000
Palo Alto Networks,PAN-SVC-B4HR-5220-R,"Partner enabled 4-Hour Premium support renewal, PA-5220",10500.0000
Palo Alto Networks,PAN-SVC-B4HR-5220-3YR,"Partner enabled 4-Hour Premium support 3-year prepaid, PA-5220",25200.0000
Palo Alto Networks,PAN-SVC-B4HR-5220-3YR-R,"Partner enabled 4-Hour Premium support 3-year prepaid renewal, PA-5220",25200.0000
Palo Alto Networks,PAN-SVC-B4HR-5220-5YR,"Partner enabled 4-Hour Premium support 5 year prepaid, PA-5220",42000.0000
Palo Alto Networks,PAN-SVC-B4HR-5220-5YR-R,"Partner enabled 4-Hour Premium support 5 year prepaid renewal, PA-5220",42000.0000
Palo Alto Networks,PAN-SVC-B4HRUSG-5220,"For US Government accounts only. Partner enabled 4-Hour Premium support year 1, PA-5220",11810.0000
Palo Alto Networks,PAN-SVC-B4HRUSG-5220-R,"For US Government accounts only. Partner enabled 4-Hour Premium support renewal, PA-5220",11810.0000
Palo Alto Networks,PAN-SVC-B4HRUSG-5220-3YR,"For US Government accounts only. Partner enabled 4-Hour Premium support 3-year prepaid, PA-5220",28350.0000
Palo Alto Networks,PAN-SVC-B4HRUSG-5220-3YR-R,"For US Government accounts only. Partner enabled 4-Hour Premium support 3-year prepaid renewal, PA-5220",28350.0000
Palo Alto Networks,PAN-SVC-B4HRUSG-5220-5YR,"For US Government accounts only. Partner enabled 4-Hour Premium support 5 year prepaid, PA-5220",47250.0000
Palo Alto Networks,PAN-SVC-B4HRUSG-5220-5YR-R,"For US Government accounts only. Partner enabled 4-Hour Premium support 5 year prepaid renewal, PA-5220",47250.0000
Palo Alto Networks,PAN-SVC-B4HR-5250,"Partner enabled 4-Hour Premium support year 1, PA-5250",21000.0000
Palo Alto Networks,PAN-SVC-B4HR-5250-R,"Partner enabled 4-Hour Premium support renewal, PA-5250",21000.0000
Palo Alto Networks,PAN-SVC-B4HR-5250-3YR,"Partner enabled 4-Hour Premium support 3-year prepaid, PA-5250",50400.0000
Palo Alto Networks,PAN-SVC-B4HR-5250-3YR-R,"Partner enabled 4-Hour Premium support 3-year prepaid renewal, PA-5250",50400.0000
Palo Alto Networks,PAN-SVC-B4HR-5250-5YR,"Partner enabled 4-Hour Premium support 5 year prepaid, PA-5250",84000.0000
Palo Alto Networks,PAN-SVC-B4HR-5250-5YR-R,"Partner enabled 4-Hour Premium support 5 year prepaid renewal, PA-5250",84000.0000
Palo Alto Networks,PAN-SVC-B4HRUSG-5250,"For US Government accounts only. Partner enabled 4-Hour Premium support year 1, PA-5250",23630.0000
Palo Alto Networks,PAN-SVC-B4HRUSG-5250-R,"For US Government accounts only. Partner enabled 4-Hour Premium support renewal, PA-5250",23630.0000
Palo Alto Networks,PAN-SVC-B4HRUSG-5250-3YR,"For US Government accounts only. Partner enabled 4-Hour Premium support 3-year prepaid, PA-5250",56700.0000
Palo Alto Networks,PAN-SVC-B4HRUSG-5250-3YR-R,"For US Government accounts only. Partner enabled 4-Hour Premium support 3-year prepaid renewal, PA-5250",56700.0000
Palo Alto Networks,PAN-SVC-B4HRUSG-5250-5YR,"For US Government accounts only. Partner enabled 4-Hour Premium support 5 year prepaid, PA-5250",94500.0000
Palo Alto Networks,PAN-SVC-B4HRUSG-5250-5YR-R,"For US Government accounts only. Partner enabled 4-Hour Premium support 5 year prepaid renewal, PA-5250",94500.0000
Palo Alto Networks,PAN-SVC-B4HR-5260,"Partner enabled 4-Hour Premium support year 1, PA-5260",37800.0000
Palo Alto Networks,PAN-SVC-B4HR-5260-R,"Partner enabled 4-Hour Premium support renewal, PA-5260",37800.0000
Palo Alto Networks,PAN-SVC-B4HR-5260-3YR,"Partner enabled 4-Hour Premium support 3-year prepaid, PA-5260",90720.0000
Palo Alto Networks,PAN-SVC-B4HR-5260-3YR-R,"Partner enabled 4-Hour Premium support 3-year prepaid renewal, PA-5260",90720.0000
Palo Alto Networks,PAN-SVC-B4HR-5260-5YR,"Partner enabled 4-Hour Premium support 5 year prepaid, PA-5260",151200.0000
Palo Alto Networks,PAN-SVC-B4HR-5260-5YR-R,"Partner enabled 4-Hour Premium support 5 year prepaid renewal, PA-5260",151200.0000
Palo Alto Networks,PAN-SVC-B4HRUSG-5260,"For US Government accounts only. Partner enabled 4-Hour Premium support year 1, PA-5260",42530.0000
Palo Alto Networks,PAN-SVC-B4HRUSG-5260-R,"For US Government accounts only. Partner enabled 4-Hour Premium support renewal, PA-5260",42530.0000
Palo Alto Networks,PAN-SVC-B4HRUSG-5260-3YR,"For US Government accounts only. Partner enabled 4-Hour Premium support 3-year prepaid, PA-5260",102060.0000
Palo Alto Networks,PAN-SVC-B4HRUSG-5260-3YR-R,"For US Government accounts only. Partner enabled 4-Hour Premium support 3-year prepaid renewal, PA-5260",102060.0000
Palo Alto Networks,PAN-SVC-B4HRUSG-5260-5YR,"For US Government accounts only. Partner enabled 4-Hour Premium support 5 year prepaid, PA-5260",170100.0000
,,,
Palo Alto Networks,PAN-SVC-B4HRUSG-5260-5YR-R,"For US Government accounts only. Partner enabled 4-Hour Premium support 5 year prepaid renewal, PA-5260",170100.0000
Palo Alto Networks,PAN-SVC-B4HR-7050,"Partner enabled 4-Hour premium support year 1, PA-7050",72000.0000
Palo Alto Networks,PAN-SVC-B4HR-7050-R,"Partner enabled 4-Hour premium support year 1 renewal, PA-7050",72000.0000
Palo Alto Networks,PAN-SVC-B4HR-7050-3YR,"Partner enabled 4-Hour premium support 3 year prepaid, PA-7050",172800.0000
Palo Alto Networks,PAN-SVC-B4HR-7050-3YR-R,"Partner enabled 4-Hour premium support 3 year prepaid renewal, PA-7050",172800.0000
Palo Alto Networks,PAN-SVC-B4HR-7050-5YR,"Partner enabled 4-Hour premium support 5 year prepaid, PA-7050",288000.0000
Palo Alto Networks,PAN-SVC-B4HR-7050-5YR-R,"Partner enabled 4-Hour premium support 5 year prepaid renewal, PA-7050",288000.0000
Palo Alto Networks,PAN-SVC-B4HRUSG-7050,"For US Government accounts only. Partner enabled 4-Hour premium support year 1, PA-7050",78860.0000
Palo Alto Networks,PAN-SVC-B4HRUSG-7050-R,"For US Government accounts only. Partner enabled 4-Hour premium support year 1 renewal, PA-7050",78860.0000
Palo Alto Networks,PAN-SVC-B4HRUSG-7050-3YR,"For US Government accounts only. Partner enabled 4-Hour premium support 3 year prepaid, PA-7050",189260.0000
Palo Alto Networks,PAN-SVC-B4HRUSG-7050-3YR-R,"For US Government accounts only. Partner enabled 4-Hour premium support 3 year prepaid renewal, PA-7050",189260.0000
Palo Alto Networks,PAN-SVC-B4HRUSG-7050-5YR,"For US Government accounts only. Partner enabled 4-Hour premium support 5 year prepaid, PA-7050",315430.0000
Palo Alto Networks,PAN-SVC-B4HRUSG-7050-5YR-R,"For US Government accounts only. Partner enabled 4-Hour premium support 5 year prepaid renewal, PA-7050",315430.0000
Palo Alto Networks,PAN-SVC-B4HR-7080,"Partner enabled 4-Hour Premium support year 1, PA-7080",78800.0000
Palo Alto Networks,PAN-SVC-B4HR-7080-R,"Partner enabled 4-Hour Premium support year 1 renewal, PA-7080",78800.0000
Palo Alto Networks,PAN-SVC-B4HR-7080-3YR,"Partner enabled 4-Hour Premium support 3 year prepaid, PA-7080",189200.0000
Palo Alto Networks,PAN-SVC-B4HR-7080-3YR-R,"Partner enabled 4-Hour Premium support 3 year prepaid renewal, PA-7080",189200.0000
Palo Alto Networks,PAN-SVC-B4HR-7080-5YR,"Partner enabled 4-Hour Premium support 5 year prepaid, PA-7080",315200.0000
Palo Alto Networks,PAN-SVC-B4HR-7080-5YR-R,"Partner enabled 4-Hour Premium support 5 year prepaid renewal, PA-7080",315200.0000
Palo Alto Networks,PAN-SVC-B4HRUSG-7080,"For US Government accounts only. Partner enabled 4-Hour premium support 1 year, PA-7080",86300.0000
Palo Alto Networks,PAN-SVC-B4HRUSG-7080-R,"For US Government accounts only. Partner enabled 4-Hour premium support 1 year renewal, PA-7080",86300.0000
Palo Alto Networks,PAN-SVC-B4HRUSG-7080-3YR,"For US Government accounts only. Partner enabled 4-Hour premium support 3 year prepaid, PA-7080",207200.0000
Palo Alto Networks,PAN-SVC-B4HRUSG-7080-3YR-R,"For US Government accounts only. Partner enabled 4-Hour premium support 3 year prepaid renewal, PA-7080",207200.0000
Palo Alto Networks,PAN-SVC-B4HRUSG-7080-5YR,"For US Government accounts only. Partner enabled 4-Hour premium support 5 year prepaid, PA-7080",345200.0000
Palo Alto Networks,PAN-SVC-B4HRUSG-7080-5YR-R,"For US Government accounts only. Partner enabled 4-Hour premium support 5 year prepaid renewal, PA-7080",345200.0000
Palo Alto Networks,PAN-SVC-B4HR-M-100-P-25,"4-Hour Partner enabled premium support year 1, Panorama M-100 25 devices or log collector",4200.0000
Palo Alto Networks,PAN-SVC-B4HR-M-100-P-25-R,"4-Hour Partner enabled premium support renewal, Panorama M-100 25 devices or log collector",4200.0000
Palo Alto Networks,PAN-SVC-B4HR-M-100-P-25-3Y,"4-Hour Partner enabled premium support 3-year prepaid, Panorama M-100 25 devices or log collector",10100.0000
Palo Alto Networks,PAN-SVC-B4HR-M-100-P-25-3Y-R,"4-Hour Partner enabled premium support 3-year prepaid renewal, Panorama M-100 25 devices or log collector",10100.0000
Palo Alto Networks,PAN-SVC-B4HR-M-100-P-25-5Y,"4-Hour Partner enabled premium support 5-year prepaid, Panorama M-100 25 devices or log collector",16800.0000
Palo Alto Networks,PAN-SVC-B4HR-M-100-P-25-5Y-R,"4-Hour Partner enabled premium support 5-year prepaid renewal, Panorama M-100 25 devices or log collector",16800.0000
Palo Alto Networks,PAN-SVC-B4HRUSG-M-100-P-25,"For US Government accounts only. Partner enabled 4-Hour premium support year 1, Panorama M-100 25 devices or log collector",4600.0000
Palo Alto Networks,PAN-SVC-B4HRUSG-M-100-P-25-R,"For US Government accounts only. Partner enabled 4-Hour premium support renewal, Panorama M-100 25 devices or log collector",4600.0000
Palo Alto Networks,PAN-SVC-B4HRUSG-M-100-P-25-3YR,"For US Government accounts only. Partner enabled 4-Hour premium support 3-year prepaid, Panorama M-100 25 devices or log
collector",11070.0000
Palo Alto Networks,PAN-SVC-B4HRUSG-M-100-P-25-3YR-R,"For US Government accounts only. Partner enabled 4-Hour premium support 3-year prepaid renewal, Panorama M-100 25 devices or
log collector",11070.0000
Palo Alto Networks,PAN-SVC-B4HRUSG-M-100-P-25-5YR,"For US Government accounts only. Partner enabled 4-Hour premium support 5-year prepaid, Panorama M-100 25 devices or log
collector",18400.0000
Palo Alto Networks,PAN-SVC-B4HRUSG-M-100-P-25-5YR-R,"For US Government accounts only. Partner enabled 4-Hour premium support 5-year prepaid renewal, Panorama M-100 25 devices or
log collector",18400.0000
Palo Alto Networks,PAN-SVC-B4HR-M-100-P-100,"4-Hour Partner enabled premium support year 1, Panorama M-100 100 devices",7350.0000
Palo Alto Networks,PAN-SVC-B4HR-M-100-P-100-R,"4-Hour Partner enabled premium support renewal, Panorama M-100 100 devices",7350.0000
Palo Alto Networks,PAN-SVC-B4HR-M-100-P-100-3Y,"4-Hour Partner enabled premium support 3-year prepaid, Panorama M-100 100 devices",17650.0000
Palo Alto Networks,PAN-SVC-B4HR-M-100-P-100-3Y-R,"4-Hour Partner enabled premium support 3-year prepaid renewal, Panorama M-100 100 devices",17650.0000
Palo Alto Networks,PAN-SVC-B4HR-M-100-P-100-5Y,"4-Hour Partner enabled premium support 5-year prepaid, Panorama M-100 100 devices",29400.0000
Palo Alto Networks,PAN-SVC-B4HR-M-100-P-100-5Y-R,"4-Hour Partner enabled premium support 5-year prepaid renewal, Panorama M-100 100 devices",29400.0000
Palo Alto Networks,PAN-SVC-B4HRUSG-M-100-P-100,"For US Government accounts only. Partner enabled 4-Hour premium support year 1, Panorama M-100 100 devices",8050.0000
Palo Alto Networks,PAN-SVC-B4HRUSG-M-100-P-100-R,"For US Government accounts only. Partner enabled 4-Hour premium support renewal, Panorama M-100 100 devices",8050.0000
Palo Alto Networks,PAN-SVC-B4HRUSG-M-100-P-100-3YR,"For US Government accounts only. Partner enabled 4-Hour premium support 3-year prepaid, Panorama M-100 100 devices",19340.0000
Palo Alto Networks,PAN-SVC-B4HRUSG-M-100-P-100-3YR-R,"For US Government accounts only. Partner enabled 4-Hour premium support 3-year prepaid renewal, Panorama M-100 100 devices",19340.0000
Palo Alto Networks,PAN-SVC-B4HRUSG-M-100-P-100-5YR,"For US Government accounts only. Partner enabled 4-Hour premium support 5-year prepaid, Panorama M-100 100 devices",32200.0000
Palo Alto Networks,PAN-SVC-B4HRUSG-M-100-P-100-5YR-R,"For US Government accounts only. Partner enabled 4-Hour premium support 5-year prepaid renewal, Panorama M-100 100 devices",32200.0000
Palo Alto Networks,PAN-SVC-B4HR-M-100-P-1K,"4-Hour Partner enabled premium support year 1, Panorama M-100 1000 devices",17850.0000
Palo Alto Networks,PAN-SVC-B4HR-M-100-P-1K-R,"4-Hour Partner enabled premium support renewal, Panorama M-100 1000 devices",17850.0000
Palo Alto Networks,PAN-SVC-B4HR-M-100-P-1K-3Y,"4-Hour Partner enabled premium support 3-year prepaid, Panorama M-100 1000 devices",42850.0000
Palo Alto Networks,PAN-SVC-B4HR-M-100-P-1K-3Y-R,"4-Hour Partner enabled premium support 3-year prepaid renewal, Panorama M-100 1000 devices",42850.0000
Palo Alto Networks,PAN-SVC-B4HR-M-100-P-1K-5Y,"4-Hour Partner enabled premium support 5-year prepaid, Panorama M-100 1000 devices",71400.0000
Palo Alto Networks,PAN-SVC-B4HR-M-100-P-1K-5Y-R,"4-Hour Partner enabled premium support 5-year prepaid renewal, Panorama M-100 1000 devices",71400.0000
Palo Alto Networks,PAN-SVC-B4HRUSG-M-100-P-1K,"For US Government accounts only. Partner enabled 4-Hour premium support year 1, Panorama M-100 1000 devices",19550.0000
Palo Alto Networks,PAN-SVC-B4HRUSG-M-100-P-1K-R,"For US Government accounts only. Partner enabled 4-Hour premium support renewal, Panorama M-100 1000 devices",19550.0000
Palo Alto Networks,PAN-SVC-B4HRUSG-M-100-P-1K-3YR,"For US Government accounts only. Partner enabled 4-Hour premium support 3-year prepaid, Panorama M-100 1000 devices",46940.0000
Palo Alto Networks,PAN-SVC-B4HRUSG-M-100-P-1K-3YR-R,"For US Government accounts only. Partner enabled 4-Hour premium support 3-year prepaid renewal, Panorama M-100 1000 devices",46940.0000
Palo Alto Networks,PAN-SVC-B4HRUSG-M-100-P-1K-5YR,"For US Government accounts only. Partner enabled 4-Hour premium support 5-year prepaid, Panorama M-100 1000 devices",78200.0000
Palo Alto Networks,PAN-SVC-B4HRUSG-M-100-P-1K-5YR-R,"For US Government accounts only. Partner enabled 4-Hour premium support 5-year prepaid renewal, Panorama M-100 1000 devices",78200.0000
Palo Alto Networks,PAN-SVC-B4HR-M-500-P-25,"4-Hour Partner enabled Premium support, Panorama M-500 25 devices, PAN-DB Private Cloud or log collector",7350.0000
Palo Alto Networks,PAN-SVC-B4HR-M-500-P-25-R,"4-Hour Partner enabled Premium support renewal, Panorama M-500 25 devices, PAN-DB Private Cloud or log collector",7350.0000
Palo Alto Networks,PAN-SVC-B4HR-M-500-P-25-3Y,"4-Hour Partner enabled Premium support 3-year prepaid, Panorama M-500 25 devices, PAN-DB Private Cloud or log collector",17640.0000
Palo Alto Networks,PAN-SVC-B4HR-M-500-P-25-3Y-R,"4-Hour Partner enabled Premium support 3-year prepaid renewal, Panorama M-500 25 devices, PAN-DB Private Cloud or log collector",17640.0000
Palo Alto Networks,PAN-SVC-B4HR-M-500-P-25-5Y,"4-Hour Partner enabled Premium support 5-year prepaid, Panorama M-500 25 devices, PAN-DB Private Cloud or log collector",29400.0000
Palo Alto Networks,PAN-SVC-B4HR-M-500-P-25-5Y-R,"4-Hour Partner enabled Premium support 5-year prepaid renewal, Panorama M-500 25 devices, PAN-DB Private Cloud or log collector",29400.0000
Palo Alto Networks,PAN-SVC-B4HRUSG-M-500-P-25,"For US Government accounts only. Partner enabled 4-Hour premium support year 1, Panorama M-500 25 devices or log collector",8050.0000
Palo Alto Networks,PAN-SVC-B4HRUSG-M-500-P-25-R,"For US Government accounts only. Partner enabled 4-Hour premium support renewal, Panorama M-500 25 devices or log collector",8050.0000
Palo Alto Networks,PAN-SVC-B4HRUSG-M-500-P-25-3YR,"For US Government accounts only. Partner enabled 4-Hour premium support 3-year prepaid, Panorama M-500 25 devices or log
collector",19320.0000
Palo Alto Networks,PAN-SVC-B4HRUSG-M-500-P-25-3YR-R,"For US Government accounts only. Partner enabled 4-Hour premium support 3-year prepaid renewal, Panorama M-500 25 devices or
log collector",19320.0000
Palo Alto Networks,PAN-SVC-B4HRUSG-M-500-P-25-5YR,"For US Government accounts only. Partner enabled 4-Hour premium support 5-year prepaid, Panorama M-500 25 devices or log
collector",32200.0000
,,,
Palo Alto Networks,PAN-SVC-B4HRUSG-M-500-P-25-5YR-R,"For US Government accounts only. Partner enabled 4-Hour premium support 5-year prepaid renewal, Panorama M-500 25 devices or
log collector",32200.0000
Palo Alto Networks,PAN-SVC-B4HR-M-500-P-100,"4-Hour Partner enabled Premium support, Panorama M-500 100 devices",10500.0000
Palo Alto Networks,PAN-SVC-B4HR-M-500-P-100-R,"4-Hour Partner enabled Premium support renewal, Panorama M-500 100 devices",10500.0000
Palo Alto Networks,PAN-SVC-B4HR-M-500-P-100-3Y,"4-Hour Partner enabled Premium support 3-year prepaid, Panorama M-500 100 devices",25200.0000
Palo Alto Networks,PAN-SVC-B4HR-M-500-P-100-3Y-R,"4-Hour Partner enabled Premium support 3-year prepaid renewal, Panorama M-500 100 devices",25200.0000
Palo Alto Networks,PAN-SVC-B4HR-M-500-P-100-5Y,"4-Hour Partner enabled Premium support 5-year prepaid, Panorama M-500 100 devices",42000.0000
Palo Alto Networks,PAN-SVC-B4HR-M-500-P-100-5Y-R,"4-Hour Partner enabled Premium support 5-year prepaid renewal, Panorama M-500 100 devices",42000.0000
Palo Alto Networks,PAN-SVC-B4HRUSG-M-500-P-100,"For US Government accounts only. Partner enabled 4-Hour premium support year 1, Panorama M-500 100 devices",11500.0000
Palo Alto Networks,PAN-SVC-B4HRUSG-M-500-P-100-R,"For US Government accounts only. Partner enabled 4-Hour premium support renewal, Panorama M-500 100 devices",11500.0000
Palo Alto Networks,PAN-SVC-B4HRUSG-M-500-P-100-3YR,"For US Government accounts only. Partner enabled 4-Hour premium support 3-year prepaid, Panorama M-500 100 devices",27600.0000
Palo Alto Networks,PAN-SVC-B4HRUSG-M-500-P-100-3YR-R,"For US Government accounts only. Partner enabled 4-Hour premium support 3-year prepaid renewal, Panorama M-500 100 devices",27600.0000
Palo Alto Networks,PAN-SVC-B4HRUSG-M-500-P-100-5YR,"For US Government accounts only. Partner enabled 4-Hour premium support 5-year prepaid, Panorama M-500 100 devices",46000.0000
Palo Alto Networks,PAN-SVC-B4HRUSG-M-500-P-100-5YR-R,"For US Government accounts only. Partner enabled 4-Hour premium support 5-year prepaid renewal, Panorama M-500 100 devices",46000.0000
Palo Alto Networks,PAN-SVC-B4HR-M-500-P-1K,"4-Hour Partner enabled Premium support, Panorama M-500 1K devices",21000.0000
Palo Alto Networks,PAN-SVC-B4HR-M-500-P-1K-R,"4-Hour Partner enabled Premium support renewal, Panorama M-500 1K devices",21000.0000
Palo Alto Networks,PAN-SVC-B4HR-M-500-P-1K-3Y,"4-Hour Partner enabled Premium support 3-year prepaid, Panorama M-500 1K devices",50400.0000
Palo Alto Networks,PAN-SVC-B4HR-M-500-P-1K-3Y-R,"4-Hour Partner enabled Premium support 3-year prepaid renewal, Panorama M-500 1K devices",50400.0000
Palo Alto Networks,PAN-SVC-B4HR-M-500-P-1K-5Y,"4-Hour Partner enabled Premium support 5-year prepaid, Panorama M-500 1K devices",84000.0000
Palo Alto Networks,PAN-SVC-B4HR-M-500-P-1K-5Y-R,"4-Hour Partner enabled Premium support 5-year prepaid renewal, Panorama M-500 1K devices",84000.0000
Palo Alto Networks,PAN-SVC-B4HRUSG-M-500-P-1K,"For US Government accounts only. Partner enabled 4-Hour premium support year 1, Panorama M-500 1000 devices",23000.0000
Palo Alto Networks,PAN-SVC-B4HRUSG-M-500-P-1K-R,"For US Government accounts only. Partner enabled 4-Hour premium support renewal, Panorama M-500 1000 devices",23000.0000
Palo Alto Networks,PAN-SVC-B4HRUSG-M-500-P-1K-3YR,"For US Government accounts only. Partner enabled 4-Hour premium support 3-year prepaid, Panorama M-500 1000 devices",55200.0000
Palo Alto Networks,PAN-SVC-B4HRUSG-M-500-P-1K-3YR-R,"For US Government accounts only. Partner enabled 4-Hour premium support 3-year prepaid renewal, Panorama M-500 1000 devices",55200.0000
Palo Alto Networks,PAN-SVC-B4HRUSG-M-500-P-1K-5YR,"For US Government accounts only. Partner enabled 4-Hour premium support 5-year prepaid, Panorama M-500 1000 devices",92000.0000
Palo Alto Networks,PAN-SVC-B4HRUSG-M-500-P-1K-5YR-R,"For US Government accounts only. Partner enabled 4-Hour premium support 5-year prepaid renewal, Panorama M-500 1000 devices",92000.0000
Palo Alto Networks,PAN-SVC-BKLN-200,"Partner enabled premium support year 1, PA-200",320.0000
Palo Alto Networks,PAN-SVC-BKLN-200-R,"Partner enabled premium support renewal, PA-200",320.0000
Palo Alto Networks,PAN-SVC-BKLN-200-3YR,"Partner enabled premium support 3-year prepaid, PA-200",770.0000
Palo Alto Networks,PAN-SVC-BKLN-200-3YR-R,"Partner enabled premium support 3-year prepaid renewal, PA-200",770.0000
Palo Alto Networks,PAN-SVC-BKLN-200-5YR,"Partner enabled premium support 5-year prepaid, PA-200",1280.0000
Palo Alto Networks,PAN-SVC-BKLN-200-5YR-R,"Partner enabled premium support 5-year prepaid renewal, PA-200",1280.0000
Palo Alto Networks,PAN-SVC-BKLNUSG-200,"For US Government accounts only. Partner enabled premium support year 1, PA-200",360.0000
Palo Alto Networks,PAN-SVC-BKLNUSG-200-R,"For US Government accounts only. Partner enabled premium support renewal, PA-200",360.0000
Palo Alto Networks,PAN-SVC-BKLNUSG-200-3YR,"For US Government accounts only. Partner enabled premium support 3-year prepaid, PA-200",870.0000
Palo Alto Networks,PAN-SVC-BKLNUSG-200-3YR-R,"For US Government accounts only. Partner enabled premium support 3-year prepaid renewal, PA-200",870.0000
Palo Alto Networks,PAN-SVC-BKLNUSG-200-5YR,"For US Government accounts only. Partner enabled premium support 5-year prepaid, PA-200",1440.0000
Palo Alto Networks,PAN-SVC-BKLNUSG-200-5YR-R,"For US Government accounts only. Partner enabled premium support 5-year prepaid renewal, PA-200",1440.0000
Palo Alto Networks,PAN-SVC-BKLN-200E,"Partner enabled premium support year 1, PA-200, Enterprise",200.0000
Palo Alto Networks,PAN-SVC-BKLN-200E-R,"Partner enabled premium support renewal, PA-200, Enterprise",200.0000
Palo Alto Networks,PAN-SVC-BKLN-200E-3YR,"Partner enabled premium support 3-year prepaid, PA-200, Enterprise",480.0000
Palo Alto Networks,PAN-SVC-BKLN-200E-3YR-R,"Partner enabled premium support 3-year prepaid renewal, PA-200, Enterprise",480.0000
Palo Alto Networks,PAN-SVC-BKLN-200E-5YR,"Partner enabled premium support 5-year prepaid, PA-200, Enterprise",800.0000
Palo Alto Networks,PAN-SVC-BKLN-200E-5YR-R,"Partner enabled premium support 5-year prepaid renewal, PA-200, Enterprise",800.0000
Palo Alto Networks,PAN-SVC-BKLNUSG-200E,"For US Government accounts only. Partner enabled premium support year 1, PA-200, Enterprise",230.0000
Palo Alto Networks,PAN-SVC-BKLNUSG-200E-R,"For US Government accounts only. Partner enabled premium support renewal, PA-200, Enterprise",230.0000
Palo Alto Networks,PAN-SVC-BKLNUSG-200E-3YR,"For US Government accounts only. Partner enabled premium support 3-year prepaid, PA-200, Enterprise",540.0000
Palo Alto Networks,PAN-SVC-BKLNUSG-200E-3YR-R,"For US Government accounts only. Partner enabled premium support 3-year prepaid renewal, PA-200, Enterprise",540.0000
Palo Alto Networks,PAN-SVC-BKLNUSG-200E-5YR,"For US Government accounts only. Partner enabled premium support 5-year prepaid, PA-200, Enterprise",900.0000
Palo Alto Networks,PAN-SVC-BKLNUSG-200E-5YR-R,"For US Government accounts only. Partner enabled premium support 5-year prepaid renewal, PA-200, Enterprise",900.0000
Palo Alto Networks,PAN-SVC-BKLN-220,"Partner enabled premium support year 1, PA-220",160.0000
Palo Alto Networks,PAN-SVC-BKLN-220-R,"Partner enabled premium support renewal, PA-220",160.0000
Palo Alto Networks,PAN-SVC-BKLN-220-3YR,"Partner enabled premium support 3-year prepaid, PA-220",380.0000
Palo Alto Networks,PAN-SVC-BKLN-220-3YR-R,"Partner enabled premium support 3-year prepaid renewal, PA-220",380.0000
Palo Alto Networks,PAN-SVC-BKLN-220-5YR,"Partner enabled premium support 5-year prepaid, PA-220",640.0000
Palo Alto Networks,PAN-SVC-BKLN-220-5YR-R,"Partner enabled premium support 5-year prepaid renewal, PA-220",640.0000
Palo Alto Networks,PAN-SVC-BKLNUSG-220,"For US Government accounts only. Partner enabled premium support year 1, PA-220",180.0000
Palo Alto Networks,PAN-SVC-BKLNUSG-220-R,"For US Government accounts only. Partner enabled premium support renewal, PA-220",180.0000
Palo Alto Networks,PAN-SVC-BKLNUSG-220-3YR,"For US Government accounts only. Partner enabled premium support 3-year prepaid, PA-220",430.0000
Palo Alto Networks,PAN-SVC-BKLNUSG-220-3YR-R,"For US Government accounts only. Partner enabled premium support 3-year prepaid renewal, PA-220",430.0000
Palo Alto Networks,PAN-SVC-BKLNUSG-220-5YR,"For US Government accounts only. Partner enabled premium support 5-year prepaid, PA-220",720.0000
Palo Alto Networks,PAN-SVC-BKLNUSG-220-5YR-R,"For US Government accounts only. Partner enabled premium support 5-year prepaid renewal, PA-220",720.0000
Palo Alto Networks,PAN-SVC-BKLN-500,"Partner enabled premium support year 1, PA-500",720.0000
Palo Alto Networks,PAN-SVC-BKLN-500-R,"Partner enabled premium support renewal, PA-500",720.0000
Palo Alto Networks,PAN-SVC-BKLN-500-3YR,"Partner enabled premium support 3-year prepaid, PA-500",1750.0000
Palo Alto Networks,PAN-SVC-BKLN-500-3YR-R,"Partner enabled premium support 3-year prepaid renewal, PA-500",1750.0000
Palo Alto Networks,PAN-SVC-BKLN-500-5YR,"Partner enabled premium support 5-year prepaid, PA-500",2880.0000
Palo Alto Networks,PAN-SVC-BKLN-500-5YR-R,"Partner enabled premium support 5-year prepaid renewal, PA-500",2880.0000
Palo Alto Networks,PAN-SVC-BKLNUSG-500,"For US Government accounts only. Partner enabled premium support year 1, PA-500",810.0000
Palo Alto Networks,PAN-SVC-BKLNUSG-500-R,"For US Government accounts only. Partner enabled premium support renewal, PA-500",810.0000
Palo Alto Networks,PAN-SVC-BKLNUSG-500-3YR,"For US Government accounts only. Partner enabled premium support 3-year prepaid, PA-500",1970.0000
Palo Alto Networks,PAN-SVC-BKLNUSG-500-3YR-R,"For US Government accounts only. Partner enabled premium support 3-year prepaid renewal, PA-500",1970.0000
Palo Alto Networks,PAN-SVC-BKLNUSG-500-5YR,"For US Government accounts only. Partner enabled premium support 5-year prepaid, PA-500",3240.0000
Palo Alto Networks,PAN-SVC-BKLNUSG-500-5YR-R,"For US Government accounts only. Partner enabled premium support 5-year prepaid renewal, PA-500",3240.0000
Palo Alto Networks,PAN-SVC-BKLN-820,"Partner enabled premium support year 1, PA-820",720.0000
Palo Alto Networks,PAN-SVC-BKLN-820-R,"Partner enabled premium support year 1 renewal, PA-820",720.0000
Palo Alto Networks,PAN-SVC-BKLN-820-3YR,"Partner enabled premium support 3 year prepaid, PA-820",1730.0000
Palo Alto Networks,PAN-SVC-BKLN-820-3YR-R,"Partner enabled premium support 3 year prepaid renewal, PA-820",1730.0000
Palo Alto Networks,PAN-SVC-BKLN-820-5YR,"Partner enabled premium support 5 year prepaid, PA-820",2880.0000
Palo Alto Networks,PAN-SVC-BKLN-820-5YR-R,"Partner enabled premium support 5 year prepaid renewal, PA-820",2880.0000
Palo Alto Networks,PAN-SVC-BKLNUSG-820,"For US Government accounts only. Partner enabled premium support year 1, PA-820",810.0000
Palo Alto Networks,PAN-SVC-BKLNUSG-820-R,"For US Government accounts only. Partner enabled premium support renewal, PA-820",810.0000
Palo Alto Networks,PAN-SVC-BKLNUSG-820-3YR,"For US Government accounts only. Partner enabled premium support 3-year prepaid, PA-820",1940.0000
Palo Alto Networks,PAN-SVC-BKLNUSG-820-3YR-R,"For US Government accounts only. Partner enabled premium support 3-year prepaid renewal, PA-820",1940.0000
Palo Alto Networks,PAN-SVC-BKLNUSG-820-5YR,"For US Government accounts only. Partner enabled premium support 5-year prepaid, PA-820",3240.0000
Palo Alto Networks,PAN-SVC-BKLNUSG-820-5YR-R,"For US Government accounts only. Partner enabled premium support 5-year prepaid renewal, PA-820",3240.0000
Palo Alto Networks,PAN-SVC-BKLN-850,"Partner enabled premium support year 1, PA-850",1520.0000
Palo Alto Networks,PAN-SVC-BKLN-850-R,"Partner enabled premium support year 1 renewal, PA-850",1520.0000
,,,
Palo Alto Networks,PAN-SVC-BKLN-850-3YR,"Partner enabled premium support 3 year prepaid, PA-850",3650.0000
Palo Alto Networks,PAN-SVC-BKLN-850-3YR-R,"Partner enabled premium support 3 year prepaid renewal, PA-850",3650.0000
Palo Alto Networks,PAN-SVC-BKLN-850-5YR,"Partner enabled premium support 5 year prepaid, PA-850",6080.0000
Palo Alto Networks,PAN-SVC-BKLN-850-5YR-R,"Partner enabled premium support 5 year prepaid renewal, PA-850",6080.0000
Palo Alto Networks,PAN-SVC-BKLNUSG-850,"For US Government accounts only. Partner enabled premium support year 1, PA-850",1710.0000
Palo Alto Networks,PAN-SVC-BKLNUSG-850-R,"For US Government accounts only. Partner enabled premium support renewal, PA-850",1710.0000
Palo Alto Networks,PAN-SVC-BKLNUSG-850-3YR,"For US Government accounts only. Partner enabled premium support 3-year prepaid, PA-850",4100.0000
Palo Alto Networks,PAN-SVC-BKLNUSG-850-3YR-R,"For US Government accounts only. Partner enabled premium support 3-year prepaid renewal, PA-850",4100.0000
Palo Alto Networks,PAN-SVC-BKLNUSG-850-5YR,"For US Government accounts only. Partner enabled premium support 5-year prepaid, PA-850",6840.0000
Palo Alto Networks,PAN-SVC-BKLNUSG-850-5YR-R,"For US Government accounts only. Partner enabled premium support 5-year prepaid renewal, PA-850",6840.0000
Palo Alto Networks,PAN-SVC-BKLN-2020-R,"Partner enabled premium support renewal, PA-2020",1900.0000
Palo Alto Networks,PAN-SVC-BKLNUSG-2020-R,"For US Government accounts only. Partner enabled premium support renewal, PA-2020",2140.0000
Palo Alto Networks,PAN-SVC-BKLN-2050-R,"Partner enabled premium support renewal, PA-2050",2550.0000
Palo Alto Networks,PAN-SVC-BKLNUSG-2050-R,"For US Government accounts only. Partner enabled premium support renewal, PA-2050",2870.0000
Palo Alto Networks,PAN-SVC-BKLN-3020,"Partner enabled premium support year 1, PA-3020",2240.0000
Palo Alto Networks,PAN-SVC-BKLN-3020-R,"Partner enabled premium support year 1 renewal, PA-3020",2240.0000
Palo Alto Networks,PAN-SVC-BKLN-3020-3YR,"Partner enabled premium support 3 year prepaid, PA-3020",5380.0000
Palo Alto Networks,PAN-SVC-BKLN-3020-3YR-R,"Partner enabled premium support 3 year prepaid renewal, PA-3020",5380.0000
Palo Alto Networks,PAN-SVC-BKLN-3020-5YR,"Partner enabled premium support 5 year prepaid, PA-3020",8960.0000
Palo Alto Networks,PAN-SVC-BKLN-3020-5YR-R,"Partner enabled premium support 5 year prepaid renewal, PA-3020",8960.0000
Palo Alto Networks,PAN-SVC-BKLNUSG-3020,"For US Government accounts only. Partner enabled premium support year 1, PA-3020",2520.0000
Palo Alto Networks,PAN-SVC-BKLNUSG-3020-R,"For US Government accounts only. Partner enabled premium support year 1 renewal, PA-3020",2520.0000
Palo Alto Networks,PAN-SVC-BKLNUSG-3020-3YR,"For US Government accounts only. Partner enabled premium support 3 year prepaid, PA-3020",6060.0000
Palo Alto Networks,PAN-SVC-BKLNUSG-3020-3YR-R,"For US Government accounts only. Partner enabled premium support 3 year prepaid renewal, PA-3020",6060.0000
Palo Alto Networks,PAN-SVC-BKLNUSG-3020-5YR,"For US Government accounts only. Partner enabled premium support 5 year prepaid, PA-3020",10080.0000
Palo Alto Networks,PAN-SVC-BKLNUSG-3020-5YR-R,"For US Government accounts only. Partner enabled premium support 5 year prepaid renewal, PA-3020",10080.0000
Palo Alto Networks,PAN-SVC-BKLN-3050,"Partner enabled premium support year 1, PA-3050",3840.0000
Palo Alto Networks,PAN-SVC-BKLN-3050-R,"Partner enabled premium support year 1 renewal, PA-3050",3840.0000
Palo Alto Networks,PAN-SVC-BKLN-3050-3YR,"Partner enabled premium support 3 year prepaid, PA-3050",9220.0000
Palo Alto Networks,PAN-SVC-BKLN-3050-3YR-R,"Partner enabled premium support 3 year prepaid renewal, PA-3050",9220.0000
Palo Alto Networks,PAN-SVC-BKLN-3050-5YR,"Partner enabled premium support 5 year prepaid, PA-3050",15360.0000
Palo Alto Networks,PAN-SVC-BKLN-3050-5YR-R,"Partner enabled premium support 5 year prepaid renewal, PA-3050",15360.0000
Palo Alto Networks,PAN-SVC-BKLNUSG-3050,"For US Government accounts only. Partner enabled premium support year 1, PA-3050",4320.0000
Palo Alto Networks,PAN-SVC-BKLNUSG-3050-R,"For US Government accounts only. Partner enabled premium support year 1 renewal, PA-3050",4320.0000
Palo Alto Networks,PAN-SVC-BKLNUSG-3050-3YR,"For US Government accounts only. Partner enabled premium support 3 year prepaid, PA-3050",10380.0000
Palo Alto Networks,PAN-SVC-BKLNUSG-3050-3YR-R,"For US Government accounts only. Partner enabled premium support 3 year prepaid renewal, PA-3050",10380.0000
Palo Alto Networks,PAN-SVC-BKLNUSG-3050-5YR,"For US Government accounts only. Partner enabled premium support 5 year prepaid, PA-3050",17280.0000
Palo Alto Networks,PAN-SVC-BKLNUSG-3050-5YR-R,"For US Government accounts only. Partner enabled premium support 5 year prepaid renewal, PA-3050",17280.0000
Palo Alto Networks,PAN-SVC-BKLN-3060,"Partner enabled premium support year 1, PA-3060",5760.0000
Palo Alto Networks,PAN-SVC-BKLN-3060-R,"Partner enabled premium support year 1 renewal, PA-3060",5760.0000
Palo Alto Networks,PAN-SVC-BKLN-3060-3YR,"Partner enabled premium support 3 year prepaid, PA-3060",13820.0000
Palo Alto Networks,PAN-SVC-BKLN-3060-3YR-R,"Partner enabled premium support 3 year prepaid renewal, PA-3060",13820.0000
Palo Alto Networks,PAN-SVC-BKLN-3060-5YR,"Partner enabled premium support 5 year prepaid, PA-3060",23040.0000
Palo Alto Networks,PAN-SVC-BKLN-3060-5YR-R,"Partner enabled premium support 5 year prepaid renewal, PA-3060",23040.0000
Palo Alto Networks,PAN-SVC-BKLNUSG-3060,"For US Government accounts only. Partner enabled premium support year 1, PA-3060",6480.0000
Palo Alto Networks,PAN-SVC-BKLNUSG-3060-R,"For US Government accounts only. Partner enabled premium support year 1 renewal, PA-3060",6480.0000
Palo Alto Networks,PAN-SVC-BKLNUSG-3060-3YR,"For US Government accounts only. Partner enabled premium support 3 year prepaid, PA-3060",15550.0000
Palo Alto Networks,PAN-SVC-BKLNUSG-3060-3YR-R,"For US Government accounts only. Partner enabled premium support 3 year prepaid renewal, PA-3060",15550.0000
Palo Alto Networks,PAN-SVC-BKLNUSG-3060-5YR,"For US Government accounts only. Partner enabled premium support 5 year prepaid, PA-3060",25920.0000
Palo Alto Networks,PAN-SVC-BKLNUSG-3060-5YR-R,"For US Government accounts only. Partner enabled premium support 5 year prepaid renewal, PA-3060",25920.0000
Palo Alto Networks,PAN-SVC-BKLN-4020-R,"Partner enabled premium support renewal, PA-4020",5600.0000
Palo Alto Networks,PAN-SVC-BKLNUSG-4020-R,"For US Government accounts only. Partner enabled premium support renewal, PA-4020",6300.0000
Palo Alto Networks,PAN-SVC-BKLN-4050-R,"Partner enabled premium support renewal, PA-4050",9600.0000
Palo Alto Networks,PAN-SVC-BKLNUSG-4050-R,"For US Government accounts only. Partner enabled premium support renewal, PA-4050",10800.0000
Palo Alto Networks,PAN-SVC-BKLN-4060-R,"Partner enabled premium support renewal, PA-4060",12800.0000
Palo Alto Networks,PAN-SVC-BKLNUSG-4060-R,"For US Government accounts only. Partner enabled premium support renewal, PA-4060",14400.0000
Palo Alto Networks,PAN-SVC-BKLN-5020,"Partner enabled premium support year 1, PA-5020",6400.0000
Palo Alto Networks,PAN-SVC-BKLN-5020-R,"Partner enabled premium support renewal, PA-5020",6400.0000
Palo Alto Networks,PAN-SVC-BKLN-5020-3YR,"Partner enabled premium support 3-year prepaid, PA-5020",15360.0000
Palo Alto Networks,PAN-SVC-BKLN-5020-3YR-R,"Partner enabled premium support 3-year prepaid renewal, PA-5020",15360.0000
Palo Alto Networks,PAN-SVC-BKLN-5020-5YR,"Partner enabled premium support 5 year prepaid, PA-5020",25600.0000
Palo Alto Networks,PAN-SVC-BKLN-5020-5YR-R,"Partner enabled premium support 5 year prepaid renewal, PA-5020",25600.0000
Palo Alto Networks,PAN-SVC-BKLNUSG-5020,"For US Government accounts only. Partner enabled premium support year 1, PA-5020",7200.0000
Palo Alto Networks,PAN-SVC-BKLNUSG-5020-R,"For US Government accounts only. Partner enabled premium support renewal, PA-5020",7200.0000
Palo Alto Networks,PAN-SVC-BKLNUSG-5020-3YR,"For US Government accounts only. Partner enabled premium support 3-year prepaid, PA-5020",17280.0000
Palo Alto Networks,PAN-SVC-BKLNUSG-5020-3YR-R,"For US Government accounts only. Partner enabled premium support 3-year prepaid renewal, PA-5020",17280.0000
Palo Alto Networks,PAN-SVC-BKLNUSG-5020-5YR,"For US Government accounts only. Partner enabled premium support 5 year prepaid, PA-5020",28800.0000
Palo Alto Networks,PAN-SVC-BKLNUSG-5020-5YR-R,"For US Government accounts only. Partner enabled premium support 5 year prepaid renewal, PA-5020",28800.0000
Palo Alto Networks,PAN-SVC-BKLN-5050,"Partner enabled premium support year 1, PA-5050",11200.0000
Palo Alto Networks,PAN-SVC-BKLN-5050-R,"Partner enabled premium support renewal, PA-5050",11200.0000
Palo Alto Networks,PAN-SVC-BKLN-5050-3YR,"Partner enabled premium support 3-year prepaid, PA-5050",26880.0000
Palo Alto Networks,PAN-SVC-BKLN-5050-3YR-R,"Partner enabled premium support 3-year prepaid renewal, PA-5050",26880.0000
Palo Alto Networks,PAN-SVC-BKLN-5050-5YR,"Partner enabled premium support 5 year prepaid, PA-5050",44800.0000
Palo Alto Networks,PAN-SVC-BKLN-5050-5YR-R,"Partner enabled premium support 5 year prepaid renewal, PA-5050",44800.0000
Palo Alto Networks,PAN-SVC-BKLNUSG-5050,"For US Government accounts only. Partner enabled premium support year 1, PA-5050",12600.0000
Palo Alto Networks,PAN-SVC-BKLNUSG-5050-R,"For US Government accounts only. Partner enabled premium support renewal, PA-5050",12600.0000
Palo Alto Networks,PAN-SVC-BKLNUSG-5050-3YR,"For US Government accounts only. Partner enabled premium support 3-year prepaid, PA-5050",30240.0000
Palo Alto Networks,PAN-SVC-BKLNUSG-5050-3YR-R,"For US Government accounts only. Partner enabled premium support 3-year prepaid renewal, PA-5050",30240.0000
Palo Alto Networks,PAN-SVC-BKLNUSG-5050-5YR,"For US Government accounts only. Partner enabled premium support 5 year prepaid, PA-5050",50400.0000
Palo Alto Networks,PAN-SVC-BKLNUSG-5050-5YR-R,"For US Government accounts only. Partner enabled premium support 5 year prepaid renewal, PA-5050",50400.0000
Palo Alto Networks,PAN-SVC-BKLN-5060,"Partner enabled premium support year 1, PA-5060",20800.0000
Palo Alto Networks,PAN-SVC-BKLN-5060-R,"Partner enabled premium support renewal, PA-5060",20800.0000
Palo Alto Networks,PAN-SVC-BKLN-5060-3YR,"Partner enabled premium support 3-year prepaid, PA-5060",49920.0000
Palo Alto Networks,PAN-SVC-BKLN-5060-3YR-R,"Partner enabled premium support 3-year prepaid renewal, PA-5060",49920.0000
Palo Alto Networks,PAN-SVC-BKLN-5060-5YR,"Partner enabled premium support 5 year prepaid, PA-5060",83200.0000
Palo Alto Networks,PAN-SVC-BKLN-5060-5YR-R,"Partner enabled premium support 5 year prepaid renewal, PA-5060",83200.0000
Palo Alto Networks,PAN-SVC-BKLNUSG-5060,"For US Government accounts only. Partner enabled premium support year 1, PA-5060",23400.0000
Palo Alto Networks,PAN-SVC-BKLNUSG-5060-R,"For US Government accounts only. Partner enabled premium support renewal, PA-5060",23400.0000
Palo Alto Networks,PAN-SVC-BKLNUSG-5060-3YR,"For US Government accounts only. Partner enabled premium support 3-year prepaid, PA-5060",56160.0000
Palo Alto Networks,PAN-SVC-BKLNUSG-5060-3YR-R,"For US Government accounts only. Partner enabled premium support 3-year prepaid renewal, PA-5060",56160.0000
Palo Alto Networks,PAN-SVC-BKLNUSG-5060-5YR,"For US Government accounts only. Partner enabled premium support 5 year prepaid, PA-5060",93600.0000
Palo Alto Networks,PAN-SVC-BKLNUSG-5060-5YR-R,"For US Government accounts only. Partner enabled premium support 5 year prepaid renewal, PA-5060",93600.0000
Palo Alto Networks,PAN-SVC-BKLN-5220,"Partner enabled premium support year 1, PA-5220",8000.0000
Palo Alto Networks,PAN-SVC-BKLN-5220-R,"Partner enabled premium support renewal, PA-5220",8000.0000
Palo Alto Networks,PAN-SVC-BKLN-5220-3YR,"Partner enabled premium support 3-year prepaid, PA-5220",19200.0000
Palo Alto Networks,PAN-SVC-BKLN-5220-3YR-R,"Partner enabled premium support 3-year prepaid renewal, PA-5220",19200.0000
,,,
Palo Alto Networks,PAN-SVC-BKLN-5220-5YR,"Partner enabled premium support 5 year prepaid, PA-5220",32000.0000
Palo Alto Networks,PAN-SVC-BKLN-5220-5YR-R,"Partner enabled premium support 5 year prepaid renewal, PA-5220",32000.0000
Palo Alto Networks,PAN-SVC-BKLNUSG-5220,"For US Government accounts only. Partner enabled premium support year 1, PA-5220",9000.0000
Palo Alto Networks,PAN-SVC-BKLNUSG-5220-R,"For US Government accounts only. Partner enabled premium support renewal, PA-5220",9000.0000
Palo Alto Networks,PAN-SVC-BKLNUSG-5220-3YR,"For US Government accounts only. Partner enabled premium support 3-year prepaid, PA-5220",21600.0000
Palo Alto Networks,PAN-SVC-BKLNUSG-5220-3YR-R,"For US Government accounts only. Partner enabled premium support 3-year prepaid renewal, PA-5220",21600.0000
Palo Alto Networks,PAN-SVC-BKLNUSG-5220-5YR,"For US Government accounts only. Partner enabled premium support 5 year prepaid, PA-5220",36000.0000
Palo Alto Networks,PAN-SVC-BKLNUSG-5220-5YR-R,"For US Government accounts only. Partner enabled premium support 5 year prepaid renewal, PA-5220",36000.0000
Palo Alto Networks,PAN-SVC-BKLN-5250,"Partner enabled premium support year 1, PA-5250",16000.0000
Palo Alto Networks,PAN-SVC-BKLN-5250-R,"Partner enabled premium support renewal, PA-5250",16000.0000
Palo Alto Networks,PAN-SVC-BKLN-5250-3YR,"Partner enabled premium support 3-year prepaid, PA-5250",38400.0000
Palo Alto Networks,PAN-SVC-BKLN-5250-3YR-R,"Partner enabled premium support 3-year prepaid renewal, PA-5250",38400.0000
Palo Alto Networks,PAN-SVC-BKLN-5250-5YR,"Partner enabled premium support 5 year prepaid, PA-5250",64000.0000
Palo Alto Networks,PAN-SVC-BKLN-5250-5YR-R,"Partner enabled premium support 5 year prepaid renewal, PA-5250",64000.0000
Palo Alto Networks,PAN-SVC-BKLNUSG-5250,"For US Government accounts only. Partner enabled premium support year 1, PA-5250",18000.0000
Palo Alto Networks,PAN-SVC-BKLNUSG-5250-R,"For US Government accounts only. Partner enabled premium support renewal, PA-5250",18000.0000
Palo Alto Networks,PAN-SVC-BKLNUSG-5250-3YR,"For US Government accounts only. Partner enabled premium support 3-year prepaid, PA-5250",43200.0000
Palo Alto Networks,PAN-SVC-BKLNUSG-5250-3YR-R,"For US Government accounts only. Partner enabled premium support 3-year prepaid renewal, PA-5250",43200.0000
Palo Alto Networks,PAN-SVC-BKLNUSG-5250-5YR,"For US Government accounts only. Partner enabled premium support 5 year prepaid, PA-5250",72000.0000
Palo Alto Networks,PAN-SVC-BKLNUSG-5250-5YR-R,"For US Government accounts only. Partner enabled premium support 5 year prepaid renewal, PA-5250",72000.0000
Palo Alto Networks,PAN-SVC-BKLN-5260,"Partner enabled premium support year 1, PA-5260",28800.0000
Palo Alto Networks,PAN-SVC-BKLN-5260-R,"Partner enabled premium support renewal, PA-5260",28800.0000
Palo Alto Networks,PAN-SVC-BKLN-5260-3YR,"Partner enabled premium support 3-year prepaid, PA-5260",69120.0000
Palo Alto Networks,PAN-SVC-BKLN-5260-3YR-R,"Partner enabled premium support 3-year prepaid renewal, PA-5260",69120.0000
Palo Alto Networks,PAN-SVC-BKLN-5260-5YR,"Partner enabled premium support 5 year prepaid, PA-5260",115200.0000
Palo Alto Networks,PAN-SVC-BKLN-5260-5YR-R,"Partner enabled premium support 5 year prepaid renewal, PA-5260",115200.0000
Palo Alto Networks,PAN-SVC-BKLNUSG-5260,"For US Government accounts only. Partner enabled premium support year 1, PA-5260",32400.0000
Palo Alto Networks,PAN-SVC-BKLNUSG-5260-R,"For US Government accounts only. Partner enabled premium support renewal, PA-5260",32400.0000
Palo Alto Networks,PAN-SVC-BKLNUSG-5260-3YR,"For US Government accounts only. Partner enabled premium support 3-year prepaid, PA-5260",77760.0000
Palo Alto Networks,PAN-SVC-BKLNUSG-5260-3YR-R,"For US Government accounts only. Partner enabled premium support 3-year prepaid renewal, PA-5260",77760.0000
Palo Alto Networks,PAN-SVC-BKLNUSG-5260-5YR,"For US Government accounts only. Partner enabled premium support 5 year prepaid, PA-5260",129600.0000
Palo Alto Networks,PAN-SVC-BKLNUSG-5260-5YR-R,"For US Government accounts only. Partner enabled premium support 5 year prepaid renewal, PA-5260",129600.0000
Palo Alto Networks,PAN-SVC-BKLN-7050,"Partner enabled premium support year 1, PA-7050",48000.0000
Palo Alto Networks,PAN-SVC-BKLN-7050-R,"Partner enabled premium support year 1 renewal, PA-7050",48000.0000
Palo Alto Networks,PAN-SVC-BKLN-7050-3YR,"Partner enabled premium support 3 year prepaid, PA-7050",115200.0000
Palo Alto Networks,PAN-SVC-BKLN-7050-3YR-R,"Partner enabled premium support 3 year prepaid renewal, PA-7050",115200.0000
Palo Alto Networks,PAN-SVC-BKLN-7050-5YR,"Partner enabled premium support 5 year prepaid, PA-7050",192000.0000
Palo Alto Networks,PAN-SVC-BKLN-7050-5YR-R,"Partner enabled premium support 5 year prepaid renewal, PA-7050",192000.0000
Palo Alto Networks,PAN-SVC-BKLNUSG-7050,"For US Government accounts only. Partner enabled premium support year 1, PA-7050",54000.0000
Palo Alto Networks,PAN-SVC-BKLNUSG-7050-R,"For US Government accounts only. Partner enabled premium support year 1 renewal, PA-7050",54000.0000
Palo Alto Networks,PAN-SVC-BKLNUSG-7050-3YR,"For US Government accounts only. Partner enabled premium support 3 year prepaid, PA-7050",129600.0000
Palo Alto Networks,PAN-SVC-BKLNUSG-7050-3YR-R,"For US Government accounts only. Partner enabled premium support 3 year prepaid renewal, PA-7050",129600.0000
Palo Alto Networks,PAN-SVC-BKLNUSG-7050-5YR,"For US Government accounts only. Partner enabled premium support 5 year prepaid, PA-7050",216000.0000
Palo Alto Networks,PAN-SVC-BKLNUSG-7050-5YR-R,"For US Government accounts only. Partner enabled premium support 5 year prepaid renewal, PA-7050",216000.0000
Palo Alto Networks,PAN-SVC-BKLN-7080,"Partner enabled Premium support year 1, PA-7080",60000.0000
Palo Alto Networks,PAN-SVC-BKLN-7080-R,"Partner enabled Premium support year 1 renewal, PA-7080",60000.0000
Palo Alto Networks,PAN-SVC-BKLN-7080-3YR,"Partner enabled Premium support 3 year prepaid, PA-7080",144000.0000
Palo Alto Networks,PAN-SVC-BKLN-7080-3YR-R,"Partner enabled Premium support 3 year prepaid renewal, PA-7080",144000.0000
Palo Alto Networks,PAN-SVC-BKLN-7080-5YR,"Partner enabled Premium support 5 year prepaid, PA-7080",240000.0000
Palo Alto Networks,PAN-SVC-BKLN-7080-5YR-R,"Partner enabled Premium support 5 year prepaid renewal, PA-7080",240000.0000
Palo Alto Networks,PAN-SVC-BKLNUSG-7080,"For US Government accounts only. Partner enabled premium support 1 year, PA-7080",67500.0000
Palo Alto Networks,PAN-SVC-BKLNUSG-7080-R,"For US Government accounts only. Partner enabled premium support 1 year renewal, PA-7080",67500.0000
Palo Alto Networks,PAN-SVC-BKLNUSG-7080-3YR,"For US Government accounts only. Partner enabled premium support 3 year prepaid, PA-7080",162000.0000
Palo Alto Networks,PAN-SVC-BKLNUSG-7080-3YR-R,"For US Government accounts only. Partner enabled premium support 3 year prepaid renewal, PA-7080",162000.0000
Palo Alto Networks,PAN-SVC-BKLNUSG-7080-5YR,"For US Government accounts only. Partner enabled premium support 5 year prepaid, PA-7080",270000.0000
Palo Alto Networks,PAN-SVC-BKLNUSG-7080-5YR-R,"For US Government accounts only. Partner enabled premium support 5 year prepaid renewal, PA-7080",270000.0000
Palo Alto Networks,PAN-SVC-BKLN-VM-100,"Partner enabled premium support year 1, VM-100",540.0000
Palo Alto Networks,PAN-SVC-BKLN-VM-100-R,"Partner enabled premium support year 1 renewal, VM-100",540.0000
Palo Alto Networks,PAN-SVC-BKLN-VM-100-3YR,"Partner enabled premium support 3 year prepaid, VM-100",1300.0000
Palo Alto Networks,PAN-SVC-BKLN-VM-100-3YR-R,"Partner enabled premium support 3 year prepaid renewal, VM-100",1300.0000
Palo Alto Networks,PAN-SVC-BKLN-VM-100-5YR,"Partner enabled premium support 5 year prepaid, VM-100",2160.0000
Palo Alto Networks,PAN-SVC-BKLN-VM-100-5YR-R,"Partner enabled premium support 5 year prepaid renewal, VM-100",2160.0000
Palo Alto Networks,PAN-SVC-BKLNUSG-VM-100,"For US Government accounts only. Partner enabled premium support year 1, VM-100",610.0000
Palo Alto Networks,PAN-SVC-BKLNUSG-VM-100-R,"For US Government accounts only. Partner enabled premium support year 1 renewal, VM-100",610.0000
Palo Alto Networks,PAN-SVC-BKLNUSG-VM-100-3YR,"For US Government accounts only. Partner enabled premium support 3 year prepaid, VM-100",1470.0000
Palo Alto Networks,PAN-SVC-BKLNUSG-VM-100-3YR-R,"For US Government accounts only. Partner enabled premium support 3 year prepaid renewal, VM-100",1470.0000
Palo Alto Networks,PAN-SVC-BKLNUSG-VM-100-5YR,"For US Government accounts only. Partner enabled premium support 5 year prepaid, VM-100",2430.0000
Palo Alto Networks,PAN-SVC-BKLNUSG-VM-100-5YR-R,"For US Government accounts only. Partner enabled premium support 5 year prepaid renewal, VM-100",2430.0000
Palo Alto Networks,PAN-SVC-BKLN-VM-100-ENT,"Partner enabled premium support year 1, VM-100-ENT",9000.0000
Palo Alto Networks,PAN-SVC-BKLN-VM-100-ENT-R,"Partner enabled premium support year 1 renewal, VM-100-ENT",9000.0000
Palo Alto Networks,PAN-SVC-BKLN-VM-100-ENT-3YR,"Partner enabled premium support 3 year prepaid, VM-100-ENT",21600.0000
Palo Alto Networks,PAN-SVC-BKLN-VM-100-ENT-3YR-R,"Partner enabled premium support 3 year prepaid renewal, VM-100-ENT",21600.0000
Palo Alto Networks,PAN-SVC-BKLN-VM-100-ENT-5YR,"Partner enabled premium support 5 year prepaid, VM-100-ENT",36000.0000
Palo Alto Networks,PAN-SVC-BKLN-VM-100-ENT-5YR-R,"Partner enabled premium support 5 year prepaid renewal, VM-100-ENT",36000.0000
Palo Alto Networks,PAN-SVC-BKLNUSG-VM-100-ENT,"For US Government accounts only. Partner enabled premium support year 1, VM-100-ENT",10130.0000
Palo Alto Networks,PAN-SVC-BKLNUSG-VM-100-ENT-R,"For US Government accounts only. Partner enabled premium support year 1 renewal, VM-100-ENT",10130.0000
Palo Alto Networks,PAN-SVC-BKLNUSG-VM-100-ENT-3YR,"For US Government accounts only. Partner enabled premium support 3 year prepaid, VM-100-ENT",24300.0000
Palo Alto Networks,PAN-SVC-BKLNUSG-VM-100-ENT-3YR-R,"For US Government accounts only. Partner enabled premium support 3 year prepaid renewal, VM-100-ENT",24300.0000
Palo Alto Networks,PAN-SVC-BKLNUSG-VM-100-ENT-5YR,"For US Government accounts only. Partner enabled premium support 5 year prepaid, VM-100-ENT",40500.0000
Palo Alto Networks,PAN-SVC-BKLNUSG-VM-100-ENT-5YR-R,"For US Government accounts only. Partner enabled premium support 5 year prepaid renewal, VM-100-ENT",40500.0000
Palo Alto Networks,PAN-SVC-BKLN-VM-200,"Partner enabled premium support year 1, VM-200",810.0000
Palo Alto Networks,PAN-SVC-BKLN-VM-200-R,"Partner enabled premium support year 1 renewal, VM-200",810.0000
Palo Alto Networks,PAN-SVC-BKLN-VM-200-3YR,"Partner enabled premium support 3 year prepaid, VM-200",1940.0000
Palo Alto Networks,PAN-SVC-BKLN-VM-200-3YR-R,"Partner enabled premium support 3 year prepaid renewal, VM-200",1940.0000
Palo Alto Networks,PAN-SVC-BKLN-VM-200-5YR,"Partner enabled premium support 5 year prepaid, VM-200",3240.0000
Palo Alto Networks,PAN-SVC-BKLN-VM-200-5YR-R,"Partner enabled premium support 5 year prepaid renewal, VM-200",3240.0000
Palo Alto Networks,PAN-SVC-BKLNUSG-VM-200,"For US Government accounts only. Partner enabled premium support year 1, VM-200",920.0000
Palo Alto Networks,PAN-SVC-BKLNUSG-VM-200-R,"For US Government accounts only. Partner enabled premium support year 1 renewal, VM-200",920.0000
Palo Alto Networks,PAN-SVC-BKLNUSG-VM-200-3YR,"For US Government accounts only. Partner enabled premium support 3 year prepaid, VM-200",2190.0000
Palo Alto Networks,PAN-SVC-BKLNUSG-VM-200-3YR-R,"For US Government accounts only. Partner enabled premium support 3 year prepaid renewal, VM-200",2190.0000
Palo Alto Networks,PAN-SVC-BKLNUSG-VM-200-5YR,"For US Government accounts only. Partner enabled premium support 5 year prepaid, VM-200",3650.0000
Palo Alto Networks,PAN-SVC-BKLNUSG-VM-200-5YR-R,"For US Government accounts only. Partner enabled premium support 5 year prepaid renewal, VM-200",3650.0000
Palo Alto Networks,PAN-SVC-BKLN-VM-200-ENT,"Partner enabled premium support year 1, VM-200-ENT",13500.0000
Palo Alto Networks,PAN-SVC-BKLN-VM-200-ENT-R,"Partner enabled premium support year 1 renewal, VM-200-ENT",13500.0000
Palo Alto Networks,PAN-SVC-BKLN-VM-200-ENT-3YR,"Partner enabled premium support 3 year prepaid, VM-200-ENT",32400.0000
Palo Alto Networks,PAN-SVC-BKLN-VM-200-ENT-3YR-R,"Partner enabled premium support 3 year prepaid renewal, VM-200-ENT",32400.0000
,,,
Palo Alto Networks,PAN-SVC-BKLN-VM-200-ENT-5YR,"Partner enabled premium support 5 year prepaid, VM-200-ENT",54000.0000
Palo Alto Networks,PAN-SVC-BKLN-VM-200-ENT-5YR-R,"Partner enabled premium support 5 year prepaid renewal, VM-200-ENT",54000.0000
Palo Alto Networks,PAN-SVC-BKLNUSG-VM-200-ENT,"For US Government accounts only. Partner enabled premium support year 1, VM-200-ENT",15190.0000
Palo Alto Networks,PAN-SVC-BKLNUSG-VM-200-ENT-R,"For US Government accounts only. Partner enabled premium support year 1 renewal, VM-200-ENT",15190.0000
Palo Alto Networks,PAN-SVC-BKLNUSG-VM-200-ENT-3YR,"For US Government accounts only. Partner enabled premium support 3 year prepaid, VM-200-ENT",36450.0000
Palo Alto Networks,PAN-SVC-BKLNUSG-VM-200-ENT-3YR-R,"For US Government accounts only. Partner enabled premium support 3 year prepaid renewal, VM-200-ENT",36450.0000
Palo Alto Networks,PAN-SVC-BKLNUSG-VM-200-ENT-5YR,"For US Government accounts only. Partner enabled premium support 5 year prepaid, VM-200-ENT",60750.0000
Palo Alto Networks,PAN-SVC-BKLNUSG-VM-200-ENT-5YR-R,"For US Government accounts only. Partner enabled premium support 5 year prepaid renewal, VM-200-ENT",60750.0000
Palo Alto Networks,PAN-SVC-BKLN-VM-300,"Partner enabled premium support year 1, VM-300",1080.0000
Palo Alto Networks,PAN-SVC-BKLN-VM-300-R,"Partner enabled premium support year 1 renewal, VM-300",1080.0000
Palo Alto Networks,PAN-SVC-BKLN-VM-300-3YR,"Partner enabled premium support 3 year prepaid, VM-300",2600.0000
Palo Alto Networks,PAN-SVC-BKLN-VM-300-3YR-R,"Partner enabled premium support 3 year prepaid renewal, VM-300",2600.0000
Palo Alto Networks,PAN-SVC-BKLN-VM-300-5YR,"Partner enabled premium support 5 year prepaid, VM-300",4320.0000
Palo Alto Networks,PAN-SVC-BKLN-VM-300-5YR-R,"Partner enabled premium support 5 year prepaid renewal, VM-300",4320.0000
Palo Alto Networks,PAN-SVC-BKLNUSG-VM-300,"For US Government accounts only. Partner enabled premium support year 1, VM-300",1220.0000
Palo Alto Networks,PAN-SVC-BKLNUSG-VM-300-R,"For US Government accounts only. Partner enabled premium support year 1 renewal, VM-300",1220.0000
Palo Alto Networks,PAN-SVC-BKLNUSG-VM-300-3YR,"For US Government accounts only. Partner enabled premium support 3 year prepaid, VM-300",2930.0000
Palo Alto Networks,PAN-SVC-BKLNUSG-VM-300-3YR-R,"For US Government accounts only. Partner enabled premium support 3 year prepaid renewal, VM-300",2930.0000
Palo Alto Networks,PAN-SVC-BKLNUSG-VM-300-5YR,"For US Government accounts only. Partner enabled premium support 5 year prepaid, VM-300",4860.0000
Palo Alto Networks,PAN-SVC-BKLNUSG-VM-300-5YR-R,"For US Government accounts only. Partner enabled premium support 5 year prepaid renewal, VM-300",4860.0000
Palo Alto Networks,PAN-SVC-BKLN-VM-300-ENT,"Partner enabled premium support year 1, VM-300-ENT",18000.0000
Palo Alto Networks,PAN-SVC-BKLN-VM-300-ENT-R,"Partner enabled premium support year 1 renewal, VM-300-ENT",18000.0000
Palo Alto Networks,PAN-SVC-BKLN-VM-300-ENT-3YR,"Partner enabled premium support 3 year prepaid, VM-300-ENT",43000.0000
Palo Alto Networks,PAN-SVC-BKLN-VM-300-ENT-3YR-R,"Partner enabled premium support 3 year prepaid renewal, VM-300-ENT",43000.0000
Palo Alto Networks,PAN-SVC-BKLN-VM-300-ENT-5YR,"Partner enabled premium support 5 year prepaid, VM-300-ENT",72000.0000
Palo Alto Networks,PAN-SVC-BKLN-VM-300-ENT-5YR-R,"Partner enabled premium support 5 year prepaid renewal, VM-300-ENT",72000.0000
Palo Alto Networks,PAN-SVC-BKLNUSG-VM-300-ENT,"For US Government accounts only. Partner enabled premium support year 1, VM-300-ENT",20250.0000
Palo Alto Networks,PAN-SVC-BKLNUSG-VM-300-ENT-R,"For US Government accounts only. Partner enabled premium support year 1 renewal, VM-300-ENT",20250.0000
Palo Alto Networks,PAN-SVC-BKLNUSG-VM-300-ENT-3YR,"For US Government accounts only. Partner enabled premium support 3 year prepaid, VM-300-ENT",48380.0000
Palo Alto Networks,PAN-SVC-BKLNUSG-VM-300-ENT-3YR-R,"For US Government accounts only. Partner enabled premium support 3 year prepaid renewal, VM-300-ENT",48380.0000
Palo Alto Networks,PAN-SVC-BKLNUSG-VM-300-ENT-5YR,"For US Government accounts only. Partner enabled premium support 5 year prepaid, VM-300-ENT",81000.0000
Palo Alto Networks,PAN-SVC-BKLNUSG-VM-300-ENT-5YR-R,"For US Government accounts only. Partner enabled premium support 5 year prepaid renewal, VM-300-ENT",81000.0000
Palo Alto Networks,PAN-SVC-BKLN-VM-1000-HV,"Partner enabled premium support year 1, VM-1000-HV",1350.0000
Palo Alto Networks,PAN-SVC-BKLN-VM-1000-HV-R,"Partner enabled premium support year 1 renewal, VM-1000-HV",1350.0000
Palo Alto Networks,PAN-SVC-BKLN-VM-1000-HV-3YR,"Partner enabled premium support 3 year prepaid, VM-1000-HV",3250.0000
Palo Alto Networks,PAN-SVC-BKLN-VM-1000-HV-3YR-R,"Partner enabled premium support 3 year prepaid renewal, VM-1000-HV",3250.0000
Palo Alto Networks,PAN-SVC-BKLN-VM-1000-HV-5YR,"Partner enabled premium support 5 year prepaid, VM-1000-HV",5400.0000
Palo Alto Networks,PAN-SVC-BKLN-VM-1000-HV-5YR-R,"Partner enabled premium support 5 year prepaid renewal, VM-1000-HV",5400.0000
Palo Alto Networks,PAN-SVC-BKLNUSG-VM-1000-HV,"For US Government accounts only. Partner enabled premium support year 1, VM-1000-HV",1520.0000
Palo Alto Networks,PAN-SVC-BKLNUSG-VM-1000-HV-R,"For US Government accounts only. Partner enabled premium support year 1 renewal, VM-1000-HV",1520.0000
Palo Alto Networks,PAN-SVC-BKLNUSG-VM-1000-HV-3YR,"For US Government accounts only. Partner enabled premium support 3 year prepaid, VM-1000-HV",3660.0000
Palo Alto Networks,PAN-SVC-BKLNUSG-VM-1000-HV-3YR-R,"For US Government accounts only. Partner enabled premium support 3 year prepaid renewal, VM-1000-HV",3660.0000
Palo Alto Networks,PAN-SVC-BKLNUSG-VM-1000-HV-5YR,"For US Government accounts only. Partner enabled premium support 5 year prepaid, VM-1000-HV",6080.0000
Palo Alto Networks,PAN-SVC-BKLNUSG-VM-1000-HV-5YR-R,"For US Government accounts only. Partner enabled premium support 5 year prepaid renewal, VM-1000-HV",6080.0000
Palo Alto Networks,PAN-SVC-BKLN-VM-1000-HV-ENT,"Partner enabled premium support year 1, VM-1000-HV-ENT",22500.0000
Palo Alto Networks,PAN-SVC-BKLN-VM-1000-HV-ENT-R,"Partner enabled premium support year 1 renewal, VM-1000-HV-ENT",22500.0000
Palo Alto Networks,PAN-SVC-BKLN-VM-1000-HV-ENT-3YR,"Partner enabled premium support 3 year prepaid, VM-1000-HV-ENT",54000.0000
Palo Alto Networks,PAN-SVC-BKLN-VM-1000-HV-ENT-3YR-R,"Partner enabled premium support 3 year prepaid renewal, VM-1000-HV-ENT",54000.0000
Palo Alto Networks,PAN-SVC-BKLN-VM-1000-HV-ENT-5YR,"Partner enabled premium support 5 year prepaid, VM-1000-HV-ENT",90000.0000
Palo Alto Networks,PAN-SVC-BKLN-VM-1000-HV-ENT-5YR-R,"Partner enabled premium support 5 year prepaid renewal, VM-1000-HV-ENT",90000.0000
Palo Alto Networks,PAN-SVC-BKLNUSG-VM-1000-HV-ENT,"For US Government accounts only. Partner enabled premium support year 1, VM-1000-HV-ENT",25320.0000
Palo Alto Networks,PAN-SVC-BKLNUSG-VM-1000-HV-ENT-R,"For US Government accounts only. Partner enabled premium support year 1 renewal, VM-1000-HV-ENT",25320.0000
Palo Alto Networks,PAN-SVC-BKLNUSG-VM-1000-HV-ENT-3YR,"For US Government accounts only. Partner enabled premium support 3 year prepaid, VM-1000-HV-ENT",60750.0000
Palo Alto Networks,PAN-SVC-BKLNUSG-VM-1000-HV-ENT-3YR-R,"For US Government accounts only. Partner enabled premium support 3 year prepaid renewal, VM-1000-HV-ENT",60750.0000
Palo Alto Networks,PAN-SVC-BKLNUSG-VM-1000-HV-ENT-5YR,"For US Government accounts only. Partner enabled premium support 5 year prepaid, VM-1000-HV-ENT",101250.0000
Palo Alto Networks,PAN-SVC-BKLNUSG-VM-1000-HV-ENT-5YR-R,"For US Government accounts only. Partner enabled premium support 5 year prepaid renewal, VM-1000-HV-ENT",101250.0000
Palo Alto Networks,PAN-SVC-BKLN-WF-500,"Partner enabled premium support year 1, WF-500",20000.0000
Palo Alto Networks,PAN-SVC-BKLN-WF-500-R,"Partner enabled premium support renewal, WF-500",20000.0000
Palo Alto Networks,PAN-SVC-BKLN-WF-500-3YR,"Partner enabled premium support 3-year prepaid, WF-500",48000.0000
Palo Alto Networks,PAN-SVC-BKLN-WF-500-3YR-R,"Partner enabled premium support 3-year prepaid renewal, WF-500",48000.0000
Palo Alto Networks,PAN-SVC-BKLN-WF-500-5YR,"Partner enabled premium support 5-year prepaid, WF-500",80000.0000
Palo Alto Networks,PAN-SVC-BKLN-WF-500-5YR-R,"Partner enabled premium support 5-year prepaid renewal, WF-500",80000.0000
Palo Alto Networks,PAN-SVC-BKLNUSG-WF-500,"For US Government accounts only. Partner enabled premium support year 1, WF-500",22500.0000
Palo Alto Networks,PAN-SVC-BKLNUSG-WF-500-R,"For US Government accounts only. Partner enabled premium support renewal, WF-500",22500.0000
Palo Alto Networks,PAN-SVC-BKLNUSG-WF-500-3YR,"For US Government accounts only. Partner enabled premium support 3-year prepaid, WF-500",54000.0000
Palo Alto Networks,PAN-SVC-BKLNUSG-WF-500-3YR-R,"For US Government accounts only. Partner enabled premium support 3-year prepaid renewal, WF-500",54000.0000
Palo Alto Networks,PAN-SVC-BKLNUSG-WF-500-5YR,"For US Government accounts only. Partner enabled premium support 5-year prepaid, WF-500",90000.0000
Palo Alto Networks,PAN-SVC-BKLNUSG-WF-500-5YR-R,"For US Government accounts only. Partner enabled premium support 5-year prepaid renewal, WF-500",90000.0000
Palo Alto Networks,PAN-SVC-BKLN-GP-100-R,"Partner Enabled Premium Support renewal, GP-100 500 Devices",4000.0000
Palo Alto Networks,PAN-SVC-BKLN-GP-100-3YR-R,"Partner Enabled Premium Support 3-year prepaid renewal, GP-100 500 Devices",9600.0000
Palo Alto Networks,PAN-SVC-BKLN-GP-100-1K-R,"Partner Enabled Premium Support renewal, GP-100 1K Devices",6400.0000
Palo Alto Networks,PAN-SVC-BKLN-GP-100-1K-3YR-R,"Partner Enabled Premium Support 3-year prepaid renewal, GP-100 1K Devices",15360.0000
Palo Alto Networks,PAN-SVC-BKLN-GP-100-2K-R,"Partner Enabled Premium Support renewal, GP-100 2K Devices",9600.0000
Palo Alto Networks,PAN-SVC-BKLN-GP-100-2K-3YR-R,"Partner Enabled Premium Support 3-year prepaid renewal, GP-100 2K Devices",23040.0000
Palo Alto Networks,PAN-SVC-BKLN-GP-100-5K-R,"Partner Enabled Premium Support renewal, GP-100 5K Devices",16800.0000
Palo Alto Networks,PAN-SVC-BKLN-GP-100-5K-3YR-R,"Partner Enabled Premium Support 3-year prepaid renewal, GP-100 5K Devices",40320.0000
Palo Alto Networks,PAN-SVC-BKLN-GP-100-10K-R,"Partner Enabled Premium Support renewal, GP-100 10K Devices",29600.0000
Palo Alto Networks,PAN-SVC-BKLN-GP-100-10K-3YR-R,"Partner Enabled Premium Support 3-year prepaid renewal, GP-100 10K Devices",71040.0000
Palo Alto Networks,PAN-SVC-BKLN-GP-100-25K-R,"Partner Enabled Premium Support renewal, GP-100 25K Devices",60000.0000
Palo Alto Networks,PAN-SVC-BKLN-GP-100-25K-3YR-R,"Partner Enabled Premium Support 3-year prepaid renewal, GP-100 25K Devices",144000.0000
Palo Alto Networks,PAN-SVC-BKLN-GP-100-50K-R,"Partner Enabled Premium Support renewal, GP-100 50K Devices",84000.0000
Palo Alto Networks,PAN-SVC-BKLN-GP-100-50K-3YR-R,"Partner Enabled Premium Support 3-year prepaid renewal, GP-100 50K Devices",201600.0000
Palo Alto Networks,PAN-SVC-BKLN-GP-100-100K-R,"Partner Enabled Premium Support renewal, GP-100 100K Devices",124000.0000
Palo Alto Networks,PAN-SVC-BKLN-GP-100-100K-3YR-R,"Partner Enabled Premium Support 3-year prepaid renewal, GP-100 100K Devices",297600.0000
Palo Alto Networks,PAN-SVC-BKLN-PRA-25,"Partner enabled premium support year 1, Panorama 25 devices",1600.0000
Palo Alto Networks,PAN-SVC-BKLN-PRA-25-R,"Partner enabled premium support renewal, Panorama 25 devices",1600.0000
Palo Alto Networks,PAN-SVC-BKLN-PRA-25-3YR,"Partner enabled premium support 3 year prepaid, Panorama 25 devices",3800.0000
Palo Alto Networks,PAN-SVC-BKLN-PRA-25-3YR-R,"Partner enabled premium support 3 year prepaid renewal, Panorama 25 devices",3800.0000
Palo Alto Networks,PAN-SVC-BKLN-PRA-25-5YR,"Partner enabled premium support 5 year prepaid, Panorama 25 devices",6400.0000
Palo Alto Networks,PAN-SVC-BKLN-PRA-25-5YR-R,"Partner enabled premium support 5 year prepaid renewal, Panorama 25 devices",6400.0000
Palo Alto Networks,PAN-SVC-BKLNUSG-PRA-25,"For US Government accounts only. Partner enabled premium support year 1, Panorama 25 devices",1800.0000
Palo Alto Networks,PAN-SVC-BKLNUSG-PRA-25-R,"For US Government accounts only. Partner enabled premium support renewal, Panorama 25 devices",1800.0000
Palo Alto Networks,PAN-SVC-BKLNUSG-PRA-25-3YR,"For US Government accounts only. Partner enabled premium support 3 year prepaid, Panorama 25 devices",4280.0000
Palo Alto Networks,PAN-SVC-BKLNUSG-PRA-25-3YR-R,"For US Government accounts only. Partner enabled premium support 3 year prepaid renewal, Panorama 25 devices",4280.0000
Palo Alto Networks,PAN-SVC-BKLNUSG-PRA-25-5YR,"For US Government accounts only. Partner enabled premium support 5 year prepaid, Panorama 25 devices",7200.0000
Palo Alto Networks,PAN-SVC-BKLNUSG-PRA-25-5YR-R,"For US Government accounts only. Partner enabled premium support 5 year prepaid renewal, Panorama 25 devices",7200.0000
,,,
Palo Alto Networks,PAN-SVC-BKLN-PRA-100,"Partner enabled premium support year 1, Panorama 100 devices",4000.0000
Palo Alto Networks,PAN-SVC-BKLN-PRA-100-R,"Partner enabled premium support renewal, Panorama 100 devices",4000.0000
Palo Alto Networks,PAN-SVC-BKLN-PRA-100-3YR,"Partner enabled premium support 3 year prepaid, Panorama 100 devices",9500.0000
Palo Alto Networks,PAN-SVC-BKLN-PRA-100-3YR-R,"Partner enabled premium support 3 year prepaid renewal, Panorama 100 devices",9500.0000
Palo Alto Networks,PAN-SVC-BKLN-PRA-100-5YR,"Partner enabled premium support 5 year prepaid, Panorama 100 devices",16000.0000
Palo Alto Networks,PAN-SVC-BKLN-PRA-100-5YR-R,"Partner enabled premium support 5 year prepaid renewal, Panorama 100 devices",16000.0000
Palo Alto Networks,PAN-SVC-BKLNUSG-PRA-100,"For US Government accounts only. Partner enabled premium support year 1, Panorama 100 devices",4500.0000
Palo Alto Networks,PAN-SVC-BKLNUSG-PRA-100-R,"For US Government accounts only. Partner enabled premium support renewal, Panorama 100 devices",4500.0000
Palo Alto Networks,PAN-SVC-BKLNUSG-PRA-100-3YR,"For US Government accounts only. Partner enabled premium support 3 year prepaid, Panorama 100 devices",10690.0000
Palo Alto Networks,PAN-SVC-BKLNUSG-PRA-100-3YR-R,"For US Government accounts only. Partner enabled premium support 3 year prepaid renewal, Panorama 100 devices",10690.0000
Palo Alto Networks,PAN-SVC-BKLNUSG-PRA-100-5YR,"For US Government accounts only. Partner enabled premium support 5 year prepaid, Panorama 100 devices",18000.0000
Palo Alto Networks,PAN-SVC-BKLNUSG-PRA-100-5YR-R,"For US Government accounts only. Partner enabled premium support 5 year prepaid renewal, Panorama 100 devices",18000.0000
Palo Alto Networks,PAN-SVC-BKLN-PRA-1K,"Partner enabled premium support year 1, Panorama 1000 devices",12000.0000
Palo Alto Networks,PAN-SVC-BKLN-PRA-1K-R,"Partner enabled premium support renewal, Panorama 1000 devices",12000.0000
Palo Alto Networks,PAN-SVC-BKLN-PRA-1K-3YR,"Partner enabled premium support 3 year prepaid, Panorama 1000 devices",28500.0000
Palo Alto Networks,PAN-SVC-BKLN-PRA-1K-3YR-R,"Partner enabled premium support 3 year prepaid renewal, Panorama 1000 devices",28500.0000
Palo Alto Networks,PAN-SVC-BKLN-PRA-1K-5YR,"Partner enabled premium support 5 year prepaid, Panorama 1000 devices",48000.0000
Palo Alto Networks,PAN-SVC-BKLN-PRA-1K-5YR-R,"Partner enabled premium support 5 year prepaid renewal, Panorama 1000 devices",48000.0000
Palo Alto Networks,PAN-SVC-BKLNUSG-PRA-1K,"For US Government accounts only. Partner enabled premium support year 1, Panorama 1000 devices",13500.0000
Palo Alto Networks,PAN-SVC-BKLNUSG-PRA-1K-R,"For US Government accounts only. Partner enabled premium support renewal, Panorama 1000 devices",13500.0000
Palo Alto Networks,PAN-SVC-BKLNUSG-PRA-1K-3YR,"For US Government accounts only. Partner enabled premium support 3 year prepaid, Panorama 1000 devices",32070.0000
Palo Alto Networks,PAN-SVC-BKLNUSG-PRA-1K-3YR-R,"For US Government accounts only. Partner enabled premium support 3 year prepaid renewal, Panorama 1000 devices",32070.0000
Palo Alto Networks,PAN-SVC-BKLNUSG-PRA-1K-5YR,"For US Government accounts only. Partner enabled premium support 5 year prepaid, Panorama 1000 devices",54000.0000
Palo Alto Networks,PAN-SVC-BKLNUSG-PRA-1K-5YR-R,"For US Government accounts only. Partner enabled premium support 5 year prepaid renewal, Panorama 1000 devices",54000.0000
Palo Alto Networks,PAN-SVC-BKLN-M-100-P-25,"Partner enabled premium support year 1, Panorama M-100 25 devices or log collector",3200.0000
Palo Alto Networks,PAN-SVC-BKLN-M-100-P-25-R,"Partner enabled premium support renewal, Panorama M-100 25 devices or log collector",3200.0000
Palo Alto Networks,PAN-SVC-BKLN-M-100-P-25-3Y,"Partner enabled premium support 3-year prepaid, Panorama M-100 25 devices or log collector",7600.0000
Palo Alto Networks,PAN-SVC-BKLN-M-100-P-25-3Y-R,"Partner enabled premium support 3-year prepaid renewal, Panorama M-100 25 devices or log collector",7600.0000
Palo Alto Networks,PAN-SVC-BKLN-M-100-P-25-5Y,"Partner enabled premium support 5-year prepaid, Panorama M-100 25 devices or log collector",12800.0000
Palo Alto Networks,PAN-SVC-BKLN-M-100-P-25-5Y-R,"Partner enabled premium support 5-year prepaid renewal, Panorama M-100 25 devices or log collector",12800.0000
Palo Alto Networks,PAN-SVC-BKLNUSG-M-100-P-25,"For US Government accounts only. Partner enabled premium support year 1, Panorama M-100 25 devices or log collector",3600.0000
Palo Alto Networks,PAN-SVC-BKLNUSG-M-100-P-25-R,"For US Government accounts only. Partner enabled premium support renewal, Panorama M-100 25 devices or log collector",3600.0000
Palo Alto Networks,PAN-SVC-BKLNUSG-M-100-P-25-3YR,"For US Government accounts only. Partner enabled premium support 3-year prepaid, Panorama M-100 25 devices or log collector",8550.0000
Palo Alto Networks,PAN-SVC-BKLNUSG-M-100-P-25-3YR-R,"For US Government accounts only. Partner enabled premium support 3-year prepaid renewal, Panorama M-100 25 devices or log
collector",8550.0000
Palo Alto Networks,PAN-SVC-BKLNUSG-M-100-P-25-5YR,"For US Government accounts only. Partner enabled premium support 5-year prepaid, Panorama M-100 25 devices or log collector",14400.0000
Palo Alto Networks,PAN-SVC-BKLNUSG-M-100-P-25-5YR-R,"For US Government accounts only. Partner enabled premium support 5-year prepaid renewal, Panorama M-100 25 devices or log
collector",14400.0000
Palo Alto Networks,PAN-SVC-BKLN-M-100-P-100,"Partner enabled premium support year 1, Panorama M-100 100 devices",5600.0000
Palo Alto Networks,PAN-SVC-BKLN-M-100-P-100-R,"Partner enabled premium support renewal, Panorama M-100 100 devices",5600.0000
Palo Alto Networks,PAN-SVC-BKLN-M-100-P-100-3Y,"Partner enabled premium support 3-year prepaid, Panorama M-100 100 devices",13440.0000
Palo Alto Networks,PAN-SVC-BKLN-M-100-P-100-3Y-R,"Partner enabled premium support 3-year prepaid renewal, Panorama M-100 100 devices",13440.0000
Palo Alto Networks,PAN-SVC-BKLN-M-100-P-100-5Y,"Partner enabled premium support 5-year prepaid, Panorama M-100 100 devices",22400.0000
Palo Alto Networks,PAN-SVC-BKLN-M-100-P-100-5Y-R,"Partner enabled premium support 5-year prepaid renewal, Panorama M-100 100 devices",22400.0000
Palo Alto Networks,PAN-SVC-BKLNUSG-M-100-P-100,"For US Government accounts only. Partner enabled premium support year 1, Panorama M-100 100 devices",6300.0000
Palo Alto Networks,PAN-SVC-BKLNUSG-M-100-P-100-R,"For US Government accounts only. Partner enabled premium support renewal, Panorama M-100 100 devices",6300.0000
Palo Alto Networks,PAN-SVC-BKLNUSG-M-100-P-100-3YR,"For US Government accounts only. Partner enabled premium support 3-year prepaid, Panorama M-100 100 devices",15120.0000
Palo Alto Networks,PAN-SVC-BKLNUSG-M-100-P-100-3YR-R,"For US Government accounts only. Partner enabled premium support 3-year prepaid renewal, Panorama M-100 100 devices",15120.0000
Palo Alto Networks,PAN-SVC-BKLNUSG-M-100-P-100-5YR,"For US Government accounts only. Partner enabled premium support 5-year prepaid, Panorama M-100 100 devices",25200.0000
Palo Alto Networks,PAN-SVC-BKLNUSG-M-100-P-100-5YR-R,"For US Government accounts only. Partner enabled premium support 5-year prepaid renewal, Panorama M-100 100 devices",25200.0000
Palo Alto Networks,PAN-SVC-BKLN-M-100-P-1K,"Partner enabled premium support year 1, Panorama M-100 1000 devices",13600.0000
Palo Alto Networks,PAN-SVC-BKLN-M-100-P-1K-R,"Partner enabled premium support renewal, Panorama M-100 1000 devices",13600.0000
Palo Alto Networks,PAN-SVC-BKLN-M-100-P-1K-3Y,"Partner enabled premium support 3-year prepaid, Panorama M-100 1000 devices",32600.0000
Palo Alto Networks,PAN-SVC-BKLN-M-100-P-1K-3Y-R,"Partner enabled premium support 3-year prepaid renewal, Panorama M-100 1000 devices",32600.0000
Palo Alto Networks,PAN-SVC-BKLN-M-100-P-1K-5Y,"Partner enabled premium support 5-year prepaid, Panorama M-100 1000 devices",54400.0000
Palo Alto Networks,PAN-SVC-BKLN-M-100-P-1K-5Y-R,"Partner enabled premium support 5-year prepaid renewal, Panorama M-100 1000 devices",54400.0000
Palo Alto Networks,PAN-SVC-BKLNUSG-M-100-P-1K,"For US Government accounts only. Partner enabled premium support year 1, Panorama M-100 1000 devices",15300.0000
Palo Alto Networks,PAN-SVC-BKLNUSG-M-100-P-1K-R,"For US Government accounts only. Partner enabled premium support renewal, Panorama M-100 1000 devices",15300.0000
Palo Alto Networks,PAN-SVC-BKLNUSG-M-100-P-1K-3YR,"For US Government accounts only. Partner enabled premium support 3-year prepaid, Panorama M-100 1000 devices",36680.0000
Palo Alto Networks,PAN-SVC-BKLNUSG-M-100-P-1K-3YR-R,"For US Government accounts only. Partner enabled premium support 3-year prepaid renewal, Panorama M-100 1000 devices",36680.0000
Palo Alto Networks,PAN-SVC-BKLNUSG-M-100-P-1K-5YR,"For US Government accounts only. Partner enabled premium support 5-year prepaid, Panorama M-100 1000 devices",61200.0000
Palo Alto Networks,PAN-SVC-BKLNUSG-M-100-P-1K-5YR-R,"For US Government accounts only. Partner enabled premium support 5-year prepaid renewal, Panorama M-100 1000 devices",61200.0000
Palo Alto Networks,PAN-SVC-BKLN-M-500-P-25,"Partner enabled Premium support, Panorama M-500 25 devices, PAN-DB Private Cloud or log collector",5600.0000
Palo Alto Networks,PAN-SVC-BKLN-M-500-P-25-R,"Partner enabled Premium support renewal, Panorama M-500 25 devices, PAN-DB Private Cloud or log collector",5600.0000
Palo Alto Networks,PAN-SVC-BKLN-M-500-P-25-3Y,"Partner enabled Premium support 3-year prepaid, Panorama M-500 25 devices, PAN-DB Private Cloud or log collector",13440.0000
Palo Alto Networks,PAN-SVC-BKLN-M-500-P-25-3Y-R,"Partner enabled Premium support 3-year prepaid renewal, Panorama M-500 25 devices, PAN-DB Private Cloud or log collector",13440.0000
Palo Alto Networks,PAN-SVC-BKLN-M-500-P-25-5Y,"Partner enabled Premium support 5-year prepaid, Panorama M-500 25 devices, PAN-DB Private Cloud or log collector",22400.0000
Palo Alto Networks,PAN-SVC-BKLN-M-500-P-25-5Y-R,"Partner enabled Premium support 5-year prepaid renewal, Panorama M-500 25 devices, PAN-DB Private Cloud or log collector",22400.0000
Palo Alto Networks,PAN-SVC-BKLNUSG-M-500-P-25,"For US Government accounts only. Partner enabled premium support year 1, Panorama M-500 25 devices or log collector",6300.0000
Palo Alto Networks,PAN-SVC-BKLNUSG-M-500-P-25-R,"For US Government accounts only. Partner enabled premium support renewal, Panorama M-500 25 devices or log collector",6300.0000
Palo Alto Networks,PAN-SVC-BKLNUSG-M-500-P-25-3YR,"For US Government accounts only. Partner enabled premium support 3-year prepaid, Panorama M-500 25 devices or log collector",15120.0000
Palo Alto Networks,PAN-SVC-BKLNUSG-M-500-P-25-3YR-R,"For US Government accounts only. Partner enabled premium support 3-year prepaid renewal, Panorama M-500 25 devices or log
collector",15120.0000
Palo Alto Networks,PAN-SVC-BKLNUSG-M-500-P-25-5YR,"For US Government accounts only. Partner enabled premium support 5-year prepaid, Panorama M-500 25 devices or log collector",25200.0000
Palo Alto Networks,PAN-SVC-BKLNUSG-M-500-P-25-5YR-R,"For US Government accounts only. Partner enabled premium support 5-year prepaid renewal, Panorama M-500 25 devices or log
collector",25200.0000
Palo Alto Networks,PAN-SVC-BKLN-M-500-P-100,"Partner enabled Premium support, Panorama M-500 100 devices",8000.0000
Palo Alto Networks,PAN-SVC-BKLN-M-500-P-100-R,"Partner enabled Premium support renewal, Panorama M-500 100 devices",8000.0000
Palo Alto Networks,PAN-SVC-BKLN-M-500-P-100-3Y,"Partner enabled Premium support 3-year prepaid, Panorama M-500 100 devices",19200.0000
Palo Alto Networks,PAN-SVC-BKLN-M-500-P-100-3Y-R,"Partner enabled Premium support 3-year prepaid renewal, Panorama M-500 100 devices",19200.0000
Palo Alto Networks,PAN-SVC-BKLN-M-500-P-100-5Y,"Partner enabled Premium support 5-year prepaid, Panorama M-500 100 devices",32000.0000
Palo Alto Networks,PAN-SVC-BKLN-M-500-P-100-5Y-R,"Partner enabled Premium support 5-year prepaid renewal, Panorama M-500 100 devices",32000.0000
,,,
Palo Alto Networks,PAN-SVC-BKLNUSG-M-500-P-100,"For US Government accounts only. Partner enabled premium support year 1, Panorama M-500 100 devices",9000.0000
Palo Alto Networks,PAN-SVC-BKLNUSG-M-500-P-100-R,"For US Government accounts only. Partner enabled premium support renewal, Panorama M-500 100 devices",9000.0000
Palo Alto Networks,PAN-SVC-BKLNUSG-M-500-P-100-3YR,"For US Government accounts only. Partner enabled premium support 3-year prepaid, Panorama M-500 100 devices",21600.0000
Palo Alto Networks,PAN-SVC-BKLNUSG-M-500-P-100-3YR-R,"For US Government accounts only. Partner enabled premium support 3-year prepaid renewal, Panorama M-500 100 devices",21600.0000
Palo Alto Networks,PAN-SVC-BKLNUSG-M-500-P-100-5YR,"For US Government accounts only. Partner enabled premium support 5-year prepaid, Panorama M-500 100 devices",36000.0000
Palo Alto Networks,PAN-SVC-BKLNUSG-M-500-P-100-5YR-R,"For US Government accounts only. Partner enabled premium support 5-year prepaid renewal, Panorama M-500 100 devices",36000.0000
Palo Alto Networks,PAN-SVC-BKLN-M-500-P-1K,"Partner enabled Premium support, Panorama M-500 1K devices",16000.0000
Palo Alto Networks,PAN-SVC-BKLN-M-500-P-1K-R,"Partner enabled Premium support renewal, Panorama M-500 1K devices",16000.0000
Palo Alto Networks,PAN-SVC-BKLN-M-500-P-1K-3Y,"Partner enabled Premium support 3-year prepaid, Panorama M-500 1K devices",38400.0000
Palo Alto Networks,PAN-SVC-BKLN-M-500-P-1K-3Y-R,"Partner enabled Premium support 3-year prepaid renewal, Panorama M-500 1K devices",38400.0000
Palo Alto Networks,PAN-SVC-BKLN-M-500-P-1K-5Y,"Partner enabled Premium support 5-year prepaid, Panorama M-500 1K devices",64000.0000
Palo Alto Networks,PAN-SVC-BKLN-M-500-P-1K-5Y-R,"Partner enabled Premium support 5-year prepaid renewal, Panorama M-500 1K devices",64000.0000
Palo Alto Networks,PAN-SVC-BKLNUSG-M-500-P-1K,"For US Government accounts only. Partner enabled premium support year 1, Panorama M-500 1000 devices",18000.0000
Palo Alto Networks,PAN-SVC-BKLNUSG-M-500-P-1K-R,"For US Government accounts only. Partner enabled premium support renewal, Panorama M-500 1000 devices",18000.0000
Palo Alto Networks,PAN-SVC-BKLNUSG-M-500-P-1K-3YR,"For US Government accounts only. Partner enabled premium support 3-year prepaid, Panorama M-500 1000 devices",43200.0000
Palo Alto Networks,PAN-SVC-BKLNUSG-M-500-P-1K-3YR-R,"For US Government accounts only. Partner enabled premium support 3-year prepaid renewal, Panorama M-500 1000 devices",43200.0000
Palo Alto Networks,PAN-SVC-BKLNUSG-M-500-P-1K-5YR,"For US Government accounts only. Partner enabled premium support 5-year prepaid, Panorama M-500 1000 devices",72000.0000
Palo Alto Networks,PAN-SVC-BKLNUSG-M-500-P-1K-5YR-R,"For US Government accounts only. Partner enabled premium support 5-year prepaid renewal, Panorama M-500 1000 devices",72000.0000
Palo Alto Networks,PAN-SVC-PREM-PLUS,"Palo Alto Networks Premium Plus Support, year 1",185000.0000
Palo Alto Networks,PAN-SVC-PREM-PLUS-3YR,"Palo Alto Networks Premium Plus Support, 3 year prepaid",444000.0000
Palo Alto Networks,PAN-SVC-PREM-PLUS-5YR,"Palo Alto Networks Premium Plus Support, 5 year prepaid",740000.0000
Palo Alto Networks,PAN-SVC-PREM-PLUS-USG,"Palo Alto Networks Premium Plus US Government Support, 1 year",194250.0000
Palo Alto Networks,PAN-SVC-PREM-PLUS-USG-3YR,"Palo Alto Networks Premium Plus US Government Support, 3 year prepaid",466200.0000
Palo Alto Networks,PAN-SVC-PREM-PLUS-USG-5YR,"Palo Alto Networks Premium Plus US Government Support, 5 year prepaid",777000.0000
Palo Alto Networks,PAN-SVC-GPREM-PLUS,"Palo Alto Networks Global Premium Plus Support, year 1",510000.0000
Palo Alto Networks,PAN-SVC-GPREM-PLUS-3YR,"Palo Alto Networks Global Premium Plus Support, 3 year prepaid",1225000.0000
Palo Alto Networks,PAN-SVC-GPREM-PLUS-5YR,"Palo Alto Networks Global Premium Plus Support, 5 year prepaid",2100000.0000
Palo Alto Networks,PAN-SVC-PREM-TAM-6MO,"Palo Alto Networks Premium Technical Account Management, 6 month",50000.0000
Palo Alto Networks,PAN-SVC-PREM-TAM,"Palo Alto Networks Premium Technical Account Management, Year 1",80000.0000
Palo Alto Networks,PAN-SVC-PREM-TAM-3YR,"Palo Alto Networks Premium Technical Account Management, 3-year prepaid",204000.0000
Palo Alto Networks,PAN-SVC-PREM-TAM-5YR,"Palo Alto Networks Premium Technical Account Management, 5-year prepaid",340000.0000
Palo Alto Networks,PAN-SVC-PREMUSG-TAM-6MO,"Palo Alto Networks Premium US Government Technical Account Management, 6 month",52500.0000
Palo Alto Networks,PAN-SVC-PREMUSG-TAM,"Palo Alto Networks Premium US Government Technical Account Management, Year 1",84000.0000
Palo Alto Networks,PAN-SVC-PREMUSG-TAM-3YR,"Palo Alto Networks Premium US Government Technical Account Management, 3-year prepaid",214200.0000
Palo Alto Networks,PAN-SVC-PREMUSG-TAM-5YR,"Palo Alto Networks Premium US Government Technical Account Management, 5-year prepaid",357000.0000
Palo Alto Networks,PAN-SVC-PREM-GTAM,"Palo Alto Networks Premium Technical Account Management, Year 1",220000.0000
Palo Alto Networks,PAN-SVC-PREM-GTAM-3YR,"Palo Alto Networks Global Premium Technical Account Management, 3-year prepaid",528000.0000
Palo Alto Networks,PAN-SVC-PREM-GTAM-5YR,"Palo Alto Networks Global Premium Technical Account Management, 5-year prepaid",880000.0000
Palo Alto Networks,PAN-SVC-PREM-DTAM,"Palo Alto Networks Dedicated Premium Technical Account Management, Year 1",280000.0000
Palo Alto Networks,PAN-SVC-PREM-DTAM-3YR,"Palo Alto Networks Dedicated Premium Technical Account Management, 3-year prepaid",672000.0000
Palo Alto Networks,PAN-SVC-PREM-DTAM-5YR,"Palo Alto Networks Dedicated Premium Technical Account Management, 5-year prepaid",1120000.0000
Palo Alto Networks,PAN-SVC-PREMUSG-DTAM,"Palo Alto Networks Dedicated Premium US GovernmentTechnical Account Management, Year 1",315000.0000
Palo Alto Networks,PAN-SVC-PREMUSG-DTAM-3YR,"Palo Alto Networks Dedicated Premium US Government Technical Account Management, 3-year prepaid",756000.0000
Palo Alto Networks,PAN-SVC-PREMUSG-DTAM-5YR,"Palo Alto Networks Dedicated Premium US Government Technical Account Management, 5-year prepaid",1260000.0000
Palo Alto Networks,PAN-PA-200-OSS,On-Site Spare Palo Alto Networks PA-200,750.0000
Palo Alto Networks,PAN-PA-220-OSS,On-Site Spare Palo Alto Networks PA-220,400.0000
Palo Alto Networks,PAN-PA-500-2GB-OSS,On-Site Spare Palo Alto Networks PA-500 2GB Memory,1700.0000
Palo Alto Networks,PAN-PA-820-OSS,"Palo Alto Networks PA-820, OnSite Spare unit",1700.0000
Palo Alto Networks,PAN-PA-850-OSS,"Palo Alto Networks PA-850, OnSite Spare unit",3600.0000
Palo Alto Networks,PAN-PA-3020-OSS,"Palo Alto Networks PA-3020, OnSite Spare unit",5250.0000
Palo Alto Networks,PAN-PA-3050-OSS,"Palo Alto Networks PA-3050, OnSite Spare unit",9000.0000
Palo Alto Networks,PAN-PA-3060-OSS,"Palo Alto Networks PA-3060, OnSite Spare unit",13500.0000
Palo Alto Networks,PAN-PA-5020-DC-NEBS-D-OSS,"On site spare DC Version of NEBS Compliant Palo Alto Networks PA-5020 with redundant DC power supplies and dual 240GB SSD
drive",17800.0000
Palo Alto Networks,PAN-PA-5020-NEBS-D-OSS,On site spare AC version of NEBS Compliant Palo Alto Networks PA-5020 with redundant AC power supplies and dual 240GB SSD drive,17800.0000
Palo Alto Networks,PAN-PA-5020-SSD2-D-OSS,On site spare unit with dual 240GB SSD drive,16500.0000
Palo Alto Networks,PAN-PA-5020-SSD2-OSS,On-Site Spare Palo Alto Networks PA-5020 with redundant AC power supplies and single 240GB SSD drive,15500.0000
Palo Alto Networks,PAN-PA-5050-DC-NEBS-D-OSS,On site spare DC version of NEBS Compliant Palo Alto Networks PA-5050 with redundant DC power supplies and dual 240GB SSD drive,29000.0000
Palo Alto Networks,PAN-PA-5050-NEBS-D-OSS,On site spare AC version of NEBS Compliant Palo Alto Networks PA-5050 with redundant AC power supplies and dual 240GB SSD drive,29100.0000
Palo Alto Networks,PAN-PA-5050-SSD2-D-OSS,On site spare unit with dual 240GB SSD drive,27750.0000
Palo Alto Networks,PAN-PA-5050-SSD2-OSS,On-Site Spare Palo Alto Networks PA-5050 with redundant AC power supplies and single 240GB SSD drive,26800.0000
Palo Alto Networks,PAN-PA-5060-DC-NEBS-D-OSS,On site spare DC version of NEBS Compliant Palo Alto Networks PA-5060 with redundant DC power supplies and dual 240GB SSD drive,51600.0000
Palo Alto Networks,PAN-PA-5060-NEBS-D-OSS,"On site spare AC version of NEBS Compliant Palo Alto Networks PA-5060 with redundant AC power supplies and dual 240GB SSD
drive, spare",51600.0000
Palo Alto Networks,PAN-PA-5060-SSD2-D-OSS,Spare unit with dual 240GB SSD drive,50250.0000
Palo Alto Networks,PAN-PA-5060-SSD2-OSS,On-Site Spare Palo Alto Networks PA-5060 with redundant AC power supplies and single 240GB SSD drive,49300.0000
Palo Alto Networks,PAN-PA-5220-AC-OSS,On-Site Spare Palo Alto Networks PA-5220 with redundant AC power supplies,18800.0000
Palo Alto Networks,PAN-PA-5220-DC-OSS,Palo Alto Networks PA-5220 with redundant DC power supplies,18800.0000
Palo Alto Networks,PAN-PA-5250-AC-OSS,On-Site Spare Palo Alto Networks PA-5250 with redundant AC power supplies,37500.0000
Palo Alto Networks,PAN-PA-5250-DC-OSS,Palo Alto Networks PA-5250 with redundant DC power supplies,37500.0000
Palo Alto Networks,PAN-PA-5260-AC-OSS,On-Site Spare Palo Alto Networks PA-5260 with redundant AC power supplies,67500.0000
Palo Alto Networks,PAN-PA-5260-DC-OSS,Palo Alto Networks PA-5260 with redundant DC power supplies,67500.0000
Palo Alto Networks,PAN-PA-7000-20G-NPC-OSF,"PA-7000 Network Processing Card with 12x10/100/1000 RJ-45 Ethernet, 8x1GbE SFP and 4x10GbE SFP+, 4M sessions, on site FRU.",57000.0000
Palo Alto Networks,PAN-PA-7000-20GQ-NPC-OSF,"PA-7000 Network Processing Card with 12x10GbE SFP+ and 2x40GbE QSFP+ interfaces, 4M sessions, on site FRU.",57000.0000
Palo Alto Networks,PAN-PA-7000-20GXM-NPC-OSF,"PA-7000 Network Processing Card with 12x10/100/1000 RJ-45 Ethernet, 8x1GbE SFP and 4x10GbE SFP+, 8M sessions, Extended
memory, on site FRU.",60000.0000
Palo Alto Networks,PAN-PA-7000-20GQXM-NPC-OSF,"PA-7000 Network Processing Card with 12x10GbE SFP+ and 2x40GbE QSFP+ interfaces, 8M sessions, Extended memory, on site FRU",60000.0000
Palo Alto Networks,PAN-PA-7000-AMC-BLNK-OSF,"PA-7000 AMC Blank card, on site FRU",75.0000
Palo Alto Networks,PAN-PA-7000-AMC-1TB-PAIR-OSF,"PA-7000 Pair of 1TB AMC cards for the Log Processing Card, paired to ensure RAID integrity, on site FRU",1360.0000
Palo Alto Networks,PAN-PA-7000-AMC-2TB-PAIR-OSF,"PA-7000 Pair of 2TB AMC cards for the Log Processing Card, paired to ensure RAID integrity, on site FRU",2800.0000
Palo Alto Networks,PAN-PA-7000-BLNK-OSF,"PA-7000 Blank card, on site FRU",140.0000
Palo Alto Networks,PAN-PA-7000-LPC-OSF,"PA-7000 Log Processing Card. One LPC required per system, on site FRU",17000.0000
Palo Alto Networks,PAN-PA-7050-FANTRAY-OSF,"Fan tray for PA-7050 chassis, on site FRU",1400.0000
Palo Alto Networks,PAN-PA-7050-FLTR-OSF,"Air filter for PA-7050 chassis, on site FRU",450.0000
Palo Alto Networks,PAN-PA-7050-PWR25-AC-OSF,"PA-7050 AC power supply, 2500 watts for PAN-PA-CHA-AC, on site FRU",1500.0000
Palo Alto Networks,PAN-PA-7050-SMC-OSF,"PA-7050 Switch Management Card, included in PAN-PA-7050-AC and PAN-PA-7050-DC, on site FRU",23000.0000
,,,
Palo Alto Networks,PAN-PA-7050-PWR25-DC-OSF,"PA-7050 DC power supply, 2500 watts for PAN-PA-CHA, on site FRU",1500.0000
Palo Alto Networks,PAN-PA-7050-CHA-OSS,"PA-7050 Bare chassis for AC or DC, no fan trays, no power supplies, no filter, on site spare",17000.0000
Palo Alto Networks,PAN-PA-7080-DC-PEM-OSF,"PA-7080 DC power entry module for PAN-PA-7080-CHA, on site FRU",900.0000
Palo Alto Networks,PAN-PA-7080-FANTRAY-OSF,"Fan tray for PA-7080 chassis, on site FRU",1800.0000
Palo Alto Networks,PAN-PA-7080-FLTR-OSF,"Air filter for PA-7080 chassis, on site FRU",450.0000
Palo Alto Networks,PAN-PA-7080-PWR25-AC-OSF,"PA-7080 AC power supply, 2500 watts for PAN-PA-CHA-AC, on site FRU",1500.0000
Palo Alto Networks,PAN-PA-7080-PWR25-DC-OSF,"PA-7080 DC power supply, 2500 watts for PAN-PA-7080-CHA-DC, on site FRU",1500.0000
Palo Alto Networks,PAN-PA-7080-CHA-AC-OSS,"PA-7080 Bare chassis for AC power only, no fan trays, no power supplies, no filter, on site spare",20400.0000
Palo Alto Networks,PAN-PA-7080-CHA-DC-OSS,"PA-7080 Bare chassis for DC power only, includes 2 DC PEMS, no fan trays, no power supplies, no filter, on site spare",20400.0000
Palo Alto Networks,PAN-PA-7080-SMC-OSF,"PA-7080 Switch Management Card, included in PAN-PA-7080-AC and PAN-PA-7080-DC, on site FRU",23000.0000
Palo Alto Networks,PAN-M-100-4TB-OSS,"Palo Alto Networks M-100, 4TB RAID storage (8 1TB RAID certified drives preinstalled) On Site Spare",5625.0000
Palo Alto Networks,PAN-M-100-OSS,"Palo Alto Networks M-100, 1TB RAID storage (2 1TB RAID certified drives preinstalled) On-Site Spare",3750.0000
Palo Alto Networks,PAN-M-500-OSS,"Palo Alto Networks M-500, 4TB RAID storage (4 2TB RAID certified drives preinstalled) On-Site Spare",9380.0000
Palo Alto Networks,PAN-WF-500-OSS,"Palo Alto Networks WF-500, 2TB RAID storage (4 1TB RAID certified drives preinstalled) On-Site Spare",46880.0000
Palo Alto Networks,PAN-PA-200-PKG-SET,PA-200 shipping boxes with packaging - qty 5,100.0000
Palo Alto Networks,PAN-PA-500-PKG-SET,"PA-500 series packaging set - 1 each of ESD unit bag, foam set, insert tray, and shipping box",50.0000
Palo Alto Networks,PAN-PA-800-PKG-SET,PA-800 Series packaging set of one,100.0000
Palo Alto Networks,PAN-PA-2000-PKG-SET,"PA-2000 series packaging set - 1 each of ESD unit bag, foam set, insert tray, and shipping box",50.0000
Palo Alto Networks,PAN-PA-3000-PKG-SET,"PA-3000 series packaging set - 1 each of ESD unit bag, foam set, insert tray, and shipping box",50.0000
Palo Alto Networks,PAN-PA-3060-PKG-SET,"PA-3060 packaging set - 1 each of ESD unit bag, foam set, insert tray, and shipping box",50.0000
Palo Alto Networks,PAN-PA-4000-PKG-SET,"PA-4000 series packaging set - 1 each of ESD unit bag, foam set, insert tray, and shipping box",100.0000
Palo Alto Networks,PAN-PA-5000-PKG-SET,"PA-5000 series packaging set - 1 each of ESD unit bag, foam set, insert tray, and shipping box",100.0000
Palo Alto Networks,PAN-PA-5200-PKG-SET,"PA-5200 packaging set - 1 each of ESD unit bag, foam set, insert tray, and shipping box",100.0000
Palo Alto Networks,PAN-PA-7000-PKG-SET-AMC,PA-7000 Packing box for AMC Module,65.0000
Palo Alto Networks,PAN-PA-7000-PKG-SET-CARD,"PA-7000 Packing box for PA-7000 system cards, blank or PA-7050 fan tray",75.0000
Palo Alto Networks,PAN-PA-7050-PKG-SET-PWR,"PA-7050, packaging set for PA-7050, used for individual power supply either AC or DC",75.0000
Palo Alto Networks,PAN-PA-7050-PKG-SET-CHA,PA-7050 Chassis packaging set for PAN-PA-7050-CHA-AC or PAN-PA-7050-CHA-DC with pallet and straps,200.0000
Palo Alto Networks,PAN-PA-7050-PKG-SET-OVRPK,"PA-7050 Overpack set for cards in a PA-7050 system, includes overpack box, pallet, banding",130.0000
Palo Alto Networks,PAN-PA-7080-PKG-SET-PWR,"PA-7080, packaging for one (1) PA-7080 power supply, suitable for AC or DC power supply",75.0000
Palo Alto Networks,PAN-PA-7080-PKG-SET-CHA,PA-7080 Chassis packaging set for PAN-PA-7080-CHA-AC or PAN-PA-7080-CHA-DC with pallet and straps,200.0000
Palo Alto Networks,PAN-PA-7080-PKG-SET-OVRPK,"PA-7080 Overpack set for cards in a PA-7080 system, includes overpack box, pallet, banding",130.0000
Palo Alto Networks,PAN-PA-7080-CHA-MISC,"PA-7080, miscellaneous chassis accessories, 6 fiber guides, 4 DC PEM covers, 4 AC power retainer bails",250.0000
Palo Alto Networks,PAN-PA-7080-FRONT-BRACKETS,"PA-7080, one (1) left and one right (1) front rack mount bracket, suitable for AC or DC chassis",250.0000
Palo Alto Networks,PAN-PA-7080-MID-BRACKETS,"PA-7080, one (1) left and one right (1) mid-rack mount bracket, suitable for AC or DC chassis",250.0000
Palo Alto Networks,PAN-PA-7080-PKG-SET-FANTRAY,"PA-7080, packaging for one (1) PA-7080 fan tray",75.0000
Palo Alto Networks,PAN-PA-7080-PKG-SET-PEM,"PA-7080, packaging for one (1) PA-7080 DC power entry module, for DC system only",75.0000
Palo Alto Networks,PAN-PA-7080-PWR-BLANK,"PA-7080, one (1) power supply module blank plate for PA-7080, suitable for AC or DC chassis",50.0000
Palo Alto Networks,PAN-WF-500-PKG-SET,"WF-500 and M-500 spare packaging set - 1 each of ESD unit bag, foram set, insert tray, and shipping box",100.0000
Palo Alto Networks,PAN-M-100-PKG-SET,"M-100 spare packaging set - 1 each of ESD unit bag, foram set, insert tray, and shipping box",100.0000
Palo Alto Networks,PAN-PA-220-BOX-SET,PA-220 shipping boxes with packaging - qty 5,100.0000
Palo Alto Networks,PAN-PA-500-BOX-SET,PA-500 series shipping boxes - 5 cartons,100.0000
Palo Alto Networks,PAN-PA-800-BOX-SET,PA-800 Series shipping boxes - 5 cartons,100.0000
Palo Alto Networks,PAN-PA-2000-BOX-SET,PA-2000 series shipping boxes - 5 cartons,100.0000
Palo Alto Networks,PAN-PA-3000-BOX-SET,PA-3000 series shipping boxes - 5 cartons,100.0000
Palo Alto Networks,PAN-PA-4000-BOX-SET,PA-4000 series shipping boxes - 5 cartons,200.0000
Palo Alto Networks,PAN-PA-5000-BOX-SET,PA-5000 series shipping boxes - 5 cartons,200.0000
Palo Alto Networks,PAN-PA-5200-BOX-SET,PA-5200 series shipping boxes - 5 cartons,200.0000
Palo Alto Networks,PAN-M-100-BOX-SET,M-100 spare shipping boxes - 5 cartons,100.0000
Palo Alto Networks,PAN-WF-500-BOX-SET,WF-500 and M-500 spare shipping boxes - 5 cartons,100.0000
Palo Alto Networks,PAN-PA-5000-SSD-120-IMG,PA-5000 Series spare hard drive - 120GB Solid State Drive (SSD) Imaged with 4.1.6,1000.0000
Palo Alto Networks,PAN-PA-5000-SSD-240-IMG,PA-5000 Series spare hard drive - 240GB Solid State Drive (SSD) Imaged with 4.1.6,1000.0000
Palo Alto Networks,PAN-PA-5200-SSD-240GB-IMG,Imaged SSD for PA-5200 Series.,750.0000
Palo Alto Networks,PAN-SITE-250-URL2,"Bright cloud URL filtering site license subscription for all devices, up to 250 users",8000.0000
Palo Alto Networks,PAN-SITE-250-URL2-R,"Bright cloud URL filtering site license subscription renewal for all devices, up to 250 users",8000.0000
Palo Alto Networks,PAN-SITE-500-URL2,"Bright cloud URL filtering site license subscription for all devices, up to 500 users",15000.0000
Palo Alto Networks,PAN-SITE-500-URL2-R,"Bright cloud URL filtering site license subscription renewal for all devices, up to 500 users",15000.0000
Palo Alto Networks,PAN-SITE-1000-URL2,"Bright cloud URL filtering site license subscription for all devices, up to 1,000 users",23000.0000
Palo Alto Networks,PAN-SITE-1000-URL2-R,"Bright cloud URL filtering site license subscription renewal for all devices, up to 1,000 users",23000.0000
Palo Alto Networks,PAN-SITE-2000-URL2,"Bright cloud URL filtering site license subscription for all devices, up to 2,000 users",30000.0000
Palo Alto Networks,PAN-SITE-2000-URL2-R,"Bright cloud URL filtering site license subscription renewal for all devices, up to 2,000 users",30000.0000
Palo Alto Networks,PAN-SITE-5000-URL2,"Bright cloud URL filtering site license subscription for all devices, up to 5,000 users",45000.0000
Palo Alto Networks,PAN-SITE-5000-URL2-R,"Bright cloud URL filtering site license subscription renewal for all devices, up to 5,000 users",45000.0000
Palo Alto Networks,PAN-SITE-10K-URL2,"Bright cloud URL filtering site license subscription for all devices, up to 10,000 users",70000.0000
Palo Alto Networks,PAN-SITE-10K-URL2-R,"Bright cloud URL filtering site license subscription renewal for all devices, up to 10,000 users",70000.0000
Palo Alto Networks,PAN-SITE-25K-URL2,"Bright cloud URL filtering site license subscription for all devices, up to 25,000 users",100000.0000
Palo Alto Networks,PAN-SITE-25K-URL2-R,"Bright cloud URL filtering site license subscription renewal for all devices, up to 25,000 users",100000.0000
Palo Alto Networks,PAN-SITE-50K-URL2,"Bright cloud URL filtering site license subscription for all devices, up to 50,000 users",150000.0000
Palo Alto Networks,PAN-SITE-50K-URL2-R,"Bright cloud URL filtering site license subscription renewal for all devices, up to 50,000 users",150000.0000
Palo Alto Networks,PAN-SITE-75K-URL2,"Bright cloud URL filtering site license subscription for all devices, up to 75,000 users",200000.0000
Palo Alto Networks,PAN-SITE-75K-URL2-R,"Bright cloud URL filtering site license subscription renewal for all devices, up to 75,000 users",200000.0000
Palo Alto Networks,PAN-SITE-100K-URL2,"Bright cloud URL filtering site license subscription for all devices, up to 100,000 users",250000.0000
Palo Alto Networks,PAN-SITE-100K-URL2-R,"Bright cloud URL filtering site license subscription renewal for all devices, up to 100,000 users",250000.0000
Palo Alto Networks,PAN-SITE-250-URL4,"PANDB URL filtering site license subscription for all devices, up to 250 users",8000.0000
Palo Alto Networks,PAN-SITE-250-URL4-R,"PANDB URL filtering site license subscription renewal for all devices, up to 250 users",8000.0000
Palo Alto Networks,PAN-SITE-500-URL4,"PANDB URL filtering site license subscription for all devices, up to 500 users",15000.0000
Palo Alto Networks,PAN-SITE-500-URL4-R,"PANDB URL filtering site license subscription renewal for all devices, up to 500 users",15000.0000
Palo Alto Networks,PAN-SITE-1000-URL4,"PANDB URL filtering site license subscription for all devices, up to 1,000 users",23000.0000
Palo Alto Networks,PAN-SITE-1000-URL4-R,"PANDB URL filtering site license subscription renewal for all devices, up to 1,000 users",23000.0000
Palo Alto Networks,PAN-SITE-2000-URL4,"PANDB URL filtering site license subscription for all devices, up to 2,000 users",30000.0000
Palo Alto Networks,PAN-SITE-2000-URL4-R,"PANDB URL filtering site license subscription renewal for all devices, up to 2,000 users",30000.0000
Palo Alto Networks,PAN-SITE-5000-URL4,"PANDB URL filtering site license subscription for all devices, up to 5,000 users",45000.0000
Palo Alto Networks,PAN-SITE-5000-URL4-R,"PANDB URL filtering site license subscription renewal for all devices, up to 5,000 users",45000.0000
Palo Alto Networks,PAN-SITE-10K-URL4,"PANDB URL filtering site license subscription for all devices, up to 10,000 users",70000.0000
Palo Alto Networks,PAN-SITE-10K-URL4-R,"PANDB URL filtering site license subscription renewal for all devices, up to 10,000 users",70000.0000
Palo Alto Networks,PAN-SITE-25K-URL4,"PANDB URL filtering site license subscription for all devices, up to 25,000 users",100000.0000
Palo Alto Networks,PAN-SITE-25K-URL4-R,"PANDB URL filtering site license subscription renewal for all devices, up to 25,000 users",100000.0000
Palo Alto Networks,PAN-SITE-50K-URL4,"PANDB URL filtering site license subscription for all devices, up to 50,000 users",150000.0000
Palo Alto Networks,PAN-SITE-50K-URL4-R,"PANDB URL filtering site license subscription renewal for all devices, up to 50,000 users",150000.0000
Palo Alto Networks,PAN-SITE-75K-URL4,"PANDB URL filtering site license subscription for all devices, up to 75,000 users",200000.0000
Palo Alto Networks,PAN-SITE-75K-URL4-R,"PANDB URL filtering site license subscription renewal for all devices, up to 75,000 users",200000.0000
Palo Alto Networks,PAN-SITE-100K-URL4,"PANDB URL filtering site license subscription for all devices, up to 100,000 users",250000.0000
Palo Alto Networks,PAN-SITE-100K-URL4-R,"PANDB URL filtering site license subscription renewal for all devices, up to 100,000 users",250000.0000
Palo Alto Networks,PAN-VM-50-ELA-BND2-PREM-1YR,"Palo Alto Networks ELA Bundle for VM-Series includes VM-50, Threat Prevention, PANDB, URL filtering, Global Protect, and WildFire
subscriptions, unlimited Panorama and Premium Support, 1 YR",950.0000
Palo Alto Networks,PAN-VM-50-ELA-BND2-PREM-3YR,"Palo Alto Networks ELA Bundle for VM-Series includes VM-50, Threat Prevention, PANDB, URL filtering, Global Protect, and WildFire
subscriptions, unlimited Panorama and Premium Support, 3 YRS",2300.0000
,,,
Palo Alto Networks,PAN-VM-50-ELA-BND2-PREM-5YR,"Palo Alto Networks ELA Bundle for VM-Series includes VM-50, Threat Prevention, PANDB, URL filtering, Global Protect, and WildFire
subscriptions, unlimited Panorama and Premium Support, 5 YRS",3800.0000
Palo Alto Networks,PAN-VM-50-ELA-BND2-USG-1YR,"Palo Alto Networks ELA Bundle for VM-Series includes VM-50, Threat Prevention, PANDB, URL filtering, Global Protect, and WildFire
subscriptions, unlimited Panorama and USG Premium Support, 1 YR",1000.0000
Palo Alto Networks,PAN-VM-50-ELA-BND2-USG-3YR,"Palo Alto Networks ELA Bundle for VM-Series includes VM-50, Threat Prevention, PANDB, URL filtering, Global Protect, and WildFire
subscriptions, unlimited Panorama and USG Premium Support, 3 YRS",2400.0000
Palo Alto Networks,PAN-VM-50-ELA-BND2-USG-5YR,"Palo Alto Networks ELA Bundle for VM-Series includes VM-50, Threat Prevention, PANDB, URL filtering, Global Protect, and WildFire
subscriptions, unlimited Panorama and USG Premium Support, 5 YRS",4000.0000
Palo Alto Networks,PAN-VM-100-ELA-BND2-PREM-1YR,"Palo Alto Networks ELA Bundle for VM-Series includes VM-100, Threat Prevention, PANDB, URL filtering, Global Protect, and WildFire
subscriptions, unlimited Panorama and Premium Support, 1 YR",2450.0000
Palo Alto Networks,PAN-VM-100-ELA-BND2-PREM-3YR,"Palo Alto Networks ELA Bundle for VM-Series includes VM-100, Threat Prevention, PANDB, URL filtering, Global Protect, and WildFire
subscriptions, unlimited Panorama and Premium Support, 3 YRS",5900.0000
Palo Alto Networks,PAN-VM-100-ELA-BND2-PREM-5YR,"Palo Alto Networks ELA Bundle for VM-Series includes VM-100, Threat Prevention, PANDB, URL filtering, Global Protect, and WildFire
subscriptions, unlimited Panorama and Premium Support, 5 YRS",9800.0000
Palo Alto Networks,PAN-VM-100-ELA-BND2-USG-1YR,"Palo Alto Networks ELA Bundle for VM-Series includes VM-100, Threat Prevention, PANDB, URL filtering, Global Protect, and WildFire
subscriptions, unlimited Panorama and USG Premium Support, 1 YR",2500.0000
Palo Alto Networks,PAN-VM-100-ELA-BND2-USG-3YR,"Palo Alto Networks ELA Bundle for VM-Series includes VM-100, Threat Prevention, PANDB, URL filtering, Global Protect, and WildFire
subscriptions, unlimited Panorama and USG Premium Support, 3 YRS",6000.0000
Palo Alto Networks,PAN-VM-100-ELA-BND2-USG-5YR,"Palo Alto Networks ELA Bundle for VM-Series includes VM-100, Threat Prevention, PANDB, URL filtering, Global Protect, and WildFire
subscriptions, unlimited Panorama and USG Premium Support, 5 YRS",10000.0000
Palo Alto Networks,PAN-VM-300-ELA-BND2-PREM-1YR,"Palo Alto Networks ELA Bundle for VM-Series includes VM-300, Threat Prevention, PANDB, URL filtering, Global Protect, and WildFire
subscriptions, unlimited Panorama and Premium Support, 1 YR",4900.0000
Palo Alto Networks,PAN-VM-300-ELA-BND2-PREM-3YR,"Palo Alto Networks ELA Bundle for VM-Series includes VM-300, Threat Prevention, PANDB, URL filtering, Global Protect, and WildFire
subscriptions, unlimited Panorama and Premium Support, 3 YRS",11800.0000
Palo Alto Networks,PAN-VM-300-ELA-BND2-PREM-5YR,"Palo Alto Networks ELA Bundle for VM-Series includes VM-300, Threat Prevention, PANDB, URL filtering, Global Protect, and WildFire
subscriptions, unlimited Panorama and Premium Support, 5 YRS",19600.0000
Palo Alto Networks,PAN-VM-300-ELA-BND2-USG-1YR,"Palo Alto Networks ELA Bundle for VM-Series includes VM-300, Threat Prevention, PANDB, URL filtering, Global Protect, and WildFire
subscriptions, unlimited Panorama and USG Premium Support, 1 YR",5000.0000
Palo Alto Networks,PAN-VM-300-ELA-BND2-USG-3YR,"Palo Alto Networks ELA Bundle for VM-Series includes VM-300, Threat Prevention, PANDB, URL filtering, Global Protect, and WildFire
subscriptions, unlimited Panorama and USG Premium Support, 3 YRS",12000.0000
Palo Alto Networks,PAN-VM-300-ELA-BND2-USG-5YR,"Palo Alto Networks ELA Bundle for VM-Series includes VM-300, Threat Prevention, PANDB, URL filtering, Global Protect, and WildFire
subscriptions, unlimited Panorama and USG Premium Support, 5 YRS",20000.0000
Palo Alto Networks,PAN-VM-500-ELA-BND2-PREM-1YR,"Palo Alto Networks ELA Bundle for VM-Series includes VM-500, Threat Prevention, PANDB, URL filtering, Global Protect, and WildFire
subscriptions, unlimited Panorama and Premium Support, 1 YR",14000.0000
Palo Alto Networks,PAN-VM-500-ELA-BND2-PREM-3YR,"Palo Alto Networks ELA Bundle for VM-Series includes VM-500, Threat Prevention, PANDB, URL filtering, Global Protect, and WildFire
subscriptions, unlimited Panorama and Premium Support, 3 YRS",33600.0000
Palo Alto Networks,PAN-VM-500-ELA-BND2-PREM-5YR,"Palo Alto Networks ELA Bundle for VM-Series includes VM-500, Threat Prevention, PANDB, URL filtering, Global Protect, and WildFire
subscriptions, unlimited Panorama and Premium Support, 5 YRS",56000.0000
Palo Alto Networks,PAN-VM-500-ELA-BND2-USG-1YR,"Palo Alto Networks ELA Bundle for VM-Series includes VM-500, Threat Prevention, PANDB, URL filtering, Global Protect, and WildFire
subscriptions, unlimited Panorama and USG Premium Support, 1 YR",14300.0000
Palo Alto Networks,PAN-VM-500-ELA-BND2-USG-3YR,"Palo Alto Networks ELA Bundle for VM-Series includes VM-500, Threat Prevention, PANDB, URL filtering, Global Protect, and WildFire
subscriptions, unlimited Panorama and USG Premium Support, 3 YRS",34300.0000
Palo Alto Networks,PAN-VM-500-ELA-BND2-USG-5YR,"Palo Alto Networks ELA Bundle for VM-Series includes VM-500, Threat Prevention, PANDB, URL filtering, Global Protect, and WildFire
subscriptions, unlimited Panorama and USG Premium Support, 5 YRS",57200.0000
Palo Alto Networks,PAN-VM-700-ELA-BND2-PREM-1YR,"Palo Alto Networks ELA Bundle for VM-Series includes VM-700, Threat Prevention, PANDB, URL filtering, Global Protect, and WildFire
subscriptions, unlimited Panorama and Premium Support, 1 YR",30000.0000
Palo Alto Networks,PAN-VM-700-ELA-BND2-PREM-3YR,"Palo Alto Networks ELA Bundle for VM-Series includes VM-700, Threat Prevention, PANDB, URL filtering, Global Protect, and WildFire
subscriptions, unlimited Panorama and Premium Support, 3 YRS",72000.0000
Palo Alto Networks,PAN-VM-700-ELA-BND2-PREM-5YR,"Palo Alto Networks ELA Bundle for VM-Series includes VM-700, Threat Prevention, PANDB, URL filtering, Global Protect, and WildFire
subscriptions, unlimited Panorama and Premium Support, 5 YRS",120000.0000
Palo Alto Networks,PAN-VM-700-ELA-BND2-USG-1YR,"Palo Alto Networks ELA Bundle for VM-Series includes VM-700, Threat Prevention, PANDB, URL filtering, Global Protect, and WildFire
subscriptions, unlimited Panorama and USG Premium Support, 1 YR",30500.0000
Palo Alto Networks,PAN-VM-700-ELA-BND2-USG-3YR,"Palo Alto Networks ELA Bundle for VM-Series includes VM-700, Threat Prevention, PANDB, URL filtering, Global Protect, and WildFire
subscriptions, unlimited Panorama and USG Premium Support, 3 YRS",73200.0000
Palo Alto Networks,PAN-VM-700-ELA-BND2-USG-5YR,"Palo Alto Networks ELA Bundle for VM-Series includes VM-700, Threat Prevention, PANDB, URL filtering, Global Protect, and WildFire
subscriptions, unlimited Panorama and USG Premium Support, 5 YRS",122000.0000
Palo Alto Networks,PAN-VM-1000-HV-ELA-1YR,"Palo Alto Networks ELA Bundle for VM-Series includes VM-50, Threat Prevention, PANDB, URL filtering, Global Protect, and WildFire
subscriptions, unlimited Panorama and Premium Support, 1 YR",6200.0000
Palo Alto Networks,PAN-VM-1000-HV-ELA-3YR,"Palo Alto Networks ELA Bundle for VM-Series includes VM-50, Threat Prevention, PANDB, URL filtering, Global Protect, and WildFire
subscriptions, unlimited Panorama and Premium Support, 3 YRS",14900.0000
Palo Alto Networks,PAN-VM-1000-HV-ELA-5YR,"Palo Alto Networks ELA Bundle for VM-Series includes VM-50, Threat Prevention, PANDB, URL filtering, Global Protect, and WildFire
subscriptions, unlimited Panorama and Premium Support, 5 YRS",24800.0000
Palo Alto Networks,PAN-VM-1000-HV-ELA-USG-1YR,"Palo Alto Networks ELA Bundle for VM-Series includes VM-50, Threat Prevention, PANDB, URL filtering, Global Protect, and WildFire
subscriptions, unlimited Panorama and USG Premium Support, 1 YR",6300.0000
Palo Alto Networks,PAN-VM-1000-HV-ELA-USG-3YR,"Palo Alto Networks ELA Bundle for VM-Series includes VM-50, Threat Prevention, PANDB, URL filtering, Global Protect, and WildFire
subscriptions, unlimited Panorama and USG Premium Support, 3 YRS",15100.0000
Palo Alto Networks,PAN-VM-1000-HV-ELA-USG-5YR,"Palo Alto Networks ELA Bundle for VM-Series includes VM-50, Threat Prevention, PANDB, URL filtering, Global Protect, and WildFire
subscriptions, unlimited Panorama and USG Premium Support, 5 YRS",25200.0000
Palo Alto Networks,PAN-ENT-SUB-ELA-A-1YR,"Enterprise License Agreement, TP, PANDB URL, WF, GP, 1 year, Tier A",525000.0000
Palo Alto Networks,PAN-ENT-SUB-ELA-A-3YR,"Enterprise License Agreement, TP, PANDB URL, WF, GP, 3 year, Tier A",1386000.0000
Palo Alto Networks,PAN-ENT-SUB-ELA-B-1YR,"Enterprise License Agreement, TP, PANDB URL, WF, GP, 1 year, Tier B",612500.0000
Palo Alto Networks,PAN-ENT-SUB-ELA-B-3YR,"Enterprise License Agreement, TP, PANDB URL, WF, GP, 3 year, Tier B",1617000.0000
Palo Alto Networks,PAN-ENT-SUB-ELA-C-1YR,"Enterprise License Agreement, TP, PANDB URL, WF, GP, 1 year, Tier C",700000.0000
Palo Alto Networks,PAN-ENT-SUB-ELA-C-3YR,"Enterprise License Agreement, TP, PANDB URL, WF, GP, 3 year, Tier C",1848000.0000
Palo Alto Networks,PAN-ENT-SUB-ELA-D-1YR,"Enterprise License Agreement, TP, PANDB URL, WF, GP, 1 year, Tier D",787500.0000
Palo Alto Networks,PAN-ENT-SUB-ELA-D-3YR,"Enterprise License Agreement, TP, PANDB URL, WF, GP, 3 year, Tier D",2079000.0000
Palo Alto Networks,PAN-ENT-SUB-ELA-E-1YR,"Enterprise License Agreement, TP, PANDB URL, WF, GP, 1 year, Tier E",875000.0000
Palo Alto Networks,PAN-ENT-SUB-ELA-E-3YR,"Enterprise License Agreement, TP, PANDB URL, WF, GP, 3 year, Tier E",2310000.0000
Palo Alto Networks,PAN-ENT-SUB-ELA-F-1YR,"Enterprise License Agreement, TP, PANDB URL, WF, GP, 1 year, Tier F",962500.0000
Palo Alto Networks,PAN-ENT-SUB-ELA-F-3YR,"Enterprise License Agreement, TP, PANDB URL, WF, GP, 3 year, Tier F",2541000.0000
Palo Alto Networks,PAN-ENT-SUB-ELA-G-1YR,"Enterprise License Agreement, TP, PANDB URL, WF, GP, 1 year, Tier G",1050000.0000
Palo Alto Networks,PAN-ENT-SUB-ELA-G-3YR,"Enterprise License Agreement, TP, PANDB URL, WF, GP, 3 year, Tier G",2772000.0000
Palo Alto Networks,PAN-ENT-SUB-ELA-H-1YR,"Enterprise License Agreement, TP, PANDB URL, WF, GP, 1 year, Tier H",1137500.0000
Palo Alto Networks,PAN-ENT-SUB-ELA-H-3YR,"Enterprise License Agreement, TP, PANDB URL, WF, GP, 3 year, Tier H",3003000.0000
Palo Alto Networks,PAN-ENT-SUB-ELA-I-1YR,"Enterprise License Agreement, TP, PANDB URL, WF, GP, 1 year, Tier I",1225000.0000
Palo Alto Networks,PAN-ENT-SUB-ELA-I-3YR,"Enterprise License Agreement, TP, PANDB URL, WF, GP, 3 year, Tier I",3234000.0000
Palo Alto Networks,PAN-ENT-SUB-ELA-J-1YR,"Enterprise License Agreement, TP, PANDB URL, WF, GP, 1 year, Tier J",1312500.0000
Palo Alto Networks,PAN-ENT-SUB-ELA-J-3YR,"Enterprise License Agreement, TP, PANDB URL, WF, GP, 3 year, Tier J",3465000.0000
Palo Alto Networks,PAN-ENT-SUB-ELA-K-1YR,"Enterprise License Agreement, TP, PANDB URL, WF, GP, 1 year, Tier K",1400000.0000
Palo Alto Networks,PAN-ENT-SUB-ELA-K-3YR,"Enterprise License Agreement, TP, PANDB URL, WF, GP, 3 year, Tier K",3696000.0000
Palo Alto Networks,PAN-ENT-SUB-ELA-L-1YR,"Enterprise License Agreement, TP, PANDB URL, WF, GP, 1 year, Tier L",1487500.0000
Palo Alto Networks,PAN-ENT-SUB-ELA-L-3YR,"Enterprise License Agreement, TP, PANDB URL, WF, GP, 3 year, Tier L",3927000.0000
Palo Alto Networks,PAN-ENT-SUB-ELA-M-1YR,"Enterprise License Agreement, TP, PANDB URL, WF, GP, 1 year, Tier M",1575000.0000
Palo Alto Networks,PAN-ENT-SUB-ELA-M-3YR,"Enterprise License Agreement, TP, PANDB URL, WF, GP, 3 year, Tier M",4158000.0000
Palo Alto Networks,PAN-ENT-SUB-ELA-N-1YR,"Enterprise License Agreement, TP, PANDB URL, WF, GP, 1 year, Tier N",1662500.0000
,,,
Palo Alto Networks,PAN-ENT-SUB-ELA-N-3YR,"Enterprise License Agreement, TP, PANDB URL, WF, GP, 3 year, Tier N",4389000.0000
Palo Alto Networks,PAN-ENT-SUB-ELA-O-1YR,"Enterprise License Agreement, TP, PANDB URL, WF, GP, 1 year, Tier O",1750000.0000
Palo Alto Networks,PAN-ENT-SUB-ELA-O-3YR,"Enterprise License Agreement, TP, PANDB URL, WF, GP, 3 year, Tier O",4620000.0000
Palo Alto Networks,PAN-ENT-SUB-ELA-P-1YR,"Enterprise License Agreement, TP, PANDB URL, WF, GP, 1 year, Tier P",1925000.0000
Palo Alto Networks,PAN-ENT-SUB-ELA-P-3YR,"Enterprise License Agreement, TP, PANDB URL, WF, GP, 3 year, Tier P",5082000.0000
Palo Alto Networks,PAN-ENT-SUB-ELA-Q-1YR,"Enterprise License Agreement, TP, PANDB URL, WF, GP, 1 year, Tier Q",2100000.0000
Palo Alto Networks,PAN-ENT-SUB-ELA-Q-3YR,"Enterprise License Agreement, TP, PANDB URL, WF, GP, 3 year, Tier Q",5544000.0000
Palo Alto Networks,PAN-ENT-SUB-ELA-R-1YR,"Enterprise License Agreement, TP, PANDB URL, WF, GP, 1 year, Tier R",2275000.0000
Palo Alto Networks,PAN-ENT-SUB-ELA-R-3YR,"Enterprise License Agreement, TP, PANDB URL, WF, GP, 3 year, Tier R",6006000.0000
Palo Alto Networks,PAN-ENT-SUB-ELA-S-1YR,"Enterprise License Agreement, TP, PANDB URL, WF, GP, 1 year, Tier S",2450000.0000
Palo Alto Networks,PAN-ENT-SUB-ELA-S-3YR,"Enterprise License Agreement, TP, PANDB URL, WF, GP, 3 year, Tier S",6468000.0000
Palo Alto Networks,PAN-ENT-SUB-ELA-T-1YR,"Enterprise License Agreement, TP, PANDB URL, WF, GP, 1 year, Tier T",2625000.0000
Palo Alto Networks,PAN-ENT-SUB-ELA-T-3YR,"Enterprise License Agreement, TP, PANDB URL, WF, GP, 3 year, Tier T",6930000.0000
Palo Alto Networks,PAN-ENT-SUB-ELA-U-1YR,"Enterprise License Agreement, TP, PANDB URL, WF, GP, 1 year, Tier U",2800000.0000
Palo Alto Networks,PAN-ENT-SUB-ELA-U-3YR,"Enterprise License Agreement, TP, PANDB URL, WF, GP, 3 year, Tier U",7392000.0000
Palo Alto Networks,PAN-ENT-SUB-ELA-V-1YR,"Enterprise License Agreement, TP, PANDB URL, WF, GP, 1 year, Tier V",2975000.0000
Palo Alto Networks,PAN-ENT-SUB-ELA-V-3YR,"Enterprise License Agreement, TP, PANDB URL, WF, GP, 3 year, Tier V",7854000.0000
Palo Alto Networks,PAN-ENT-SUB-ELA-W-1YR,"Enterprise License Agreement, TP, PANDB URL, WF, GP, 1 year, Tier W",3150000.0000
Palo Alto Networks,PAN-ENT-SUB-ELA-W-3YR,"Enterprise License Agreement, TP, PANDB URL, WF, GP, 3 year, Tier W",8316000.0000
Palo Alto Networks,PAN-ENT-SUB-ELA-X-1YR,"Enterprise License Agreement, TP, PANDB URL, WF, GP, 1 year, Tier X",3325000.0000
Palo Alto Networks,PAN-ENT-SUB-ELA-X-3YR,"Enterprise License Agreement, TP, PANDB URL, WF, GP, 3 year, Tier X",8778000.0000
Palo Alto Networks,PAN-ENT-SUB-ELA-Y-1YR,"Enterprise License Agreement, TP, PANDB URL, WF, GP, 1 year, Tier Y",3437500.0000
Palo Alto Networks,PAN-ENT-SUB-ELA-Y-3YR,"Enterprise License Agreement, TP, PANDB URL, WF, GP, 3 year, Tier Y",9034000.0000
Palo Alto Networks,PAN-ENT-SUB-ELA-Z-1YR,"Enterprise License Agreement, TP, PANDB URL, WF, GP, 1 year, Tier Z",3767500.0000
Palo Alto Networks,PAN-ENT-SUB-ELA-Z-3YR,"Enterprise License Agreement, TP, PANDB URL, WF, GP, 3 year, Tier Z",9892000.0000
Palo Alto Networks,PAN-ENT-SUB-ELA-AA-1YR,"Enterprise License Agreement, TP, PANDB URL, WF, GP, 1 year, Tier AA",4095000.0000
Palo Alto Networks,PAN-ENT-SUB-ELA-AA-3YR,"Enterprise License Agreement, TP, PANDB URL, WF, GP, 3 year, Tier AA",10742000.0000
Palo Alto Networks,PAN-ENT-SUB-ELA-BB-1YR,"Enterprise License Agreement, TP, PANDB URL, WF, GP, 1 year, Tier BB",4420000.0000
Palo Alto Networks,PAN-ENT-SUB-ELA-BB-3YR,"Enterprise License Agreement, TP, PANDB URL, WF, GP, 3 year, Tier BB",11583000.0000
Palo Alto Networks,PAN-ENT-SUB-ELA-CC-1YR,"Enterprise License Agreement, TP, PANDB URL, WF, GP, 1 year, Tier CC",4742500.0000
Palo Alto Networks,PAN-ENT-SUB-ELA-CC-3YR,"Enterprise License Agreement, TP, PANDB URL, WF, GP, 3 year, Tier CC",12417000.0000
Palo Alto Networks,PAN-ENT-SUB-ELA-DD-1YR,"Enterprise License Agreement, TP, PANDB URL, WF, GP, 1 year, Tier DD",5062500.0000
Palo Alto Networks,PAN-ENT-SUB-ELA-DD-3YR,"Enterprise License Agreement, TP, PANDB URL, WF, GP, 3 year, Tier DD",13242000.0000
Palo Alto Networks,PAN-ENT-SUB-ELA-EE-1YR,"Enterprise License Agreement, TP, PANDB URL, WF, GP, 1 year, Tier EE",5380000.0000
Palo Alto Networks,PAN-ENT-SUB-ELA-EE-3YR,"Enterprise License Agreement, TP, PANDB URL, WF, GP, 3 year, Tier EE",14058000.0000
Palo Alto Networks,PAN-ENT-SUB-ELA-FF-1YR,"Enterprise License Agreement, TP, PANDB URL, WF, GP, 1 year, Tier FF",5695000.0000
Palo Alto Networks,PAN-ENT-SUB-ELA-FF-3YR,"Enterprise License Agreement, TP, PANDB URL, WF, GP, 3 year, Tier FF",14867000.0000
Palo Alto Networks,PAN-ENT-SUB-ELA-GG-1YR,"Enterprise License Agreement, TP, PANDB URL, WF, GP, 1 year, Tier GG",6007500.0000
Palo Alto Networks,PAN-ENT-SUB-ELA-GG-3YR,"Enterprise License Agreement, TP, PANDB URL, WF, GP, 3 year, Tier GG",15667000.0000
Palo Alto Networks,PAN-ENT-SUB-ELA-HH-1YR,"Enterprise License Agreement, TP, PANDB URL, WF, GP, 1 year, Tier HH",6317500.0000
Palo Alto Networks,PAN-ENT-SUB-ELA-HH-3YR,"Enterprise License Agreement, TP, PANDB URL, WF, GP, 3 year, Tier HH",16459000.0000
Palo Alto Networks,PAN-ENT-SUB-ELA-II-1YR,"Enterprise License Agreement, TP, PANDB URL, WF, GP, 1 year, Tier II",6625000.0000
Palo Alto Networks,PAN-ENT-SUB-ELA-II-3YR,"Enterprise License Agreement, TP, PANDB URL, WF, GP, 3 year, Tier II",17243000.0000
Palo Alto Networks,PAN-ENT-SUB-ELA-JJ-1YR,"Enterprise License Agreement, TP, PANDB URL, WF, GP, 1 year, Tier JJ",7232500.0000
Palo Alto Networks,PAN-ENT-SUB-ELA-JJ-3YR,"Enterprise License Agreement, TP, PANDB URL, WF, GP, 3 year, Tier JJ",18786000.0000
Palo Alto Networks,PAN-ENT-SUB-ELA-KK-1YR,"Enterprise License Agreement, TP, PANDB URL, WF, GP, 1 year, Tier KK",7830000.0000
Palo Alto Networks,PAN-ENT-SUB-ELA-KK-3YR,"Enterprise License Agreement, TP, PANDB URL, WF, GP, 3 year, Tier KK",20295000.0000
Palo Alto Networks,PAN-ENT-SUB-ELA-LL-1YR,"Enterprise License Agreement, TP, PANDB URL, WF, GP, 1 year, Tier LL",8417500.0000
Palo Alto Networks,PAN-ENT-SUB-ELA-LL-3YR,"Enterprise License Agreement, TP, PANDB URL, WF, GP, 3 year, Tier LL",21772000.0000
Palo Alto Networks,PAN-ENT-SUB-ELA-MM-1YR,"Enterprise License Agreement, TP, PANDB URL, WF, GP, 1 year, Tier MM",8995000.0000
Palo Alto Networks,PAN-ENT-SUB-ELA-MM-3YR,"Enterprise License Agreement, TP, PANDB URL, WF, GP, 3 year, Tier MM",23216000.0000
Palo Alto Networks,PAN-ENT-SUB-ELA-NN-1YR,"Enterprise License Agreement, TP, PANDB URL, WF, GP, 1 year, Tier NN",9562500.0000
Palo Alto Networks,PAN-ENT-SUB-ELA-NN-3YR,"Enterprise License Agreement, TP, PANDB URL, WF, GP, 3 year, Tier NN",24627000.0000
Palo Alto Networks,PAN-ENT-SUB-ELA-OO-1YR,"Enterprise License Agreement, TP, PANDB URL, WF, GP, 1 year, Tier OO",10120000.0000
Palo Alto Networks,PAN-ENT-SUB-ELA-OO-3YR,"Enterprise License Agreement, TP, PANDB URL, WF, GP, 3 year, Tier OO",26004000.0000
Palo Alto Networks,PAN-ENT-SUB-ELA-PP-1YR,"Enterprise License Agreement, TP, PANDB URL, WF, GP, 1 year, Tier PP",10667500.0000
Palo Alto Networks,PAN-ENT-SUB-ELA-PP-3YR,"Enterprise License Agreement, TP, PANDB URL, WF, GP, 3 year, Tier PP",27349000.0000
Palo Alto Networks,PAN-ENT-SUB-ELA-QQ-1YR,"Enterprise License Agreement, TP, PANDB URL, WF, GP, 1 year, Tier QQ",11205000.0000
Palo Alto Networks,PAN-ENT-SUB-ELA-QQ-3YR,"Enterprise License Agreement, TP, PANDB URL, WF, GP, 3 year, Tier QQ",28661000.0000
Palo Alto Networks,PAN-ENT-SUB-ELA-RR-1YR,"Enterprise License Agreement, TP, PANDB URL, WF, GP, 1 year, Tier RR",11732500.0000
Palo Alto Networks,PAN-ENT-SUB-ELA-RR-3YR,"Enterprise License Agreement, TP, PANDB URL, WF, GP, 3 year, Tier RR",29940000.0000
Palo Alto Networks,PAN-ENT-SUB-ELA-SS-1YR,"Enterprise License Agreement, TP, PANDB URL, WF, GP, 1 year, Tier SS",12250000.0000
Palo Alto Networks,PAN-ENT-SUB-ELA-SS-3YR,"Enterprise License Agreement, TP, PANDB URL, WF, GP, 3 year, Tier SS",31185000.0000
Palo Alto Networks,PAN-ENT-SUB-ELA-TT-1YR,"Enterprise License Agreement, TP, PANDB URL, WF, GP, 1 year, Tier TT",12775000.0000
Palo Alto Networks,PAN-ENT-SUB-ELA-TT-3YR,"Enterprise License Agreement, TP, PANDB URL, WF, GP, 3 year, Tier TT",32456000.0000
Palo Alto Networks,PAN-ENT-SUB-ELA-UU-1YR,"Enterprise License Agreement, TP, PANDB URL, WF, GP, 1 year, Tier UU",13291667.0000
Palo Alto Networks,PAN-ENT-SUB-ELA-UU-3YR,"Enterprise License Agreement, TP, PANDB URL, WF, GP, 3 year, Tier UU",33699000.0000
Palo Alto Networks,PAN-ENT-SUB-ELA-VV-1YR,"Enterprise License Agreement, TP, PANDB URL, WF, GP, 1 year, Tier VV",13800000.0000
Palo Alto Networks,PAN-ENT-SUB-ELA-VV-3YR,"Enterprise License Agreement, TP, PANDB URL, WF, GP, 3 year, Tier VV",34914000.0000
Palo Alto Networks,PAN-ENT-SUB-ELA-WW-1YR,"Enterprise License Agreement, TP, PANDB URL, WF, GP, 1 year, Tier WW",14300000.0000
Palo Alto Networks,PAN-ENT-SUB-ELA-WW-3YR,"Enterprise License Agreement, TP, PANDB URL, WF, GP, 3 year, Tier WW",36102000.0000
Palo Alto Networks,PAN-ENT-SUB-ELA-XX-1YR,"Enterprise License Agreement, TP, PANDB URL, WF, GP, 1 year, Tier XX",14687500.0000
Palo Alto Networks,PAN-ENT-SUB-ELA-XX-3YR,"Enterprise License Agreement, TP, PANDB URL, WF, GP, 3 year, Tier XX",36919000.0000
Palo Alto Networks,PAN-ENT-SUB-ELA-YY-1YR,"Enterprise License Agreement, TP, PANDB URL, WF, GP, 1 year, Tier YY",15249000.0000
Palo Alto Networks,PAN-ENT-SUB-ELA-YY-3YR,"Enterprise License Agreement, TP, PANDB URL, WF, GP, 3 year, Tier YY",38310000.0000
Palo Alto Networks,PAN-ENT-SUB-ELA-ZZ-1YR,"Enterprise License Agreement, TP, PANDB URL, WF, GP, 1 year, Tier ZZ",15795000.0000
Palo Alto Networks,PAN-ENT-SUB-ELA-ZZ-3YR,"Enterprise License Agreement, TP, PANDB URL, WF, GP, 3 year, Tier ZZ",39650000.0000
Palo Alto Networks,PAN-ENT-SUB-ELA-AB-1YR,"Enterprise License Agreement, TP, PANDB URL, WF, GP, 1 year, Tier AB",16380000.0000
Palo Alto Networks,PAN-ENT-SUB-ELA-AB-3YR,"Enterprise License Agreement, TP, PANDB URL, WF, GP, 3 year, Tier AB",41118000.0000
Palo Alto Networks,PAN-ENT-SUB-ELA-AC-1YR,"Enterprise License Agreement, TP, PANDB URL, WF, GP, 1 year, Tier AC",16965000.0000
Palo Alto Networks,PAN-ENT-SUB-ELA-AC-3YR,"Enterprise License Agreement, TP, PANDB URL, WF, GP, 3 year, Tier AC",42587000.0000
Palo Alto Networks,PAN-ENT-SUB-ELA-AD-1YR,"Enterprise License Agreement, TP, PANDB URL, WF, GP, 1 year, Tier AD",17550000.0000
Palo Alto Networks,PAN-ENT-SUB-ELA-AD-3YR,"Enterprise License Agreement, TP, PANDB URL, WF, GP, 3 year, Tier AD",44055000.0000
Palo Alto Networks,PAN-ENT-SUB-ELA-AE-1YR,"Enterprise License Agreement, TP, PANDB URL, WF, GP, 1 year, Tier AE",18135000.0000
Palo Alto Networks,PAN-ENT-SUB-ELA-AE-3YR,"Enterprise License Agreement, TP, PANDB URL, WF, GP, 3 year, Tier AE",45524000.0000
Palo Alto Networks,PAN-ENT-SUB-ELA-AF-1YR,"Enterprise License Agreement, TP, PANDB URL, WF, GP, 1 year, Tier AF",18720000.0000
Palo Alto Networks,PAN-ENT-SUB-ELA-AF-3YR,"Enterprise License Agreement, TP, PANDB URL, WF, GP, 3 year, Tier AF",46992000.0000
Palo Alto Networks,PAN-ENT-SUB-ELA-AG-1YR,"Enterprise License Agreement, TP, PANDB URL, WF, GP, 1 year, Tier AG",19305000.0000
Palo Alto Networks,PAN-ENT-SUB-ELA-AG-3YR,"Enterprise License Agreement, TP, PANDB URL, WF, GP, 3 year, Tier AG",48461000.0000
Palo Alto Networks,PAN-ENT-SUB-ELA-AH-1YR,"Enterprise License Agreement, TP, PANDB URL, WF, GP, 1 year, Tier AH",19890000.0000
Palo Alto Networks,PAN-ENT-SUB-ELA-AH-3YR,"Enterprise License Agreement, TP, PANDB URL, WF, GP, 3 year, Tier AH",49929000.0000
Palo Alto Networks,PAN-ENT-PREM-ESA-A-1YR,"Enterprise Support Agreement, 1 year Premium Support, Tier A",240000.0000
Palo Alto Networks,PAN-ENT-PREM-ESA-A-3YR,"Enterprise Support Agreement, 3 year Premium Support, Tier A",576000.0000
Palo Alto Networks,PAN-ENT-PREM-ESA-B-1YR,"Enterprise Support Agreement, 1 year Premium Support, Tier B",280000.0000
Palo Alto Networks,PAN-ENT-PREM-ESA-B-3YR,"Enterprise Support Agreement, 3 years Premium Support, Tier B",672000.0000
Palo Alto Networks,PAN-ENT-PREM-ESA-C-1YR,"Enterprise Support Agreement, 1 year Premium Support, Tier C",320000.0000
,,,
Palo Alto Networks,PAN-ENT-PREM-ESA-C-3YR,"Enterprise Support Agreement, 3 years Premium Support, Tier C",768000.0000
Palo Alto Networks,PAN-ENT-PREM-ESA-D-1YR,"Enterprise Support Agreement, 1 year Premium Support, Tier D",360000.0000
Palo Alto Networks,PAN-ENT-PREM-ESA-D-3YR,"Enterprise Support Agreement, 3 years Premium Support, Tier D",864000.0000
Palo Alto Networks,PAN-ENT-PREM-ESA-E-1YR,"Enterprise Support Agreement, 1 year Premium Support, Tier E",400000.0000
Palo Alto Networks,PAN-ENT-PREM-ESA-E-3YR,"Enterprise Support Agreement, 3 years Premium Support, Tier E",960000.0000
Palo Alto Networks,PAN-ENT-PREM-ESA-F-1YR,"Enterprise Support Agreement, 1 year Premium Support, Tier F",440000.0000
Palo Alto Networks,PAN-ENT-PREM-ESA-F-3YR,"Enterprise Support Agreement, 3 years Premium Support, Tier F",1056000.0000
Palo Alto Networks,PAN-ENT-PREM-ESA-G-1YR,"Enterprise Support Agreement, 1 year Premium Support, Tier G",480000.0000
Palo Alto Networks,PAN-ENT-PREM-ESA-G-3YR,"Enterprise Support Agreement, 3 years Premium Support, Tier G",1152000.0000
Palo Alto Networks,PAN-ENT-PREM-ESA-H-1YR,"Enterprise Support Agreement, 1 year Premium Support, Tier H",520000.0000
Palo Alto Networks,PAN-ENT-PREM-ESA-H-3YR,"Enterprise Support Agreement, 3 years Premium Support, Tier H",1248000.0000
Palo Alto Networks,PAN-ENT-PREM-ESA-I-1YR,"Enterprise Support Agreement, 1 year Premium Support, Tier I",560000.0000
Palo Alto Networks,PAN-ENT-PREM-ESA-I-3YR,"Enterprise Support Agreement, 3 years Premium Support, Tier I",1344000.0000
Palo Alto Networks,PAN-ENT-PREM-ESA-J-1YR,"Enterprise Support Agreement, 1 year Premium Support, Tier J",600000.0000
Palo Alto Networks,PAN-ENT-PREM-ESA-J-3YR,"Enterprise Support Agreement, 3 years Premium Support, Tier J",1440000.0000
Palo Alto Networks,PAN-ENT-PREM-ESA-K-1YR,"Enterprise Support Agreement, 1 year Premium Support, Tier K",640000.0000
Palo Alto Networks,PAN-ENT-PREM-ESA-K-3YR,"Enterprise Support Agreement, 3 years Premium Support, Tier K",1536000.0000
Palo Alto Networks,PAN-ENT-PREM-ESA-L-1YR,"Enterprise Support Agreement, 1 year Premium Support, Tier L",680000.0000
Palo Alto Networks,PAN-ENT-PREM-ESA-L-3YR,"Enterprise Support Agreement, 3 years Premium Support, Tier L",1632000.0000
Palo Alto Networks,PAN-ENT-PREM-ESA-M-1YR,"Enterprise Support Agreement, 1 year Premium Support, Tier M",720000.0000
Palo Alto Networks,PAN-ENT-PREM-ESA-M-3YR,"Enterprise Support Agreement, 3 years Premium Support, Tier M",1728000.0000
Palo Alto Networks,PAN-ENT-PREM-ESA-N-1YR,"Enterprise Support Agreement, 1 year Premium Support, Tier N",760000.0000
Palo Alto Networks,PAN-ENT-PREM-ESA-N-3YR,"Enterprise Support Agreement, 3 years Premium Support, Tier N",1824000.0000
Palo Alto Networks,PAN-ENT-PREM-ESA-O-1YR,"Enterprise Support Agreement, 1 year Premium Support, includes a TAM, Tier O",867500.0000
Palo Alto Networks,PAN-ENT-PREM-ESA-O-3YR,"Enterprise Support Agreement, 3 years Premium Support, includes a TAM, Tier O",2094000.0000
Palo Alto Networks,PAN-ENT-PREM-ESA-P-1YR,"Enterprise Support Agreement, 1 year Premium Support, includes a TAM, Tier P",944875.0000
Palo Alto Networks,PAN-ENT-PREM-ESA-P-3YR,"Enterprise Support Agreement, 3 years Premium Support, includes a TAM, Tier P",2279700.0000
Palo Alto Networks,PAN-ENT-PREM-ESA-Q-1YR,"Enterprise Support Agreement, 1 year Premium Support, includes a TAM, Tier Q",1022000.0000
Palo Alto Networks,PAN-ENT-PREM-ESA-Q-3YR,"Enterprise Support Agreement, 3 years Premium Support, includes a TAM, Tier Q",2464800.0000
Palo Alto Networks,PAN-ENT-PREM-ESA-R-1YR,"Enterprise Support Agreement, 1 year Premium Support, includes a TAM, Tier R",1098875.0000
Palo Alto Networks,PAN-ENT-PREM-ESA-R-3YR,"Enterprise Support Agreement, 3 years Premium Support, includes a TAM, Tier R",2649300.0000
Palo Alto Networks,PAN-ENT-PREM-ESA-S-1YR,"Enterprise Support Agreement, 1 year Premium Support, includes a TAM, Tier S",1175500.0000
Palo Alto Networks,PAN-ENT-PREM-ESA-S-3YR,"Enterprise Support Agreement, 3 years Premium Support, includes a TAM, Tier S",2833200.0000
Palo Alto Networks,PAN-ENT-PREM-ESA-T-1YR,"Enterprise Support Agreement, 1 year Premium Support, includes a TAM, Tier T",1251875.0000
Palo Alto Networks,PAN-ENT-PREM-ESA-T-3YR,"Enterprise Support Agreement, 3 years Premium Support, includes a TAM, Tier T",3016500.0000
Palo Alto Networks,PAN-ENT-PREM-ESA-U-1YR,"Enterprise Support Agreement, 1 year Premium Support, includes a TAM, Tier U",1328000.0000
Palo Alto Networks,PAN-ENT-PREM-ESA-U-3YR,"Enterprise Support Agreement, 3 years Premium Support, includes a TAM, Tier U",3199200.0000
Palo Alto Networks,PAN-ENT-PREM-ESA-V-1YR,"Enterprise Support Agreement, 1 year Premium Support, includes a TAM, Tier V",1403875.0000
Palo Alto Networks,PAN-ENT-PREM-ESA-V-3YR,"Enterprise Support Agreement, 3 years Premium Support, includes a TAM, Tier V",3381300.0000
Palo Alto Networks,PAN-ENT-PREM-ESA-W-1YR,"Enterprise Support Agreement, 1 year Premium Support, includes a TAM, Tier W",1479500.0000
Palo Alto Networks,PAN-ENT-PREM-ESA-W-3YR,"Enterprise Support Agreement, 3 years Premium Support, includes a TAM, Tier W",3562800.0000
Palo Alto Networks,PAN-ENT-PREM-ESA-X-1YR,"Enterprise Support Agreement, 1 year Premium Support, includes a TAM, Tier X",1554875.0000
Palo Alto Networks,PAN-ENT-PREM-ESA-X-3YR,"Enterprise Support Agreement, 3 years Premium Support, includes a TAM, Tier X",3743700.0000
Palo Alto Networks,PAN-ENT-PREM-ESA-Y-1YR,"Enterprise Support Agreement, 1 year Premium Support, includes Premium Plus, Tier Y",1735000.0000
Palo Alto Networks,PAN-ENT-PREM-ESA-Y-3YR,"Enterprise Support Agreement, 3 years Premium Support, includes Premium Plus, Tier Y",4164000.0000
Palo Alto Networks,PAN-ENT-PREM-ESA-Z-1YR,"Enterprise Support Agreement, 1 year Premium Support, includes Premium Plus, Tier Z",1884500.0000
Palo Alto Networks,PAN-ENT-PREM-ESA-Z-3YR,"Enterprise Support Agreement, 3 years Premium Support, includes Premium Plus, Tier Z",4522800.0000
Palo Alto Networks,PAN-ENT-PREM-ESA-AA-1YR,"Enterprise Support Agreement, 1 year Premium Support, includes Premium Plus, Tier AA",2033000.0000
Palo Alto Networks,PAN-ENT-PREM-ESA-AA-3YR,"Enterprise Support Agreement, 3 years Premium Support, includes Premium Plus, Tier AA",4879200.0000
Palo Alto Networks,PAN-ENT-PREM-ESA-BB-1YR,"Enterprise Support Agreement, 1 year Premium Support, includes Premium Plus, Tier BB",2180500.0000
Palo Alto Networks,PAN-ENT-PREM-ESA-BB-3YR,"Enterprise Support Agreement, 3 years Premium Support, includes Premium Plus, Tier BB",5233200.0000
Palo Alto Networks,PAN-ENT-PREM-ESA-CC-1YR,"Enterprise Support Agreement, 1 year Premium Support, includes Premium Plus, Tier CC",2327000.0000
Palo Alto Networks,PAN-ENT-PREM-ESA-CC-3YR,"Enterprise Support Agreement, 3 years Premium Support, includes Premium Plus, Tier CC",5584800.0000
Palo Alto Networks,PAN-ENT-PREM-ESA-DD-1YR,"Enterprise Support Agreement, 1 year Premium Support, includes Premium Plus, Tier DD",2472500.0000
Palo Alto Networks,PAN-ENT-PREM-ESA-DD-3YR,"Enterprise Support Agreement, 3 years Premium Support, includes Premium Plus, Tier DD",5934000.0000
Palo Alto Networks,PAN-ENT-PREM-ESA-EE-1YR,"Enterprise Support Agreement, 1 year Premium Support, includes Premium Plus, Tier EE",2617000.0000
Palo Alto Networks,PAN-ENT-PREM-ESA-EE-3YR,"Enterprise Support Agreement, 3 years Premium Support, includes Premium Plus, Tier EE",6280800.0000
Palo Alto Networks,PAN-ENT-PREM-ESA-FF-1YR,"Enterprise Support Agreement, 1 year Premium Support, includes Premium Plus, Tier FF",2760500.0000
Palo Alto Networks,PAN-ENT-PREM-ESA-FF-3YR,"Enterprise Support Agreement, 3 years Premium Support, includes Premium Plus, Tier FF",6625200.0000
Palo Alto Networks,PAN-ENT-PREM-ESA-GG-1YR,"Enterprise Support Agreement, 1 year Premium Support, includes Premium Plus, Tier GG",2903000.0000
Palo Alto Networks,PAN-ENT-PREM-ESA-GG-3YR,"Enterprise Support Agreement, 3 years Premium Support, includes Premium Plus, Tier GG",6967200.0000
Palo Alto Networks,PAN-ENT-PREM-ESA-HH-1YR,"Enterprise Support Agreement, 1 year Premium Support, includes Premium Plus, Tier HH",3044500.0000
Palo Alto Networks,PAN-ENT-PREM-ESA-HH-3YR,"Enterprise Support Agreement, 3 years Premium Support, includes Premium Plus, Tier HH",7306800.0000
Palo Alto Networks,PAN-ENT-PREM-ESA-II-1YR,"Enterprise Support Agreement, 1 year Premium Support, includes Premium Plus , Tier II",3185000.0000
Palo Alto Networks,PAN-ENT-PREM-ESA-II-3YR,"Enterprise Support Agreement, 3 years Premium Support, includes Premium Plus , Tier II",7644000.0000
Palo Alto Networks,PAN-ENT-PREM-ESA-JJ-1YR,"Enterprise Support Agreement, 1 year Premium Support, includes Premium Plus , Tier JJ",3463000.0000
Palo Alto Networks,PAN-ENT-PREM-ESA-JJ-3YR,"Enterprise Support Agreement, 3 years Premium Support, includes Premium Plus , Tier JJ",8311200.0000
Palo Alto Networks,PAN-ENT-PREM-ESA-KK-1YR,"Enterprise Support Agreement, 1 year Premium Support, includes Premium Plus , Tier KK",3737000.0000
Palo Alto Networks,PAN-ENT-PREM-ESA-KK-3YR,"Enterprise Support Agreement, 3 years Premium Support, includes Premium Plus , Tier KK",8968800.0000
Palo Alto Networks,PAN-ENT-PREM-ESA-LL-1YR,"Enterprise Support Agreement, 1 year Premium Support, includes Premium Plus , Tier LL",4007000.0000
Palo Alto Networks,PAN-ENT-PREM-ESA-LL-3YR,"Enterprise Support Agreement, 3 years Premium Support, includes Premium Plus , Tier LL",9616800.0000
Palo Alto Networks,PAN-ENT-PREM-ESA-MM-1YR,"Enterprise Support Agreement, 1 year Premium Support, includes Premium Plus , Tier MM",4273000.0000
Palo Alto Networks,PAN-ENT-PREM-ESA-MM-3YR,"Enterprise Support Agreement, 3 years Premium Support, includes Premium Plus , Tier MM",10255200.0000
Palo Alto Networks,PAN-ENT-PREM-ESA-NN-1YR,"Enterprise Support Agreement, 1 year Premium Support, includes Premium Plus x2, Tier NN",4720000.0000
Palo Alto Networks,PAN-ENT-PREM-ESA-NN-3YR,"Enterprise Support Agreement, 3 years Premium Support, includes Premium Plus x2, Tier NN",11328000.0000
Palo Alto Networks,PAN-ENT-PREM-ESA-OO-1YR,"Enterprise Support Agreement, 1 year Premium Support, includes Premium Plus x2, Tier OO",4978000.0000
Palo Alto Networks,PAN-ENT-PREM-ESA-OO-3YR,"Enterprise Support Agreement, 3 years Premium Support, includes Premium Plus x2, Tier OO",11947200.0000
Palo Alto Networks,PAN-ENT-PREM-ESA-PP-1YR,"Enterprise Support Agreement, 1 year Premium Support, includes Premium Plus x2, Tier PP",5232000.0000
Palo Alto Networks,PAN-ENT-PREM-ESA-PP-3YR,"Enterprise Support Agreement, 3 years Premium Support, includes Premium Plus x2, Tier PP",12556800.0000
Palo Alto Networks,PAN-ENT-PREM-ESA-QQ-1YR,"Enterprise Support Agreement, 1 year Premium Support, includes Premium Plus x2, Tier QQ",5482000.0000
Palo Alto Networks,PAN-ENT-PREM-ESA-QQ-3YR,"Enterprise Support Agreement, 3 years Premium Support, includes Premium Plus x2, Tier QQ",13156800.0000
Palo Alto Networks,PAN-ENT-PREM-ESA-RR-1YR,"Enterprise Support Agreement, 1 year Premium Support, includes Premium Plus x2, Tier RR",5728000.0000
Palo Alto Networks,PAN-ENT-PREM-ESA-RR-3YR,"Enterprise Support Agreement, 3 years Premium Support, includes Premium Plus x2, Tier RR",13747200.0000
Palo Alto Networks,PAN-ENT-PREM-ESA-SS-1YR,"Enterprise Support Agreement, 1 year Premium Support, includes Premium Plus x2, Tier SS",5970000.0000
Palo Alto Networks,PAN-ENT-PREM-ESA-SS-3YR,"Enterprise Support Agreement, 3 years Premium Support, includes Premium Plus x2, Tier SS",14328000.0000
Palo Alto Networks,PAN-ENT-PREM-ESA-TT-1YR,"Enterprise Support Agreement, 1 year Premium Support, includes Premium Plus x2, Tier TT",6215000.0000
Palo Alto Networks,PAN-ENT-PREM-ESA-TT-3YR,"Enterprise Support Agreement, 3 years Premium Support, includes Premium Plus x2, Tier TT",14916000.0000
Palo Alto Networks,PAN-ENT-PREM-ESA-UU-1YR,"Enterprise Support Agreement, 1 year Premium Support, includes Premium Plus x2, Tier UU",6456666.6699
Palo Alto Networks,PAN-ENT-PREM-ESA-UU-3YR,"Enterprise Support Agreement, 3 years Premium Support, includes Premium Plus x2, Tier UU",15496000.0000
Palo Alto Networks,PAN-ENT-PREM-ESA-VV-1YR,"Enterprise Support Agreement, 1 year Premium Support, includes Premium Plus x2, Tier VV",6695000.0000
Palo Alto Networks,PAN-ENT-PREM-ESA-VV-3YR,"Enterprise Support Agreement, 3 years Premium Support, includes Premium Plus x2, Tier VV",16068000.0000
Palo Alto Networks,PAN-ENT-PREM-ESA-WW-1YR,"Enterprise Support Agreement, 1 year Premium Support, includes Premium Plus x2, Tier WW",6930000.0000
Palo Alto Networks,PAN-ENT-PREM-ESA-WW-3YR,"Enterprise Support Agreement, 3 years Premium Support, includes Premium Plus x2, Tier WW",16632000.0000
Palo Alto Networks,PAN-ENT-PREM-ESA-XX-1YR,"Enterprise Support Agreement, 1 year Premium Support, includes Premium Plus x2, Tier XX",7161666.6699
Palo Alto Networks,PAN-ENT-PREM-ESA-XX-3YR,"Enterprise Support Agreement, 3 years Premium Support, includes Premium Plus x2, Tier XX",17188000.0000
Palo Alto Networks,PAN-ENT-PREM-ESA-YY-1YR,"Enterprise Support Agreement, 1 year Premium Support, includes Premium Plus x2, Tier YY",7403000.0000
,,,
Palo Alto Networks,PAN-ENT-PREM-ESA-YY-3YR,"Enterprise Support Agreement, 3 years Premium Support, includes Premium Plus x2, Tier YY",17767200.0000
Palo Alto Networks,PAN-ENT-PREM-ESA-ZZ-1YR,"Enterprise Support Agreement, 1 year Premium Support, includes Premium Plus x2, Tier ZZ",7660000.0000
Palo Alto Networks,PAN-ENT-PREM-ESA-ZZ-3YR,"Enterprise Support Agreement, 3 years Premium Support, includes Premium Plus x2, Tier ZZ",18384000.0000
Palo Alto Networks,PAN-ENT-PREM-ESA-AB-1YR,"Enterprise Support Agreement, 1 year Premium Support, includes Premium Plus, Tier AB",7930000.0000
Palo Alto Networks,PAN-ENT-PREM-ESA-AB-3YR,"Enterprise Support Agreement, 3 years Premium Support, includes Premium Plus, Tier AB",19032000.0000
Palo Alto Networks,PAN-ENT-PREM-ESA-AC-1YR,"Enterprise Support Agreement, 1 year Premium Support, includes Premium Plus, Tier AC",8200000.0000
Palo Alto Networks,PAN-ENT-PREM-ESA-AC-3YR,"Enterprise Support Agreement, 3 years Premium Support, includes Premium Plus, Tier AC",19680000.0000
Palo Alto Networks,PAN-ENT-PREM-ESA-AD-1YR,"Enterprise Support Agreement, 1 year Premium Support, includes Premium Plus, Tier AD",8470000.0000
Palo Alto Networks,PAN-ENT-PREM-ESA-AD-3YR,"Enterprise Support Agreement, 3 years Premium Support, includes Premium Plus, Tier AD",20328000.0000
Palo Alto Networks,PAN-ENT-PREM-ESA-AE-1YR,"Enterprise Support Agreement, 1 year Premium Support, includes Premium Plus, Tier AE",8740000.0000
Palo Alto Networks,PAN-ENT-PREM-ESA-AE-3YR,"Enterprise Support Agreement, 3 years Premium Support, includes Premium Plus, Tier AE",20976000.0000
Palo Alto Networks,PAN-ENT-PREM-ESA-AF-1YR,"Enterprise Support Agreement, 1 year Premium Support, includes Premium Plus, Tier AF",9010000.0000
Palo Alto Networks,PAN-ENT-PREM-ESA-AF-3YR,"Enterprise Support Agreement, 3 years Premium Support, includes Premium Plus, Tier AF",21624000.0000
Palo Alto Networks,PAN-ENT-PREM-ESA-AG-1YR,"Enterprise Support Agreement, 1 year Premium Support, includes Premium Plus, Tier AG",9280000.0000
Palo Alto Networks,PAN-ENT-PREM-ESA-AG-3YR,"Enterprise Support Agreement, 3 years Premium Support, includes Premium Plus, Tier AG",22272000.0000
Palo Alto Networks,PAN-ENT-PREM-ESA-AH-1YR,"Enterprise Support Agreement, 1 year Premium Support, includes Premium Plus, Tier AH",9550000.0000
Palo Alto Networks,PAN-ENT-PREM-ESA-AH-3YR,"Enterprise Support Agreement, 3 years Premium Support, includes Premium Plus, Tier AH",22920000.0000
Palo Alto Networks,PAN-ENT-USG-ESA-A-1YR,"Enterprise Support Agreement, 1 year US Government Premium Support, Tier A",270000.0000
Palo Alto Networks,PAN-ENT-USG-ESA-A-3YR,"Enterprise Support Agreement, 3 years US Government Premium Support, Tier A",648000.0000
Palo Alto Networks,PAN-ENT-USG-ESA-B-1YR,"Enterprise Support Agreement, 1 year US Government Premium Support, Tier B",315000.0000
Palo Alto Networks,PAN-ENT-USG-ESA-B-3YR,"Enterprise Support Agreement, 3 years US Government Premium Support, Tier B",756000.0000
Palo Alto Networks,PAN-ENT-USG-ESA-C-1YR,"Enterprise Support Agreement, 1 year US Government Premium Support, Tier C",360000.0000
Palo Alto Networks,PAN-ENT-USG-ESA-C-3YR,"Enterprise Support Agreement, 3 years US Government Premium Support, Tier C",864000.0000
Palo Alto Networks,PAN-ENT-USG-ESA-D-1YR,"Enterprise Support Agreement, 1 year US Government Premium Support, Tier D",405000.0000
Palo Alto Networks,PAN-ENT-USG-ESA-D-3YR,"Enterprise Support Agreement, 3 years US Government Premium Support, Tier D",972000.0000
Palo Alto Networks,PAN-ENT-USG-ESA-E-1YR,"Enterprise Support Agreement, 1 year US Government Premium Support, Tier E",450000.0000
Palo Alto Networks,PAN-ENT-USG-ESA-E-3YR,"Enterprise Support Agreement, 3 years US Government Premium Support, Tier E",1080000.0000
Palo Alto Networks,PAN-ENT-USG-ESA-F-1YR,"Enterprise Support Agreement, 1 year US Government Premium Support, Tier F",495000.0000
Palo Alto Networks,PAN-ENT-USG-ESA-F-3YR,"Enterprise Support Agreement, 3 years US Government Premium Support, Tier F",1188000.0000
Palo Alto Networks,PAN-ENT-USG-ESA-G-1YR,"Enterprise Support Agreement, 1 year US Government Premium Support, Tier G",540000.0000
Palo Alto Networks,PAN-ENT-USG-ESA-G-3YR,"Enterprise Support Agreement, 3 years US Government Premium Support, Tier G",1296000.0000
Palo Alto Networks,PAN-ENT-USG-ESA-H-1YR,"Enterprise Support Agreement, 1 year US Government Premium Support, Tier H",585000.0000
Palo Alto Networks,PAN-ENT-USG-ESA-H-3YR,"Enterprise Support Agreement, 3 years US Government Premium Support, Tier H",1404000.0000
Palo Alto Networks,PAN-ENT-USG-ESA-I-1YR,"Enterprise Support Agreement, 1 year US Government Premium Support, Tier I",630000.0000
Palo Alto Networks,PAN-ENT-USG-ESA-I-3YR,"Enterprise Support Agreement, 3 years US Government Premium Support, Tier I",1512000.0000
Palo Alto Networks,PAN-ENT-USG-ESA-J-1YR,"Enterprise Support Agreement, 1 year US Government Premium Support, Tier J",675000.0000
Palo Alto Networks,PAN-ENT-USG-ESA-J-3YR,"Enterprise Support Agreement, 3 years US Government Premium Support, Tier J",1620000.0000
Palo Alto Networks,PAN-ENT-USG-ESA-K-1YR,"Enterprise Support Agreement, 1 year US Government Premium Support, Tier K",720000.0000
Palo Alto Networks,PAN-ENT-USG-ESA-K-3YR,"Enterprise Support Agreement, 3 years US Government Premium Support, Tier K",1728000.0000
Palo Alto Networks,PAN-ENT-USG-ESA-L-1YR,"Enterprise Support Agreement, 1 year US Government Premium Support, Tier L",765000.0000
Palo Alto Networks,PAN-ENT-USG-ESA-L-3YR,"Enterprise Support Agreement, 3 years US Government Premium Support, Tier L",1836000.0000
Palo Alto Networks,PAN-ENT-USG-ESA-M-1YR,"Enterprise Support Agreement, 1 year US Government Premium Support, Tier M",810000.0000
Palo Alto Networks,PAN-ENT-USG-ESA-M-3YR,"Enterprise Support Agreement, 3 years US Government Premium Support, Tier M",1944000.0000
Palo Alto Networks,PAN-ENT-USG-ESA-N-1YR,"Enterprise Support Agreement, 1 year US Government Premium Support, Tier N",855000.0000
Palo Alto Networks,PAN-ENT-USG-ESA-N-3YR,"Enterprise Support Agreement, 3 years US Government Premium Support, Tier N",2052000.0000
Palo Alto Networks,PAN-ENT-USG-ESA-O-1YR,"Enterprise Support Agreement, 1 year US Government Premium Support, includes a TAM, Tier O",969937.5000
Palo Alto Networks,PAN-ENT-USG-ESA-O-3YR,"Enterprise Support Agreement, 3 years US Government Premium Support, includes a TAM, Tier O",2340450.0000
Palo Alto Networks,PAN-ENT-USG-ESA-P-1YR,"Enterprise Support Agreement, 1 year US Government Premium Support, includes a TAM, Tier P",1056984.3799
Palo Alto Networks,PAN-ENT-USG-ESA-P-3YR,"Enterprise Support Agreement, 3 years US Government Premium Support, includes a TAM, Tier P",2549362.5000
Palo Alto Networks,PAN-ENT-USG-ESA-Q-1YR,"Enterprise Support Agreement, 1 year US Government Premium Support, includes a TAM, Tier Q",1143750.0000
Palo Alto Networks,PAN-ENT-USG-ESA-Q-3YR,"Enterprise Support Agreement, 3 years US Government Premium Support, includes a TAM, Tier Q",2757600.0000
Palo Alto Networks,PAN-ENT-USG-ESA-R-1YR,"Enterprise Support Agreement, 1 year US Government Premium Support, includes a TAM, Tier R",1230234.3799
Palo Alto Networks,PAN-ENT-USG-ESA-R-3YR,"Enterprise Support Agreement, 3 years US Government Premium Support, includes a TAM, Tier R",2965162.5000
Palo Alto Networks,PAN-ENT-USG-ESA-S-1YR,"Enterprise Support Agreement, 1 year US Government Premium Support, includes a TAM, Tier S",1316437.5000
Palo Alto Networks,PAN-ENT-USG-ESA-S-3YR,"Enterprise Support Agreement, 3 years US Government Premium Support, includes a TAM, Tier S",3172050.0000
Palo Alto Networks,PAN-ENT-USG-ESA-T-1YR,"Enterprise Support Agreement, 1 year US Government Premium Support, includes a TAM, Tier T",1402359.3800
Palo Alto Networks,PAN-ENT-USG-ESA-T-3YR,"Enterprise Support Agreement, 3 years US Government Premium Support, includes a TAM, Tier T",3378262.5000
Palo Alto Networks,PAN-ENT-USG-ESA-U-1YR,"Enterprise Support Agreement, 1 year US Government Premium Support, includes a TAM, Tier U",1488000.0000
Palo Alto Networks,PAN-ENT-USG-ESA-U-3YR,"Enterprise Support Agreement, 3 years US Government Premium Support, includes a TAM, Tier U",3583800.0000
Palo Alto Networks,PAN-ENT-USG-ESA-V-1YR,"Enterprise Support Agreement, 1 year US Government Premium Support, includes a TAM, Tier V",1573359.3800
Palo Alto Networks,PAN-ENT-USG-ESA-V-3YR,"Enterprise Support Agreement, 3 years US Government Premium Support, includes a TAM, Tier V",3788662.5000
Palo Alto Networks,PAN-ENT-USG-ESA-W-1YR,"Enterprise Support Agreement, 1 year US Government Premium Support, includes a TAM, Tier W",1658437.5000
Palo Alto Networks,PAN-ENT-USG-ESA-W-3YR,"Enterprise Support Agreement, 3 years US Government Premium Support, includes a TAM, Tier W",3992850.0000
Palo Alto Networks,PAN-ENT-USG-ESA-X-1YR,"Enterprise Support Agreement, 1 year US Government Premium Support, includes a TAM, Tier X",1743234.3800
Palo Alto Networks,PAN-ENT-USG-ESA-X-3YR,"Enterprise Support Agreement, 3 years US Government Premium Support, includes a TAM, Tier X",4196362.5000
Palo Alto Networks,PAN-ENT-USG-ESA-Y-1YR,"Enterprise Support Agreement, 1 year US Government Premium Support, includes Premium Plus, Tier Y",1938000.0000
Palo Alto Networks,PAN-ENT-USG-ESA-Y-3YR,"Enterprise Support Agreement, 3 years US Government Premium Support, includes Premium Plus, Tier Y",4651200.0000
Palo Alto Networks,PAN-ENT-USG-ESA-Z-1YR,"Enterprise Support Agreement, 1 year US Government Premium Support, includes Premium Plus, Tier Z",2106187.5000
Palo Alto Networks,PAN-ENT-USG-ESA-Z-3YR,"Enterprise Support Agreement, 3 years US Government Premium Support, includes Premium Plus, Tier Z",5054850.0000
Palo Alto Networks,PAN-ENT-USG-ESA-AA-1YR,"Enterprise Support Agreement, 1 year US Government Premium Support, includes Premium Plus, Tier AA",2273250.0000
Palo Alto Networks,PAN-ENT-USG-ESA-AA-3YR,"Enterprise Support Agreement, 3 years US Government Premium Support, includes Premium Plus, Tier AA",5455800.0000
Palo Alto Networks,PAN-ENT-USG-ESA-BB-1YR,"Enterprise Support Agreement, 1 year US Government Premium Support, includes Premium Plus, Tier BB",2439187.5000
Palo Alto Networks,PAN-ENT-USG-ESA-BB-3YR,"Enterprise Support Agreement, 3 years US Government Premium Support, includes Premium Plus, Tier BB",5854050.0000
Palo Alto Networks,PAN-ENT-USG-ESA-CC-1YR,"Enterprise Support Agreement, 1 year US Government Premium Support, includes Premium Plus, Tier CC",2604000.0000
Palo Alto Networks,PAN-ENT-USG-ESA-CC-3YR,"Enterprise Support Agreement, 3 years US Government Premium Support, includes Premium Plus, Tier CC",6249600.0000
Palo Alto Networks,PAN-ENT-USG-ESA-DD-1YR,"Enterprise Support Agreement, 1 year US Government Premium Support, includes Premium Plus, Tier DD",2767687.5000
Palo Alto Networks,PAN-ENT-USG-ESA-DD-3YR,"Enterprise Support Agreement, 3 years US Government Premium Support, includes Premium Plus, Tier DD",6642450.0000
Palo Alto Networks,PAN-ENT-USG-ESA-EE-1YR,"Enterprise Support Agreement, 1 year US Government Premium Support, includes Premium Plus, Tier EE",2930250.0000
Palo Alto Networks,PAN-ENT-USG-ESA-EE-3YR,"Enterprise Support Agreement, 3 years US Government Premium Support, includes Premium Plus, Tier EE",7032600.0000
Palo Alto Networks,PAN-ENT-USG-ESA-FF-1YR,"Enterprise Support Agreement, 1 year US Government Premium Support, includes Premium Plus, Tier FF",3091687.5000
Palo Alto Networks,PAN-ENT-USG-ESA-FF-3YR,"Enterprise Support Agreement, 3 years US Government Premium Support, includes Premium Plus, Tier FF",7420050.0000
Palo Alto Networks,PAN-ENT-USG-ESA-GG-1YR,"Enterprise Support Agreement, 1 year US Government Premium Support, includes Premium Plus, Tier GG",3252000.0000
Palo Alto Networks,PAN-ENT-USG-ESA-GG-3YR,"Enterprise Support Agreement, 3 years US Government Premium Support, includes Premium Plus, Tier GG",7804800.0000
Palo Alto Networks,PAN-ENT-USG-ESA-HH-1YR,"Enterprise Support Agreement, 1 year US Government Premium Support, includes Premium Plus, Tier HH",3411187.5000
Palo Alto Networks,PAN-ENT-USG-ESA-HH-3YR,"Enterprise Support Agreement, 3 years US Government Premium Support, includes Premium Plus, Tier HH",8186850.0000
Palo Alto Networks,PAN-ENT-USG-ESA-II-1YR,"Enterprise Support Agreement, 1 year US Government Premium Support, includes Premium Plus , Tier II",3569250.0000
Palo Alto Networks,PAN-ENT-USG-ESA-II-3YR,"Enterprise Support Agreement, 3 years US Government Premium Support, includes Premium Plus , Tier II",8566200.0000
Palo Alto Networks,PAN-ENT-USG-ESA-JJ-1YR,"Enterprise Support Agreement, 1 year US Government Premium Support, includes Premium Plus , Tier JJ",3882000.0000
Palo Alto Networks,PAN-ENT-USG-ESA-JJ-3YR,"Enterprise Support Agreement, 3 years US Government Premium Support, includes Premium Plus , Tier JJ",9316800.0000
Palo Alto Networks,PAN-ENT-USG-ESA-KK-1YR,"Enterprise Support Agreement, 1 year US Government Premium Support, includes Premium Plus , Tier KK",4190250.0000
Palo Alto Networks,PAN-ENT-USG-ESA-KK-3YR,"Enterprise Support Agreement, 3 years US Government Premium Support, includes Premium Plus , Tier KK",10056600.0000
Palo Alto Networks,PAN-ENT-USG-ESA-LL-1YR,"Enterprise Support Agreement, 1 year US Government Premium Support, includes Premium Plus , Tier LL",4494000.0000
Palo Alto Networks,PAN-ENT-USG-ESA-LL-3YR,"Enterprise Support Agreement, 3 years US Government Premium Support, includes Premium Plus , Tier LL",10785600.0000
Palo Alto Networks,PAN-ENT-USG-ESA-MM-1YR,"Enterprise Support Agreement, 1 year US Government Premium Support, includes Premium Plus , Tier MM",4793250.0000
Palo Alto Networks,PAN-ENT-USG-ESA-MM-3YR,"Enterprise Support Agreement, 3 years US Government Premium Support, includes Premium Plus , Tier MM",11503800.0000
Palo Alto Networks,PAN-ENT-USG-ESA-NN-1YR,"Enterprise Support Agreement, 1 year US Government Premium Support, includes Premium Plus x2, Tier NN",5282250.0000
,,,
Palo Alto Networks,PAN-ENT-USG-ESA-NN-3YR,"Enterprise Support Agreement, 3 years US Government Premium Support, includes Premium Plus x2, Tier NN",12677400.0000
Palo Alto Networks,PAN-ENT-USG-ESA-OO-1YR,"Enterprise Support Agreement, 1 year US Government Premium Support, includes Premium Plus x2, Tier OO",5572500.0000
Palo Alto Networks,PAN-ENT-USG-ESA-OO-3YR,"Enterprise Support Agreement, 3 years US Government Premium Support, includes Premium Plus x2, Tier OO",13374000.0000
Palo Alto Networks,PAN-ENT-USG-ESA-PP-1YR,"Enterprise Support Agreement, 1 year US Government Premium Support, includes Premium Plus x2, Tier PP",5858250.0000
Palo Alto Networks,PAN-ENT-USG-ESA-PP-3YR,"Enterprise Support Agreement, 3 years US Government Premium Support, includes Premium Plus x2, Tier PP",14059800.0000
Palo Alto Networks,PAN-ENT-USG-ESA-QQ-1YR,"Enterprise Support Agreement, 1 year US Government Premium Support, includes Premium Plus x2, Tier QQ",6139500.0000
Palo Alto Networks,PAN-ENT-USG-ESA-QQ-3YR,"Enterprise Support Agreement, 3 years US Government Premium Support, includes Premium Plus x2, Tier QQ",14734800.0000
Palo Alto Networks,PAN-ENT-USG-ESA-RR-1YR,"Enterprise Support Agreement, 1 year US Government Premium Support, includes Premium Plus x2, Tier RR",6416250.0000
Palo Alto Networks,PAN-ENT-USG-ESA-RR-3YR,"Enterprise Support Agreement, 3 years US Government Premium Support, includes Premium Plus x2, Tier RR",15399000.0000
Palo Alto Networks,PAN-ENT-USG-ESA-SS-1YR,"Enterprise Support Agreement, 1 year US Government Premium Support, includes Premium Plus x2, Tier SS",6688500.0000
Palo Alto Networks,PAN-ENT-USG-ESA-SS-3YR,"Enterprise Support Agreement, 3 years US Government Premium Support, includes Premium Plus x2, Tier SS",16052400.0000
Palo Alto Networks,PAN-ENT-USG-ESA-TT-1YR,"Enterprise Support Agreement, 1 year US Government Premium Support, includes Premium Plus x2, Tier TT",6964125.0000
Palo Alto Networks,PAN-ENT-USG-ESA-TT-3YR,"Enterprise Support Agreement, 3 years US Government Premium Support, includes Premium Plus x2, Tier TT",16713900.0000
Palo Alto Networks,PAN-ENT-USG-ESA-UU-1YR,"Enterprise Support Agreement, 1 year US Government Premium Support, includes Premium Plus x2, Tier UU",7236000.0000
Palo Alto Networks,PAN-ENT-USG-ESA-UU-3YR,"Enterprise Support Agreement, 3 years US Government Premium Support, includes Premium Plus x2, Tier UU",17366400.0000
Palo Alto Networks,PAN-ENT-USG-ESA-VV-1YR,"Enterprise Support Agreement, 1 year US Government Premium Support, includes Premium Plus x2, Tier VV",7504125.0000
Palo Alto Networks,PAN-ENT-USG-ESA-VV-3YR,"Enterprise Support Agreement, 3 years US Government Premium Support, includes Premium Plus x2, Tier VV",18009900.0000
Palo Alto Networks,PAN-ENT-USG-ESA-WW-1YR,"Enterprise Support Agreement, 1 year US Government Premium Support, includes Premium Plus x2, Tier WW",7768500.0000
Palo Alto Networks,PAN-ENT-USG-ESA-WW-3YR,"Enterprise Support Agreement, 3 years US Government Premium Support, includes Premium Plus x2, Tier WW",18644400.0000
Palo Alto Networks,PAN-ENT-USG-ESA-XX-1YR,"Enterprise Support Agreement, 1 year US Government Premium Support, includes Premium Plus x2, Tier XX",8029125.0000
Palo Alto Networks,PAN-ENT-USG-ESA-XX-3YR,"Enterprise Support Agreement, 3 years US Government Premium Support, includes Premium Plus x2, Tier XX",19269900.0000
Palo Alto Networks,PAN-ENT-USG-ESA-YY-1YR,"Enterprise Support Agreement, 1 year US Government Premium Support, includes Premium Plus x2, Tier YY",8300625.0000
Palo Alto Networks,PAN-ENT-USG-ESA-YY-3YR,"Enterprise Support Agreement, 3 years US Government Premium Support, includes Premium Plus x2, Tier YY",19921500.0000
Palo Alto Networks,PAN-ENT-USG-ESA-ZZ-1YR,"Enterprise Support Agreement, 1 year US Government Premium Support, includes Premium Plus x2, Tier ZZ",8589750.0000
Palo Alto Networks,PAN-ENT-USG-ESA-ZZ-3YR,"Enterprise Support Agreement, 3 years US Government Premium Support, includes Premium Plus x2, Tier ZZ",20615400.0000
Palo Alto Networks,PAN-ENT-USG-ESA-AB-1YR,"Enterprise Support Agreement, 1 year US Government Premium Support, includes Premium Plus, Tier AB",8893500.0000
Palo Alto Networks,PAN-ENT-USG-ESA-AB-3YR,"Enterprise Support Agreement, 3 years US Government Premium Support, includes Premium Plus, Tier AB",21344400.0000
Palo Alto Networks,PAN-ENT-USG-ESA-AC-1YR,"Enterprise Support Agreement, 1 year US Government Premium Support, includes Premium Plus, Tier AC",9197250.0000
Palo Alto Networks,PAN-ENT-USG-ESA-AC-3YR,"Enterprise Support Agreement, 3 years US Government Premium Support, includes Premium Plus, Tier AC",22073400.0000
Palo Alto Networks,PAN-ENT-USG-ESA-AD-1YR,"Enterprise Support Agreement, 1 year US Government Premium Support, includes Premium Plus, Tier AD",9501000.0000
Palo Alto Networks,PAN-ENT-USG-ESA-AD-3YR,"Enterprise Support Agreement, 3 years US Government Premium Support, includes Premium Plus, Tier AD",22802400.0000
Palo Alto Networks,PAN-ENT-USG-ESA-AE-1YR,"Enterprise Support Agreement, 1 year US Government Premium Support, includes Premium Plus, Tier AE",9804750.0000
Palo Alto Networks,PAN-ENT-USG-ESA-AE-3YR,"Enterprise Support Agreement, 3 years US Government Premium Support, includes Premium Plus, Tier AE",23531400.0000
Palo Alto Networks,PAN-ENT-USG-ESA-AF-1YR,"Enterprise Support Agreement, 1 year US Government Premium Support, includes Premium Plus, Tier AF",10108500.0000
Palo Alto Networks,PAN-ENT-USG-ESA-AF-3YR,"Enterprise Support Agreement, 3 years US Government Premium Support, includes Premium Plus, Tier AF",24260400.0000
Palo Alto Networks,PAN-ENT-USG-ESA-AG-1YR,"Enterprise Support Agreement, 1 year US Government Premium Support, includes Premium Plus, Tier AG",10412250.0000
Palo Alto Networks,PAN-ENT-USG-ESA-AG-3YR,"Enterprise Support Agreement, 3 years US Government Premium Support, includes Premium Plus, Tier AG",24989400.0000
Palo Alto Networks,PAN-ENT-USG-ESA-AH-1YR,"Enterprise Support Agreement, 1 year US Government Premium Support, includes Premium Plus, Tier AH",10716000.0000
Palo Alto Networks,PAN-ENT-USG-ESA-AH-3YR,"Enterprise Support Agreement, 3 years US Government Premium Support, includes Premium Plus, Tier AH",25718400.0000
Palo Alto Networks,PAN-PA-PREM-PLUS-ADDON-1YR,Premium Plus add on. Used to upgrade TAM only ESA''s and TAM site licenses to Premium Plus (additon of health check & DE),105000.0000
Palo Alto Networks,PAN-PA-PREM-PLUS-ADDON-3YR,Premium Plus add on. Used to upgrade TAM only ESA''s and TAM site licenses to Premium Plus (additon of health check & DE),240000.0000
Palo Alto Networks,PAN-PA-PREM-PLUS-ADDON-5YR,Premium Plus add on. Used to upgrade TAM only ESA''s and TAM site licenses to Premium Plus (additon of health check & DE),400000.0000
Palo Alto Networks,PAN-APERTURE-1APP-1YR,"Aperture SaaS security service for 1 application, 1-user, 1-year, includes premium support",10.0000
Palo Alto Networks,PAN-APERTURE-1APP-3YR,"Aperture SaaS security service for 1 application, 1-user, 3-year, includes premium support",24.0000
Palo Alto Networks,PAN-APERTURE-1APP-5YR,"Aperture SaaS security service for 1 application, 1-user, 5-year, includes premium support",40.0000
Palo Alto Networks,PAN-APERTURE-ALLAPP-1YR,"Aperture SaaS security service for All application, 1-user, 1-year, includes premium support",20.0000
Palo Alto Networks,PAN-APERTURE-ALLAPP-3YR,"Aperture SaaS security service for All application, 1-user, 3-year, includes premium support",48.0000
Palo Alto Networks,PAN-APERTURE-ALLAPP-5YR,"Aperture SaaS security service for All application, 1-user, 5-year, includes premium support",80.0000
Palo Alto Networks,PAN-APERTURE-1APP-USG-1YR,"Aperture SaaS security service for 1 application, 1-user, 1-year, includes US Government Premium Support",11.0000
Palo Alto Networks,PAN-APERTURE-1APP-USG-3YR,"Aperture SaaS security service for 1 application, 1-user, 3-year, includes US Government Premium Support",25.0000
Palo Alto Networks,PAN-APERTURE-1APP-USG-5YR,"Aperture SaaS security service for 1 application, 1-user, 5-year, includes US Government Premium Support",42.0000
Palo Alto Networks,PAN-APERTURE-ALLAPP-USG-1YR,"Aperture SaaS security service for All application, 1-user, 1-year, includes US Government Premium Support",21.0000
Palo Alto Networks,PAN-APERTURE-ALLAPP-USG-3YR,"Aperture SaaS security service for All application, 1-user, 3-year, includes US Government Premium Support",50.0000
Palo Alto Networks,PAN-APERTURE-ALLAPP-USG-5YR,"Aperture SaaS security service for All application, 1-user, 5-year, includes US Government Premium Support",84.0000
Palo Alto Networks,PAN-APERTURE-1APP-BKLN-1YR,"Aperture SaaS security service for 1 application, 1-user, 1-year, includes Premium Partner Support",10.0000
Palo Alto Networks,PAN-APERTURE-1APP-BKLN-3YR,"Aperture SaaS security service for 1 application, 1-user, 3-year, includes Premium Partner Support",24.0000
Palo Alto Networks,PAN-APERTURE-1APP-BKLN-5YR,"Aperture SaaS security service for 1 application, 1-user, 5-year, includes Premium Partner Support",40.0000
Palo Alto Networks,PAN-APERTURE-ALLAPP-BKLN-1YR,"Aperture SaaS security service for all applications, 1-user, 1-year, includes Premium Partner Support",20.0000
Palo Alto Networks,PAN-APERTURE-ALLAPP-BKLN-3YR,"Aperture SaaS security service for all applications, 1-user, 3-year, includes Premium Partner Support",48.0000
Palo Alto Networks,PAN-APERTURE-ALLAPP-BKLN-5YR,"Aperture SaaS security service for all applications, 1-user, 5-year, includes Premium Partner Support",80.0000
Palo Alto Networks,PAN-CONSULT-1HR,Palo Alto Networks Consulting Services Hourly - 8 hour minimum,375.0000
Palo Alto Networks,PAN-CONSULT-CUTOVER-1HR,Palo Alto Networks Consulting Services Cutover Hourly - 4 hour minimum,560.0000
Palo Alto Networks,PAN-CONSULT-DAY,Palo Alto Networks consulting services (per day),3000.0000
Palo Alto Networks,PAN-CONSULT-RE-12MO,Palo Alto Networks Resident Engineer Consulting Services – 12 months,330000.0000
Palo Alto Networks,PAN-CONSULT-RE-6MO,Palo Alto Networks Resident Engineer Consulting Services – 6 months,220000.0000
Palo Alto Networks,PAN-CONSULT-ARCH-DAY,Palo Alto Networks professional services architect (per day),3500.0000
Palo Alto Networks,PAN-CONSULT-PLTFM-TRANSITION,"Palo Alto Networks Transition Services. Complete NGFW Platform deployment, preparation support, including project management,
design and planning",59750.0000
Palo Alto Networks,PAN-CONSULT-CUSTOM,Palo Alto Networks consulting services to be used for outcome based engagements. It requires a completed SOW.,1.0000
Palo Alto Networks,PAN-CONSULT-TE,Palo Alto Networks Consulting Services - Travel Expenses,1.0000
Palo Alto Networks,PAN-CONSULT-HEALTHCHECK,"Palo Alto Networks Health Check -includes configuration review and best practice adherence for up to 3 HA pairs and Panorama
Environment. T&E included in price",17000.0000
Palo Alto Networks,PAN-CONSULT-HEALTHCHECK-USG,"Palo Alto Networks Health Check -includes configuration review and best practice adherence for up to 3 HA pairs and Panorama
Environment. T&E included in price. For US Government accounts only.",17850.0000
Palo Alto Networks,PAN-CONSULT-MIG-GOLD,"Palo Alto Networks Migration Bundle - includes up to 1000 total rules migrated with a maximum of 200 NAT rules migrated.
Implementation of up to 3HA PAN Active/Passive pairs, with 3 cutovers of up to 4 hours each. Configuration of up to 10 VPNs. T&E in",63500.0000
Palo Alto Networks,PAN-CONSULT-MIG-SLVR,"Palo Alto Networks Migration Bundle - includes up to 500 total rules migrated with a maximum of 100 NAT rules migrated.
Implementation of up to 2HA PAN Active/Passive pairs, with 2 cutovers of up to 4 hours each. Configuration of up to 5 VPNs. T&E inc",22900.0000
Palo Alto Networks,PAN-CONSULT-PRJM-DAY,Palo Alto Networks professional services project manager (per day),2500.0000
Palo Alto Networks,PAN-CONSULT-CSS-BRONZE,"Includes implementation of up to 2 ESM Servers and 2 ESM Consoles & tuning of up to 25% of the procured Traps agents of any
supported OS/platform. This service is targeted for deployments of <2500 Traps agents.",10000.0000
Palo Alto Networks,PAN-CONSULT-CSS-GOLD-A,"Includes implementation of up to 5 ESM Servers and 2 ESM Consoles & tuning of up to 25% of the procured Traps agents of any
supported OS/platform. This service is targeted for deployments of >10K Traps agents.",36000.0000
Palo Alto Networks,PAN-CONSULT-CSS-SILVER-A,"Includes implementation of up to 4 ESM Servers and 2 ESM Consoles & tuning of up to 25% of the procured Traps agents of any
supported OS/platform. This service is targeted for deployments of <10K Traps agents.",25000.0000
Palo Alto Networks,PAN-PA-200-LAB,Palo Alto Networks PA-200 Lab Unit,800.0000
Palo Alto Networks,PAN-PA-220-LAB,Palo Alto Networks PA-220 Lab Unit,400.0000
Palo Alto Networks,PAN-PA-500-2GB-LAB,Palo Alto Networks PA-500 2GB Memory Lab Unit,1800.0000
Palo Alto Networks,PAN-PA-820-LAB,Palo Alto Networks PA-820 LAB Unit,1800.0000
Palo Alto Networks,PAN-PA-850-LAB,Palo Alto Networks PA-850 LAB Unit,3800.0000
Palo Alto Networks,PAN-PA-3020-LAB,Palo Alto Networks PA-3020 LAB Unit,5600.0000
,,,
Palo Alto Networks,PAN-PA-3050-LAB,Palo Alto Networks PA-3050 LAB Unit,9600.0000
Palo Alto Networks,PAN-PA-3060-LAB,Palo Alto Networks PA-3060 LAB Unit,14400.0000
Palo Alto Networks,PAN-PA-5020-SSD2-LAB,Palo Alto Networks PA-5020 Lab Unit with single 240GB SSD.,16000.0000
Palo Alto Networks,PAN-PA-5050-SSD2-LAB,Palo Alto Networks PA-5050 Lab Unit with single 240GB SSD.,28000.0000
Palo Alto Networks,PAN-PA-5060-SSD2-LAB,Palo Alto Networks PA-5060 Lab Unit with single 240GB SSD.,52000.0000
Palo Alto Networks,PAN-PA-5220-AC-LAB,Palo Alto Networks PA-5220 Lab Unit with redundant AC power supplies,20000.0000
Palo Alto Networks,PAN-PA-5220-DC-LAB,Palo Alto Networks PA-5220 Lab Unit with redundant DC power supplies,20000.0000
Palo Alto Networks,PAN-PA-5250-AC-LAB,Palo Alto Networks PA-5250 Lab Unit with redundant AC power supplies,40000.0000
Palo Alto Networks,PAN-PA-5250-DC-LAB,Palo Alto Networks PA-5250 Lab Unit with redundant DC power supplies,40000.0000
Palo Alto Networks,PAN-PA-5260-AC-LAB,Palo Alto Networks PA-5260 Lab Unit with redundant AC power supplies,72000.0000
Palo Alto Networks,PAN-PA-5260-DC-LAB,Palo Alto Networks PA-5260 Lab Unit with redundant DC power supplies,72000.0000
Palo Alto Networks,PAN-PA-7050-AC-LAB,"PA-7050 Base AC Hardware Bundle. Includes AC Chassis, 4xAC power supplies, 2xFan Trays, Fan Filter, Switch Management Card, Log
Processing Card, and 4xAMC cards, lab use only",50000.0000
Palo Alto Networks,PAN-PA-7050-DC-LAB,"PA-7050 Base DC Hardware Bundle. Includes DC Chassis, 4xDC power supplies, 2xFan Trays, Fan Filter, Switch Management Card, Log
Processing Card, and 4xAMC cards, lab use only",50000.0000
Palo Alto Networks,PAN-PA-7080-AC-LAB,"PA-7080 Base AC Hardware Bundle. Includes AC Chassis, 4xAC power supplies, 2xFan Trays, Fan Filter, Switch Management Card, Log
Processing Card, and 4xAMC cards, lab use only",60000.0000
Palo Alto Networks,PAN-PA-7080-DC-LAB,"PA-7080 Base DC Hardware Bundle. Includes DC Chassis, 4xDC power supplies, 2xFan Trays, Fan Filter, Switch Management Card, Log
Processing Card, and 4xAMC cards, lab use only",60000.0000
Palo Alto Networks,PAN-VM-100-LAB,"Palo Alto Networks VM-100, LAB Unit",500.0000
Palo Alto Networks,PAN-VM-200-LAB,"Palo Alto Networks VM-200, LAB Unit",750.0000
Palo Alto Networks,PAN-VM-300-LAB,"Palo Alto Networks VM-300, LAB Unit",1000.0000
Palo Alto Networks,PAN-VM-1000-HV-LAB,"Palo Alto Networks VM-1000-HV, LAB Unit",1250.0000
Palo Alto Networks,PAN-WF-500-LAB,"Palo Alto Networks WF-500 Lab unit, 2TB RAID storage (4 1TB RAID certified drives preinstalled)",50000.0000
Palo Alto Networks,PAN-PRA-LAB,"Panorama Lab license, with unlimited devices. Supersedes PAN-PRA-25-LAB.",3000.0000
Palo Alto Networks,PAN-M-P-LAB,"Panorama Lab license, with unlimited devices or log collector for the M-series. Supersedes PAN-M-P-LAB-25.",3000.0000
Palo Alto Networks,PAN-M-100-LAB,"Palo Alto Networks M-100 Lab unit, 1TB RAID storage (2 1TB RAID certified drives preinstalled)",3750.0000
Palo Alto Networks,PAN-M-500-P-LAB,"Panorama Lab license, with unlimited devices or log collector for the M-500",3000.0000
Palo Alto Networks,PAN-M-500-LAB,"Palo Alto Networks M-500 Lab unit, 4TB RAID storage (4 2TB RAID certified drives preinstalled)",10000.0000
Palo Alto Networks,PAN-TRAPS-BND-250-LAB-1YR,"Not for production use, 250 Traps endpoints, 1 year, includes standard support",3500.0000
Palo Alto Networks,PAN-TRAPS-BND-250-LAB-1YR-R,"Not for production use, 250 Traps endpoints, 1 year renewal, includes standard support",3500.0000
Palo Alto Networks,PAN-TRAPS-BND-250-LAB-3YR,"Not for production use, 250 Traps endpoints, 3 year, includes standard support",8400.0000
Palo Alto Networks,PAN-TRAPS-BND-250-LAB-3YR-R,"Not for production use, 250 Traps endpoints, 3 year renewal, includes standard support",8400.0000
Palo Alto Networks,PAN-PA-200-BND-LAB3,"PA-200 Lab Unit First Year Service Bundle (Threat Prevention, BrightCloud URL Filtering, GlobalProtect, WildFire, Standard Support)",200.0000
Palo Alto Networks,PAN-PA-200-BND-LAB3-R,"PA-200 Lab Unit Renewal Service Bundle (Threat Prevention, BrightCloud URL Filtering, GlobalProtect, WildFire, Standard Support)",200.0000
Palo Alto Networks,PAN-PA-200-BND-LAB4,"PA-200 Lab Unit First Year Service Bundle (Threat Prevention, PANDB URL Filtering, GlobalProtect, WildFire, Standard Support)",200.0000
Palo Alto Networks,PAN-PA-200-BND-LAB4-R,"PA-200 Lab Unit Renewal Service Bundle (Threat Prevention, PANDB URL Filtering, GlobalProtect, WildFire, Standard Support)",200.0000
Palo Alto Networks,PAN-PA-200-USG-BND-LAB3,"PA-200 Lab Unit First Year Service Bundle (Threat Prevention, BrightCloud URL Filtering, GlobalProtect, WildFire, US Government
support)",220.0000
Palo Alto Networks,PAN-PA-200-USG-BND-LAB3-R,"PA-200 Lab Unit Renewal Service Bundle (Threat Prevention, BrightCloud URL Filtering, GlobalProtect, WildFire, US Government
support)",220.0000
Palo Alto Networks,PAN-PA-200-USG-BND-LAB4,"PA-200 Lab Unit First Year Service Bundle (Threat Prevention, PANDB URL Filtering, GlobalProtect, WildFire, US Government support)",220.0000
Palo Alto Networks,PAN-PA-200-USG-BND-LAB4-R,"PA-200 Lab Unit Renewal Service Bundle (Threat Prevention, PANDB URL Filtering, GlobalProtect, WildFire, US Government support)",220.0000
Palo Alto Networks,PAN-PA-220-BND-LAB3,"PA-220 Lab Unit First Year Service Bundle (Threat Prevention, BrightCloud URL Filtering, GlobalProtect, WildFire, Standard Support)",100.0000
Palo Alto Networks,PAN-PA-220-BND-LAB3-R,"PA-220 Lab Unit Renewal Service Bundle (Threat Prevention, BrightCloud URL Filtering, GlobalProtect, WildFire, Standard Support)",100.0000
Palo Alto Networks,PAN-PA-220-BND-LAB4,"PA-220 Lab Unit First Year Service Bundle (Threat Prevention, PANDB URL Filtering, GlobalProtect, WildFire, Standard Support)",100.0000
Palo Alto Networks,PAN-PA-220-BND-LAB4-R,"PA-220 Lab Unit Renewal Service Bundle (Threat Prevention, PANDB URL Filtering, GlobalProtect, WildFire, Standard Support)",100.0000
Palo Alto Networks,PAN-PA-220-USG-BND-LAB3,"PA-220 Lab Unit First Year Service Bundle (Threat Prevention, BrightCloud URL Filtering, GlobalProtect, WildFire, US Government
standard support)",115.0000
Palo Alto Networks,PAN-PA-220-USG-BND-LAB3-R,"PA-220 Lab Unit Renewal Service Bundle (Threat Prevention, BrightCloud URL Filtering, GlobalProtect, WildFire, US Government
standard support)",115.0000
Palo Alto Networks,PAN-PA-220-USG-BND-LAB4,"PA-220 Lab Unit First Year Service Bundle (Threat Prevention, PANDB URL Filtering, GlobalProtect, WildFire, US Government standard
support)",115.0000
Palo Alto Networks,PAN-PA-220-USG-BND-LAB4-R,"PA-220 Lab Unit Renewal Service Bundle (Threat Prevention, PANDB URL Filtering, GlobalProtect, WildFire, US Government standard
support)",115.0000
Palo Alto Networks,PAN-PA-500-BND-LAB3,"PA-500 Lab Unit First Year Service Bundle (Threat Prevention, BrightCloud URL Filtering, GlobalProtect, WildFire, Standard Support)",500.0000
Palo Alto Networks,PAN-PA-500-BND-LAB3-R,"PA-500 Lab Unit Renewal Service Bundle (Threat Prevention, BrightCloud URL Filtering, GlobalProtect, WildFire, Standard Support)",500.0000
Palo Alto Networks,PAN-PA-500-BND-LAB4,"PA-500 Lab Unit First Year Service Bundle (Threat Prevention, PANDB URL Filtering, GlobalProtect, WildFire, Standard Support)",500.0000
Palo Alto Networks,PAN-PA-500-BND-LAB4-R,"PA-500 Lab Unit Renewal Service Bundle (Threat Prevention, PANDB URL Filtering, GlobalProtect, WildFire, Standard Support)",500.0000
Palo Alto Networks,PAN-PA-500-USG-BND-LAB3,"PA-500 Lab Unit First Year Service Bundle (Threat Prevention, BrightCloud URL Filtering, GlobalProtect, WildFire, US Government
support)",550.0000
Palo Alto Networks,PAN-PA-500-USG-BND-LAB3-R,"PA-500 Lab Unit Renewal Service Bundle (Threat Prevention, BrightCloud URL Filtering, GlobalProtect, WildFire, US Government
support)",550.0000
Palo Alto Networks,PAN-PA-500-USG-BND-LAB4,"PA-500 Lab Unit First Year Service Bundle (Threat Prevention, PANDB URL Filtering, GlobalProtect, WildFire, US Government support)",550.0000
Palo Alto Networks,PAN-PA-500-USG-BND-LAB4-R,"PA-500 Lab Unit Renewal Service Bundle (Threat Prevention, PANDB URL Filtering, GlobalProtect, WildFire, US Government support)",550.0000
Palo Alto Networks,PAN-PA-820-BND-LAB3,"PA-820 Lab Unit First Year Service Bundle (Threat prevention, BrightCloud URL filtering, GlobalProtect, WildFire, Standard support)",400.0000
Palo Alto Networks,PAN-PA-820-BND-LAB3-R,"PA-820 Lab Unit Renewal Service Bundle (Threat prevention, BrightCloud URL filtering, GlobalProtect, WildFire, Standard support)",400.0000
Palo Alto Networks,PAN-PA-820-BND-LAB4,"PA-820 Lab Unit First Year Service Bundle (Threat prevention, PANDB URL filtering, GlobalProtect, WildFire, Standard support)",400.0000
Palo Alto Networks,PAN-PA-820-BND-LAB4-R,"PA-820 Lab Unit Renewal Service Bundle (Threat prevention, PANDB URL filtering, GlobalProtect, WildFire, Standard support)",400.0000
Palo Alto Networks,PAN-PA-820-USG-BND-LAB3,"PA-820 Lab Unit First Year Service Bundle (Threat Prevention, BrightCloud URL Filtering, GlobalProtect, WildFire, US Government
standard support)",430.0000
Palo Alto Networks,PAN-PA-820-USG-BND-LAB3-R,"PA-820 Lab Unit Renewal Service Bundle (Threat Prevention, BrightCloud URL Filtering, GlobalProtect, WildFire, US Government
standard support)",430.0000
Palo Alto Networks,PAN-PA-820-USG-BND-LAB4,"PA-820 Lab Unit First Year Service Bundle (Threat Prevention, PANDB URL Filtering, GlobalProtect, WildFire, US Government standard
support)",430.0000
,,,
Palo Alto Networks,PAN-PA-820-USG-BND-LAB4-R,"PA-820 Lab Unit Renewal Service Bundle (Threat Prevention, PANDB URL Filtering, GlobalProtect, WildFire, US Government standard
support)",430.0000
Palo Alto Networks,PAN-PA-850-BND-LAB3,"PA-850 Lab Unit First Year Service Bundle (Threat prevention, BrightCloud URL filtering, GlobalProtect, WildFire, Standard support)",800.0000
Palo Alto Networks,PAN-PA-850-BND-LAB3-R,"PA-850 Lab Unit Renewal Service Bundle (Threat prevention, BrightCloud URL filtering, GlobalProtect, WildFire, Standard support)",800.0000
Palo Alto Networks,PAN-PA-850-BND-LAB4,"PA-850 Lab Unit First Year Service Bundle (Threat prevention, PANDB URL filtering, GlobalProtect, WildFire, Standard support)",800.0000
Palo Alto Networks,PAN-PA-850-BND-LAB4-R,"PA-850 Lab Unit Renewal Service Bundle (Threat prevention, PANDB URL filtering, GlobalProtect, WildFire, Standard support)",800.0000
Palo Alto Networks,PAN-PA-850-USG-BND-LAB3,"PA-850 Lab Unit First Year Service Bundle (Threat Prevention, BrightCloud URL Filtering, GlobalProtect, WildFire, US Government
standard support)",920.0000
Palo Alto Networks,PAN-PA-850-USG-BND-LAB3-R,"PA-850 Lab Unit Renewal Service Bundle (Threat Prevention, BrightCloud URL Filtering, GlobalProtect, WildFire, US Government
standard support)",920.0000
Palo Alto Networks,PAN-PA-850-USG-BND-LAB4,"PA-850 Lab Unit First Year Service Bundle (Threat Prevention, PANDB URL Filtering, GlobalProtect, WildFire, US Government standard
support)",920.0000
Palo Alto Networks,PAN-PA-850-USG-BND-LAB4-R,"PA-850 Lab Unit Renewal Service Bundle (Threat Prevention, PANDB URL Filtering, GlobalProtect, WildFire, US Government standard
support)",920.0000
Palo Alto Networks,PAN-PA-2020-BND-LAB3-R,"PA-2020 Lab Unit Renewal Service Bundle (Threat Prevention, BrightCloud URL Filtering, GlobalProtect, WildFire, VSYS-5, Standard
Support)",1200.0000
Palo Alto Networks,PAN-PA-2020-BND-LAB4-R,"PA-2020 Lab Unit Renewal Service Bundle (Threat Prevention, PANDB URL Filtering, GlobalProtect, WildFire, VSYS-5, Standard
Support)",1200.0000
Palo Alto Networks,PAN-PA-2020-USG-BND-LAB3-R,"PA-2020 Lab Unit Renewal Service Bundle (Threat Prevention, BrightCloud URL Filtering, GlobalProtect, WildFire, VSYS-5, US
Government support)",1320.0000
Palo Alto Networks,PAN-PA-2020-USG-BND-LAB4-R,"PA-2020 Lab Unit Renewal Service Bundle (Threat Prevention, PANDB URL Filtering, GlobalProtect, WildFire, VSYS-5, US Government
support)",1320.0000
Palo Alto Networks,PAN-PA-2050-BND-LAB3-R,"PA-2050 Lab Unit Renewal Service Bundle (Threat Prevention, BrightCloud URL Filtering, GlobalProtect, WildFire, VSYS-5, Standard
Support)",1500.0000
Palo Alto Networks,PAN-PA-2050-BND-LAB4-R,"PA-2050 Lab Unit Renewal Service Bundle (Threat Prevention, PANDB URL Filtering, GlobalProtect, WildFire, VSYS-5, Standard
Support)",1500.0000
Palo Alto Networks,PAN-PA-2050-USG-BND-LAB3-R,"PA-2050 Lab Unit Renewal Service Bundle (Threat Prevention, BrightCloud URL Filtering, GlobalProtect, WildFire, VSYS-5, US
Government support)",1650.0000
Palo Alto Networks,PAN-PA-2050-USG-BND-LAB4-R,"PA-2050 Lab Unit Renewal Service Bundle (Threat Prevention, PANDB URL Filtering, GlobalProtect, WildFire, VSYS-5, US Government
support)",1650.0000
Palo Alto Networks,PAN-PA-3020-BND-LAB3,"PA-3020 Lab Unit First Year Service Bundle (Threat prevention, BrightCloud URL filtering, GlobalProtect, WildFire, VSYS-5, Standard
support)",1400.0000
Palo Alto Networks,PAN-PA-3020-BND-LAB3-R,"PA-3020 Lab Unit Renewal Service Bundle (Threat prevention, BrightCloud URL filtering, GlobalProtect, WildFire, VSYS-5, Standard
support)",1400.0000
Palo Alto Networks,PAN-PA-3020-BND-LAB4,"PA-3020 Lab Unit First Year Service Bundle (Threat prevention, PANDB URL filtering, GlobalProtect, WildFire, VSYS-5, Standard
support)",1400.0000
Palo Alto Networks,PAN-PA-3020-BND-LAB4-R,"PA-3020 Lab Unit Renewal Service Bundle (Threat prevention, PANDB URL filtering, GlobalProtect, WildFire, VSYS-5, Standard support)",1400.0000
Palo Alto Networks,PAN-PA-3020-USG-BND-LAB3,"PA-3020 Lab Unit First Year Service Bundle (Threat prevention, BrightCloud URL filtering, GlobalProtect, WildFire, VSYS-5, US
Government support)",1540.0000
Palo Alto Networks,PAN-PA-3020-USG-BND-LAB3-R,"PA-3020 Lab Unit Renewal Service Bundle (Threat prevention, BrightCloud URL filtering, GlobalProtect, WildFire, VSYS-5, US
Government support)",1540.0000
Palo Alto Networks,PAN-PA-3020-USG-BND-LAB4,"PA-3020 Lab Unit First Year Service Bundle (Threat prevention, PANDB URL filtering, GlobalProtect, WildFire, VSYS-5, US Government
support)",1540.0000
Palo Alto Networks,PAN-PA-3020-USG-BND-LAB4-R,"PA-3020 Lab Unit Renewal Service Bundle (Threat prevention, PANDB URL filtering, GlobalProtect, WildFire, VSYS-5, US Government
support)",1540.0000
Palo Alto Networks,PAN-PA-3050-BND-LAB3,"PA-3050 Lab Unit First Year Service Bundle (Threat prevention, BrightCloud URL filtering, GlobalProtect, WildFire, VSYS-5, Standard
support)",2400.0000
Palo Alto Networks,PAN-PA-3050-BND-LAB3-R,"PA-3050 Lab Unit Renewal Service Bundle (Threat prevention, BrightCloud URL filtering, GlobalProtect, WildFire, VSYS-5, Standard
support)",2400.0000
Palo Alto Networks,PAN-PA-3050-BND-LAB4,"PA-3050 Lab Unit First Year Service Bundle (Threat prevention, PANDB URL filtering, GlobalProtect, WildFire, VSYS-5, Standard
support)",2400.0000
Palo Alto Networks,PAN-PA-3050-BND-LAB4-R,"PA-3050 Lab Unit Renewal Service Bundle (Threat prevention, PANDB URL filtering, GlobalProtect, WildFire, VSYS-5, Standard support)",2400.0000
Palo Alto Networks,PAN-PA-3050-USG-BND-LAB3,"PA-3050 Lab Unit First Year Service Bundle (Threat prevention, BrightCloud URL filtering, GlobalProtect, WildFire, VSYS-5, US
Government support)",2630.0000
Palo Alto Networks,PAN-PA-3050-USG-BND-LAB3-R,"PA-3050 Lab Unit Renewal Service Bundle (Threat prevention, BrightCloud URL filtering, GlobalProtect, WildFire, VSYS-5, US
Government support)",2630.0000
Palo Alto Networks,PAN-PA-3050-USG-BND-LAB4,"PA-3050 Lab Unit First Year Service Bundle (Threat prevention, PANDB URL filtering, GlobalProtect, WildFire, VSYS-5, US Government
support)",2630.0000
Palo Alto Networks,PAN-PA-3050-USG-BND-LAB4-R,"PA-3050 Lab Unit Renewal Service Bundle (Threat prevention, PANDB URL filtering, GlobalProtect, WildFire, VSYS-5, US Government
support)",2630.0000
Palo Alto Networks,PAN-PA-3060-BND-LAB3,"PA-3060 Lab Unit First Year Service Bundle (Threat prevention, BrightCloud URL filtering, GlobalProtect, WildFire, VSYS-5, Standard
support)",3600.0000
Palo Alto Networks,PAN-PA-3060-BND-LAB3-R,"PA-3060 Lab Unit Renewal Service Bundle (Threat prevention, BrightCloud URL filtering, GlobalProtect, WildFire, VSYS-5, Standard
support)",3600.0000
Palo Alto Networks,PAN-PA-3060-BND-LAB4,"PA-3060 Lab Unit First Year Service Bundle (Threat prevention, PANDB URL filtering, GlobalProtect, WildFire, VSYS-5, Standard
support)",3600.0000
Palo Alto Networks,PAN-PA-3060-BND-LAB4-R,"PA-3060 Lab Unit Renewal Service Bundle (Threat prevention, PANDB URL filtering, GlobalProtect, WildFire, VSYS-5, Standard support)",3600.0000
Palo Alto Networks,PAN-PA-3060-USG-BND-LAB3,"PA-3060 Lab Unit First Year Service Bundle (Threat prevention, BrightCloud URL filtering, GlobalProtect, WildFire, VSYS-5, US
Government support)",3940.0000
Palo Alto Networks,PAN-PA-3060-USG-BND-LAB3-R,"PA-3060 Lab Unit Renewal Service Bundle (Threat prevention, BrightCloud URL filtering, GlobalProtect, WildFire, VSYS-5, US
Government support)",3940.0000
Palo Alto Networks,PAN-PA-3060-USG-BND-LAB4,"PA-3060 Lab Unit First Year Service Bundle (Threat prevention, PANDB URL filtering, GlobalProtect, WildFire, VSYS-5, US Government
support)",3940.0000
Palo Alto Networks,PAN-PA-3060-USG-BND-LAB4-R,"PA-3060 Lab Unit Renewal Service Bundle (Threat prevention, PANDB URL filtering, GlobalProtect, WildFire, VSYS-5, US Government
support)",3940.0000
Palo Alto Networks,PAN-PA-4020-BND-LAB3-R,"PA-4020 Lab Unit Renewal Service Bundle (Threat Prevention, BrightCloud URL Filtering, GlobalProtect, WildFire, Standard Support)",3000.0000
Palo Alto Networks,PAN-PA-4020-BND-LAB4-R,"PA-4020 Lab Unit Renewal Service Bundle (Threat Prevention, PANDB URL Filtering, GlobalProtect, WildFire, Standard Support)",3000.0000
Palo Alto Networks,PAN-PA-4020-USG-BND-LAB3-R,"PA-4020 Lab Unit Renewal Service Bundle (Threat Prevention, BrightCloud URL Filtering, GlobalProtect, WildFire, US Government
support)",3290.0000
Palo Alto Networks,PAN-PA-4020-USG-BND-LAB4-R,"PA-4020 Lab Unit Renewal Service Bundle (Threat Prevention, PANDB URL Filtering, GlobalProtect, WildFire, US Government support)",3290.0000
Palo Alto Networks,PAN-PA-4050-BND-LAB3-R,"PA-4050 Lab Unit Renewal Service Bundle (Threat Prevention, BrightCloud URL Filtering, GlobalProtect, WildFire, Standard Support)",5000.0000
Palo Alto Networks,PAN-PA-4050-BND-LAB4-R,"PA-4050 Lab Unit Renewal Service Bundle (Threat Prevention, PANDB URL Filtering, GlobalProtect, WildFire, Standard Support)",5000.0000
,,,
Palo Alto Networks,PAN-PA-4050-USG-BND-LAB3-R,"PA-4050 Lab Unit Renewal Service Bundle (Threat Prevention, BrightCloud URL Filtering, GlobalProtect, WildFire, US Government
support)",5480.0000
Palo Alto Networks,PAN-PA-4050-USG-BND-LAB4-R,"PA-4050 Lab Unit Renewal Service Bundle (Threat Prevention, PANDB URL Filtering, GlobalProtect, WildFire, US Government support)",5480.0000
Palo Alto Networks,PAN-PA-4060-BND-LAB3-R,"PA-4060 Lab Unit Renewal Service Bundle (Threat Prevention, BrightCloud URL Filtering, GlobalProtect, WildFire, Standard Support)",7000.0000
Palo Alto Networks,PAN-PA-4060-BND-LAB4-R,"PA-4060 Lab Unit Renewal Service Bundle (Threat Prevention, PANDB URL Filtering, GlobalProtect, WildFire, Standard Support)",7000.0000
Palo Alto Networks,PAN-PA-4060-USG-BND-LAB3-R,"PA-4060 Lab Unit Renewal Service Bundle (Threat Prevention, BrightCloud URL Filtering, GlobalProtect, WildFire, US Government
support)",7670.0000
Palo Alto Networks,PAN-PA-4060-USG-BND-LAB4-R,"PA-4060 Lab Unit Renewal Service Bundle (Threat Prevention, PANDB URL Filtering, GlobalProtect, WildFire, US Government support)",7670.0000
Palo Alto Networks,PAN-PA-5020-BND-LAB3,"PA-5020 Lab Unit First Year Service Bundle (Threat Prevention, BrightCloud URL Filtering, GlobalProtect, WildFire, Standard Support)",3520.0000
Palo Alto Networks,PAN-PA-5020-BND-LAB3-R,"PA-5020 Lab Unit Renewal Service Bundle (Threat Prevention, BrightCloud URL Filtering, GlobalProtect, WildFire, Standard Support)",3520.0000
Palo Alto Networks,PAN-PA-5020-BND-LAB4,"PA-5020 Lab Unit First Year Service Bundle (Threat Prevention, PANDB URL Filtering, GlobalProtect, WildFire, Standard Support)",3520.0000
Palo Alto Networks,PAN-PA-5020-BND-LAB4-R,"PA-5020 Lab Unit Renewal Service Bundle (Threat Prevention, PANDB URL Filtering, GlobalProtect, WildFire, Standard Support)",3520.0000
Palo Alto Networks,PAN-PA-5020-USG-BND-LAB3,"PA-5020 Lab Unit First Year Service Bundle (Threat Prevention, BrightCloud URL Filtering, GlobalProtect, WildFire, US Government
support)",3860.0000
Palo Alto Networks,PAN-PA-5020-USG-BND-LAB3-R,"PA-5020 Lab Unit Renewal Service Bundle (Threat Prevention, BrightCloud URL Filtering, GlobalProtect, WildFire, US Government
support)",3860.0000
Palo Alto Networks,PAN-PA-5020-USG-BND-LAB4,"PA-5020 Lab Unit First Year Service Bundle (Threat Prevention, PANDB URL Filtering, GlobalProtect, WildFire, US Government support)",3860.0000
Palo Alto Networks,PAN-PA-5020-USG-BND-LAB4-R,"PA-5020 Lab Unit Renewal Service Bundle (Threat Prevention, PANDB URL Filtering, GlobalProtect, WildFire, US Government support)",3860.0000
Palo Alto Networks,PAN-PA-5050-BND-LAB3,"PA-5050 Lab Unit First Year Service Bundle (Threat Prevention, BrightCloud URL Filtering, GlobalProtect, WildFire, Standard Support)",6160.0000
Palo Alto Networks,PAN-PA-5050-BND-LAB3-R,"PA-5050 Lab Unit Renewal Service Bundle (Threat Prevention, BrightCloud URL Filtering, GlobalProtect, WildFire, Standard Support)",6160.0000
Palo Alto Networks,PAN-PA-5050-BND-LAB4,"PA-5050 Lab Unit First Year Service Bundle (Threat Prevention, PANDB URL Filtering, GlobalProtect, WildFire, Standard Support)",6160.0000
Palo Alto Networks,PAN-PA-5050-BND-LAB4-R,"PA-5050 Lab Unit Renewal Service Bundle (Threat Prevention, PANDB URL Filtering, GlobalProtect, WildFire, Standard Support)",6160.0000
Palo Alto Networks,PAN-PA-5050-USG-BND-LAB3,"PA-5050 Lab Unit First Year Service Bundle (Threat Prevention, BrightCloud URL Filtering, GlobalProtect, WildFire, US Government
support)",6750.0000
Palo Alto Networks,PAN-PA-5050-USG-BND-LAB3-R,"PA-5050 Lab Unit Renewal Service Bundle (Threat Prevention, BrightCloud URL Filtering, GlobalProtect, WildFire, US Government
support)",6750.0000
Palo Alto Networks,PAN-PA-5050-USG-BND-LAB4,"PA-5050 Lab Unit First Year Service Bundle (Threat Prevention, PANDB URL Filtering, GlobalProtect, WildFire, US Government support)",6750.0000
Palo Alto Networks,PAN-PA-5050-USG-BND-LAB4-R,"PA-5050 Lab Unit Renewal Service Bundle (Threat Prevention, PANDB URL Filtering, GlobalProtect, WildFire, US Government support)",6750.0000
Palo Alto Networks,PAN-PA-5060-BND-LAB3,"PA-5060 Lab Unit First Year Service Bundle (Threat Prevention, BrightCloud URL Filtering, GlobalProtect, WildFire, Standard Support)",11440.0000
Palo Alto Networks,PAN-PA-5060-BND-LAB3-R,"PA-5060 Lab Unit Renewal Service Bundle (Threat Prevention, BrightCloud URL Filtering, GlobalProtect, WildFire, Standard Support)",11440.0000
Palo Alto Networks,PAN-PA-5060-BND-LAB4,"PA-5060 Lab Unit First Year Service Bundle (Threat Prevention, PANDB URL Filtering, GlobalProtect, WildFire, Standard Support)",11440.0000
Palo Alto Networks,PAN-PA-5060-BND-LAB4-R,"PA-5060 Lab Unit Renewal Service Bundle (Threat Prevention, PANDB URL Filtering, GlobalProtect, WildFire, Standard Support)",11440.0000
Palo Alto Networks,PAN-PA-5060-USG-BND-LAB3,"PA-5060 Lab Unit First Year Service Bundle (Threat Prevention, BrightCloud URL Filtering, GlobalProtect, WildFire, US Government
support)",12520.0000
Palo Alto Networks,PAN-PA-5060-USG-BND-LAB3-R,"PA-5060 Lab Unit Renewal Service Bundle (Threat Prevention, BrightCloud URL Filtering, GlobalProtect, WildFire, US Government
support)",12520.0000
Palo Alto Networks,PAN-PA-5060-USG-BND-LAB4,"PA-5060 Lab Unit First Year Service Bundle (Threat Prevention, PANDB URL Filtering, GlobalProtect, WildFire, US Government support)",12520.0000
Palo Alto Networks,PAN-PA-5060-USG-BND-LAB4-R,"PA-5060 Lab Unit Renewal Service Bundle (Threat Prevention, PANDB URL Filtering, GlobalProtect, WildFire, US Government support)",12520.0000
Palo Alto Networks,PAN-PA-5220-BND-LAB3,"PA-5220 Lab Unit First Year Service Bundle (Threat Prevention, BrightCloud URL Filtering, GlobalProtect, WildFire, Standard Support)",4200.0000
Palo Alto Networks,PAN-PA-5220-BND-LAB3-R,"PA-5220 Lab Unit Renewal Service Bundle (Threat Prevention, BrightCloud URL Filtering, GlobalProtect, WildFire, Standard Support)",4200.0000
Palo Alto Networks,PAN-PA-5220-BND-LAB4,"PA-5220 Lab Unit First Year Service Bundle (Threat Prevention, PANDB URL Filtering, GlobalProtect, WildFire, Standard Support)",4200.0000
Palo Alto Networks,PAN-PA-5220-BND-LAB4-R,"PA-5220 Lab Unit Renewal Service Bundle (Threat Prevention, PANDB URL Filtering, GlobalProtect, WildFire, Standard Support)",4200.0000
Palo Alto Networks,PAN-PA-5220-USG-BND-LAB3,"PA-5220 Lab Unit First Year Service Bundle (Threat Prevention, BrightCloud URL Filtering, GlobalProtect, WildFire, US Government
standard support)",4800.0000
Palo Alto Networks,PAN-PA-5220-USG-BND-LAB3-R,"PA-5220 Lab Unit Renewal Service Bundle (Threat Prevention, BrightCloud URL Filtering, GlobalProtect, WildFire, US Government
standard support)",4800.0000
Palo Alto Networks,PAN-PA-5220-USG-BND-LAB4,"PA-5220 Lab Unit First Year Service Bundle (Threat Prevention, PANDB URL Filtering, GlobalProtect, WildFire, US Government standard
support)",4800.0000
Palo Alto Networks,PAN-PA-5220-USG-BND-LAB4-R,"PA-5220 Lab Unit Renewal Service Bundle (Threat Prevention, PANDB URL Filtering, GlobalProtect, WildFire, US Government standard
support)",4800.0000
Palo Alto Networks,PAN-PA-5250-BND-LAB3,"PA-5250 Lab Unit First Year Service Bundle (Threat Prevention, BrightCloud URL Filtering, GlobalProtect, WildFire, Standard Support)",8400.0000
Palo Alto Networks,PAN-PA-5250-BND-LAB3-R,"PA-5250 Lab Unit Renewal Service Bundle (Threat Prevention, BrightCloud URL Filtering, GlobalProtect, WildFire, Standard Support)",8400.0000
Palo Alto Networks,PAN-PA-5250-BND-LAB4,"PA-5250 Lab Unit First Year Service Bundle (Threat Prevention, PANDB URL Filtering, GlobalProtect, WildFire, Standard Support)",8400.0000
Palo Alto Networks,PAN-PA-5250-BND-LAB4-R,"PA-5250 Lab Unit Renewal Service Bundle (Threat Prevention, PANDB URL Filtering, GlobalProtect, WildFire, Standard Support)",8400.0000
Palo Alto Networks,PAN-PA-5250-USG-BND-LAB3,"PA-5250 Lab Unit First Year Service Bundle (Threat Prevention, BrightCloud URL Filtering, GlobalProtect, WildFire, US Government
standard support)",9600.0000
Palo Alto Networks,PAN-PA-5250-USG-BND-LAB3-R,"PA-5250 Lab Unit Renewal Service Bundle (Threat Prevention, BrightCloud URL Filtering, GlobalProtect, WildFire, US Government
standard support)",9600.0000
Palo Alto Networks,PAN-PA-5250-USG-BND-LAB4,"PA-5250 Lab Unit First Year Service Bundle (Threat Prevention, PANDB URL Filtering, GlobalProtect, WildFire, US Government standard
support)",9600.0000
Palo Alto Networks,PAN-PA-5250-USG-BND-LAB4-R,"PA-5250 Lab Unit Renewal Service Bundle (Threat Prevention, PANDB URL Filtering, GlobalProtect, WildFire, US Government standard
support)",9600.0000
Palo Alto Networks,PAN-PA-5260-BND-LAB3,"PA-5260 Lab Unit First Year Service Bundle (Threat Prevention, BrightCloud URL Filtering, GlobalProtect, WildFire, Standard Support)",15000.0000
,,,
Palo Alto Networks,PAN-PA-5260-BND-LAB3-R,"PA-5260 Lab Unit Renewal Service Bundle (Threat Prevention, BrightCloud URL Filtering, GlobalProtect, WildFire, Standard Support)",15000.0000
Palo Alto Networks,PAN-PA-5260-BND-LAB4,"PA-5260 Lab Unit First Year Service Bundle (Threat Prevention, PANDB URL Filtering, GlobalProtect, WildFire, Standard Support)",15000.0000
Palo Alto Networks,PAN-PA-5260-BND-LAB4-R,"PA-5260 Lab Unit Renewal Service Bundle (Threat Prevention, PANDB URL Filtering, GlobalProtect, WildFire, Standard Support)",15000.0000
Palo Alto Networks,PAN-PA-5260-USG-BND-LAB3,"PA-5260 Lab Unit First Year Service Bundle (Threat Prevention, BrightCloud URL Filtering, GlobalProtect, WildFire, US Government
standard support)",18000.0000
Palo Alto Networks,PAN-PA-5260-USG-BND-LAB3-R,"PA-5260 Lab Unit Renewal Service Bundle (Threat Prevention, BrightCloud URL Filtering, GlobalProtect, WildFire, US Government
standard support)",18000.0000
Palo Alto Networks,PAN-PA-5260-USG-BND-LAB4,"PA-5260 Lab Unit First Year Service Bundle (Threat Prevention, PANDB URL Filtering, GlobalProtect, WildFire, US Government standard
support)",18000.0000
Palo Alto Networks,PAN-PA-5260-USG-BND-LAB4-R,"PA-5260 Lab Unit Renewal Service Bundle (Threat Prevention, PANDB URL Filtering, GlobalProtect, WildFire, US Government standard
support)",18000.0000
Palo Alto Networks,PAN-PA-7050-BND-LAB3,"PA-7050 Lab Unit First Year Service Bundle (Threat prevention, BrightCloud URL filtering, Global protect, WildFire, Standard support)",25000.0000
Palo Alto Networks,PAN-PA-7050-BND-LAB3-R,"PA-7050 Lab Unit Renewal Service Bundle (Threat prevention, BrightCloud URL filtering, Global protect, WildFire, Standard support)",25000.0000
Palo Alto Networks,PAN-PA-7050-BND-LAB4,"PA-7050 Lab Unit First Year Service Bundle (Threat prevention, PANDB URL filtering, Global protect, WildFire, Standard support)",25000.0000
Palo Alto Networks,PAN-PA-7050-BND-LAB4-R,"PA-7050 Lab Unit Renewal Service Bundle (Threat prevention, PANDB URL filtering, Global protect, WildFire, Standard support)",25000.0000
Palo Alto Networks,PAN-PA-7050-USG-BND-LAB3,"PA-7050 Lab Unit First Year Service Bundle (Threat prevention, BrightCloud URL filtering, Global protect, WildFire, US Government
support)",27360.0000
Palo Alto Networks,PAN-PA-7050-USG-BND-LAB3-R,"PA-7050 Lab Unit Renewal Service Bundle (Threat prevention, BrightCloud URL filtering, Global protect, WildFire, US Government
support)",27360.0000
Palo Alto Networks,PAN-PA-7050-USG-BND-LAB4,"PA-7050 Lab Unit First Year Service Bundle (Threat prevention, PANDB URL filtering, Global protect, WildFire, US Government support)",27360.0000
Palo Alto Networks,PAN-PA-7050-USG-BND-LAB4-R,"PA-7050 Lab Unit Renewal Service Bundle (Threat prevention, PANDB URL filtering, Global protect, WildFire, US Government support)",27360.0000
Palo Alto Networks,PAN-PA-7080-BND-LAB3,"PA-7080 Lab Unit First Year Service Bundle (Threat prevention, BrightCloud URL filtering, GlobalProtect, WildFire, Standard support)",31200.0000
Palo Alto Networks,PAN-PA-7080-BND-LAB3-R,"PA-7080 Lab Unit Renewal Service Bundle (Threat prevention, BrightCloud URL filtering, GlobalProtect, WildFire, Standard support)",31200.0000
Palo Alto Networks,PAN-PA-7080-BND-LAB4,"PA-7080 Lab Unit First Year Service Bundle (Threat prevention, PAN-DB URL filtering, GlobalProtect, WildFire, Standard support)",31200.0000
Palo Alto Networks,PAN-PA-7080-BND-LAB4-R,"PA-7080 Lab Unit Renewal Service Bundle (Threat prevention, PAN-DB URL filtering, GlobalProtect, WildFire, Standard support)",31200.0000
Palo Alto Networks,PAN-PA-7080-USG-BND-LAB3,"PA-7080 Lab Unit First Year Service Bundle (Threat prevention, BrightCloud URL filtering, Global protect, WildFire, US Government
standard support)",34150.0000
Palo Alto Networks,PAN-PA-7080-USG-BND-LAB3-R,"PA-7080 Lab Unit Renewal Service Bundle (Threat prevention, BrightCloud URL filtering, Global protect, WildFire, US Government
standard support) renewal",34150.0000
Palo Alto Networks,PAN-PA-7080-USG-BND-LAB4,"PA-7080 Lab Unit First Year Service Bundle (Threat prevention, PANDB URL filtering, Global protect, WildFire, US Government
standard support)",34150.0000
Palo Alto Networks,PAN-PA-7080-USG-BND-LAB4-R,"PA-7080 Lab Unit Renewal Service Bundle (Threat prevention, PANDB URL filtering, Global protect, WildFire, US Government standard
support) renewal",34150.0000
Palo Alto Networks,PAN-VM-100-BND-LAB3,"Lab unit bundle subscription (Threat prevention, BrightCloud URL Filtering, GlobalProtect, WildFire, Standard support), VM-100",270.0000
Palo Alto Networks,PAN-VM-100-BND-LAB3-R,"Lab unit bundle subscription (Threat prevention, BrightCloud URL Filtering, GlobalProtect, WildFire, Standard support), VM-100",270.0000
Palo Alto Networks,PAN-VM-100-BND-LAB4,"Lab unit bundle subscription (Threat prevention, PANDB URL filtering, GlobalProtect, WildFire, Standard support), VM-100",270.0000
Palo Alto Networks,PAN-VM-100-BND-LAB4-R,"Lab unit bundle subscription (Threat prevention, PANDB URL filtering, GlobalProtect, WildFire, Standard support), VM-100",270.0000
Palo Alto Networks,PAN-VM-100-USG-BND-LAB3,"Lab unit bundle subscription (Threat prevention, BrightCloud URL Filtering, GlobalProtect, WildFire, US Government support), VM-100",300.0000
Palo Alto Networks,PAN-VM-100-USG-BND-LAB3-R,"Lab unit bundle subscription (Threat prevention, BrightCloud URL Filtering, GlobalProtect, WildFire, US Government support), VM-100",300.0000
Palo Alto Networks,PAN-VM-100-USG-BND-LAB4,"Lab unit bundle subscription (Threat prevention, PANDB URL filtering, GlobalProtect, WildFire, US Government support), VM-100",300.0000
Palo Alto Networks,PAN-VM-100-USG-BND-LAB4-R,"Lab unit bundle subscription (Threat prevention, PANDB URL filtering, GlobalProtect, WildFire, US Government support), VM-100",300.0000
Palo Alto Networks,PAN-VM-200-BND-LAB3,"Lab unit bundle subscription (Threat prevention, BrightCloud URL Filtering, GlobalProtect, WildFire, Standard support), VM-200",400.0000
Palo Alto Networks,PAN-VM-200-BND-LAB3-R,"Lab unit bundle subscription (Threat prevention, BrightCloud URL Filtering, GlobalProtect, WildFire, Standard support), VM-200",400.0000
Palo Alto Networks,PAN-VM-200-BND-LAB4,"Lab unit bundle subscription (Threat prevention, PANDB URL filtering, GlobalProtect, WildFire, Standard support), VM-200",400.0000
Palo Alto Networks,PAN-VM-200-BND-LAB4-R,"Lab unit bundle subscription (Threat prevention, PANDB URL filtering, GlobalProtect, WildFire, Standard support), VM-200",400.0000
Palo Alto Networks,PAN-VM-200-USG-BND-LAB3,"Lab unit bundle subscription (Threat prevention, BrightCloud URL Filtering, GlobalProtect, WildFire, US Government support), VM-200",440.0000
Palo Alto Networks,PAN-VM-200-USG-BND-LAB3-R,"Lab unit bundle subscription (Threat prevention, BrightCloud URL Filtering, GlobalProtect, WildFire, US Government support), VM-200",440.0000
Palo Alto Networks,PAN-VM-200-USG-BND-LAB4,"Lab unit bundle subscription (Threat prevention, PANDB URL filtering, GlobalProtect, WildFire, US Government support), VM-200",440.0000
Palo Alto Networks,PAN-VM-200-USG-BND-LAB4-R,"Lab unit bundle subscription (Threat prevention, PANDB URL filtering, GlobalProtect, WildFire, US Government support), VM-200",440.0000
Palo Alto Networks,PAN-VM-300-BND-LAB3,"Lab unit bundle subscription (Threat prevention, BrightCloud URL Filtering, GlobalProtect, WildFire, Standard support), VM-300",540.0000
Palo Alto Networks,PAN-VM-300-BND-LAB3-R,"Lab unit bundle subscription (Threat prevention, BrightCloud URL Filtering, GlobalProtect, WildFire, Standard support), VM-300",540.0000
Palo Alto Networks,PAN-VM-300-BND-LAB4,"Lab unit bundle subscription (Threat prevention, PANDB URL filtering, GlobalProtect, WildFire, Standard support), VM-300",540.0000
Palo Alto Networks,PAN-VM-300-BND-LAB4-R,"Lab unit bundle subscription (Threat prevention, PANDB URL filtering, GlobalProtect, WildFire, Standard support), VM-300",540.0000
Palo Alto Networks,PAN-VM-300-USG-BND-LAB3,"Lab unit bundle subscription (Threat prevention, BrightCloud URL Filtering, GlobalProtect, WildFire, US Government support), VM-300",600.0000
Palo Alto Networks,PAN-VM-300-USG-BND-LAB3-R,"Lab unit bundle subscription (Threat prevention, BrightCloud URL Filtering, GlobalProtect, WildFire, US Government support), VM-300",600.0000
Palo Alto Networks,PAN-VM-300-USG-BND-LAB4,"Lab unit bundle subscription (Threat prevention, PANDB URL filtering, GlobalProtect, WildFire, US Government support), VM-300",600.0000
Palo Alto Networks,PAN-VM-300-USG-BND-LAB4-R,"Lab unit bundle subscription (Threat prevention, PANDB URL filtering, GlobalProtect, WildFire, US Government support), VM-300",600.0000
,,,
Palo Alto Networks,PAN-VM-1000-HV-BND-LAB3,"Lab unit bundle subscription (Threat prevention, BrightCloud URL Filtering, GlobalProtect, WildFire, Standard support), VM-1000-HV",680.0000
Palo Alto Networks,PAN-VM-1000-HV-BND-LAB3-R,"Lab unit bundle subscription (Threat prevention, BrightCloud URL Filtering, GlobalProtect, WildFire, Standard support), VM-1000-HV",680.0000
Palo Alto Networks,PAN-VM-1000-HV-BND-LAB4,"Lab unit bundle subscription (Threat prevention, PANDB URL filtering, GlobalProtect, WildFire, Standard support), VM-1000-HV",680.0000
Palo Alto Networks,PAN-VM-1000-HV-BND-LAB4-R,"Lab unit bundle subscription (Threat prevention, PANDB URL filtering, GlobalProtect, WildFire, Standard support), VM-1000-HV",680.0000
Palo Alto Networks,PAN-VM-1000-HV-USG-BND-LAB3,"Lab unit bundle subscription (Threat prevention, BrightCloud URL Filtering, GlobalProtect, WildFire, US Government support), VM-
1000-HV",750.0000
Palo Alto Networks,PAN-VM-1000-HV-USG-BND-LAB3-R,"Lab unit bundle subscription (Threat prevention, BrightCloud URL Filtering, GlobalProtect, WildFire, US Government support), VM-
1000-HV",750.0000
Palo Alto Networks,PAN-VM-1000-HV-USG-BND-LAB4,"Lab unit bundle subscription (Threat prevention, PANDB URL filtering, GlobalProtect, WildFire, US Government support), VM-1000-HV",750.0000
Palo Alto Networks,PAN-VM-1000-HV-USG-BND-LAB4-R,"Lab unit bundle subscription (Threat prevention, PANDB URL filtering, GlobalProtect, WildFire, US Government support), VM-1000-HV",750.0000
Palo Alto Networks,PAN-VM-50-PERP-BND2-LAB-1YR,"Palo Alto Networks Perpetual Lab Bundle (BND2) for VM-Series that includes VM-50, Threat Prevention, PANDB URL filtering, Global
Protect and WildFire subscriptions, and Standard Support, 1 year",280.0000
Palo Alto Networks,PAN-VM-50-PERP-BND2-LAB-1YR-R,"Palo Alto Networks Perpetual Lab Bundle (BND2) for VM-Series that includes Threat Prevention, PANDB URL filtering, Global Protect
and WildFire subscriptions, and Standard Support, 1 year Renewal",70.0000
Palo Alto Networks,PAN-VM-50-PERP-BND2-USGLAB-1YR,"Palo Alto Networks Perpetual Lab Bundle (BND2) for VM-Series that includes VM-50, Threat Prevention, PANDB URL filtering, Global
Protect and WildFire subscriptions, and US Government Standard Support, 1 year",290.0000
Palo Alto Networks,PAN-VM-50-PERP-BND2-USGLAB-1YR-R,"Palo Alto Networks Perpetual Lab Bundle (BND2) for VM-Series that includes Threat Prevention, PANDB URL filtering, Global Protect
and WildFire subscriptions, and US Government Standard Support, 1 year Renewal",80.0000
Palo Alto Networks,PAN-VM-100-PERP-BND2-LAB-1YR,"Palo Alto Networks Perpetual Lab Bundle (BND2) for VM-Series that includes VM-100, Threat Prevention, PANDB URL filtering, Global
Protect and WildFire subscriptions, and Standard Support, 1 year",730.0000
Palo Alto Networks,PAN-VM-100-PERP-BND2-LAB-1YR-R,"Palo Alto Networks Perpetual Lab Bundle (BND2) for VM-Series that includes Threat Prevention, PANDB URL filtering, Global Protect
and WildFire subscriptions, and Standard Support, 1 year Renewal",190.0000
Palo Alto Networks,PAN-VM-100-PERP-BND2-USGLAB-1YR,"Palo Alto Networks Perpetual Lab Bundle (BND2) for VM-Series that includes VM-100, Threat Prevention, PANDB URL filtering, Global
Protect and WildFire subscriptions, and US Government Standard Support, 1 year",760.0000
Palo Alto Networks,PAN-VM-100-PERP-BND2-USGLAB-1YR-R,"Palo Alto Networks Perpetual Lab Bundle (BND2) for VM-Series that includes Threat Prevention, PANDB URL filtering, Global Protect
and WildFire subscriptions, and US Government Standard Support, 1 year Renewal",220.0000
Palo Alto Networks,PAN-VM-300-PERP-BND2-LAB-1YR,"Palo Alto Networks Perpetual Lab Bundle (BND2) for VM-Series that includes VM-300, Threat Prevention, PANDB URL filtering, Global
Protect and WildFire subscriptions, and Standard Support, 1 year",1460.0000
Palo Alto Networks,PAN-VM-300-PERP-BND2-LAB-1YR-R,"Palo Alto Networks Perpetual Lab Bundle (BND2) for VM-Series that includes Threat Prevention, PANDB URL filtering, Global Protect
and WildFire subscriptions, and Standard Support, 1 year, Renewal",380.0000
Palo Alto Networks,PAN-VM-300-PERP-BND2-USGLAB-1YR,"Palo Alto Networks Perpetual Lab Bundle (BND2) for VM-Series that includes VM-300, Threat Prevention, PANDB URL filtering, Global
Protect and WildFire subscriptions, and US Government Standard Support, 1 year",1510.0000
Palo Alto Networks,PAN-VM-300-PERP-BND2-USGLAB-1YR-R,"Palo Alto Networks Perpetual Lab Bundle (BND2) for VM-Series that includes Threat Prevention, PANDB URL filtering, Global Protect
and WildFire subscriptions, and US Government Standard Support, 1 year, Renewal",430.0000
Palo Alto Networks,PAN-VM-500-PERP-BND2-LAB-1YR,"Palo Alto Networks Perpetual Lab Bundle (BND2) for VM-Series that includes VM-500, Threat Prevention, PANDB URL filtering, Global
Protect and WildFire subscriptions, and Standard Support, 1 year",4190.0000
Palo Alto Networks,PAN-VM-500-PERP-BND2-LAB-1YR-R,"Palo Alto Networks Perpetual Lab Bundle (BND2) for VM-Series that includes Threat Prevention, PANDB URL filtering, Global Protect
and WildFire subscriptions, and Standard Support, 1 year, Renewal",1090.0000
Palo Alto Networks,PAN-VM-500-PERP-BND2-USGLAB-1YR,"Palo Alto Networks Perpetual Lab Bundle (BND2) for VM-Series that includes VM-500, Threat Prevention, PANDB URL filtering, Global
Protect and WildFire subscriptions, and US Government Standard Support, 1 year",4340.0000
Palo Alto Networks,PAN-VM-500-PERP-BND2-USGLAB-1YR-R,"Palo Alto Networks Perpetual Lab Bundle (BND2) for VM-Series that includes Threat Prevention, PANDB URL filtering, Global Protect
and WildFire subscriptions, and US Government Standard Support, 1 year, Renewal",1240.0000
Palo Alto Networks,PAN-VM-700-PERP-BND2-LAB-1YR,"Palo Alto Networks Perpetual Lab Bundle (BND2) for VM-Series that includes VM-700, Threat Prevention, PANDB URL filtering, Global
Protect and WildFire subscriptions, and Standard Support, 1 year",8910.0000
Palo Alto Networks,PAN-VM-700-PERP-BND2-LAB-1YR-R,"Palo Alto Networks Perpetual Lab Bundle (BND2) for VM-Series that includes Threat Prevention, PANDB URL filtering, Global Protect
and WildFire subscriptions, and Standard Support, 1 year, Renewal",2310.0000
Palo Alto Networks,PAN-VM-700-PERP-BND2-USGLAB-1YR,"Palo Alto Networks Perpetual Lab Bundle (BND2) for VM-Series that includes VM-700, Threat Prevention, PANDB URL filtering, Global
Protect and WildFire subscriptions, and US Government Standard Support, 1 year",9240.0000
Palo Alto Networks,PAN-VM-700-PERP-BND2-USGLAB-1YR-R,"Palo Alto Networks Perpetual Lab Bundle (BND2) for VM-Series that includes Threat Prevention, PANDB URL filtering, Global Protect
and WildFire subscriptions, and US Government Standard Support, 1 year, Renewal",2640.0000
Palo Alto Networks,PAN-VM-1000-HV-PERP-LAB4-NSX,"Lab unit bundle subscription (Threat prevention, PANDB URL filtering, GlobalProtect, WildFire, Standard support), VM-1000-HV",1930.0000
Palo Alto Networks,PAN-VM-1000-HV-PERP-LAB4-NSX-R,"Lab unit bundle subscription renewal (Threat prevention, PANDB URL filtering, GlobalProtect, WildFire, Standard support), VM-1000-
HV",680.0000
Palo Alto Networks,PAN-VM-1000-HV-PERP-USG-LAB4-NSX,"Lab unit bundle subscription (Threat prevention, PANDB URL filtering, GlobalProtect, WildFire, US Government support), VM-1000-HV",1970.0000
Palo Alto Networks,PAN-VM-1000-HV-PERP-USG-LAB4-NSX-R,"Lab unit bundle subscription (Threat prevention, PANDB URL filtering, GlobalProtect, WildFire, US Government support), VM-1000-HV",720.0000
Palo Alto Networks,PAN-GP-100-BND-LAB3,"GP-100 LAB First Year Service Bundle (WildFire, Premium Support)",2000.0000
Palo Alto Networks,PAN-GP-100-BND-LAB3-R,"GP-100 LAB Renewal Service Bundle (WildFire, Premium Support)",2000.0000
Palo Alto Networks,PAN-GP-100-USG-BND-LAB3,"GP-100 LAB First Year Service Bundle (WildFire, US Government support)",2190.0000
Palo Alto Networks,PAN-GP-100-USG-BND-LAB3-R,"GP-100 LAB Renewal Service Bundle (WildFire, US Government support)",2190.0000
Palo Alto Networks,PAN-SVC-LAB-PRA,Panorama Lab License First Year Premium Service. Supersedes PAN-SVC-LAB-PRA-25.,1000.0000
Palo Alto Networks,PAN-SVC-LAB-PRA-R,Panorama Lab License Renewal Premium Service. Supersedes PAN-SVC-LAB-PRA-25-R,1000.0000
Palo Alto Networks,PAN-SVC-LAB-USG-PRA,For US Government only. Panorama Lab License First Year US Government Standard Support,1100.0000
Palo Alto Networks,PAN-SVC-LAB-USG-PRA-R,"For US Government only. Panorama Lab License Renewal, US Government Standard Support",1100.0000
Palo Alto Networks,PAN-SVC-LAB-WF-500,WF-500 Lab First Year Standard Support,6250.0000
Palo Alto Networks,PAN-SVC-LAB-WF-500-R,WF-500 Lab Standard Support Renewal,6250.0000
Palo Alto Networks,PAN-SVC-LAB-USG-WF-500,For US Government only. WF-500 LAB First Year USG Support,9000.0000
Palo Alto Networks,PAN-SVC-LAB-USG-WF-500-R,For US Government only. WF-500 LAB USG Renewal,9000.0000
Palo Alto Networks,PAN-SVC-LAB-M-100-P-25,M-100 Lab First Year Standard Support,500.0000
Palo Alto Networks,PAN-SVC-LAB-M-100-P-25-R,M-100 Lab Standard Support Renewal,500.0000
Palo Alto Networks,PAN-SVC-LAB-USG-M-100-P-25,For US Government only. M-100 Lab First Year US Government Standard Support,550.0000
Palo Alto Networks,PAN-SVC-LAB-USG-M-100-P-25-R,For US Government only. M-100 Lab US Government Standard Support Renewal,550.0000
Palo Alto Networks,PAN-SVC-LAB-M-500-P-25,M-500 Lab First Year Standard Support,1250.0000
Palo Alto Networks,PAN-SVC-LAB-M-500-P-25-R,M-500 Lab Standard Support Renewal,1250.0000
Palo Alto Networks,PAN-SVC-LABUSG-M-500-P-25,For US Government only. M-500 Lab First Year USG Support,1700.0000
Palo Alto Networks,PAN-SVC-LABUSG-M-500-P-25-R,For US Government only. M-500 Lab USG Support Renewal,1700.0000
Palo Alto Networks,PAN-PA-200-NFR,Palo Alto Networks PA-200 NFR Unit,800.0000
Palo Alto Networks,PAN-PA-220-NFR,Palo Alto Networks PA-220 NFR Unit,400.0000
Palo Alto Networks,PAN-PA-500-2GB-NFR,Palo Alto Networks PA-500 2GB Memory NFR Unit,1800.0000
Palo Alto Networks,PAN-PA-820-NFR,Palo Alto Networks PA-820 NFR Unit,1800.0000
Palo Alto Networks,PAN-PA-850-NFR,Palo Alto Networks PA-850 NFR Unit,3800.0000
Palo Alto Networks,PAN-PA-3020-NFR,Palo Alto Networks PA-3020 NFR Unit,5600.0000
Palo Alto Networks,PAN-PA-3050-NFR,Palo Alto Networks PA-3050 NFR Unit,9600.0000
Palo Alto Networks,PAN-PA-3060-NFR,Palo Alto Networks PA-3060 NFR Unit,14400.0000
Palo Alto Networks,PAN-PA-5020-SSD2-NFR,Palo Alto Networks PA-5020 NFR Unit with single 240GB SSD.,16000.0000
Palo Alto Networks,PAN-PA-5050-SSD2-NFR,Palo Alto Networks PA-5050 NFR Unit with single 240GB SSD.,28000.0000
Palo Alto Networks,PAN-PA-5060-SSD2-NFR,Palo Alto Networks PA-5060 NFR Unit with single 240GB SSD.,52000.0000
,,,
Palo Alto Networks,PAN-PA-5220-AC-NFR,Palo Alto Networks PA-5220 NFR Unit with redundant AC power supplies,20000.0000
Palo Alto Networks,PAN-PA-5220-DC-NFR,Palo Alto Networks PA-5220 NFR Unit with redundant DC power supplies,20000.0000
Palo Alto Networks,PAN-PA-5250-AC-NFR,Palo Alto Networks PA-5250 NFR Unit with redundant AC power supplies,40000.0000
Palo Alto Networks,PAN-PA-5250-DC-NFR,Palo Alto Networks PA-5250 NFR Unit with redundant DC power supplies,40000.0000
Palo Alto Networks,PAN-PA-5260-AC-NFR,Palo Alto Networks PA-5260 NFR Unit with redundant AC power supplies,72000.0000
Palo Alto Networks,PAN-PA-5260-DC-NFR,Palo Alto Networks PA-5260 NFR Unit with redundant DC power supplies,72000.0000
Palo Alto Networks,PAN-PA-7050-AC-NFR,"PA-7050 Base AC Hardware Bundle. Includes AC Chassis, 4xAC power supplies, 2xFan Trays, Fan Filter, Switch Management Card, Log
Processing Card, and 4xAMC cards, not for resale",50000.0000
Palo Alto Networks,PAN-PA-7050-DC-NFR,"PA-7050 Base DC Hardware Bundle. Includes DC Chassis, 4xDC power supplies, 2xFan Trays, Fan Filter, Switch Management Card, Log
Processing Card, and 4xAMC cards, not for resale",50000.0000
Palo Alto Networks,PAN-PA-7080-AC-NFR,"PA-7080 Base AC Hardware Bundle. Includes AC Chassis, 4xAC power supplies, 2xFan Trays, Fan Filter, Switch Management Card, Log
Processing Card, and 4xAMC cards, not for resale",60000.0000
Palo Alto Networks,PAN-PA-7080-DC-NFR,"PA-7080 Base DC Hardware Bundle. Includes DC Chassis, 4xDC power supplies, 2xFan Trays, Fan Filter, Switch Management Card, Log
Processing Card, and 4xAMC cards, not for resale",60000.0000
Palo Alto Networks,PAN-VM-100-NFR,"Palo Alto Networks VM-100, NFR Unit",0.0000
Palo Alto Networks,PAN-VM-200-NFR,"Palo Alto Networks VM-200, NFR Unit",0.0000
Palo Alto Networks,PAN-VM-300-NFR,"Palo Alto Networks VM-300, NFR Unit",0.0000
Palo Alto Networks,PAN-VM-1000-HV-NFR,"Palo Alto Networks VM-1000-HV, NFR Unit",0.0000
Palo Alto Networks,PAN-WF-500-NFR,"Palo Alto Networks WF-500 NFR unit, 2TB RAID storage (4 1TB RAID certified drives preinstalled)",50000.0000
Palo Alto Networks,PAN-PRA-25-NFR,"Panorama Central Management Software, 25 device NFR license",0.0000
Palo Alto Networks,PAN-M-100-NFR,"Palo Alto Networks M-100 NFR unit, 1TB RAID storage (2 1TB RAID certified drives preinstalled)",3750.0000
Palo Alto Networks,PAN-M-P-NFR-25,"Panorama central management software NFR license, 25 devices or log collector for the M-series",0.0000
Palo Alto Networks,PAN-M-500-NFR,"Palo Alto Networks M-500 NFR unit, 4TB RAID storage (4 2TB RAID certified drives preinstalled)",10000.0000
Palo Alto Networks,PAN-PA-2020-VSYS-5N,Virtual systems upgrade - Additional 5 virtual systems (1 to 6) for PA-2020 Series NFR,0.0000
Palo Alto Networks,PAN-PA-2050-VSYS-5N,Virtual systems upgrade - Additional 5 virtual systems (1 to 6) for PA-2050 Series NFR,0.0000
Palo Alto Networks,PAN-TRAPS-BND-250-NFR-1YR,"Not for resale, 250 Traps endpoints, 1 year, includes standard support",2000.0000
Palo Alto Networks,PAN-TRAPS-BND-250-NFR-1YR-R,"Not for resale, 250 Traps endpoints, 1 year renewal, includes standard support",2000.0000
Palo Alto Networks,PAN-TRAPS-BND-250-NFR-3YR,"Not for resale, 250 Traps endpoints, 3 year, includes standard support",4800.0000
Palo Alto Networks,PAN-TRAPS-BND-250-NFR-3YR-R,"Not for resale, 250 Traps endpoints, 3 year renewal, includes standard support",4800.0000
Palo Alto Networks,PAN-PA-200-BND-NFR3,"PA-200 NFR First Year Service Bundle (Threat Prevention, PANDB and BrightCloud URL Filtering, GlobalProtect, WildFire, Standard
Support)",200.0000
Palo Alto Networks,PAN-PA-200-BND-NFR3-R,"PA-200 NFR Renewal Service Bundle (Threat Prevention, PANDB and BrightCloud URL Filtering, GlobalProtect, WildFire, Standard
Support)",200.0000
Palo Alto Networks,PAN-PA-200-BND-NFR4,"PA-200 NFR First Year Service Bundle (Threat Prevention, PANDB URL Filtering, GlobalProtect, WildFire,Standard Support)",200.0000
Palo Alto Networks,PAN-PA-200-BND-NFR4-R,"PA-200 NFR Renewal Service Bundle (Threat Prevention, PANDB URL Filtering, GlobalProtect, WildFire, Standard Support)",200.0000
Palo Alto Networks,PAN-PA-200-USG-BND-NFR3,"PA-200 NFR First Year Service Bundle (Threat Prevention, PANDB and BrightCloud URL Filtering, GlobalProtect, WildFire, US
Government support)",220.0000
Palo Alto Networks,PAN-PA-200-USG-BND-NFR3-R,"PA-200 NFR Renewal Service Bundle (Threat Prevention, PANDB and BrightCloud URL Filtering, GlobalProtect, WildFire, US
Government support)",220.0000
Palo Alto Networks,PAN-PA-200-USG-BND-NFR4,"PA-200 NFR First Year Service Bundle (Threat Prevention, PANDB URL Filtering, GlobalProtect, WildFire, US Government support)",220.0000
Palo Alto Networks,PAN-PA-200-USG-BND-NFR4-R,"PA-200 NFR Renewal Service Bundle (Threat Prevention, PANDB URL Filtering, GlobalProtect, WildFire, US Government support)",220.0000
Palo Alto Networks,PAN-PA-220-BND-NFR3,"PA-220 NFR First Year Service Bundle (Threat Prevention, PANDB and BrightCloud URL Filtering, GlobalProtect, WildFire, Standard
Support)",100.0000
Palo Alto Networks,PAN-PA-220-BND-NFR3-R,"PA-220 NFR Renewal Service Bundle (Threat Prevention, PANDB and BrightCloud URL Filtering, GlobalProtect, WildFire, Standard
Support)",100.0000
Palo Alto Networks,PAN-PA-220-BND-NFR4,"PA-220 NFR First Year Service Bundle (Threat Prevention, PANDB URL Filtering, GlobalProtect, WildFire,Standard Support)",100.0000
Palo Alto Networks,PAN-PA-220-BND-NFR4-R,"PA-220 NFR Renewal Service Bundle (Threat Prevention, PANDB URL Filtering, GlobalProtect, WildFire, Standard Support)",100.0000
Palo Alto Networks,PAN-PA-220-USG-BND-NFR3,"PA-220 NFR First Year Service Bundle (Threat Prevention, PANDB and BrightCloud URL Filtering, GlobalProtect, WildFire, US
Government standard support)",115.0000
Palo Alto Networks,PAN-PA-220-USG-BND-NFR3-R,"PA-220 NFR Renewal Service Bundle (Threat Prevention, PANDB and BrightCloud URL Filtering, GlobalProtect, WildFire, US
Government standard support)",115.0000
Palo Alto Networks,PAN-PA-220-USG-BND-NFR4,"PA-220 NFR First Year Service Bundle (Threat Prevention, PANDB URL Filtering, GlobalProtect, WildFire,US Government standard
support)",115.0000
Palo Alto Networks,PAN-PA-220-USG-BND-NFR4-R,"PA-220 NFR Renewal Service Bundle (Threat Prevention, PANDB URL Filtering, GlobalProtect, WildFire, US Government standard
support)",115.0000
Palo Alto Networks,PAN-PA-500-BND-NFR3,"PA-500 NFR First Year Service Bundle (Threat Prevention, PANDB and BrightCloud URL Filtering, GlobalProtect, WildFire, Standard
Support)",500.0000
Palo Alto Networks,PAN-PA-500-BND-NFR3-R,"PA-500 NFR Renewal Service Bundle (Threat Prevention, PANDB and BrightCloud URL Filtering, GlobalProtect, WildFire, Standard
Support)",500.0000
Palo Alto Networks,PAN-PA-500-BND-NFR4,"PA-500 NFR First Year Service Bundle (Threat Prevention, PANDB URL Filtering, GlobalProtect, WildFire, Standard Support)",500.0000
Palo Alto Networks,PAN-PA-500-BND-NFR4-R,"PA-500 NFR Renewal Service Bundle (Threat Prevention, PANDB URL Filtering, GlobalProtect, WildFire, Standard Support)",500.0000
Palo Alto Networks,PAN-PA-500-USG-BND-NFR3,"PA-500 NFR First Year Service Bundle (Threat Prevention, PANDB and BrightCloud URL Filtering, GlobalProtect, WildFire, US
Government support)",550.0000
Palo Alto Networks,PAN-PA-500-USG-BND-NFR3-R,"PA-500 NFR Renewal Service Bundle (Threat Prevention, PANDB and BrightCloud URL Filtering, GlobalProtect, WildFire, US
Government support)",550.0000
Palo Alto Networks,PAN-PA-500-USG-BND-NFR4,"PA-500 NFR First Year Service Bundle (Threat Prevention, PANDB URL Filtering, GlobalProtect, WildFire, US Government standard
support)",550.0000
Palo Alto Networks,PAN-PA-500-USG-BND-NFR4-R,"PA-500 NFR Renewal Service Bundle (Threat Prevention, PANDB URL Filtering, GlobalProtect, WildFire, US Government support)",550.0000
Palo Alto Networks,PAN-PA-820-BND-NFR3,"PA-820 NFR First Year Service Bundle (Threat prevention, PANDB and BrightCloud URL filtering, GlobalProtect, WildFire, Standard
support)",400.0000
Palo Alto Networks,PAN-PA-820-BND-NFR3-R,"PA-820 NFR Renewal Service Bundle (Threat prevention, PANDB and BrightCloud URL filtering, GlobalProtect, WildFire, Standard
support)",400.0000
Palo Alto Networks,PAN-PA-820-BND-NFR4,"PA-820 NFR First Year Service Bundle (Threat prevention, PANDB URL filtering, GlobalProtect, WildFire, Standard support)",400.0000
Palo Alto Networks,PAN-PA-820-BND-NFR4-R,"PA-820 NFR Renewal Service Bundle (Threat prevention, PANDB URL filtering, GlobalProtect, WildFire, Standard support)",400.0000
Palo Alto Networks,PAN-PA-820-USG-BND-NFR3,"PA-820 NFR First Year Service Bundle (Threat Prevention, PANDB and BrightCloud URL Filtering, GlobalProtect, WildFire, US
Government standard support)",430.0000
Palo Alto Networks,PAN-PA-820-USG-BND-NFR3-R,"PA-820 NFR Renewal Service Bundle (Threat Prevention, PANDB and BrightCloud URL Filtering, GlobalProtect, WildFire, US
Government standard support)",430.0000
Palo Alto Networks,PAN-PA-820-USG-BND-NFR4,"PA-820 NFR First Year Service Bundle (Threat Prevention, PANDB URL Filtering, GlobalProtect, WildFire,US Government standard
support)",430.0000
Palo Alto Networks,PAN-PA-820-USG-BND-NFR4-R,"PA-820 NFR Renewal Service Bundle (Threat Prevention, PANDB URL Filtering, GlobalProtect, WildFire, US Government standard
support)",430.0000
Palo Alto Networks,PAN-PA-850-BND-NFR3,"PA-850 NFR First Year Service Bundle (Threat prevention, PANDB and BrightCloud URL filtering, GlobalProtect, WildFire, Standard
support)",800.0000
,,,
Palo Alto Networks,PAN-PA-850-BND-NFR3-R,"PA-850 NFR Renewal Service Bundle (Threat prevention, PANDB and BrightCloud URL filtering, GlobalProtect, WildFire, Standard
support)",800.0000
Palo Alto Networks,PAN-PA-850-BND-NFR4,"PA-850 NFR First Year Service Bundle (Threat prevention, PANDB URL filtering, GlobalProtect, WildFire, Standard support)",800.0000
Palo Alto Networks,PAN-PA-850-BND-NFR4-R,"PA-850 NFR Renewal Service Bundle (Threat prevention, PANDB URL filtering, GlobalProtect, WildFire, Standard support)",800.0000
Palo Alto Networks,PAN-PA-850-USG-BND-NFR3,"PA-850 NFR First Year Service Bundle (Threat Prevention, PANDB and BrightCloud URL Filtering, GlobalProtect, WildFire, US
Government standard support)",920.0000
Palo Alto Networks,PAN-PA-850-USG-BND-NFR3-R,"PA-850 NFR Renewal Service Bundle (Threat Prevention, PANDB and BrightCloud URL Filtering, GlobalProtect, WildFire, US
Government standard support)",920.0000
Palo Alto Networks,PAN-PA-850-USG-BND-NFR4,"PA-850 NFR First Year Service Bundle (Threat Prevention, PANDB URL Filtering, GlobalProtect, WildFire,US Government standard
support)",920.0000
Palo Alto Networks,PAN-PA-850-USG-BND-NFR4-R,"PA-850 NFR Renewal Service Bundle (Threat Prevention, PANDB URL Filtering, GlobalProtect, WildFire, US Government standard
support)",920.0000
Palo Alto Networks,PAN-PA-2020-BND-NFR3-R,"PA-2020 NFR Renewal Service Bundle (Threat Prevention, PANDB and BrightCloud URL Filtering, GlobalProtect, WildFire, VSYS-5,
Standard Support)",1200.0000
Palo Alto Networks,PAN-PA-2020-BND-NFR4-R,"PA-2020 NFR Renewal Service Bundle (Threat Prevention, PANDB URL Filtering, GlobalProtect, WildFire, VSYS-5, Standard Support)",1200.0000
Palo Alto Networks,PAN-PA-2020-USG-BND-NFR3-R,"PA-2020 NFR Renewal Service Bundle (Threat Prevention, PANDB and BrightCloud URL Filtering, GlobalProtect, WildFire, VSYS-5, US
Government support)",1320.0000
Palo Alto Networks,PAN-PA-2020-USG-BND-NFR4-R,"PA-2020 NFR Renewal Service Bundle (Threat Prevention, PANDB URL Filtering, GlobalProtect, WildFire, VSYS-5, US Government
support)",1320.0000
Palo Alto Networks,PAN-PA-2050-BND-NFR3-R,"PA-2050 NFR Renewal Service Bundle (Threat Prevention, PANDB and BrightCloud URL Filtering, GlobalProtect, WildFire, VSYS-5,
Standard Support)",1500.0000
Palo Alto Networks,PAN-PA-2050-BND-NFR4-R,"PA-2050 NFR Renewal Service Bundle (Threat Prevention, PANDB URL Filtering, GlobalProtect, WildFire, VSYS-5, Standard Support)",1500.0000
Palo Alto Networks,PAN-PA-2050-USG-BND-NFR3-R,"PA-2050 NFR Renewal Service Bundle (Threat Prevention, PANDB and BrightCloud URL Filtering, GlobalProtect, WildFire, VSYS-5, US
Government support)",1650.0000
Palo Alto Networks,PAN-PA-2050-USG-BND-NFR4-R,"PA-2050 NFR Renewal Service Bundle (Threat Prevention, PANDB URL Filtering, GlobalProtect, WildFire, VSYS-5, US Government
support)",1650.0000
Palo Alto Networks,PAN-PA-3020-BND-NFR3,"PA-3020 NFR First Year Service Bundle (Threat prevention, PANDB and BrightCloud URL filtering, GlobalProtect, WildFire, VSYS-5,
Standard support)",1400.0000
Palo Alto Networks,PAN-PA-3020-BND-NFR3-R,"PA-3020 NFR Renewal Service Bundle (Threat prevention, PANDB and BrightCloud URL filtering, GlobalProtect, WildFire, VSYS-5,
Standard support)",1400.0000
Palo Alto Networks,PAN-PA-3020-BND-NFR4,"PA-3020 NFR First Year Service Bundle (Threat prevention, PANDB URL filtering, GlobalProtect, WildFire, VSYS-5, Standard support)",1400.0000
Palo Alto Networks,PAN-PA-3020-BND-NFR4-R,"PA-3020 NFR Renewal Service Bundle (Threat prevention, PANDB URL filtering, GlobalProtect, WildFire, VSYS-5, Standard support)",1400.0000
Palo Alto Networks,PAN-PA-3020-USG-BND-NFR3,"PA-3020 NFR First Year Service Bundle (Threat prevention, PANDB and BrightCloud URL filtering, GlobalProtect, WildFire, VSYS-5, US
Government support)",1540.0000
Palo Alto Networks,PAN-PA-3020-USG-BND-NFR3-R,"PA-3020 NFR Renewal Service Bundle (Threat prevention, PANDB and BrightCloud URL filtering, GlobalProtect, WildFire, VSYS-5, US
Government support)",1540.0000
Palo Alto Networks,PAN-PA-3020-USG-BND-NFR4,"PA-3020 NFR First Year Service Bundle (Threat prevention, PANDB URL filtering, GlobalProtect, WildFire, VSYS-5, US Government
support)",1540.0000
Palo Alto Networks,PAN-PA-3020-USG-BND-NFR4-R,"PA-3020 NFR Renewal Service Bundle (Threat prevention, PANDB URL filtering, GlobalProtect, WildFire, VSYS-5, US Government
support)",1540.0000
Palo Alto Networks,PAN-PA-3050-BND-NFR3,"PA-3050 NFR First Year Service Bundle (Threat prevention, PANDB and BrightCloud URL filtering, GlobalProtect, WildFire, VSYS-5,
Standard support)",2400.0000
Palo Alto Networks,PAN-PA-3050-BND-NFR3-R,"PA-3050 NFR Renewal Service Bundle (Threat prevention, PANDB and BrightCloud URL filtering, GlobalProtect, WildFire, VSYS-5,
Standard support)",2400.0000
Palo Alto Networks,PAN-PA-3050-BND-NFR4,"PA-3050 NFR First Year Service Bundle (Threat prevention, PANDB URL filtering, GlobalProtect, WildFire, VSYS-5, Standard support)",2400.0000
Palo Alto Networks,PAN-PA-3050-BND-NFR4-R,"PA-3050 NFR Renewal Service Bundle (Threat prevention, PANDB URL filtering, GlobalProtect, WildFire, VSYS-5, Standard support)",2400.0000
Palo Alto Networks,PAN-PA-3050-USG-BND-NFR3,"PA-3050 NFR First Year Service Bundle (Threat prevention, PANDB and BrightCloud URL filtering, GlobalProtect, WildFire, VSYS-5, US
Government support)",2630.0000
Palo Alto Networks,PAN-PA-3050-USG-BND-NFR3-R,"PA-3050 NFR Renewal Service Bundle (Threat prevention, PANDB and BrightCloud URL filtering, GlobalProtect, WildFire, VSYS-5, US
Government support)",2630.0000
Palo Alto Networks,PAN-PA-3050-USG-BND-NFR4,"PA-3050 NFR First Year Service Bundle (Threat prevention, PANDB URL filtering, GlobalProtect, WildFire, VSYS-5, US Government
support)",2630.0000
Palo Alto Networks,PAN-PA-3050-USG-BND-NFR4-R,"PA-3050 NFR Renewal Service Bundle (Threat prevention, PANDB URL filtering, GlobalProtect, WildFire, VSYS-5, US Government
support)",2630.0000
Palo Alto Networks,PAN-PA-3060-BND-NFR3,"PA-3060 NFR First Year Service Bundle (Threat prevention, PANDB and BrightCloud URL filtering, GlobalProtect, WildFire, VSYS-5,
Standard support)",3600.0000
Palo Alto Networks,PAN-PA-3060-BND-NFR3-R,"PA-3060 NFR Renewal Service Bundle (Threat prevention, PANDB and BrightCloud URL filtering, GlobalProtect, WildFire, VSYS-5,
Standard support)",3600.0000
Palo Alto Networks,PAN-PA-3060-BND-NFR4,"PA-3060 NFR First Year Service Bundle (Threat prevention, PANDB URL filtering, GlobalProtect, WildFire, VSYS-5, Standard support)",3600.0000
Palo Alto Networks,PAN-PA-3060-BND-NFR4-R,"PA-3060 NFR Renewal Service Bundle (Threat prevention, PANDB URL filtering, GlobalProtect, WildFire, VSYS-5, Standard support)",3600.0000
Palo Alto Networks,PAN-PA-3060-USG-BND-NFR3,"PA-3060 NFR First Year Service Bundle (Threat prevention, PANDB and BrightCloud URL filtering, GlobalProtect, WildFire, VSYS-5, US
Government support)",3940.0000
Palo Alto Networks,PAN-PA-3060-USG-BND-NFR3-R,"PA-3060 NFR Renewal Service Bundle (Threat prevention, PANDB and BrightCloud URL filtering, GlobalProtect, WildFire, VSYS-5, US
Government support)",3940.0000
Palo Alto Networks,PAN-PA-3060-USG-BND-NFR4,"PA-3060 NFR First Year Service Bundle (Threat prevention, PANDB URL filtering, GlobalProtect, WildFire, VSYS-5, US Government
support)",3940.0000
Palo Alto Networks,PAN-PA-3060-USG-BND-NFR4-R,"PA-3060 NFR Renewal Service Bundle (Threat prevention, PANDB URL filtering, GlobalProtect, WildFire, VSYS-5, US Government
support)",3940.0000
Palo Alto Networks,PAN-PA-4020-BND-NFR3-R,"PA-4020 NFR Renewal Service Bundle (Threat Prevention, PANDB and BrightCloud URL Filtering, GlobalProtect, WildFire, Standard
Support)",3000.0000
Palo Alto Networks,PAN-PA-4020-BND-NFR4-R,"PA-4020 NFR Renewal Service Bundle (Threat Prevention, PANDB URL Filtering, GlobalProtect, WildFire, Standard Support)",3000.0000
Palo Alto Networks,PAN-PA-4020-USG-BND-NFR3-R,"PA-4020 NFR Renewal Service Bundle (Threat Prevention, PANDB and BrightCloud URL Filtering, GlobalProtect, WildFire, US
Government support)",3290.0000
Palo Alto Networks,PAN-PA-4020-USG-BND-NFR4-R,"PA-4020 NFR Renewal Service Bundle (Threat Prevention, PANDB URL Filtering, GlobalProtect, WildFire, US Government support)",3290.0000
Palo Alto Networks,PAN-PA-4050-BND-NFR3-R,"PA-4050 NFR Renewal Service Bundle (Threat Prevention, PANDB and BrightCloud URL Filtering, GlobalProtect, WildFire, Standard
Support)",5000.0000
Palo Alto Networks,PAN-PA-4050-BND-NFR4-R,"PA-4050 NFR Renewal Service Bundle (Threat Prevention, PANDB URL Filtering, GlobalProtect, WildFire, Standard Support)",5000.0000
Palo Alto Networks,PAN-PA-4050-USG-BND-NFR3-R,"PA-4050 NFR Renewal Service Bundle (Threat Prevention, PANDB and BrightCloud URL Filtering, GlobalProtect, WildFire, US
Government support)",5480.0000
Palo Alto Networks,PAN-PA-4050-USG-BND-NFR4-R,"PA-4050 NFR Renewal Service Bundle (Threat Prevention, PANDB URL Filtering, GlobalProtect, WildFire, US Government support)",5480.0000
,,,
Palo Alto Networks,PAN-PA-4060-BND-NFR3-R,"PA-4060 NFR Renewal Service Bundle (Threat Prevention, PANDB and BrightCloud URL Filtering, GlobalProtect, WildFire, Standard
Support)",7000.0000
Palo Alto Networks,PAN-PA-4060-BND-NFR4-R,"PA-4060 NFR Renewal Service Bundle (Threat Prevention, PANDB URL Filtering, GlobalProtect, WildFire, Standard Support)",7000.0000
Palo Alto Networks,PAN-PA-4060-USG-BND-NFR3-R,"PA-4060 NFR Renewal Service Bundle (Threat Prevention, PANDB and BrightCloud URL Filtering, GlobalProtect, WildFire, US
Government support)",7670.0000
Palo Alto Networks,PAN-PA-4060-USG-BND-NFR4-R,"PA-4060 NFR Renewal Service Bundle (Threat Prevention, PANDB URL Filtering, GlobalProtect, WildFire, US Government support)",7670.0000
Palo Alto Networks,PAN-PA-5020-BND-NFR3,"PA-5020 NFR First Year Service Bundle (Threat Prevention, PANDB and BrightCloud URL Filtering, GlobalProtect, WildFire, Standard
Support)",3520.0000
Palo Alto Networks,PAN-PA-5020-BND-NFR3-R,"PA-5020 NFR Renewal Service Bundle (Threat Prevention, PANDB and BrightCloud URL Filtering, GlobalProtect, WildFire, Standard
Support)",3520.0000
Palo Alto Networks,PAN-PA-5020-BND-NFR4,"PA-5020 NFR First Year Service Bundle (Threat Prevention, PANDB URL Filtering, GlobalProtect, WildFire, Standard Support)",3520.0000
Palo Alto Networks,PAN-PA-5020-BND-NFR4-R,"PA-5020 NFR Renewal Service Bundle (Threat Prevention, PANDB URL Filtering, GlobalProtect, WildFire, Standard Support)",3520.0000
Palo Alto Networks,PAN-PA-5020-USG-BND-NFR3,"PA-5020 NFR First Year Service Bundle (Threat Prevention, PANDB and BrightCloud URL Filtering, GlobalProtect, WildFire, US
Government support)",3860.0000
Palo Alto Networks,PAN-PA-5020-USG-BND-NFR3-R,"PA-5020 NFR Renewal Service Bundle (Threat Prevention, PANDB and BrightCloud URL Filtering, GlobalProtect, WildFire, US
Government support)",3860.0000
Palo Alto Networks,PAN-PA-5020-USG-BND-NFR4,"PA-5020 NFR First Year Service Bundle (Threat Prevention, PANDB URL Filtering, GlobalProtect, WildFire, US Government support)",3860.0000
Palo Alto Networks,PAN-PA-5020-USG-BND-NFR4-R,"PA-5020 NFR Renewal Service Bundle (Threat Prevention, PANDB URL Filtering, GlobalProtect, WildFire, US Government support)",3860.0000
Palo Alto Networks,PAN-PA-5050-BND-NFR3,"PA-5050 NFR First Year Service Bundle (Threat Prevention, PANDB and BrightCloud URL Filtering, GlobalProtect, WildFire, Standard
Support)",6160.0000
Palo Alto Networks,PAN-PA-5050-BND-NFR3-R,"PA-5050 NFR Renewal Service Bundle (Threat Prevention, PANDB and BrightCloud URL Filtering, GlobalProtect, WildFire, Standard
Support)",6160.0000
Palo Alto Networks,PAN-PA-5050-BND-NFR4,"PA-5050 NFR First Year Service Bundle (Threat Prevention, PANDB URL Filtering, GlobalProtect, WildFire, Standard Support)",6160.0000
Palo Alto Networks,PAN-PA-5050-BND-NFR4-R,"PA-5050 NFR Renewal Service Bundle (Threat Prevention, PANDB URL Filtering, GlobalProtect, WildFire, Standard Support)",6160.0000
Palo Alto Networks,PAN-PA-5050-USG-BND-NFR3,"PA-5050 NFR First Year Service Bundle (Threat Prevention, PANDB and BrightCloud URL Filtering, GlobalProtect, WildFire, US
Government support)",6750.0000
Palo Alto Networks,PAN-PA-5050-USG-BND-NFR3-R,"PA-5050 NFR Renewal Service Bundle (Threat Prevention, PANDB and BrightCloud URL Filtering, GlobalProtect, WildFire, US
Government support)",6750.0000
Palo Alto Networks,PAN-PA-5050-USG-BND-NFR4,"PA-5050 NFR First Year Service Bundle (Threat Prevention, PANDB URL Filtering, GlobalProtect, WildFire, US Government support)",6750.0000
Palo Alto Networks,PAN-PA-5050-USG-BND-NFR4-R,"PA-5050 NFR Renewal Service Bundle (Threat Prevention, PANDB URL Filtering, GlobalProtect, WildFire, US Government support)",6750.0000
Palo Alto Networks,PAN-PA-5060-BND-NFR3,"PA-5060 NFR First Year Service Bundle (Threat Prevention, PANDB and BrightCloud URL Filtering, GlobalProtect, WildFire, Standard
Support)",11440.0000
Palo Alto Networks,PAN-PA-5060-BND-NFR3-R,"PA-5060 NFR Renewal Service Bundle (Threat Prevention, PANDB and BrightCloud URL Filtering, GlobalProtect, WildFire, Standard
Support)",11440.0000
Palo Alto Networks,PAN-PA-5060-BND-NFR4,"PA-5060 NFR First Year Service Bundle (Threat Prevention, PANDB URL Filtering, GlobalProtect, WildFire, Standard Support)",11440.0000
Palo Alto Networks,PAN-PA-5060-BND-NFR4-R,"PA-5060 NFR Renewal Service Bundle (Threat Prevention, PANDB URL Filtering, GlobalProtect, WildFire, Standard Support)",11440.0000
Palo Alto Networks,PAN-PA-5060-USG-BND-NFR3,"PA-5060 NFR First Year Service Bundle (Threat Prevention, PANDB and BrightCloud URL Filtering, GlobalProtect, WildFire, US
Government support)",12520.0000
Palo Alto Networks,PAN-PA-5060-USG-BND-NFR3-R,"PA-5060 NFR Renewal Service Bundle (Threat Prevention, PANDB and BrightCloud URL Filtering, GlobalProtect, WildFire, US
Government support)",12520.0000
Palo Alto Networks,PAN-PA-5060-USG-BND-NFR4,"PA-5060 NFR First Year Service Bundle (Threat Prevention, PANDB URL Filtering, GlobalProtect, WildFire, US Government support)",12520.0000
Palo Alto Networks,PAN-PA-5060-USG-BND-NFR4-R,"PA-5060 NFR Renewal Service Bundle (Threat Prevention, PANDB URL Filtering, GlobalProtect, WildFire, US Government support)",12520.0000
Palo Alto Networks,PAN-PA-5220-BND-NFR3,"PA-5220 NFR First Year Service Bundle (Threat Prevention, PANDB and BrightCloud URL Filtering, GlobalProtect, WildFire, Standard
Support)",4200.0000
Palo Alto Networks,PAN-PA-5220-BND-NFR3-R,"PA-5220 NFR Renewal Service Bundle (Threat Prevention, PANDB and BrightCloud URL Filtering, GlobalProtect, WildFire, Standard
Support)",4200.0000
Palo Alto Networks,PAN-PA-5220-BND-NFR4,"PA-5220 NFR First Year Service Bundle (Threat Prevention, PANDB URL Filtering, GlobalProtect, WildFire, Standard Support)",4200.0000
Palo Alto Networks,PAN-PA-5220-BND-NFR4-R,"PA-5220 NFR Renewal Service Bundle (Threat Prevention, PANDB URL Filtering, GlobalProtect, WildFire, Standard Support)",4200.0000
Palo Alto Networks,PAN-PA-5220-USG-BND-NFR3,"PA-5220 NFR First Year Service Bundle (Threat Prevention, PANDB and BrightCloud URL Filtering, GlobalProtect, WildFire, US
Government standard support)",4800.0000
Palo Alto Networks,PAN-PA-5220-USG-BND-NFR3-R,"PA-5220 NFR Renewal Service Bundle (Threat Prevention, PANDB and BrightCloud URL Filtering, GlobalProtect, WildFire, US
Government standard support)",4800.0000
Palo Alto Networks,PAN-PA-5220-USG-BND-NFR4,"PA-5220 NFR First Year Service Bundle (Threat Prevention, PANDB URL Filtering, GlobalProtect, WildFire, US Government standard
support)",4800.0000
Palo Alto Networks,PAN-PA-5220-USG-BND-NFR4-R,"PA-5220 NFR Renewal Service Bundle (Threat Prevention, PANDB URL Filtering, GlobalProtect, WildFire, US Government standard
support)",4800.0000
Palo Alto Networks,PAN-PA-5250-BND-NFR3,"PA-5250 NFR First Year Service Bundle (Threat Prevention, PANDB and BrightCloud URL Filtering, GlobalProtect, WildFire, Standard
Support)",8400.0000
Palo Alto Networks,PAN-PA-5250-BND-NFR3-R,"PA-5250 NFR Renewal Service Bundle (Threat Prevention, PANDB and BrightCloud URL Filtering, GlobalProtect, WildFire, Standard
Support)",8400.0000
Palo Alto Networks,PAN-PA-5250-BND-NFR4,"PA-5250 NFR First Year Service Bundle (Threat Prevention, PANDB URL Filtering, GlobalProtect, WildFire, Standard Support)",8400.0000
Palo Alto Networks,PAN-PA-5250-BND-NFR4-R,"PA-5250 NFR Renewal Service Bundle (Threat Prevention, PANDB URL Filtering, GlobalProtect, WildFire, Standard Support)",8400.0000
Palo Alto Networks,PAN-PA-5250-USG-BND-NFR3,"PA-5250 NFR First Year Service Bundle (Threat Prevention, PANDB and BrightCloud URL Filtering, GlobalProtect, WildFire, US
Government standard support)",9600.0000
Palo Alto Networks,PAN-PA-5250-USG-BND-NFR3-R,"PA-5250 NFR Renewal Service Bundle (Threat Prevention, PANDB and BrightCloud URL Filtering, GlobalProtect, WildFire, US
Government standard support)",9600.0000
Palo Alto Networks,PAN-PA-5250-USG-BND-NFR4,"PA-5250 NFR First Year Service Bundle (Threat Prevention, PANDB URL Filtering, GlobalProtect, WildFire, US Government standard
support)",9600.0000
Palo Alto Networks,PAN-PA-5250-USG-BND-NFR4-R,"PA-5250 NFR Renewal Service Bundle (Threat Prevention, PANDB URL Filtering, GlobalProtect, WildFire, US Government standard
support)",9600.0000
Palo Alto Networks,PAN-PA-5260-BND-NFR3,"PA-5260 NFR First Year Service Bundle (Threat Prevention, PANDB and BrightCloud URL Filtering, GlobalProtect, WildFire, Standard
Support)",15000.0000
Palo Alto Networks,PAN-PA-5260-BND-NFR3-R,"PA-5260 NFR Renewal Service Bundle (Threat Prevention, PANDB and BrightCloud URL Filtering, GlobalProtect, WildFire, Standard
Support)",15000.0000
Palo Alto Networks,PAN-PA-5260-BND-NFR4,"PA-5260 NFR First Year Service Bundle (Threat Prevention, PANDB URL Filtering, GlobalProtect, WildFire, Standard Support)",15000.0000
,,,
Palo Alto Networks,PAN-PA-5260-BND-NFR4-R,"PA-5260 NFR Renewal Service Bundle (Threat Prevention, PANDB URL Filtering, GlobalProtect, WildFire, Standard Support)",15000.0000
Palo Alto Networks,PAN-PA-5260-USG-BND-NFR3,"PA-5260 NFR First Year Service Bundle (Threat Prevention, PANDB and BrightCloud URL Filtering, GlobalProtect, WildFire, US
Government standard support)",18000.0000
Palo Alto Networks,PAN-PA-5260-USG-BND-NFR3-R,"PA-5260 NFR Renewal Service Bundle (Threat Prevention, PANDB and BrightCloud URL Filtering, GlobalProtect, WildFire, US
Government standard support)",18000.0000
Palo Alto Networks,PAN-PA-5260-USG-BND-NFR4,"PA-5260 NFR First Year Service Bundle (Threat Prevention, PANDB URL Filtering, GlobalProtect, WildFire, US Government standard
support)",18000.0000
Palo Alto Networks,PAN-PA-5260-USG-BND-NFR4-R,"PA-5260 NFR Renewal Service Bundle (Threat Prevention, PANDB URL Filtering, GlobalProtect, WildFire, US Government standard
support)",18000.0000
Palo Alto Networks,PAN-PA-7050-BND-NFR3,"PA-7050 NFR First Year Service Bundle (Threat prevention, PANDB and BrightCloud URL filtering, Global protect, WildFire, Standard
support)",25000.0000
Palo Alto Networks,PAN-PA-7050-BND-NFR3-R,"PA-7050 NFR Renewal Service Bundle (Threat prevention, PANDB and BrightCloud URL filtering, Global protect, WildFire, Standard
support)",25000.0000
Palo Alto Networks,PAN-PA-7050-BND-NFR4,"PA-7050 NFR First Year Service Bundle (Threat prevention, PANDB URL filtering, Global protect, WildFire, Standard support)",25000.0000
Palo Alto Networks,PAN-PA-7050-BND-NFR4-R,"PA-7050 NFR Renewal Service Bundle (Threat prevention, PANDB URL filtering, Global protect, WildFire, Standard support)",25000.0000
Palo Alto Networks,PAN-PA-7050-USG-BND-NFR3,"PA-7050 NFR First Year Service Bundle (Threat prevention, PANDB and BrightCloud URL filtering, Global protect, WildFire, US
Government support)",27360.0000
Palo Alto Networks,PAN-PA-7050-USG-BND-NFR3-R,"PA-7050 NFR Renewal Service Bundle (Threat prevention, PANDB and BrightCloud URL filtering, Global protect, WildFire, US
Government support)",27360.0000
Palo Alto Networks,PAN-PA-7050-USG-BND-NFR4,"PA-7050 NFR First Year Service Bundle (Threat prevention, PANDB URL filtering, Global protect, WildFire, US Government support)",27360.0000
Palo Alto Networks,PAN-PA-7050-USG-BND-NFR4-R,"PA-7050 NFR Renewal Service Bundle (Threat prevention, PANDB URL filtering, Global protect, WildFire, US Government support)",27360.0000
Palo Alto Networks,PAN-PA-7080-BND-NFR3,"PA-7080 NFR First Year Service Bundle (Threat prevention, PAN-DB and BrightCloud URL filtering, GlobalProtect, WildFire, Standard
support)",31200.0000
Palo Alto Networks,PAN-PA-7080-BND-NFR3-R,"PA-7080 NFR Renewal Service Bundle (Threat prevention, PAN-DB and BrightCloud URL filtering, GlobalProtect, WildFire, Standard
support)",31200.0000
Palo Alto Networks,PAN-PA-7080-BND-NFR4,"PA-7080 NFR First Year Service Bundle (Threat prevention, PAN-DB URL filtering, GlobalProtect, WildFire, Standard support)",31200.0000
Palo Alto Networks,PAN-PA-7080-BND-NFR4-R,"PA-7080 NFR Renewal Service Bundle (Threat prevention, PAN-DB URL filtering, GlobalProtect, WildFire, Standard support)",31200.0000
Palo Alto Networks,PAN-PA-7080-USG-BND-NFR3,"PA-7080 NFR First Year Service Bundle (Threat prevention, PANDB and BrightCloud URL filtering, Global protect, WildFire, US
Government standard support)",34150.0000
Palo Alto Networks,PAN-PA-7080-USG-BND-NFR3-R,"PA-7080 NFR Renewal Service Bundle (Threat prevention, PANDB and BrightCloud URL filtering, Global protect, WildFire, US
Government standard support) renewal",34150.0000
Palo Alto Networks,PAN-PA-7080-USG-BND-NFR4,"PA-7080 NFR First Year Service Bundle (Threat prevention, PANDB URL filtering, Global protect, WildFire, US Government standard
support)",34150.0000
Palo Alto Networks,PAN-PA-7080-USG-BND-NFR4-R,"PA-7080 NFR Renewal Service Bundle (Threat prevention, PANDB URL filtering, Global protect, WildFire, US Government standard
support)",34150.0000
Palo Alto Networks,PAN-VM-100-BND-NFR3,"NFR unit bundle subscription (Threat prevention, PANDB and BrightCloud URL Filtering, GlobalProtect, WildFire, Standard support),
VM-100",270.0000
Palo Alto Networks,PAN-VM-100-BND-NFR3-R,"NFR unit bundle subscription (Threat prevention, PANDB and BrightCloud URL Filtering, GlobalProtect, WildFire, Standard support),
VM-100",270.0000
Palo Alto Networks,PAN-VM-100-BND-NFR4,"NFR unit bundle subscription (Threat prevention, PANDB URL filtering, GlobalProtect, WildFire, Standard support), VM-100",270.0000
Palo Alto Networks,PAN-VM-100-BND-NFR4-R,"NFR unit bundle subscription (Threat prevention, PANDB URL filtering, GlobalProtect, WildFire, Standard support), VM-100",270.0000
Palo Alto Networks,PAN-VM-100-USG-BND-NFR3,"NFR unit bundle subscription (Threat prevention, PANDB and BrightCloud URL Filtering, GlobalProtect, WildFire, US Government
support), VM-100",300.0000
Palo Alto Networks,PAN-VM-100-USG-BND-NFR3-R,"NFR unit bundle subscription (Threat prevention, PANDB and BrightCloud URL Filtering, GlobalProtect, WildFire, US Government
support), VM-100",300.0000
Palo Alto Networks,PAN-VM-100-USG-BND-NFR4,"NFR unit bundle subscription (Threat prevention, PANDB URL filtering, GlobalProtect, WildFire, US Government support), VM-100",300.0000
Palo Alto Networks,PAN-VM-100-USG-BND-NFR4-R,"NFR unit bundle subscription (Threat prevention, PANDB URL filtering, GlobalProtect, WildFire, US Government support), VM-100",300.0000
Palo Alto Networks,PAN-VM-200-BND-NFR3,"NFR unit bundle subscription (Threat prevention, PANDB and BrightCloud URL Filtering, GlobalProtect, WildFire, Standard support),
VM-200",400.0000
Palo Alto Networks,PAN-VM-200-BND-NFR3-R,"NFR unit bundle subscription (Threat prevention, PANDB and BrightCloud URL Filtering, GlobalProtect, WildFire, Standard support),
VM-200",400.0000
Palo Alto Networks,PAN-VM-200-BND-NFR4,"NFR unit bundle subscription (Threat prevention, PANDB URL filtering, GlobalProtect, WildFire, Standard support), VM-200",400.0000
Palo Alto Networks,PAN-VM-200-BND-NFR4-R,"NFR unit bundle subscription (Threat prevention, PANDB URL filtering, GlobalProtect, WildFire, Standard support), VM-200",400.0000
Palo Alto Networks,PAN-VM-200-USG-BND-NFR3,"NFR unit bundle subscription (Threat prevention, PANDB and BrightCloud URL Filtering, GlobalProtect, WildFire, US Government
support), VM-200",440.0000
Palo Alto Networks,PAN-VM-200-USG-BND-NFR3-R,"NFR unit bundle subscription (Threat prevention, PANDB and BrightCloud URL Filtering, GlobalProtect, WildFire, US Government
support), VM-200",440.0000
Palo Alto Networks,PAN-VM-200-USG-BND-NFR4,"NFR unit bundle subscription (Threat prevention, PANDB URL filtering, GlobalProtect, WildFire, US Government support), VM-200",440.0000
Palo Alto Networks,PAN-VM-200-USG-BND-NFR4-R,"NFR unit bundle subscription (Threat prevention, PANDB URL filtering, GlobalProtect, WildFire, US Government support), VM-200",440.0000
Palo Alto Networks,PAN-VM-300-BND-NFR3,"NFR unit bundle subscription (Threat prevention, PANDB and BrightCloud URL Filtering, GlobalProtect, WildFire, Standard support),
VM-300",540.0000
Palo Alto Networks,PAN-VM-300-BND-NFR3-R,"NFR unit bundle subscription (Threat prevention, PANDB and BrightCloud URL Filtering, GlobalProtect, WildFire, Standard support),
VM-300",540.0000
Palo Alto Networks,PAN-VM-300-BND-NFR4,"NFR unit bundle subscription (Threat prevention, PANDB URL filtering, GlobalProtect, WildFire, Standard support), VM-300",540.0000
Palo Alto Networks,PAN-VM-300-BND-NFR4-R,"NFR unit bundle subscription (Threat prevention, PANDB URL filtering, GlobalProtect, WildFire, Standard support), VM-300",540.0000
Palo Alto Networks,PAN-VM-300-USG-BND-NFR3,"NFR unit bundle subscription (Threat prevention, PANDB and BrightCloud URL Filtering, GlobalProtect, WildFire, US Government
support), VM-300",600.0000
Palo Alto Networks,PAN-VM-300-USG-BND-NFR3-R,"NFR unit bundle subscription (Threat prevention, PANDB and BrightCloud URL Filtering, GlobalProtect, WildFire, US Government
support), VM-300",600.0000
Palo Alto Networks,PAN-VM-300-USG-BND-NFR4,"NFR unit bundle subscription (Threat prevention, PANDB URL filtering, GlobalProtect, WildFire, US Government support), VM-300",600.0000
Palo Alto Networks,PAN-VM-300-USG-BND-NFR4-R,"NFR unit bundle subscription (Threat prevention, PANDB URL filtering, GlobalProtect, WildFire, US Government support), VM-300",600.0000
Palo Alto Networks,PAN-VM-1000-HV-BND-NFR3,"NFR unit bundle subscription (Threat prevention, PANDB and BrightCloud URL Filtering, GlobalProtect, WildFire, Standard support),
VM-1000-HV",680.0000
Palo Alto Networks,PAN-VM-1000-HV-BND-NFR3-R,"NFR unit bundle subscription (Threat prevention, PANDB and BrightCloud URL Filtering, GlobalProtect, WildFire, Standard support),
VM-1000-HV",680.0000
,,,
Palo Alto Networks,PAN-VM-1000-HV-BND-NFR4,"NFR unit bundle subscription (Threat prevention, PANDB URL filtering, GlobalProtect, WildFire, Standard support), VM-1000-HV",680.0000
Palo Alto Networks,PAN-VM-1000-HV-BND-NFR4-R,"NFR unit bundle subscription (Threat prevention, PANDB URL filtering, GlobalProtect, WildFire, Standard support), VM-1000-HV",680.0000
Palo Alto Networks,PAN-VM-1000-HV-USG-BND-NFR3,"NFR unit bundle subscription (Threat prevention, PANDB and BrightCloud URL Filtering, GlobalProtect, WildFire, US Government
support), VM-1000-HV",750.0000
Palo Alto Networks,PAN-VM-1000-HV-USG-BND-NFR3-R,"NFR unit bundle subscription (Threat prevention, PANDB and BrightCloud URL Filtering, GlobalProtect, WildFire, US Government
support), VM-1000-HV",750.0000
Palo Alto Networks,PAN-VM-1000-HV-USG-BND-NFR4,"NFR unit bundle subscription (Threat prevention, PANDB URL filtering, GlobalProtect, WildFire, US Government support), VM-1000-HV",750.0000
Palo Alto Networks,PAN-VM-1000-HV-USG-BND-NFR4-R,"NFR unit bundle subscription (Threat prevention, PANDB URL filtering, GlobalProtect, WildFire, US Government support), VM-1000-HV",750.0000
Palo Alto Networks,PAN-VM-50-PERP-BND2-NFR-1YR,"Palo Alto Networks Perpetual NFR Bundle (BND2) for VM-Series that includes VM-50, Threat Prevention, PANDB URL filtering, Global
Protect and WildFire subscriptions, and Standard Support, 1 year",70.0000
Palo Alto Networks,PAN-VM-50-PERP-BND2-NFR-1YR-R,"Palo Alto Networks Perpetual NFR Bundle (BND2) for VM-Series that includes Threat Prevention, PANDB URL filtering, Global Protect
and WildFire subscriptions, and Standard Support, 1 year Renewal",70.0000
Palo Alto Networks,PAN-VM-50-PERP-BND2-USGNFR-1YR,"Palo Alto Networks Perpetual NFR Bundle (BND2) for VM-Series that includes VM-50, Threat Prevention, PANDB URL filtering, Global
Protect and WildFire subscriptions, and US Government Standard Support, 1 year",80.0000
Palo Alto Networks,PAN-VM-50-PERP-BND2-USGNFR-1YR-R,"Palo Alto Networks Perpetual NFR Bundle (BND2) for VM-Series that includes Threat Prevention, PANDB URL filtering, Global Protect
and WildFire subscriptions, and US Government Standard Support, 1 year Renewal",80.0000
Palo Alto Networks,PAN-VM-100-PERP-BND2-NFR-1YR,"Palo Alto Networks Perpetual NFR Bundle (BND2) for VM-Series that includes VM-100, Threat Prevention, PANDB URL filtering, Global
Protect and WildFire subscriptions, and Standard Support, 1 year",190.0000
Palo Alto Networks,PAN-VM-100-PERP-BND2-NFR-1YR-R,"Palo Alto Networks Perpetual NFR Bundle (BND2) for VM-Series that includes Threat Prevention, PANDB URL filtering, Global Protect
and WildFire subscriptions, and Standard Support, 1 year Renewal",190.0000
Palo Alto Networks,PAN-VM-100-PERP-BND2-USGNFR-1YR,"Palo Alto Networks Perpetual NFR Bundle (BND2) for VM-Series that includes VM-100, Threat Prevention, PANDB URL filtering, Global
Protect and WildFire subscriptions, and US Government Standard Support, 1 year",220.0000
Palo Alto Networks,PAN-VM-100-PERP-BND2-USGNFR-1YR-R,"Palo Alto Networks Perpetual NFR Bundle (BND2) for VM-Series that includes Threat Prevention, PANDB URL filtering, Global Protect
and WildFire subscriptions, and US Government Standard Support, 1 year Renewal",220.0000
Palo Alto Networks,PAN-VM-300-PERP-BND2-NFR-1YR,"Palo Alto Networks Perpetual NFR Bundle (BND2) for VM-Series that includes VM-300, Threat Prevention, PANDB URL filtering, Global
Protect and WildFire subscriptions, and Standard Support, 1 year",380.0000
Palo Alto Networks,PAN-VM-300-PERP-BND2-NFR-1YR-R,"Palo Alto Networks Perpetual NFR Bundle (BND2) for VM-Series that includes Threat Prevention, PANDB URL filtering, Global Protect
and WildFire subscriptions, and Standard Support, 1 year, Renewal",380.0000
Palo Alto Networks,PAN-VM-300-PERP-BND2-USGNFR-1YR,"Palo Alto Networks Perpetual NFR Bundle (BND2) for VM-Series that includes VM-300, Threat Prevention, PANDB URL filtering, Global
Protect and WildFire subscriptions, and US Government Standard Support, 1 year",430.0000
Palo Alto Networks,PAN-VM-300-PERP-BND2-USGNFR-1YR-R,"Palo Alto Networks Perpetual NFR Bundle (BND2) for VM-Series that includes Threat Prevention, PANDB URL filtering, Global Protect
and WildFire subscriptions, and US Government Standard Support, 1 year, Renewal",430.0000
Palo Alto Networks,PAN-VM-500-PERP-BND2-NFR-1YR,"Palo Alto Networks Perpetual NFR Bundle (BND2) for VM-Series that includes VM-500, Threat Prevention, PANDB URL filtering, Global
Protect and WildFire subscriptions, and Standard Support, 1 year",1090.0000
Palo Alto Networks,PAN-VM-500-PERP-BND2-NFR-1YR-R,"Palo Alto Networks Perpetual NFR Bundle (BND2) for VM-Series that includes Threat Prevention, PANDB URL filtering, Global Protect
and WildFire subscriptions, and Standard Support, 1 year, Renewal",1090.0000
Palo Alto Networks,PAN-VM-500-PERP-BND2-USGNFR-1YR,"Palo Alto Networks Perpetual NFR Bundle (BND2) for VM-Series that includes VM-500, Threat Prevention, PANDB URL filtering, Global
Protect and WildFire subscriptions, and US Government Standard Support, 1 year",1240.0000
Palo Alto Networks,PAN-VM-500-PERP-BND2-USGNFR-1YR-R,"Palo Alto Networks Perpetual NFR Bundle (BND2) for VM-Series that includes Threat Prevention, PANDB URL filtering, Global Protect
and WildFire subscriptions, and US Government Standard Support, 1 year, Renewal",1240.0000
Palo Alto Networks,PAN-VM-700-PERP-BND2-NFR-1YR,"Palo Alto Networks Perpetual NFR Bundle (BND2) for VM-Series that includes VM-700, Threat Prevention, PANDB URL filtering, Global
Protect and WildFire subscriptions, and Standard Support, 1 year",2310.0000
Palo Alto Networks,PAN-VM-700-PERP-BND2-NFR-1YR-R,"Palo Alto Networks Perpetual NFR Bundle (BND2) for VM-Series that includes Threat Prevention, PANDB URL filtering, Global Protect
and WildFire subscriptions, and Standard Support, 1 year, Renewal",2310.0000
Palo Alto Networks,PAN-VM-700-PERP-BND2-USGNFR-1YR,"Palo Alto Networks Perpetual NFR Bundle (BND2) for VM-Series that includes VM-700, Threat Prevention, PANDB URL filtering, Global
Protect and WildFire subscriptions, and US Government Standard Support, 1 year",2640.0000
Palo Alto Networks,PAN-VM-700-PERP-BND2-USGNFR-1YR-R,"Palo Alto Networks Perpetual NFR Bundle (BND2) for VM-Series that includes VM-50, Threat Prevention, PANDB URL filtering, Global
Protect and WildFire subscriptions, and US Government Standard Support, 1 year, Renewal",2640.0000
Palo Alto Networks,PAN-VM-1000-HV-PERP-NFR4-NSX,"NFR unit bundle subscription (Threat prevention, PANDB URL filtering, GlobalProtect, WildFire, Standard support), VM-1000-HV",680.0000
Palo Alto Networks,PAN-VM-1000-HV-PERP-NFR4-NSX-R,"NFR unit bundle subscription renewal (Threat prevention, PANDB URL filtering, GlobalProtect, WildFire, Standard support), VM-1000-
HV",680.0000
Palo Alto Networks,PAN-VM-1000-HV-PERP-USG-NFR4-NSX,"NFR unit bundle subscription (Threat prevention, PANDB URL filtering, GlobalProtect, WildFire, US Government support), VM-1000-HV",720.0000
Palo Alto Networks,PAN-VM-1000-HV-PERP-USG-NFR4-NSX-R,"NFR unit bundle subscription (Threat prevention, PANDB URL filtering, GlobalProtect, WildFire, US Government support), VM-1000-HV",720.0000
Palo Alto Networks,PAN-GP-100-BND-NFR3,"GP-100 NFR First Year Service Bundle (WildFire, Premium Support)",2000.0000
Palo Alto Networks,PAN-GP-100-BND-NFR3-R,"GP-100 NFR Renewal Service Bundle (WildFire, Premium Support)",2000.0000
Palo Alto Networks,PAN-GP-100-USG-BND-NFR3,"GP-100 NFR First Year Service Bundle (WildFire, US Government support)",2190.0000
Palo Alto Networks,PAN-GP-100-USG-BND-NFR3-R,"GP-100 NFR Renewal Service Bundle (WildFire, US Government support)",2190.0000
Palo Alto Networks,PAN-AF-NFR,Palo Alto Networks AutoFocus Threat Intelligence Service NFR Enterprise subscription 1YR,7000.0000
Palo Alto Networks,PAN-AF-NFR-R,Palo Alto Networks AutoFocus Threat Intelligence Service NFR Enterprise subscription renewal 1YR,7000.0000
Palo Alto Networks,PAN-APERTURE-NFR-1YR,"Aperture SaaS security service for All application NFR, 1000 user, 1-year, includes standard support",7000.0000
Palo Alto Networks,PAN-APERTURE-NFR-USG-1YR,"Aperture SaaS security service for All application NFR, 1000 user, 1-year, includes US Government Standard Support",7350.0000
Palo Alto Networks,PAN-LGS-BND-1TB-NFR-1YR,"Not for Resale, Logging Service with 1TB of storage, 1-year, includes Standard Support",1000.0000
Palo Alto Networks,PAN-LGS-BND-1TB-NFR-1YR-R,"Not for Resale, Logging Service with 1TB of storage, 1-year Renewal, includes Standard Support",1000.0000
Palo Alto Networks,PAN-SVC-NFR-M-100-P-25,M-100 NFR First Year Standard Support,500.0000
Palo Alto Networks,PAN-SVC-NFR-M-100-P-25-R,M-100 NFR Standard Support Renewal,500.0000
Palo Alto Networks,PAN-SVC-NFR-USG-M-100-P-25,For US Government only. M-100 NFR First Year US Government Standard Support,550.0000
Palo Alto Networks,PAN-SVC-NFR-USG-M-100-P-25-R,For US Government only. M-100 NFR US Government Standard Support Renewal,550.0000
Palo Alto Networks,PAN-SVC-NFR-M-500-P-25,M-500 NFR First Year Standard Support,1250.0000
Palo Alto Networks,PAN-SVC-NFR-M-500-P-25-R,M-500 NFR Standard Support Renewal,1250.0000
Palo Alto Networks,PAN-SVC-NFRUSG-M-500-P-25,For US Government only. M-500 NFR First Year USG Support,1700.0000
Palo Alto Networks,PAN-SVC-NFRUSG-M-500-P-25-R,For US Government only. M-500 NFR USG Support Renewal,1700.0000
Palo Alto Networks,PAN-SVC-NFR-200,PA-200 NFR First Year Standard Support,100.0000
Palo Alto Networks,PAN-SVC-NFR-200-R,PA-200 NFR Standard Support Renewal,100.0000
Palo Alto Networks,PAN-SVC-NFR-220,PA-220 NFR First Year Standard Support,60.0000
Palo Alto Networks,PAN-SVC-NFR-220-R,PA-220 NFR Standard Support Renewal,60.0000
Palo Alto Networks,PAN-SVC-NFR-500,PA-500 NFR First Year Standard Support,250.0000
Palo Alto Networks,PAN-SVC-NFR-500-R,PA-500 NFR Standard Support Renewal,250.0000
Palo Alto Networks,PAN-SVC-NFR-820,PA-820 NFR 1 year standard support,290.0000
Palo Alto Networks,PAN-SVC-NFR-820-R,PA-820 NFR 1 year standard support renewal,290.0000
Palo Alto Networks,PAN-SVC-NFR-850,PA-850 NFR 1 year standard support,610.0000
Palo Alto Networks,PAN-SVC-NFR-850-R,PA-850 NFR 1 year standard support renewal,610.0000
Palo Alto Networks,PAN-SVC-NFR-2020-R,PA-2020 NFR Standard Support Renewal,600.0000
Palo Alto Networks,PAN-SVC-NFR-2050-R,PA-2050 NFR Standard Support Renewal,750.0000
Palo Alto Networks,PAN-SVC-NFR-3020,PA-3020 NFR 1 year standard support,700.0000
Palo Alto Networks,PAN-SVC-NFR-3020-R,PA-3020 NFR 1 year standard support renewal,700.0000
Palo Alto Networks,PAN-SVC-NFR-3050,PA-3050 NFR 1 year standard support,1200.0000
Palo Alto Networks,PAN-SVC-NFR-3050-R,PA-3050 NFR 1 year standard support renewal,1200.0000
Palo Alto Networks,PAN-SVC-NFR-3060,PA-3060 NFR 1 year standard support,1800.0000
,,,
Palo Alto Networks,PAN-SVC-NFR-3060-R,PA-3060 NFR 1 year standard support renewal,1800.0000
Palo Alto Networks,PAN-SVC-NFR-4020-R,PA-4020 NFR Standard Support Renewal,1500.0000
Palo Alto Networks,PAN-SVC-NFR-4050-R,PA-4050 NFR Standard Support Renewal,2500.0000
Palo Alto Networks,PAN-SVC-NFR-4060-R,PA-4060 NFR Standard Support Renewal,3500.0000
Palo Alto Networks,PAN-SVC-NFR-5020,PA-5020 NFR First Year Standard Support,1800.0000
Palo Alto Networks,PAN-SVC-NFR-5020-R,PA-5020 NFR Standard Support Renewal,1800.0000
Palo Alto Networks,PAN-SVC-NFR-5050,PA-5050 NFR First Year Standard Support,3150.0000
Palo Alto Networks,PAN-SVC-NFR-5050-R,PA-5050 NFR Standard Support Renewal,3150.0000
Palo Alto Networks,PAN-SVC-NFR-5060,PA-5060 NFR First Year Standard Support,5850.0000
Palo Alto Networks,PAN-SVC-NFR-5060-R,PA-5060 NFR Standard Support Renewal,5850.0000
Palo Alto Networks,PAN-SVC-NFR-5220,PA-5220 NFR First Year Standard Support,3200.0000
Palo Alto Networks,PAN-SVC-NFR-5220-R,PA-5220 NFR Standard Support Renewal,3200.0000
Palo Alto Networks,PAN-SVC-NFR-5250,PA-5250 NFR First Year Standard Support,6400.0000
Palo Alto Networks,PAN-SVC-NFR-5250-R,PA-5250 NFR Standard Support Renewal,6400.0000
Palo Alto Networks,PAN-SVC-NFR-5260,PA-5260 NFR First Year Standard Support,11520.0000
Palo Alto Networks,PAN-SVC-NFR-5260-R,PA-5260 NFR Standard Support Renewal,11520.0000
Palo Alto Networks,PAN-SVC-NFR-7050,PA-7050 NFR 1 year standard support,13500.0000
Palo Alto Networks,PAN-SVC-NFR-7050-R,PA-7050 NFR 1 year standard support renewal,13500.0000
Palo Alto Networks,PAN-SVC-NFR-7080,"NFR system 1 year Standard support, PA-7080",16900.0000
Palo Alto Networks,PAN-SVC-NFR-7080-R,"NFR system 1 year Standard support renewal, PA-7080",16900.0000
Palo Alto Networks,PAN-SVC-NFRUSG-7080,"For US Government accounts only. NFR system 1 year standard support, PA-7080",25400.0000
Palo Alto Networks,PAN-SVC-NFRUSG-7080-R,"For US Government accounts only. NFR system 1 year standard support renewal, PA-7080",25400.0000
Palo Alto Networks,PAN-SVC-NFR-PRA-25,Panorama 25 Device NFR License First Year Premium Service,1000.0000
Palo Alto Networks,PAN-SVC-NFR-PRA-25-R,Panorama 25 Device NFR License Renewal Premium Service,1000.0000
Palo Alto Networks,PAN-SVC-NFR-PRA-25-ATC,For Authorized Training Center partners only. Panorama 25 Device NFR License First Year Premium Service,200.0000
Palo Alto Networks,PAN-SVC-NFR-PRA-25-ATC-R,For Authorized Training Center partners only. Panorama 25 Device NFR License Renewal Premium Service,200.0000
Palo Alto Networks,PAN-SVC-NFR-USG-PRA-25,For US Government only. Panorama 25 Device NFR License First Year US Government Standard Support,1100.0000
Palo Alto Networks,PAN-SVC-NFR-USG-PRA-25-R,For US Government only. Panorama 25 Device NFR License Renewal US Government Standard Support,1100.0000
Palo Alto Networks,PAN-SVC-NFR-VM-100,VM-100 NFR 1 year standard support,150.0000
Palo Alto Networks,PAN-SVC-NFR-VM-100-R,VM-100 NFR 1 year standard support renewal,150.0000
Palo Alto Networks,PAN-SVC-NFR-VM-200,VM-200 NFR 1 year standard support,200.0000
Palo Alto Networks,PAN-SVC-NFR-VM-200-R,VM-200 NFR 1 year standard support renewal,200.0000
Palo Alto Networks,PAN-SVC-NFR-VM-300,VM-300 NFR 1 year standard support,270.0000
Palo Alto Networks,PAN-SVC-NFR-VM-300-R,VM-300 NFR 1 year standard support renewal,270.0000
Palo Alto Networks,PAN-SVC-NFR-VM-1000-HV,VM-1000-HV NFR 1 year standard support,340.0000
Palo Alto Networks,PAN-SVC-NFR-VM-1000-HV-R,VM-1000-HV NFR 1 year standard support renewal,340.0000
Palo Alto Networks,PAN-SVC-NFR-WF-500,WF-500 NFR First Year Standard Support,6250.0000
Palo Alto Networks,PAN-SVC-NFR-WF-500-R,WF-500 NFR Standard Support Renewal,6250.0000
Palo Alto Networks,PAN-SVC-NFR-USG-WF-500,For US Government only. WF-500 NFR First Year USG Support,9000.0000
Palo Alto Networks,PAN-SVC-NFR-USG-WF-500-R,For US Government only. WF-500 NFR USG Renewal,9000.0000
Palo Alto Networks,PAN-EDU-ONSITE-2DAY-12,"Palo Alto Networks On-Site training course, 2 days, up to 12 students. Onsite training will expire (1) one year from date of purchase.
Price includes instructor T&E, courseware, and lab access.",10395.0000
Palo Alto Networks,PAN-EDU-ONSITE-3DAY-12,"Palo Alto Networks On-Site training course, 3 days, up to 12 students. Onsite training will expire (1) one year from date of purchase.
Price includes instructor T&E, courseware, and lab access.",14410.0000
Palo Alto Networks,PAN-EDU-ONSITE-4DAY-12,"Palo Alto Networks On-Site training course, 4 days, up to 12 students. Onsite training will expire (1) one year from date of purchase.
Price includes instructor T&E, courseware, and lab access.",18370.0000
Palo Alto Networks,PAN-EDU-ONSITE-5DAY-12,"Palo Alto Networks On-Site training course, 5 days, up to 12 students. Onsite training will expire (1) one year from date of
purchase. Price includes instructor T&E, courseware, and lab access.",22385.0000
Palo Alto Networks,PAN-CSS-EDU-ONSITE-2DAY-12,"Palo Alto Networks On-Site training course, 2 days, up to 12 students. Onsite training will expire 1 one year from date of purchase.
Price includes instructor T AND E, courseware, and lab access.",10395.0000
Palo Alto Networks,PAN-PA-ACT-200,"Secondary Market Activation, PA-200",280.0000
Palo Alto Networks,PAN-PA-ACT-220,"Secondary Market Activation, PA-220",140.0000
Palo Alto Networks,PAN-PA-ACT-3020,"Secondary Market Activation, PA-3020",1960.0000
Palo Alto Networks,PAN-PA-ACT-3050,"Secondary Market Activation, PA-3050",3360.0000
Palo Alto Networks,PAN-PA-ACT-3060,"Secondary Market Activation, PA-3060",5040.0000
Palo Alto Networks,PAN-PA-ACT-500,"Secondary Market Activation, PA-500",630.0000
Palo Alto Networks,PAN-PA-ACT-820,"Secondary Market Activation, PA-820",630.0000
Palo Alto Networks,PAN-PA-ACT-850,"Secondary Market Activation, PA-850",1330.0000
Palo Alto Networks,PAN-PA-ACT-5020,"Secondary Market Activation, PA-5020",5600.0000
Palo Alto Networks,PAN-PA-ACT-5050,"Secondary Market Activation, PA-5050",9800.0000
Palo Alto Networks,PAN-PA-ACT-5060,"Secondary Market Activation, PA-5060",18200.0000
Palo Alto Networks,PAN-PA-ACT-5220,"Secondary Market Activation, PA-5220",7000.0000
Palo Alto Networks,PAN-PA-ACT-5250,"Secondary Market Activation, PA-5250",14000.0000
Palo Alto Networks,PAN-PA-ACT-5260,"Secondary Market Activation, PA-5260",25200.0000
Palo Alto Networks,PAN-PA-ACT-7050,"Secondary Market Activation, PA-7050",42000.0000
Palo Alto Networks,PAN-PA-ACT-7080,"Secondary Market Activation, PA-7080",52500.0000
Palo Alto Networks,PAN-PA-ACT-M-100,"Secondary Market Activation, M-100",1400.0000
Palo Alto Networks,PAN-PA-ACT-M-500,"Secondary Market Activation, M-500",3500.0000
Palo Alto Networks,PAN-PA-ACT-WF-500,"Secondary Market Activation, WF-500",17500.0000
Palo Alto Networks,PAN-PA-RECERT,Secondary Market PA Firewall Recertification,500.0000
Palo Alto Networks,PAN-IGNITE-2018-1TIX,Palo Alto Networks Ignite Conference 2018 1 Ticket,1295.0000
Palo Alto Networks,PAN-IGNITE-2018-10BND,Palo Alto Networks Ignite Conference 2018 10 Bundle Package,10950.0000
Palo Alto Networks,PAN-IGNITE-2018-20BND,Palo Alto Networks Ignite Conference 2018 20 Bundle Package,21800.0000
Palo Alto Networks,PAN-IGNITE-2018-30BND,Palo Alto Networks Ignite Conference 2018 30 Bundle Package,32550.0000
Palo Alto Networks,PAN-IGNITE-2018-50BND,Palo Alto Networks Ignite Conference 2018 50 Bundle Package,54000.0000
Palo Alto Networks,PAN-IGNITE-2018-100BND,Palo Alto Networks Ignite Conference 2018 100 Bundle Package,106500.0000
Palo Alto Networks,PAN-IGNITE-2018-200BND,Palo Alto Networks Ignite Conference 2018 200 Bundle Package,210000.0000
Palo Alto Networks,PAN-IGNITE-2018-EMEA-1TIX,Palo Alto Networks EMEA Ignite Conference 2018 1 Ticket,1195.0000
Palo Alto Networks,PAN-IGNITE-2018-EMEA-10BND,Palo Alto Networks EMEA Ignite Conference 2018 10 Bundle Package,9950.0000
Palo Alto Networks,PAN-IGNITE-2018-EMEA-20BND,Palo Alto Networks EMEA Ignite Conference 2018 20 Bundle Package,19800.0000
Palo Alto Networks,PAN-IGNITE-2018-EMEA-30BND,Palo Alto Networks EMEA Ignite Conference 2018 30 Bundle Package,29550.0000
Palo Alto Networks,PAN-IGNITE-2018-EMEA-50BND,Palo Alto Networks EMEA Ignite Conference 2018 50 Bundle Package,49000.0000
Palo Alto Networks,PAN-IGNITE-2018-EMEA-100BND,Palo Alto Networks EMEA Ignite Conference 2018 100 Bundle Package,96500.0000
Palo Alto Networks,PAN-MGFR-5-1YR,"Magnifier analyzes up to 5TB of Logging Service, 1-year, includes Premium Support",45000.0000
Palo Alto Networks,PAN-MGFR-5-1YR-R,"Magnifier analyzes up to 5TB of Logging Service, 1-year renewal, includes Premium Support",45000.0000
Palo Alto Networks,PAN-MGFR-5-3YR,"Magnifier analyzes up to 5TB of Logging Service, 3-year, includes Premium Support",135000.0000
Palo Alto Networks,PAN-MGFR-5-3YR-R,"Magnifier analyzes up to 5TB of Logging Service, 3-year renewal, includes Premium Support",135000.0000
Palo Alto Networks,PAN-MGFR-5-USG-1YR,"Magnifier analyzes up to 5TB of Logging Service, 1-year, includes US Government Premium Support",50625.0000
Palo Alto Networks,PAN-MGFR-5-USG-1YR-R,"Magnifier analyzes up to 5TB of Logging Service, 1-year renewal, includes US Government Premium Support",50625.0000
Palo Alto Networks,PAN-MGFR-5-USG-3YR,"Magnifier analyzes up to 5TB of Logging Service, 3-year, includes US Government Premium Support",151875.0000
Palo Alto Networks,PAN-MGFR-5-USG-3YR-R,"Magnifier analyzes up to 5TB of Logging Service, 3-year renewal, includes US Government Premium Support",151875.0000
Palo Alto Networks,PAN-MGFR-10-1YR,"Magnifier analyzes up to 10TB of Logging Service, 1-year, includes Premium Support",75000.0000
Palo Alto Networks,PAN-MGFR-10-1YR-R,"Magnifier analyzes up to 10TB of Logging Service, 1-year renewal, includes Premium Support",75000.0000
Palo Alto Networks,PAN-MGFR-10-3YR,"Magnifier analyzes up to 10TB of Logging Service, 3-year, includes Premium Support",225000.0000
Palo Alto Networks,PAN-MGFR-10-3YR-R,"Magnifier analyzes up to 10TB of Logging Service, 3-year renewal, includes Premium Support",225000.0000
Palo Alto Networks,PAN-MGFR-10-USG-1YR,"Magnifier analyzes up to 10TB of Logging Service, 1-year, includes US Government Premium Support",84375.0000
,,,
Palo Alto Networks,PAN-MGFR-10-USG-1YR-R,"Magnifier analyzes up to 10TB of Logging Service, 1-year renewal, includes US Government Premium Support",84375.0000
Palo Alto Networks,PAN-MGFR-10-USG-3YR,"Magnifier analyzes up to 10TB of Logging Service, 3-year, includes US Government Premium Support",253125.0000
Palo Alto Networks,PAN-MGFR-10-USG-3YR-R,"Magnifier analyzes up to 10TB of Logging Service, 3-year renewal, includes US Government Premium Support",253125.0000
Palo Alto Networks,PAN-MGFR-25-1YR,"Magnifier analyzes up to 25TB of Logging Service, 1-year, includes Premium Support",145000.0000
Palo Alto Networks,PAN-MGFR-25-1YR-R,"Magnifier analyzes up to 25TB of Logging Service, 1-year renewal, includes Premium Support",145000.0000
Palo Alto Networks,PAN-MGFR-25-3YR,"Magnifier analyzes up to 25TB of Logging Service, 3-year, includes Premium Support",435000.0000
Palo Alto Networks,PAN-MGFR-25-3YR-R,"Magnifier analyzes up to 25TB of Logging Service, 3-year renewal, includes Premium Support",435000.0000
Palo Alto Networks,PAN-MGFR-25-USG-1YR,"Magnifier analyzes up to 25TB of Logging Service, 1-year, includes US Government Premium Support",163125.0000
Palo Alto Networks,PAN-MGFR-25-USG-1YR-R,"Magnifier analyzes up to 25TB of Logging Service, 1-year renewal, includes US Government Premium Support",163125.0000
Palo Alto Networks,PAN-MGFR-25-USG-3YR,"Magnifier analyzes up to 25TB of Logging Service, 3-year, includes US Government Premium Support",489375.0000
Palo Alto Networks,PAN-MGFR-25-USG-3YR-R,"Magnifier analyzes up to 25TB of Logging Service, 3-year renewal, includes US Government Premium Support",489375.0000
Palo Alto Networks,PAN-MGFR-50-1YR,"Magnifier analyzes up to 50TB of Logging Service, 1-year, includes Premium Support",260000.0000
Palo Alto Networks,PAN-MGFR-50-1YR-R,"Magnifier analyzes up to 50TB of Logging Service, 1-year renewal, includes Premium Support",260000.0000
Palo Alto Networks,PAN-MGFR-50-3YR,"Magnifier analyzes up to 50TB of Logging Service, 3-year, includes Premium Support",780000.0000
Palo Alto Networks,PAN-MGFR-50-3YR-R,"Magnifier analyzes up to 50TB of Logging Service, 3-year renewal, includes Premium Support",780000.0000
Palo Alto Networks,PAN-MGFR-50-USG-1YR,"Magnifier analyzes up to 50TB of Logging Service, 1-year, includes US Government Premium Support",292500.0000
Palo Alto Networks,PAN-MGFR-50-USG-1YR-R,"Magnifier analyzes up to 50TB of Logging Service, 1-year renewal, includes US Government Premium Support",292500.0000
Palo Alto Networks,PAN-MGFR-50-USG-3YR,"Magnifier analyzes up to 50TB of Logging Service, 3-year, includes US Government Premium Support",877500.0000
Palo Alto Networks,PAN-MGFR-50-USG-3YR-R,"Magnifier analyzes up to 50TB of Logging Service, 3-year renewal, includes US Government Premium Support",877500.0000
Palo Alto Networks,PAN-CONSULT-CSS-TRAPS-DAY,Palo Alto Networks Traps Consulting Services (per day),3000.0000
Palo Alto Networks,PAN-CSS-EDU-ONSITE-4DAY-12,"Palo Alto Networks On-Site training course, 4 days, up to 12 students. Onsite training will expire (1) one year from date of purchase.
Price includes instructor T&E, courseware, and lab access.",18370.0000
Palo Alto Networks,PAN-IGNITE-2018-EMEA-200BND,Palo Alto Networks EMEA Ignite Conference 2018 200 Bundle Package,190000.0000
Palo Alto Networks,PAN-ENT-SUB-ELA-A-5YR,"Enterprise License Agreement, TP, PANDB URL, WF, GP, 5 year, Tier A",0.0000
Palo Alto Networks,PAN-ENT-SUB-ELA-B-5YR,"Enterprise License Agreement, TP, PANDB URL, WF, GP, 5 year, Tier B",0.0000
Palo Alto Networks,PAN-ENT-SUB-ELA-C-5YR,"Enterprise License Agreement, TP, PANDB URL, WF, GP, 5 year, Tier C",0.0000
Palo Alto Networks,PAN-ENT-SUB-ELA-D-5YR,"Enterprise License Agreement, TP, PANDB URL, WF, GP, 5 year, Tier D",0.0000
Palo Alto Networks,PAN-ENT-SUB-ELA-E-5YR,"Enterprise License Agreement, TP, PANDB URL, WF, GP, 5 year, Tier E",0.0000
Palo Alto Networks,PAN-ENT-SUB-ELA-F-5YR,"Enterprise License Agreement, TP, PANDB URL, WF, GP, 5 year, Tier F",0.0000
Palo Alto Networks,PAN-ENT-SUB-ELA-G-5YR,"Enterprise License Agreement, TP, PANDB URL, WF, GP, 5 year, Tier G",0.0000
Palo Alto Networks,PAN-ENT-SUB-ELA-H-5YR,"Enterprise License Agreement, TP, PANDB URL, WF, GP, 5 year, Tier H",0.0000
Palo Alto Networks,PAN-ENT-SUB-ELA-I-5YR,"Enterprise License Agreement, TP, PANDB URL, WF, GP, 5 year, Tier I",0.0000
Palo Alto Networks,PAN-ENT-SUB-ELA-J-5YR,"Enterprise License Agreement, TP, PANDB URL, WF, GP, 5 year, Tier J",0.0000
Palo Alto Networks,PAN-ENT-SUB-ELA-K-5YR,"Enterprise License Agreement, TP, PANDB URL, WF, GP, 5 year, Tier K",0.0000
Palo Alto Networks,PAN-ENT-SUB-ELA-L-5YR,"Enterprise License Agreement, TP, PANDB URL, WF, GP, 5 year, Tier L",0.0000
Palo Alto Networks,PAN-ENT-SUB-ELA-M-5YR,"Enterprise License Agreement, TP, PANDB URL, WF, GP, 5 year, Tier M",0.0000
Palo Alto Networks,PAN-ENT-SUB-ELA-N-5YR,"Enterprise License Agreement, TP, PANDB URL, WF, GP, 5 year, Tier N",0.0000
Palo Alto Networks,PAN-ENT-SUB-ELA-O-5YR,"Enterprise License Agreement, TP, PANDB URL, WF, GP, 5 year, Tier O",0.0000
Palo Alto Networks,PAN-ENT-SUB-ELA-P-5YR,"Enterprise License Agreement, TP, PANDB URL, WF, GP, 5 year, Tier P",0.0000
Palo Alto Networks,PAN-ENT-SUB-ELA-Q-5YR,"Enterprise License Agreement, TP, PANDB URL, WF, GP, 5 year, Tier Q",0.0000
Palo Alto Networks,PAN-ENT-SUB-ELA-R-5YR,"Enterprise License Agreement, TP, PANDB URL, WF, GP, 5 year, Tier R",0.0000
Palo Alto Networks,PAN-ENT-SUB-ELA-S-5YR,"Enterprise License Agreement, TP, PANDB URL, WF, GP, 5 year, Tier S",0.0000
Palo Alto Networks,PAN-ENT-SUB-ELA-T-5YR,"Enterprise License Agreement, TP, PANDB URL, WF, GP, 5 year, Tier T",0.0000
Palo Alto Networks,PAN-ENT-SUB-ELA-U-5YR,"Enterprise License Agreement, TP, PANDB URL, WF, GP, 5 year, Tier U",0.0000
Palo Alto Networks,PAN-ENT-SUB-ELA-V-5YR,"Enterprise License Agreement, TP, PANDB URL, WF, GP, 5 year, Tier V",0.0000
Palo Alto Networks,PAN-ENT-SUB-ELA-W-5YR,"Enterprise License Agreement, TP, PANDB URL, WF, GP, 5 year, Tier W",0.0000
Palo Alto Networks,PAN-ENT-SUB-ELA-X-5YR,"Enterprise License Agreement, TP, PANDB URL, WF, GP, 5 year, Tier X",0.0000
Palo Alto Networks,PAN-ENT-SUB-ELA-Y-5YR,"Enterprise License Agreement, TP, PANDB URL, WF, GP, 5 year, Tier Y",0.0000
Palo Alto Networks,PAN-ENT-SUB-ELA-Z-5YR,"Enterprise License Agreement, TP, PANDB URL, WF, GP, 5 year, Tier Z",0.0000
Palo Alto Networks,PAN-ENT-SUB-ELA-AA-5YR,"Enterprise License Agreement, TP, PANDB URL, WF, GP, 5 year, Tier AA",0.0000
Palo Alto Networks,PAN-ENT-SUB-ELA-BB-5YR,"Enterprise License Agreement, TP, PANDB URL, WF, GP, 5 year, Tier BB",0.0000
Palo Alto Networks,PAN-ENT-SUB-ELA-CC-5YR,"Enterprise License Agreement, TP, PANDB URL, WF, GP, 5 year, Tier CC",0.0000
Palo Alto Networks,PAN-ENT-SUB-ELA-DD-5YR,"Enterprise License Agreement, TP, PANDB URL, WF, GP, 5 year, Tier DD",0.0000
Palo Alto Networks,PAN-ENT-SUB-ELA-EE-5YR,"Enterprise License Agreement, TP, PANDB URL, WF, GP, 5 year, Tier EE",0.0000
Palo Alto Networks,PAN-ENT-SUB-ELA-FF-5YR,"Enterprise License Agreement, TP, PANDB URL, WF, GP, 5 year, Tier FF",0.0000
Palo Alto Networks,PAN-ENT-SUB-ELA-GG-5YR,"Enterprise License Agreement, TP, PANDB URL, WF, GP, 5 year, Tier GG",0.0000
Palo Alto Networks,PAN-ENT-SUB-ELA-HH-5YR,"Enterprise License Agreement, TP, PANDB URL, WF, GP, 5 year, Tier HH",0.0000
Palo Alto Networks,PAN-ENT-SUB-ELA-II-5YR,"Enterprise License Agreement, TP, PANDB URL, WF, GP, 5 year, Tier II",0.0000
Palo Alto Networks,PAN-ENT-SUB-ELA-JJ-5YR,"Enterprise License Agreement, TP, PANDB URL, WF, GP, 5 year, Tier JJ",0.0000
Palo Alto Networks,PAN-ENT-SUB-ELA-KK-5YR,"Enterprise License Agreement, TP, PANDB URL, WF, GP, 5 year, Tier KK",0.0000
Palo Alto Networks,PAN-ENT-SUB-ELA-LL-5YR,"Enterprise License Agreement, TP, PANDB URL, WF, GP, 5 year, Tier LL",0.0000
Palo Alto Networks,PAN-ENT-SUB-ELA-MM-5YR,"Enterprise License Agreement, TP, PANDB URL, WF, GP, 5 year, Tier MM",0.0000
Palo Alto Networks,PAN-ENT-SUB-ELA-NN-5YR,"Enterprise License Agreement, TP, PANDB URL, WF, GP, 5 year, Tier NN",0.0000
Palo Alto Networks,PAN-ENT-SUB-ELA-OO-5YR,"Enterprise License Agreement, TP, PANDB URL, WF, GP, 5 year, Tier OO",0.0000
Palo Alto Networks,PAN-ENT-SUB-ELA-PP-5YR,"Enterprise License Agreement, TP, PANDB URL, WF, GP, 5 year, Tier PP",0.0000
Palo Alto Networks,PAN-ENT-SUB-ELA-QQ-5YR,"Enterprise License Agreement, TP, PANDB URL, WF, GP, 5 year, Tier QQ",0.0000
Palo Alto Networks,PAN-ENT-SUB-ELA-RR-5YR,"Enterprise License Agreement, TP, PANDB URL, WF, GP, 5 year, Tier RR",0.0000
Palo Alto Networks,PAN-ENT-SUB-ELA-SS-5YR,"Enterprise License Agreement, TP, PANDB URL, WF, GP, 5 year, Tier SS",0.0000
Palo Alto Networks,PAN-ENT-SUB-ELA-TT-5YR,"Enterprise License Agreement, TP, PANDB URL, WF, GP, 5 year, Tier TT",0.0000
Palo Alto Networks,PAN-ENT-SUB-ELA-UU-5YR,"Enterprise License Agreement, TP, PANDB URL, WF, GP, 5 year, Tier UU",0.0000
Palo Alto Networks,PAN-ENT-SUB-ELA-VV-5YR,"Enterprise License Agreement, TP, PANDB URL, WF, GP, 5 year, Tier VV",0.0000
Palo Alto Networks,PAN-ENT-SUB-ELA-WW-5YR,"Enterprise License Agreement, TP, PANDB URL, WF, GP, 5 year, Tier WW",0.0000
Palo Alto Networks,PAN-ENT-SUB-ELA-XX-5YR,"Enterprise License Agreement, TP, PANDB URL, WF, GP, 5 year, Tier XX",0.0000
Palo Alto Networks,PAN-ENT-SUB-ELA-YY-5YR,"Enterprise License Agreement, TP, PANDB URL, WF, GP, 5 year, Tier YY",0.0000
Palo Alto Networks,PAN-ENT-SUB-ELA-ZZ-5YR,"Enterprise License Agreement, TP, PANDB URL, WF, GP, 5 year, Tier ZZ",0.0000
Palo Alto Networks,PAN-ENT-SUB-ELA-AB-5YR,"Enterprise License Agreement, TP, PANDB URL, WF, GP, 5 year, Tier AB",0.0000
Palo Alto Networks,PAN-ENT-SUB-ELA-AC-5YR,"Enterprise License Agreement, TP, PANDB URL, WF, GP, 5 year, Tier AC",0.0000
Palo Alto Networks,PAN-ENT-SUB-ELA-AD-5YR,"Enterprise License Agreement, TP, PANDB URL, WF, GP, 5 year, Tier AD",0.0000
Palo Alto Networks,PAN-ENT-SUB-ELA-AE-5YR,"Enterprise License Agreement, TP, PANDB URL, WF, GP, 5 year, Tier AE",0.0000
Palo Alto Networks,PAN-ENT-SUB-ELA-AF-5YR,"Enterprise License Agreement, TP, PANDB URL, WF, GP, 5 year, Tier AF",0.0000
Palo Alto Networks,PAN-ENT-SUB-ELA-AG-5YR,"Enterprise License Agreement, TP, PANDB URL, WF, GP, 5 year, Tier AG",0.0000
Palo Alto Networks,PAN-ENT-SUB-ELA-AH-5YR,"Enterprise License Agreement, TP, PANDB URL, WF, GP, 5 year, Tier AH",0.0000
Palo Alto Networks,PAN-ENT-PREM-ESA-A-5YR,"Enterprise Support Agreement, 5 year Premium Support, Tier A",0.0000
Palo Alto Networks,PAN-ENT-PREM-ESA-B-5YR,"Enterprise Support Agreement, 5 year Premium Support, Tier B",0.0000
Palo Alto Networks,PAN-ENT-PREM-ESA-C-5YR,"Enterprise Support Agreement, 5 year Premium Support, Tier C",0.0000
Palo Alto Networks,PAN-ENT-PREM-ESA-D-5YR,"Enterprise Support Agreement, 5 year Premium Support, Tier D",0.0000
Palo Alto Networks,PAN-ENT-PREM-ESA-E-5YR,"Enterprise Support Agreement, 5 year Premium Support, Tier E",0.0000
Palo Alto Networks,PAN-ENT-PREM-ESA-F-5YR,"Enterprise Support Agreement, 5 year Premium Support, Tier F",0.0000
Palo Alto Networks,PAN-ENT-PREM-ESA-G-5YR,"Enterprise Support Agreement, 5 year Premium Support, Tier G",0.0000
Palo Alto Networks,PAN-ENT-PREM-ESA-H-5YR,"Enterprise Support Agreement, 5 year Premium Support, Tier H",0.0000
Palo Alto Networks,PAN-ENT-PREM-ESA-I-5YR,"Enterprise Support Agreement, 5 year Premium Support, Tier I",0.0000
Palo Alto Networks,PAN-ENT-PREM-ESA-J-5YR,"Enterprise Support Agreement, 5 year Premium Support, Tier J",0.0000
Palo Alto Networks,PAN-ENT-PREM-ESA-K-5YR,"Enterprise Support Agreement, 5 year Premium Support, Tier K",0.0000
Palo Alto Networks,PAN-ENT-PREM-ESA-L-5YR,"Enterprise Support Agreement, 5 year Premium Support, Tier L",0.0000
Palo Alto Networks,PAN-ENT-PREM-ESA-M-5YR,"Enterprise Support Agreement, 5 year Premium Support, Tier M",0.0000
Palo Alto Networks,PAN-ENT-PREM-ESA-N-5YR,"Enterprise Support Agreement, 5 year Premium Support, Tier N",0.0000
,,,
Palo Alto Networks,PAN-ENT-PREM-ESA-O-5YR,"Enterprise Support Agreement, 5 years Premium Support, includes a TAM, Tier O",0.0000
Palo Alto Networks,PAN-ENT-PREM-ESA-P-5YR,"Enterprise Support Agreement, 5 years Premium Support, includes a TAM, Tier P",0.0000
Palo Alto Networks,PAN-ENT-PREM-ESA-Q-5YR,"Enterprise Support Agreement, 5 years Premium Support, includes a TAM, Tier Q",0.0000
Palo Alto Networks,PAN-ENT-PREM-ESA-R-5YR,"Enterprise Support Agreement, 5 years Premium Support, includes a TAM, Tier R",0.0000
Palo Alto Networks,PAN-ENT-PREM-ESA-S-5YR,"Enterprise Support Agreement, 5 years Premium Support, includes a TAM, Tier S",0.0000
Palo Alto Networks,PAN-ENT-PREM-ESA-T-5YR,"Enterprise Support Agreement, 5 years Premium Support, includes a TAM, Tier T",0.0000
Palo Alto Networks,PAN-ENT-PREM-ESA-U-5YR,"Enterprise Support Agreement, 5 years Premium Support, includes a TAM, Tier U",0.0000
Palo Alto Networks,PAN-ENT-PREM-ESA-V-5YR,"Enterprise Support Agreement, 5 years Premium Support, includes a TAM, Tier V",0.0000
Palo Alto Networks,PAN-ENT-PREM-ESA-W-5YR,"Enterprise Support Agreement, 5 years Premium Support, includes a TAM, Tier W",0.0000
Palo Alto Networks,PAN-ENT-PREM-ESA-X-5YR,"Enterprise Support Agreement, 5 years Premium Support, includes a TAM, Tier X",0.0000
Palo Alto Networks,PAN-ENT-PREM-ESA-Y-5YR,"Enterprise Support Agreement, 5 years Premium Support, includes a Premium Plus, Tier Y",0.0000
Palo Alto Networks,PAN-ENT-PREM-ESA-Z-5YR,"Enterprise Support Agreement, 5 years Premium Support, includes a Premium Plus, Tier Z",0.0000
Palo Alto Networks,PAN-ENT-PREM-ESA-AA-5YR,"Enterprise Support Agreement, 5 years Premium Support, includes a Premium Plus, Tier AA",0.0000
Palo Alto Networks,PAN-ENT-PREM-ESA-BB-5YR,"Enterprise Support Agreement, 5 years Premium Support, includes a Premium Plus, Tier BB",0.0000
Palo Alto Networks,PAN-ENT-PREM-ESA-CC-5YR,"Enterprise Support Agreement, 5 years Premium Support, includes a Premium Plus, Tier CC",0.0000
Palo Alto Networks,PAN-ENT-PREM-ESA-DD-5YR,"Enterprise Support Agreement, 5 years Premium Support, includes a Premium Plus, Tier DD",0.0000
Palo Alto Networks,PAN-ENT-PREM-ESA-EE-5YR,"Enterprise Support Agreement, 5 years Premium Support, includes a Premium Plus, Tier EE",0.0000
Palo Alto Networks,PAN-ENT-PREM-ESA-FF-5YR,"Enterprise Support Agreement, 5 years Premium Support, includes a Premium Plus, Tier FF",0.0000
Palo Alto Networks,PAN-ENT-PREM-ESA-GG-5YR,"Enterprise Support Agreement, 5 years Premium Support, includes a Premium Plus, Tier GG",0.0000
Palo Alto Networks,PAN-ENT-PREM-ESA-HH-5YR,"Enterprise Support Agreement, 5 years Premium Support, includes a Premium Plus, Tier HH",0.0000
Palo Alto Networks,PAN-ENT-PREM-ESA-II-5YR,"Enterprise Support Agreement, 5 years Premium Support, includes a Premium Plus, Tier II",0.0000
Palo Alto Networks,PAN-ENT-PREM-ESA-JJ-5YR,"Enterprise Support Agreement, 5 years Premium Support, includes a Premium Plus, Tier JJ",0.0000
Palo Alto Networks,PAN-ENT-PREM-ESA-KK-5YR,"Enterprise Support Agreement, 5 years Premium Support, includes a Premium Plus, Tier KK",0.0000
Palo Alto Networks,PAN-ENT-PREM-ESA-LL-5YR,"Enterprise Support Agreement, 5 years Premium Support, includes a Premium Plus, Tier LL",0.0000
Palo Alto Networks,PAN-ENT-PREM-ESA-MM-5YR,"Enterprise Support Agreement, 5 years Premium Support, includes a Premium Plus, Tier MM",0.0000
Palo Alto Networks,PAN-ENT-PREM-ESA-NN-5YR,"Enterprise Support Agreement, 5 years Premium Support, includes a Premium Plus x2, Tier NN",0.0000
Palo Alto Networks,PAN-ENT-PREM-ESA-OO-5YR,"Enterprise Support Agreement, 5 years Premium Support, includes a Premium Plus x2, Tier OO",0.0000
Palo Alto Networks,PAN-ENT-PREM-ESA-PP-5YR,"Enterprise Support Agreement, 5 years Premium Support, includes a Premium Plus x2, Tier PP",0.0000
Palo Alto Networks,PAN-ENT-PREM-ESA-QQ-5YR,"Enterprise Support Agreement, 5 years Premium Support, includes a Premium Plus x2, Tier QQ",0.0000
Palo Alto Networks,PAN-ENT-PREM-ESA-RR-5YR,"Enterprise Support Agreement, 5 years Premium Support, includes a Premium Plus x2, Tier RR",0.0000
Palo Alto Networks,PAN-ENT-PREM-ESA-SS-5YR,"Enterprise Support Agreement, 5 years Premium Support, includes a Premium Plus x2, Tier SS",0.0000
Palo Alto Networks,PAN-ENT-PREM-ESA-TT-5YR,"Enterprise Support Agreement, 5 years Premium Support, includes a Premium Plus x2, Tier TT",0.0000
Palo Alto Networks,PAN-ENT-PREM-ESA-UU-5YR,"Enterprise Support Agreement, 5 years Premium Support, includes a Premium Plus x2, Tier UU",0.0000
Palo Alto Networks,PAN-ENT-PREM-ESA-VV-5YR,"Enterprise Support Agreement, 5 years Premium Support, includes a Premium Plus x2, Tier VV",0.0000
Palo Alto Networks,PAN-ENT-PREM-ESA-WW-5YR,"Enterprise Support Agreement, 5 years Premium Support, includes a Premium Plus x2, Tier WW",0.0000
Palo Alto Networks,PAN-ENT-PREM-ESA-XX-5YR,"Enterprise Support Agreement, 5 years Premium Support, includes a Premium Plus x2, Tier XX",0.0000
Palo Alto Networks,PAN-ENT-PREM-ESA-YY-5YR,"Enterprise Support Agreement, 5 years Premium Support, includes a Premium Plus x2, Tier YY",0.0000
Palo Alto Networks,PAN-ENT-PREM-ESA-ZZ-5YR,"Enterprise Support Agreement, 5 years Premium Support, includes a Premium Plus x2, Tier ZZ",0.0000
Palo Alto Networks,PAN-ENT-PREM-ESA-AB-5YR,"Enterprise Support Agreement, 5 years Premium Support, includes Premium Plus, Tier AB",0.0000
Palo Alto Networks,PAN-ENT-PREM-ESA-AC-5YR,"Enterprise Support Agreement, 5 years Premium Support, includes Premium Plus, Tier AC",0.0000
Palo Alto Networks,PAN-ENT-PREM-ESA-AD-5YR,"Enterprise Support Agreement, 5 years Premium Support, includes Premium Plus, Tier AD",0.0000
Palo Alto Networks,PAN-ENT-PREM-ESA-AE-5YR,"Enterprise Support Agreement, 5 years Premium Support, includes Premium Plus, Tier AE",0.0000
Palo Alto Networks,PAN-ENT-PREM-ESA-AF-5YR,"Enterprise Support Agreement, 5 years Premium Support, includes Premium Plus, Tier AF",0.0000
Palo Alto Networks,PAN-ENT-PREM-ESA-AG-5YR,"Enterprise Support Agreement, 5 years Premium Support, includes Premium Plus, Tier AG",0.0000
Palo Alto Networks,PAN-ENT-PREM-ESA-AH-5YR,"Enterprise Support Agreement, 5 years Premium Support, includes Premium Plus, Tier AH",0.0000
Palo Alto Networks,PAN-ENT-USG-ESA-A-5YR,"Enterprise Support Agreement, 5 year US Government Premium Support, Tier A",0.0000
Palo Alto Networks,PAN-ENT-USG-ESA-B-5YR,"Enterprise Support Agreement, 5 year US Government Premium Support, Tier B",0.0000
Palo Alto Networks,PAN-ENT-USG-ESA-C-5YR,"Enterprise Support Agreement, 5 year US Government Premium Support, Tier C",0.0000
Palo Alto Networks,PAN-ENT-USG-ESA-D-5YR,"Enterprise Support Agreement, 5 year US Government Premium Support, Tier D",0.0000
Palo Alto Networks,PAN-ENT-USG-ESA-E-5YR,"Enterprise Support Agreement, 5 year US Government Premium Support, Tier E",0.0000
Palo Alto Networks,PAN-ENT-USG-ESA-F-5YR,"Enterprise Support Agreement, 5 year US Government Premium Support, Tier F",0.0000
Palo Alto Networks,PAN-ENT-USG-ESA-G-5YR,"Enterprise Support Agreement, 5 year US Government Premium Support, Tier G",0.0000
Palo Alto Networks,PAN-ENT-USG-ESA-H-5YR,"Enterprise Support Agreement, 5 year US Government Premium Support, Tier H",0.0000
Palo Alto Networks,PAN-ENT-USG-ESA-I-5YR,"Enterprise Support Agreement, 5 year US Government Premium Support, Tier I",0.0000
Palo Alto Networks,PAN-ENT-USG-ESA-J-5YR,"Enterprise Support Agreement, 5 year US Government Premium Support, Tier J",0.0000
Palo Alto Networks,PAN-ENT-USG-ESA-K-5YR,"Enterprise Support Agreement, 5 year US Government Premium Support, Tier K",0.0000
Palo Alto Networks,PAN-ENT-USG-ESA-L-5YR,"Enterprise Support Agreement, 5 year US Government Premium Support, Tier L",0.0000
Palo Alto Networks,PAN-ENT-USG-ESA-M-5YR,"Enterprise Support Agreement, 5 year US Government Premium Support, Tier M",0.0000
Palo Alto Networks,PAN-ENT-USG-ESA-N-5YR,"Enterprise Support Agreement, 5 year US Government Premium Support, Tier N",0.0000
Palo Alto Networks,PAN-ENT-USG-ESA-O-5YR,"Enterprise Support Agreement, 5 year US Government Premium Support, includes a TAM, Tier O",0.0000
Palo Alto Networks,PAN-ENT-USG-ESA-P-5YR,"Enterprise Support Agreement, 5 year US Government Premium Support, includes a TAM, Tier P",0.0000
Palo Alto Networks,PAN-ENT-USG-ESA-Q-5YR,"Enterprise Support Agreement, 5 year US Government Premium Support, includes a TAM, Tier Q",0.0000
Palo Alto Networks,PAN-ENT-USG-ESA-R-5YR,"Enterprise Support Agreement, 5 year US Government Premium Support, includes a TAM, Tier R",0.0000
Palo Alto Networks,PAN-ENT-USG-ESA-S-5YR,"Enterprise Support Agreement, 5 year US Government Premium Support, includes a TAM, Tier S",0.0000
Palo Alto Networks,PAN-ENT-USG-ESA-T-5YR,"Enterprise Support Agreement, 5 year US Government Premium Support, includes a TAM, Tier T",0.0000
Palo Alto Networks,PAN-ENT-USG-ESA-U-5YR,"Enterprise Support Agreement, 5 year US Government Premium Support, includes a TAM, Tier U",0.0000
Palo Alto Networks,PAN-ENT-USG-ESA-V-5YR,"Enterprise Support Agreement, 5 year US Government Premium Support, includes a TAM, Tier V",0.0000
Palo Alto Networks,PAN-ENT-USG-ESA-W-5YR,"Enterprise Support Agreement, 5 year US Government Premium Support, includes a TAM, Tier W",0.0000
Palo Alto Networks,PAN-ENT-USG-ESA-X-5YR,"Enterprise Support Agreement, 5 year US Government Premium Support, includes a TAM, Tier X",0.0000
Palo Alto Networks,PAN-ENT-USG-ESA-Y-5YR,"Enterprise Support Agreement, 5 year US Government Premium Support, includes a Premium Plus, Tier Y",0.0000
Palo Alto Networks,PAN-ENT-USG-ESA-Z-5YR,"Enterprise Support Agreement, 5 year US Government Premium Support, includes a Premium Plus, Tier Z",0.0000
Palo Alto Networks,PAN-ENT-USG-ESA-AA-5YR,"Enterprise Support Agreement, 5 year US Government Premium Support, includes a Premium Plus, Tier AA",0.0000
Palo Alto Networks,PAN-ENT-USG-ESA-BB-5YR,"Enterprise Support Agreement, 5 year US Government Premium Support, includes a Premium Plus, Tier BB",0.0000
Palo Alto Networks,PAN-ENT-USG-ESA-CC-5YR,"Enterprise Support Agreement, 5 year US Government Premium Support, includes a Premium Plus, Tier CC",0.0000
Palo Alto Networks,PAN-ENT-USG-ESA-DD-5YR,"Enterprise Support Agreement, 5 year US Government Premium Support, includes a Premium Plus, Tier DD",0.0000
Palo Alto Networks,PAN-ENT-USG-ESA-EE-5YR,"Enterprise Support Agreement, 5 year US Government Premium Support, includes a Premium Plus, Tier EE",0.0000
Palo Alto Networks,PAN-ENT-USG-ESA-FF-5YR,"Enterprise Support Agreement, 5 year US Government Premium Support, includes a Premium Plus, Tier FF",0.0000
Palo Alto Networks,PAN-ENT-USG-ESA-GG-5YR,"Enterprise Support Agreement, 5 year US Government Premium Support, includes a Premium Plus, Tier GG",0.0000
Palo Alto Networks,PAN-ENT-USG-ESA-HH-5YR,"Enterprise Support Agreement, 5 year US Government Premium Support, includes a Premium Plus, Tier HH",0.0000
Palo Alto Networks,PAN-ENT-USG-ESA-II-5YR,"Enterprise Support Agreement, 5 year US Government Premium Support, includes a Premium Plus, Tier II",0.0000
Palo Alto Networks,PAN-ENT-USG-ESA-JJ-5YR,"Enterprise Support Agreement, 5 year US Government Premium Support, includes a Premium Plus, Tier JJ",0.0000
Palo Alto Networks,PAN-ENT-USG-ESA-KK-5YR,"Enterprise Support Agreement, 5 year US Government Premium Support, includes a Premium Plus, Tier KK",0.0000
Palo Alto Networks,PAN-ENT-USG-ESA-LL-5YR,"Enterprise Support Agreement, 5 year US Government Premium Support, includes a Premium Plus, Tier LL",0.0000
Palo Alto Networks,PAN-ENT-USG-ESA-MM-5YR,"Enterprise Support Agreement, 5 year US Government Premium Support, includes a Premium Plus, Tier MM",0.0000
Palo Alto Networks,PAN-ENT-USG-ESA-NN-5YR,"Enterprise Support Agreement, 5 year US Government Premium Support, includes a Premium Plus x2, Tier NN",0.0000
Palo Alto Networks,PAN-ENT-USG-ESA-OO-5YR,"Enterprise Support Agreement, 5 year US Government Premium Support, includes a Premium Plus x2, Tier OO",0.0000
Palo Alto Networks,PAN-ENT-USG-ESA-PP-5YR,"Enterprise Support Agreement, 5 year US Government Premium Support, includes a Premium Plus x2, Tier PP",0.0000
Palo Alto Networks,PAN-ENT-USG-ESA-QQ-5YR,"Enterprise Support Agreement, 5 year US Government Premium Support, includes a Premium Plus x2, Tier QQ",0.0000
Palo Alto Networks,PAN-ENT-USG-ESA-RR-5YR,"Enterprise Support Agreement, 5 year US Government Premium Support, includes a Premium Plus x2, Tier RR",0.0000
Palo Alto Networks,PAN-ENT-USG-ESA-SS-5YR,"Enterprise Support Agreement, 5 year US Government Premium Support, includes a Premium Plus x2, Tier SS",0.0000
Palo Alto Networks,PAN-ENT-USG-ESA-TT-5YR,"Enterprise Support Agreement, 5 year US Government Premium Support, includes a Premium Plus x2, Tier TT",0.0000
Palo Alto Networks,PAN-ENT-USG-ESA-UU-5YR,"Enterprise Support Agreement, 5 year US Government Premium Support, includes a Premium Plus x2, Tier UU",0.0000
Palo Alto Networks,PAN-ENT-USG-ESA-VV-5YR,"Enterprise Support Agreement, 5 year US Government Premium Support, includes a Premium Plus x2, Tier VV",0.0000
Palo Alto Networks,PAN-ENT-USG-ESA-WW-5YR,"Enterprise Support Agreement, 5 year US Government Premium Support, includes a Premium Plus x2, Tier WW",0.0000
Palo Alto Networks,PAN-ENT-USG-ESA-XX-5YR,"Enterprise Support Agreement, 5 year US Government Premium Support, includes a Premium Plus x2, Tier XX",0.0000
Palo Alto Networks,PAN-ENT-USG-ESA-YY-5YR,"Enterprise Support Agreement, 5 year US Government Premium Support, includes a Premium Plus x2, Tier YY",0.0000
,,,
Palo Alto Networks,PAN-ENT-USG-ESA-ZZ-5YR,"Enterprise Support Agreement, 5 years US Government Premium Support, includes Premium Plus x2, Tier ZZ",0.0000
Palo Alto Networks,PAN-ENT-USG-ESA-AB-5YR,"Enterprise Support Agreement, 5 years US Government Premium Support, includes Premium Plus, Tier AB",0.0000
Palo Alto Networks,PAN-ENT-USG-ESA-AC-5YR,"Enterprise Support Agreement, 5 years US Government Premium Support, includes Premium Plus, Tier AC",0.0000
Palo Alto Networks,PAN-ENT-USG-ESA-AD-5YR,"Enterprise Support Agreement, 5 years US Government Premium Support, includes Premium Plus, Tier AD",0.0000
Palo Alto Networks,PAN-ENT-USG-ESA-AE-5YR,"Enterprise Support Agreement, 5 years US Government Premium Support, includes Premium Plus, Tier AE",0.0000
Palo Alto Networks,PAN-ENT-USG-ESA-AF-5YR,"Enterprise Support Agreement, 5 years US Government Premium Support, includes Premium Plus, Tier AF",0.0000
Palo Alto Networks,PAN-ENT-USG-ESA-AG-5YR,"Enterprise Support Agreement, 5 years US Government Premium Support, includes Premium Plus, Tier AG",0.0000
Palo Alto Networks,PAN-ENT-USG-ESA-AH-5YR,"Enterprise Support Agreement, 5 years US Government Premium Support, includes Premium Plus, Tier AH",0.0000
Palo Alto Networks,PAN-3.5IN-HDD-8TB-PAIR,"3.5 inch spare 8TB HDD Raid certified drives for M-200 and M-600, shipped in pair",5200.0000
Palo Alto Networks,PAN-M-200-ACC,M-200 Spare accessory kit,50.0000
Palo Alto Networks,PAN-M-200-BOX-SET,M-200 spare shipping boxes - 5 cartons,100.0000
Palo Alto Networks,PAN-M-200-PKG-SET,"M-200 spare packaging set - 1 each of ESD unit bag, foam set, insert tray, and shipping box",100.0000
Palo Alto Networks,PAN-M-200-RCK,"M-200 spare rack mount kit, holds one device (supports 4 post racks)",150.0000
Palo Alto Networks,PAN-M-600-ACC,Hardware M-600 Spare accessory kit,50.0000
Palo Alto Networks,PAN-M-600-BOX-SET,M-600 spare shipping boxes - 5 cartons,100.0000
Palo Alto Networks,PAN-M-600-PKG-SET,"M-600 spare packaging set - 1 each of ESD unit bag, foam set, insert tray, and shipping box",100.0000
Palo Alto Networks,PAN-M-600-RCK,"M-600 spare rack mount kit, holds one device (supports 4 post racks)",150.0000
Palo Alto Networks,PAN-M-SSD-240GB-IMG,Imaged SSD for M-200 and M-600.,750.0000
Palo Alto Networks,PAN-PA-220R,Palo Alto Networks PA-220R,2900.0000
Palo Alto Networks,PAN-PA-220R-ACC,Accessory kit for PA-220R,50.0000
Palo Alto Networks,PAN-PA-220R-BND-LAB3,"PA-220R Lab Unit First Year Service Bundle (Threat Prevention, BrightCloud URL Filtering, GlobalProtect, WildFire, Standard Support)",260.0000
Palo Alto Networks,PAN-PA-220R-BND-LAB3-R,"PA-220R Lab Unit Renewal Service Bundle (Threat Prevention, BrightCloud URL Filtering, GlobalProtect, WildFire, Standard Support)",260.0000
Palo Alto Networks,PAN-PA-220R-BND-LAB4,"PA-220R Lab Unit First Year Service Bundle (Threat Prevention, PANDB URL Filtering, GlobalProtect, WildFire, Standard Support)",260.0000
Palo Alto Networks,PAN-PA-220R-BND-LAB4-R,"PA-220R Lab Unit Renewal Service Bundle (Threat Prevention, PANDB URL Filtering, GlobalProtect, WildFire, Standard Support)",260.0000
Palo Alto Networks,PAN-PA-220R-BND-NFR3,"PA-220R NFR First Year Service Bundle (Threat Prevention, PANDB and BrightCloud URL Filtering, GlobalProtect, WildFire, Standard
Support)",260.0000
Palo Alto Networks,PAN-PA-220R-BND-NFR3-R,"PA-220R NFR Renewal Service Bundle (Threat Prevention, PANDB and BrightCloud URL Filtering, GlobalProtect, WildFire, Standard
Support)",260.0000
Palo Alto Networks,PAN-PA-220R-BND-NFR4,"PA-220R NFR First Year Service Bundle (Threat Prevention, PANDB URL Filtering, GlobalProtect, WildFire, Standard Support)",260.0000
Palo Alto Networks,PAN-PA-220R-BND-NFR4-R,"PA-220R NFR Renewal Service Bundle (Threat Prevention, PANDB URL Filtering, GlobalProtect, WildFire, Standard Support)",260.0000
Palo Alto Networks,PAN-PA-220R-BOX-SET,PA-220R shipping boxes with packaging - qty 5,100.0000
Palo Alto Networks,PAN-PA-220R-GP,"GlobalProtect subscription year 1, PA-220R",575.0000
Palo Alto Networks,PAN-PA-220R-GP-3YR,"GlobalProtect subscription 3-year prepaid, PA-220R",1400.0000
Palo Alto Networks,PAN-PA-220R-GP-3YR-HA2,"GlobalProtect subscription 3 year prepaid for device in an HA pair, PA-220R",1100.0000
Palo Alto Networks,PAN-PA-220R-GP-3YR-HA2-R,"GlobalProtect subscription 3 year prepaid renewal for device in an HA pair, PA-220R",1100.0000
Palo Alto Networks,PAN-PA-220R-GP-3YR-R,"GlobalProtect subscription 3-year prepaid renewal, PA-220R",1400.0000
Palo Alto Networks,PAN-PA-220R-GP-5YR,"GlobalProtect subscription 5-year prepaid, PA-220R",2325.0000
Palo Alto Networks,PAN-PA-220R-GP-5YR-HA2,"GlobalProtect subscription 5 year prepaid for device in an HA pair, PA-220R",1800.0000
Palo Alto Networks,PAN-PA-220R-GP-5YR-HA2-R,"GlobalProtect subscription 5 year prepaid renewal for device in an HA pair, PA-220R",1800.0000
Palo Alto Networks,PAN-PA-220R-GP-5YR-R,"GlobalProtect subscription 5-year prepaid renewal, PA-220R",2325.0000
Palo Alto Networks,PAN-PA-220R-GP-HA2,"GlobalProtect subscription for device in an HA pair year 1, PA-220R",400.0000
Palo Alto Networks,PAN-PA-220R-GP-HA2-R,"GlobalProtect subscription for device in an HA pair renewal, PA-220R",400.0000
Palo Alto Networks,PAN-PA-220R-GP-R,"GlobalProtect subscription renewal, PA-220R",575.0000
Palo Alto Networks,PAN-PA-220R-LAB,Palo Alto Networks PA-220R Lab Unit,1160.0000
Palo Alto Networks,PAN-PA-220R-NFR,Palo Alto Networks PA-220R NFR Unit,1160.0000
Palo Alto Networks,PAN-PA-220R-OSS,Palo Alto Networks PA-220R On-Site Spare,1090.0000
Palo Alto Networks,PAN-PA-220R-PKG-SET,"PA-220R packaging set - 1 each of ESD unit bag, foam set, insert tray, and shipping box",100.0000
Palo Alto Networks,PAN-PA-220R-RACK4,4 Post Rack Mount for PA-220R,200.0000
Palo Alto Networks,PAN-PA-220R-TP,"Threat prevention subscription year 1, PA-220R",575.0000
Palo Alto Networks,PAN-PA-220R-TP-3YR,"Threat prevention subscription 3-year prepaid, PA-220R",1400.0000
Palo Alto Networks,PAN-PA-220R-TP-3YR-HA2,"Threat prevention subscription 3 year prepaid for device in an HA pair, PA-220R",1100.0000
Palo Alto Networks,PAN-PA-220R-TP-3YR-HA2-R,"Threat prevention subscription 3 year prepaid renewal for device in an HA pair, PA-220R",1100.0000
Palo Alto Networks,PAN-PA-220R-TP-3YR-R,"Threat prevention subscription 3-year prepaid renewal, PA-220R",1400.0000
Palo Alto Networks,PAN-PA-220R-TP-5YR,"Threat prevention subscription 5-year prepaid, PA-220R",2325.0000
Palo Alto Networks,PAN-PA-220R-TP-5YR-HA2,"Threat prevention subscription 5 year prepaid for device in an HA pair, PA-220R",1800.0000
Palo Alto Networks,PAN-PA-220R-TP-5YR-HA2-R,"Threat prevention subscription 5 year prepaid renewal for device in an HA pair, PA-220R",1800.0000
Palo Alto Networks,PAN-PA-220R-TP-5YR-R,"Threat prevention subscription 5-year prepaid renewal, PA-220R",2325.0000
Palo Alto Networks,PAN-PA-220R-TP-HA2,"Threat prevention subscription for device in an HA pair year 1, PA-220R",400.0000
Palo Alto Networks,PAN-PA-220R-TP-HA2-R,"Threat prevention subscription for device in an HA pair renewal, PA-220R",400.0000
Palo Alto Networks,PAN-PA-220R-TP-R,"Threat prevention subscription renewal, PA-220R",575.0000
Palo Alto Networks,PAN-PA-220R-URL2,"BrightCloud URL filtering subscription year 1, PA-220R",575.0000
Palo Alto Networks,PAN-PA-220R-URL2-3YR,"BrightCloud URL filtering subscription 3-year prepaid, PA-220R",1400.0000
Palo Alto Networks,PAN-PA-220R-URL2-3YR-HA2,"BrightCloud URL filtering subscription 3 year prepaid for device in an HA pair, PA-220R",1100.0000
Palo Alto Networks,PAN-PA-220R-URL2-3YR-HA2-R,"BrightCloud URL filtering subscription 3 year prepaid renewal for device in an HA pair, PA-220R",1100.0000
Palo Alto Networks,PAN-PA-220R-URL2-3YR-R,"BrightCloud URL filtering subscription 3-year prepaid renewal, PA-220R",1400.0000
Palo Alto Networks,PAN-PA-220R-URL2-HA2,"BrightCloud URL filtering subscription for device in an HA pair year 1, PA-220R",400.0000
Palo Alto Networks,PAN-PA-220R-URL2-HA2-R,"BrightCloud URL filtering subscription for device in an HA pair renewal, PA-220R",400.0000
Palo Alto Networks,PAN-PA-220R-URL2-R,"BrightCloud URL filtering subscription renewal, PA-220R",575.0000
Palo Alto Networks,PAN-PA-220R-URL4,"PANDB URL filtering subscription year 1, PA-220R",575.0000
Palo Alto Networks,PAN-PA-220R-URL4-3YR,"PANDB URL filtering subscription 3-year prepaid, PA-220R",1400.0000
Palo Alto Networks,PAN-PA-220R-URL4-3YR-HA2,"PANDB URL filtering subscription 3 year prepaid for device in an HA pair, PA-220R",1100.0000
Palo Alto Networks,PAN-PA-220R-URL4-3YR-HA2-R,"PANDB URL filtering subscription 3 year prepaid renewal for device in an HA pair, PA-220R",1100.0000
Palo Alto Networks,PAN-PA-220R-URL4-3YR-R,"PANDB URL filtering subscription 3-year prepaid renewal, PA-220R",1400.0000
Palo Alto Networks,PAN-PA-220R-URL4-5YR,"PANDB URL filtering subscription 5-year prepaid, PA-220R",2325.0000
Palo Alto Networks,PAN-PA-220R-URL4-5YR-HA2,"PANDB URL filtering subscription 5 year prepaid for device in an HA pair, PA-220R",1800.0000
Palo Alto Networks,PAN-PA-220R-URL4-5YR-HA2-R,"PANDB URL filtering subscription 5 year prepaid renewal for device in an HA pair, PA-220R",1800.0000
Palo Alto Networks,PAN-PA-220R-URL4-5YR-R,"PANDB URL filtering subscription 5-year prepaid renewal, PA-220R",2325.0000
Palo Alto Networks,PAN-PA-220R-URL4-HA2,"PANDB URL filtering subscription for device in an HA pair year 1, PA-220R",400.0000
Palo Alto Networks,PAN-PA-220R-URL4-HA2-R,"PANDB URL filtering subscription for device in an HA pair renewal, PA-220R",400.0000
Palo Alto Networks,PAN-PA-220R-URL4-R,"PANDB URL filtering subscription renewal, PA-220R",575.0000
Palo Alto Networks,PAN-PA-220R-USG-BND-LAB3,"PA-220R Lab Unit First Year Service Bundle (Threat Prevention, BrightCloud URL Filtering, GlobalProtect, WildFire, US Government
standard support)",280.0000
Palo Alto Networks,PAN-PA-220R-USG-BND-LAB3-R,"PA-220R Lab Unit Renewal Service Bundle (Threat Prevention, BrightCloud URL Filtering, GlobalProtect, WildFire, US Government
standard support)",280.0000
Palo Alto Networks,PAN-PA-220R-USG-BND-LAB4,"PA-220R Lab Unit First Year Service Bundle (Threat Prevention, PANDB URL Filtering, GlobalProtect, WildFire, US Government
standard support)",280.0000
Palo Alto Networks,PAN-PA-220R-USG-BND-LAB4-R,"PA-220R Lab Unit Renewal Service Bundle (Threat Prevention, PANDB URL Filtering, GlobalProtect, WildFire, US Government standard
support)",280.0000
Palo Alto Networks,PAN-PA-220R-USG-BND-NFR3,"PA-220R NFR First Year Service Bundle (Threat Prevention, PANDB and BrightCloud URL Filtering, GlobalProtect, WildFire, US
Government standard support)",280.0000
,,,
Palo Alto Networks,PAN-PA-220R-USG-BND-NFR3-R,"PA-220R NFR Renewal Service Bundle (Threat Prevention, PANDB and BrightCloud URL Filtering, GlobalProtect, WildFire, US
Government standard support)",280.0000
Palo Alto Networks,PAN-PA-220R-USG-BND-NFR4,"PA-220R NFR First Year Service Bundle (Threat Prevention, PANDB URL Filtering, GlobalProtect, WildFire, US Government standard
support)",280.0000
Palo Alto Networks,PAN-PA-220R-USG-BND-NFR4-R,"PA-220R NFR Renewal Service Bundle (Threat Prevention, PANDB URL Filtering, GlobalProtect, WildFire, US Government standard
support)",280.0000
Palo Alto Networks,PAN-PA-220R-WALL-MOUNT,Palo Alto Networks PA-220R Wall Mount,100.0000
Palo Alto Networks,PAN-PA-220R-WF,"WildFire subscription year 1, PA-220R",575.0000
Palo Alto Networks,PAN-PA-220R-WF-3YR,"WildFire subscription 3-year prepaid, PA-220R",1400.0000
Palo Alto Networks,PAN-PA-220R-WF-3YR-HA2,"WildFire subscription 3 year prepaid for device in an HA pair, PA-220R",1100.0000
Palo Alto Networks,PAN-PA-220R-WF-3YR-HA2-R,"WildFire subscription 3 year prepaid renewal for device in an HA pair, PA-220R",1100.0000
Palo Alto Networks,PAN-PA-220R-WF-3YR-R,"WildFire subscription 3-year prepaid renewal, PA-220R",1400.0000
Palo Alto Networks,PAN-PA-220R-WF-5YR,"WildFire subscription 5-year prepaid, PA-220R",2325.0000
Palo Alto Networks,PAN-PA-220R-WF-5YR-HA2,"WildFire subscription 5 year prepaid for device in an HA pair, PA-220R",1800.0000
Palo Alto Networks,PAN-PA-220R-WF-5YR-HA2-R,"WildFire subscription 5 year prepaid renewal for device in an HA pair, PA-220R",1800.0000
Palo Alto Networks,PAN-PA-220R-WF-5YR-R,"WildFire subscription 5-year prepaid renewal, PA-220R",2325.0000
Palo Alto Networks,PAN-PA-220R-WF-HA2,"WildFire subscription for device in an HA pair year 1, PA-220R",400.0000
Palo Alto Networks,PAN-PA-220R-WF-HA2-R,"WildFire subscription for device in an HA pair renewal, PA-220R",400.0000
Palo Alto Networks,PAN-PA-220R-WF-R,"WildFire subscription renewal, PA-220R",575.0000
Palo Alto Networks,PAN-PA-2RU-RACK4,"Palo Alto Networks PA-3220, PA-3250, and PA-3260 4 post rack mount kit",150.0000
Palo Alto Networks,PAN-PA-3200-BOX-SET,PA-3200 series shipping boxes - 5 cartons,200.0000
Palo Alto Networks,PAN-PA-3200-FANTRAY,PA-3200 Series spare fan tray,1500.0000
Palo Alto Networks,PAN-PA-3200-PKG-SET,"PA-3200 packaging set - 1 each of ESD unit bag, foam set, insert tray, and shipping box",100.0000
Palo Alto Networks,PAN-PA-3200-SSD-240-IMG,PA-3200 Series spare hard drive - 240GB Solid State Drive (SSD),1000.0000
Palo Alto Networks,PAN-PA-3220,Palo Alto Networks PA-3220 with redundant AC power supplies,18000.0000
Palo Alto Networks,PAN-PA-3220-BND-LAB3,"PA-3220 Lab Unit First Year Service Bundle (Threat Prevention, BrightCloud URL Filtering, GlobalProtect, WildFire, Standard Support)",1600.0000
Palo Alto Networks,PAN-PA-3220-BND-LAB3-R,"PA-3220 Lab Unit Renewal Service Bundle (Threat Prevention, BrightCloud URL Filtering, GlobalProtect, WildFire, Standard Support)",1600.0000
Palo Alto Networks,PAN-PA-3220-BND-LAB4,"PA-3220 Lab Unit First Year Service Bundle (Threat Prevention, PANDB URL Filtering, GlobalProtect, WildFire, Standard Support)",1600.0000
Palo Alto Networks,PAN-PA-3220-BND-LAB4-R,"PA-3220 Lab Unit Renewal Service Bundle (Threat Prevention, PANDB URL Filtering, GlobalProtect, WildFire, Standard Support)",1600.0000
Palo Alto Networks,PAN-PA-3220-BND-NFR3,"PA-3220 NFR First Year Service Bundle (Threat Prevention, PANDB and BrightCloud URL Filtering, GlobalProtect, WildFire, Standard
Support)",1600.0000
Palo Alto Networks,PAN-PA-3220-BND-NFR3-R,"PA-3220 NFR Renewal Service Bundle (Threat Prevention, PANDB and BrightCloud URL Filtering, GlobalProtect, WildFire, Standard
Support)",1600.0000
Palo Alto Networks,PAN-PA-3220-BND-NFR4,"PA-3220 NFR First Year Service Bundle (Threat Prevention, PANDB URL Filtering, GlobalProtect, WildFire, Standard Support)",1600.0000
Palo Alto Networks,PAN-PA-3220-BND-NFR4-R,"PA-3220 NFR Renewal Service Bundle (Threat Prevention, PANDB URL Filtering, GlobalProtect, WildFire, Standard Support)",1600.0000
Palo Alto Networks,PAN-PA-3220-GP,"GlobalProtect subscription year 1, PA-3220",3600.0000
Palo Alto Networks,PAN-PA-3220-GP-3YR,"GlobalProtect subscription 3-year prepaid, PA-3220",8650.0000
Palo Alto Networks,PAN-PA-3220-GP-3YR-HA2,"GlobalProtect subscription 3 year prepaid for device in an HA pair, PA-3220",6700.0000
Palo Alto Networks,PAN-PA-3220-GP-3YR-HA2-R,"GlobalProtect subscription 3 year prepaid renewal for device in an HA pair, PA-3220",6700.0000
Palo Alto Networks,PAN-PA-3220-GP-3YR-R,"GlobalProtect subscription 3-year prepaid renewal, PA-3220",8650.0000
Palo Alto Networks,PAN-PA-3220-GP-5YR,"GlobalProtect subscription 5-year prepaid, PA-3220",14400.0000
Palo Alto Networks,PAN-PA-3220-GP-5YR-HA2,"GlobalProtect subscription 5 year prepaid for device in an HA pair, PA-3220",11200.0000
Palo Alto Networks,PAN-PA-3220-GP-5YR-HA2-R,"GlobalProtect subscription 5 year prepaid renewal for device in an HA pair, PA-3220",11200.0000
Palo Alto Networks,PAN-PA-3220-GP-5YR-R,"GlobalProtect subscription 5-year prepaid renewal, PA-3220",14400.0000
Palo Alto Networks,PAN-PA-3220-GP-HA2,"GlobalProtect subscription for device in an HA pair year 1, PA-3220",2525.0000
Palo Alto Networks,PAN-PA-3220-GP-HA2-R,"GlobalProtect subscription for device in an HA pair renewal, PA-3220",2525.0000
Palo Alto Networks,PAN-PA-3220-GP-R,"GlobalProtect subscription renewal, PA-3220",3600.0000
Palo Alto Networks,PAN-PA-3220-LAB,Palo Alto Networks PA-3220 Lab Unit with redundant AC power supplies,7200.0000
Palo Alto Networks,PAN-PA-3220-NFR,Palo Alto Networks PA-3220 NFR Unit with redundant AC power supplies,7200.0000
Palo Alto Networks,PAN-PA-3220-OSS,On-Site Spare Palo Alto Networks PA-3220 with redundant AC power supplies,6800.0000
Palo Alto Networks,PAN-PA-3220-TP,"Threat prevention subscription year 1, PA-3220",3600.0000
Palo Alto Networks,PAN-PA-3220-TP-3YR,"Threat prevention subscription 3-year prepaid, PA-3220",8650.0000
Palo Alto Networks,PAN-PA-3220-TP-3YR-HA2,"Threat prevention subscription 3 year prepaid for device in an HA pair, PA-3220",6700.0000
Palo Alto Networks,PAN-PA-3220-TP-3YR-HA2-R,"Threat prevention subscription 3 year prepaid renewal for device in an HA pair, PA-3220",6700.0000
Palo Alto Networks,PAN-PA-3220-TP-3YR-R,"Threat prevention subscription 3-year prepaid renewal, PA-3220",8650.0000
Palo Alto Networks,PAN-PA-3220-TP-5YR,"Threat prevention subscription 5-year prepaid, PA-3220",14400.0000
Palo Alto Networks,PAN-PA-3220-TP-5YR-HA2,"Threat prevention subscription 5 year prepaid for device in an HA pair, PA-3220",11200.0000
Palo Alto Networks,PAN-PA-3220-TP-5YR-HA2-R,"Threat prevention subscription 5 year prepaid renewal for device in an HA pair, PA-3220",11200.0000
Palo Alto Networks,PAN-PA-3220-TP-5YR-R,"Threat prevention subscription 5-year prepaid renewal, PA-3220",14400.0000
Palo Alto Networks,PAN-PA-3220-TP-HA2,"Threat prevention subscription for device in an HA pair year 1, PA-3220",2525.0000
Palo Alto Networks,PAN-PA-3220-TP-HA2-R,"Threat prevention subscription for device in an HA pair renewal, PA-3220",2525.0000
Palo Alto Networks,PAN-PA-3220-TP-R,"Threat prevention subscription renewal, PA-3220",3600.0000
Palo Alto Networks,PAN-PA-3220-URL2,"BrightCloud URL filtering subscription year 1, PA-3220",3600.0000
Palo Alto Networks,PAN-PA-3220-URL2-3YR,"BrightCloud URL filtering subscription 3-year prepaid, PA-3220",8650.0000
Palo Alto Networks,PAN-PA-3220-URL2-3YR-HA2,"BrightCloud URL filtering subscription 3 year prepaid for device in an HA pair, PA-3220",6700.0000
Palo Alto Networks,PAN-PA-3220-URL2-3YR-HA2-R,"BrightCloud URL filtering subscription 3 year prepaid renewal for device in an HA pair, PA-3220",6700.0000
Palo Alto Networks,PAN-PA-3220-URL2-3YR-R,"BrightCloud URL filtering subscription 3-year prepaid renewal, PA-3220",8650.0000
Palo Alto Networks,PAN-PA-3220-URL2-HA2,"BrightCloud URL filtering subscription for device in an HA pair year 1, PA-3220",2525.0000
Palo Alto Networks,PAN-PA-3220-URL2-HA2-R,"BrightCloud URL filtering subscription for device in an HA pair renewal, PA-3220",2525.0000
Palo Alto Networks,PAN-PA-3220-URL2-R,"BrightCloud URL filtering subscription renewal, PA-3220",3600.0000
Palo Alto Networks,PAN-PA-3220-URL4,"PANDB URL filtering subscription year 1, PA-3220",3600.0000
Palo Alto Networks,PAN-PA-3220-URL4-3YR,"PANDB URL filtering subscription 3-year prepaid, PA-3220",8650.0000
Palo Alto Networks,PAN-PA-3220-URL4-3YR-HA2,"PANDB URL filtering subscription 3 year prepaid for device in an HA pair, PA-3220",6700.0000
Palo Alto Networks,PAN-PA-3220-URL4-3YR-HA2-R,"PANDB URL filtering subscription 3 year prepaid renewal for device in an HA pair, PA-3220",6700.0000
Palo Alto Networks,PAN-PA-3220-URL4-3YR-R,"PANDB URL filtering subscription 3-year prepaid renewal, PA-3220",8650.0000
Palo Alto Networks,PAN-PA-3220-URL4-5YR,"PANDB URL filtering subscription 5-year prepaid, PA-3220",14400.0000
Palo Alto Networks,PAN-PA-3220-URL4-5YR-HA2,"PANDB URL filtering subscription 5 year prepaid for device in an HA pair, PA-3220",11200.0000
Palo Alto Networks,PAN-PA-3220-URL4-5YR-HA2-R,"PANDB URL filtering subscription 5 year prepaid renewal for device in an HA pair, PA-3220",11200.0000
Palo Alto Networks,PAN-PA-3220-URL4-5YR-R,"PANDB URL filtering subscription 5-year prepaid renewal, PA-3220",14400.0000
Palo Alto Networks,PAN-PA-3220-URL4-HA2,"PANDB URL filtering subscription for device in an HA pair year 1, PA-3220",2525.0000
Palo Alto Networks,PAN-PA-3220-URL4-HA2-R,"PANDB URL filtering subscription for device in an HA pair renewal, PA-3220",2525.0000
Palo Alto Networks,PAN-PA-3220-URL4-R,"PANDB URL filtering subscription renewal, PA-3220",3600.0000
Palo Alto Networks,PAN-PA-3220-USG-BND-LAB3,"PA-3220 Lab Unit First Year Service Bundle (Threat Prevention, BrightCloud URL Filtering, GlobalProtect, WildFire, US Government
standard support)",1800.0000
Palo Alto Networks,PAN-PA-3220-USG-BND-LAB3-R,"PA-3220 Lab Unit Renewal Service Bundle (Threat Prevention, BrightCloud URL Filtering, GlobalProtect, WildFire, US Government
standard support)",1800.0000
Palo Alto Networks,PAN-PA-3220-USG-BND-LAB4,"PA-3220 Lab Unit First Year Service Bundle (Threat Prevention, PANDB URL Filtering, GlobalProtect, WildFire, US Government standard
support)",1800.0000
Palo Alto Networks,PAN-PA-3220-USG-BND-LAB4-R,"PA-3220 Lab Unit Renewal Service Bundle (Threat Prevention, PANDB URL Filtering, GlobalProtect, WildFire, US Government standard
support)",1800.0000
,,,
Palo Alto Networks,PAN-PA-3220-USG-BND-NFR3,"PA-3220 NFR First Year Service Bundle (Threat Prevention, PANDB and BrightCloud URL Filtering, GlobalProtect, WildFire, US
Government standard support)",1800.0000
Palo Alto Networks,PAN-PA-3220-USG-BND-NFR3-R,"PA-3220 NFR Renewal Service Bundle (Threat Prevention, PANDB and BrightCloud URL Filtering, GlobalProtect, WildFire, US
Government standard support)",1800.0000
Palo Alto Networks,PAN-PA-3220-USG-BND-NFR4,"PA-3220 NFR First Year Service Bundle (Threat Prevention, PANDB URL Filtering, GlobalProtect, WildFire, US Government standard
support)",1800.0000
Palo Alto Networks,PAN-PA-3220-USG-BND-NFR4-R,"PA-3220 NFR Renewal Service Bundle (Threat Prevention, PANDB URL Filtering, GlobalProtect, WildFire, US Government standard
support)",1800.0000
Palo Alto Networks,PAN-PA-3220-VSYS-5,Virtual systems upgrade - Additional 5 virtual systems (1 to 6) for PA-3220,7500.0000
Palo Alto Networks,PAN-PA-3220-WF,"WildFire subscription year 1, PA-3220",3600.0000
Palo Alto Networks,PAN-PA-3220-WF-3YR,"WildFire subscription 3-year prepaid, PA-3220",8650.0000
Palo Alto Networks,PAN-PA-3220-WF-3YR-HA2,"WildFire subscription 3 year prepaid for device in an HA pair, PA-3220",6700.0000
Palo Alto Networks,PAN-PA-3220-WF-3YR-HA2-R,"WildFire subscription 3 year prepaid renewal for device in an HA pair, PA-3220",6700.0000
Palo Alto Networks,PAN-PA-3220-WF-3YR-R,"WildFire subscription 3-year prepaid renewal, PA-3220",8650.0000
Palo Alto Networks,PAN-PA-3220-WF-5YR,"WildFire subscription 5-year prepaid, PA-3220",14400.0000
Palo Alto Networks,PAN-PA-3220-WF-5YR-HA2,"WildFire subscription 5 year prepaid for device in an HA pair, PA-3220",11200.0000
Palo Alto Networks,PAN-PA-3220-WF-5YR-HA2-R,"WildFire subscription 5 year prepaid renewal for device in an HA pair, PA-3220",11200.0000
Palo Alto Networks,PAN-PA-3220-WF-5YR-R,"WildFire subscription 5-year prepaid renewal, PA-3220",14400.0000
Palo Alto Networks,PAN-PA-3220-WF-HA2,"WildFire subscription for device in an HA pair year 1, PA-3220",2525.0000
Palo Alto Networks,PAN-PA-3220-WF-HA2-R,"WildFire subscription for device in an HA pair renewal, PA-3220",2525.0000
Palo Alto Networks,PAN-PA-3220-WF-R,"WildFire subscription renewal, PA-3220",3600.0000
Palo Alto Networks,PAN-PA-3250,Palo Alto Networks PA-3250 with redundant AC power supplies,25000.0000
Palo Alto Networks,PAN-PA-3250-BND-LAB3,"PA-3250 Lab Unit First Year Service Bundle (Threat Prevention, BrightCloud URL Filtering, GlobalProtect, WildFire, Standard Support)",2100.0000
Palo Alto Networks,PAN-PA-3250-BND-LAB3-R,"PA-3250 Lab Unit Renewal Service Bundle (Threat Prevention, BrightCloud URL Filtering, GlobalProtect, WildFire, Standard Support)",2100.0000
Palo Alto Networks,PAN-PA-3250-BND-LAB4,"PA-3250 Lab Unit First Year Service Bundle (Threat Prevention, PANDB URL Filtering, GlobalProtect, WildFire, Standard Support)",2100.0000
Palo Alto Networks,PAN-PA-3250-BND-LAB4-R,"PA-3250 Lab Unit Renewal Service Bundle (Threat Prevention, PANDB URL Filtering, GlobalProtect, WildFire, Standard Support)",2100.0000
Palo Alto Networks,PAN-PA-3250-BND-NFR3,"PA-3250 NFR First Year Service Bundle (Threat Prevention, PANDB and BrightCloud URL Filtering, GlobalProtect, WildFire, Standard
Support)",2100.0000
Palo Alto Networks,PAN-PA-3250-BND-NFR3-R,"PA-3250 NFR Renewal Service Bundle (Threat Prevention, PANDB and BrightCloud URL Filtering, GlobalProtect, WildFire, Standard
Support)",2100.0000
Palo Alto Networks,PAN-PA-3250-BND-NFR4,"PA-3250 NFR First Year Service Bundle (Threat Prevention, PANDB URL Filtering, GlobalProtect, WildFire, Standard Support)",2100.0000
Palo Alto Networks,PAN-PA-3250-BND-NFR4-R,"PA-3250 NFR Renewal Service Bundle (Threat Prevention, PANDB URL Filtering, GlobalProtect, WildFire, Standard Support)",2100.0000
Palo Alto Networks,PAN-PA-3250-GP,"GlobalProtect subscription year 1, PA-3250",5000.0000
Palo Alto Networks,PAN-PA-3250-GP-3YR,"GlobalProtect subscription 3-year prepaid, PA-3250",12000.0000
Palo Alto Networks,PAN-PA-3250-GP-3YR-HA2,"GlobalProtect subscription 3 year prepaid for device in an HA pair, PA-3250",9300.0000
Palo Alto Networks,PAN-PA-3250-GP-3YR-HA2-R,"GlobalProtect subscription 3 year prepaid renewal for device in an HA pair, PA-3250",9300.0000
Palo Alto Networks,PAN-PA-3250-GP-3YR-R,"GlobalProtect subscription 3-year prepaid renewal, PA-3250",12000.0000
Palo Alto Networks,PAN-PA-3250-GP-5YR,"GlobalProtect subscription 5-year prepaid, PA-3250",20000.0000
Palo Alto Networks,PAN-PA-3250-GP-5YR-HA2,"GlobalProtect subscription 5 year prepaid for device in an HA pair, PA-3250",15400.0000
Palo Alto Networks,PAN-PA-3250-GP-5YR-HA2-R,"GlobalProtect subscription 5 year prepaid renewal for device in an HA pair, PA-3250",15400.0000
Palo Alto Networks,PAN-PA-3250-GP-5YR-R,"GlobalProtect subscription 5-year prepaid renewal, PA-3250",20000.0000
Palo Alto Networks,PAN-PA-3250-GP-HA2,"GlobalProtect subscription for device in an HA pair year 1, PA-3250",3500.0000
Palo Alto Networks,PAN-PA-3250-GP-HA2-R,"GlobalProtect subscription for device in an HA pair renewal, PA-3250",3500.0000
Palo Alto Networks,PAN-PA-3250-GP-R,"GlobalProtect subscription renewal, PA-3250",5000.0000
Palo Alto Networks,PAN-PA-3250-LAB,Palo Alto Networks PA-3250 Lab Unit with redundant AC power supplies,10000.0000
Palo Alto Networks,PAN-PA-3250-NFR,Palo Alto Networks PA-3250 NFR Unit with redundant AC power supplies,10000.0000
Palo Alto Networks,PAN-PA-3250-OSS,On-Site Spare Palo Alto Networks PA-3250 with redundant AC power supplies,9400.0000
Palo Alto Networks,PAN-PA-3250-TP,"Threat prevention subscription year 1, PA-3250",5000.0000
Palo Alto Networks,PAN-PA-3250-TP-3YR,"Threat prevention subscription 3-year prepaid, PA-3250",12000.0000
Palo Alto Networks,PAN-PA-3250-TP-3YR-HA2,"Threat prevention subscription 3 year prepaid for device in an HA pair, PA-3250",9300.0000
Palo Alto Networks,PAN-PA-3250-TP-3YR-HA2-R,"Threat prevention subscription 3 year prepaid renewal for device in an HA pair, PA-3250",9300.0000
Palo Alto Networks,PAN-PA-3250-TP-3YR-R,"Threat prevention subscription 3-year prepaid renewal, PA-3250",12000.0000
Palo Alto Networks,PAN-PA-3250-TP-5YR,"Threat prevention subscription 5-year prepaid, PA-3250",20000.0000
Palo Alto Networks,PAN-PA-3250-TP-5YR-HA2,"Threat prevention subscription 5 year prepaid for device in an HA pair, PA-3250",15400.0000
Palo Alto Networks,PAN-PA-3250-TP-5YR-HA2-R,"Threat prevention subscription 5 year prepaid renewal for device in an HA pair, PA-3250",15400.0000
Palo Alto Networks,PAN-PA-3250-TP-5YR-R,"Threat prevention subscription 5-year prepaid renewal, PA-3250",20000.0000
Palo Alto Networks,PAN-PA-3250-TP-HA2,"Threat prevention subscription for device in an HA pair year 1, PA-3250",3500.0000
Palo Alto Networks,PAN-PA-3250-TP-HA2-R,"Threat prevention subscription for device in an HA pair renewal, PA-3250",3500.0000
Palo Alto Networks,PAN-PA-3250-TP-R,"Threat prevention subscription renewal, PA-3250",5000.0000
Palo Alto Networks,PAN-PA-3250-URL2,"BrightCloud URL filtering subscription year 1, PA-3250",5000.0000
Palo Alto Networks,PAN-PA-3250-URL2-3YR,"BrightCloud URL filtering subscription 3-year prepaid, PA-3250",12000.0000
Palo Alto Networks,PAN-PA-3250-URL2-3YR-HA2,"BrightCloud URL filtering subscription 3 year prepaid for device in an HA pair, PA-3250",9300.0000
Palo Alto Networks,PAN-PA-3250-URL2-3YR-HA2-R,"BrightCloud URL filtering subscription 3 year prepaid renewal for device in an HA pair, PA-3250",9300.0000
Palo Alto Networks,PAN-PA-3250-URL2-3YR-R,"BrightCloud URL filtering subscription 3-year prepaid renewal, PA-3250",12000.0000
Palo Alto Networks,PAN-PA-3250-URL2-HA2,"BrightCloud URL filtering subscription for device in an HA pair year 1, PA-3250",3500.0000
Palo Alto Networks,PAN-PA-3250-URL2-HA2-R,"BrightCloud URL filtering subscription for device in an HA pair renewal, PA-3250",3500.0000
Palo Alto Networks,PAN-PA-3250-URL2-R,"BrightCloud URL filtering subscription renewal, PA-3250",5000.0000
Palo Alto Networks,PAN-PA-3250-URL4,"PANDB URL filtering subscription year 1, PA-3250",5000.0000
Palo Alto Networks,PAN-PA-3250-URL4-3YR,"PANDB URL filtering subscription 3-year prepaid, PA-3250",12000.0000
Palo Alto Networks,PAN-PA-3250-URL4-3YR-HA2,"PANDB URL filtering subscription 3 year prepaid for device in an HA pair, PA-3250",9300.0000
Palo Alto Networks,PAN-PA-3250-URL4-3YR-HA2-R,"PANDB URL filtering subscription 3 year prepaid renewal for device in an HA pair, PA-3250",9300.0000
Palo Alto Networks,PAN-PA-3250-URL4-3YR-R,"PANDB URL filtering subscription 3-year prepaid renewal, PA-3250",12000.0000
Palo Alto Networks,PAN-PA-3250-URL4-5YR,"PANDB URL filtering subscription 5-year prepaid, PA-3250",20000.0000
Palo Alto Networks,PAN-PA-3250-URL4-5YR-HA2,"PANDB URL filtering subscription 5 year prepaid for device in an HA pair, PA-3250",15400.0000
Palo Alto Networks,PAN-PA-3250-URL4-5YR-HA2-R,"PANDB URL filtering subscription 5 year prepaid renewal for device in an HA pair, PA-3250",15400.0000
Palo Alto Networks,PAN-PA-3250-URL4-5YR-R,"PANDB URL filtering subscription 5-year prepaid renewal, PA-3250",20000.0000
Palo Alto Networks,PAN-PA-3250-URL4-HA2,"PANDB URL filtering subscription for device in an HA pair year 1, PA-3250",3500.0000
Palo Alto Networks,PAN-PA-3250-URL4-HA2-R,"PANDB URL filtering subscription for device in an HA pair renewal, PA-3250",3500.0000
Palo Alto Networks,PAN-PA-3250-URL4-R,"PANDB URL filtering subscription renewal, PA-3250",5000.0000
Palo Alto Networks,PAN-PA-3250-USG-BND-LAB3,"PA-3250 Lab Unit First Year Service Bundle (Threat Prevention, BrightCloud URL Filtering, GlobalProtect, WildFire, US Government
standard support)",2500.0000
Palo Alto Networks,PAN-PA-3250-USG-BND-LAB3-R,"PA-3250 Lab Unit Renewal Service Bundle (Threat Prevention, BrightCloud URL Filtering, GlobalProtect, WildFire, US Government
standard support)",2500.0000
Palo Alto Networks,PAN-PA-3250-USG-BND-LAB4,"PA-3250 Lab Unit First Year Service Bundle (Threat Prevention, PANDB URL Filtering, GlobalProtect, WildFire, US Government standard
support)",2500.0000
Palo Alto Networks,PAN-PA-3250-USG-BND-LAB4-R,"PA-3250 Lab Unit Renewal Service Bundle (Threat Prevention, PANDB URL Filtering, GlobalProtect, WildFire, US Government standard
support)",2500.0000
Palo Alto Networks,PAN-PA-3250-USG-BND-NFR3,"PA-3250 NFR First Year Service Bundle (Threat Prevention, PANDB and BrightCloud URL Filtering, GlobalProtect, WildFire, US
Government standard support)",2500.0000
,,,
Palo Alto Networks,PAN-PA-3250-USG-BND-NFR3-R,"PA-3250 NFR Renewal Service Bundle (Threat Prevention, PANDB and BrightCloud URL Filtering, GlobalProtect, WildFire, US
Government standard support)",2500.0000
Palo Alto Networks,PAN-PA-3250-USG-BND-NFR4,"PA-3250 NFR First Year Service Bundle (Threat Prevention, PANDB URL Filtering, GlobalProtect, WildFire, US Government standard
support)",2500.0000
Palo Alto Networks,PAN-PA-3250-USG-BND-NFR4-R,"PA-3250 NFR Renewal Service Bundle (Threat Prevention, PANDB URL Filtering, GlobalProtect, WildFire, US Government standard
support)",2500.0000
Palo Alto Networks,PAN-PA-3250-VSYS-5,Virtual systems upgrade - Additional 5 virtual systems (1 to 6) for PA-3250,7500.0000
Palo Alto Networks,PAN-PA-3250-WF,"WildFire subscription year 1, PA-3250",5000.0000
Palo Alto Networks,PAN-PA-3250-WF-3YR,"WildFire subscription 3-year prepaid, PA-3250",12000.0000
Palo Alto Networks,PAN-PA-3250-WF-3YR-HA2,"WildFire subscription 3 year prepaid for device in an HA pair, PA-3250",9300.0000
Palo Alto Networks,PAN-PA-3250-WF-3YR-HA2-R,"WildFire subscription 3 year prepaid renewal for device in an HA pair, PA-3250",9300.0000
Palo Alto Networks,PAN-PA-3250-WF-3YR-R,"WildFire subscription 3-year prepaid renewal, PA-3250",12000.0000
Palo Alto Networks,PAN-PA-3250-WF-5YR,"WildFire subscription 5-year prepaid, PA-3250",20000.0000
Palo Alto Networks,PAN-PA-3250-WF-5YR-HA2,"WildFire subscription 5 year prepaid for device in an HA pair, PA-3250",15400.0000
Palo Alto Networks,PAN-PA-3250-WF-5YR-HA2-R,"WildFire subscription 5 year prepaid renewal for device in an HA pair, PA-3250",15400.0000
Palo Alto Networks,PAN-PA-3250-WF-5YR-R,"WildFire subscription 5-year prepaid renewal, PA-3250",20000.0000
Palo Alto Networks,PAN-PA-3250-WF-HA2,"WildFire subscription for device in an HA pair year 1, PA-3250",3500.0000
Palo Alto Networks,PAN-PA-3250-WF-HA2-R,"WildFire subscription for device in an HA pair renewal, PA-3250",3500.0000
Palo Alto Networks,PAN-PA-3250-WF-R,"WildFire subscription renewal, PA-3250",5000.0000
Palo Alto Networks,PAN-PA-3260,Palo Alto Networks PA-3260 with redundant AC power supplies,36000.0000
Palo Alto Networks,PAN-PA-3260-BND-LAB3,"PA-3260 Lab Unit First Year Service Bundle (Threat Prevention, BrightCloud URL Filtering, GlobalProtect, WildFire, Standard Support)",3100.0000
Palo Alto Networks,PAN-PA-3260-BND-LAB3-R,"PA-3260 Lab Unit Renewal Service Bundle (Threat Prevention, BrightCloud URL Filtering, GlobalProtect, WildFire, Standard Support)",3100.0000
Palo Alto Networks,PAN-PA-3260-BND-LAB4,"PA-3260 Lab Unit First Year Service Bundle (Threat Prevention, PANDB URL Filtering, GlobalProtect, WildFire, Standard Support)",3100.0000
Palo Alto Networks,PAN-PA-3260-BND-LAB4-R,"PA-3260 Lab Unit Renewal Service Bundle (Threat Prevention, PANDB URL Filtering, GlobalProtect, WildFire, Standard Support)",3100.0000
Palo Alto Networks,PAN-PA-3260-BND-NFR3,"PA-3260 NFR First Year Service Bundle (Threat Prevention, PANDB and BrightCloud URL Filtering, GlobalProtect, WildFire, Standard
Support)",3100.0000
Palo Alto Networks,PAN-PA-3260-BND-NFR3-R,"PA-3260 NFR Renewal Service Bundle (Threat Prevention, PANDB and BrightCloud URL Filtering, GlobalProtect, WildFire, Standard
Support)",3100.0000
Palo Alto Networks,PAN-PA-3260-BND-NFR4,"PA-3260 NFR First Year Service Bundle (Threat Prevention, PANDB URL Filtering, GlobalProtect, WildFire, Standard Support)",3100.0000
Palo Alto Networks,PAN-PA-3260-BND-NFR4-R,"PA-3260 NFR Renewal Service Bundle (Threat Prevention, PANDB URL Filtering, GlobalProtect, WildFire, Standard Support)",3100.0000
Palo Alto Networks,PAN-PA-3260-GP,"GlobalProtect subscription year 1, PA-3260",7200.0000
Palo Alto Networks,PAN-PA-3260-GP-3YR,"GlobalProtect subscription 3-year prepaid, PA-3260",17275.0000
Palo Alto Networks,PAN-PA-3260-GP-3YR-HA2,"GlobalProtect subscription 3 year prepaid for device in an HA pair, PA-3260",13400.0000
Palo Alto Networks,PAN-PA-3260-GP-3YR-HA2-R,"GlobalProtect subscription 3 year prepaid renewal for device in an HA pair, PA-3260",13400.0000
Palo Alto Networks,PAN-PA-3260-GP-3YR-R,"GlobalProtect subscription 3-year prepaid renewal, PA-3260",17275.0000
Palo Alto Networks,PAN-PA-3260-GP-5YR,"GlobalProtect subscription 5-year prepaid, PA-3260",28800.0000
Palo Alto Networks,PAN-PA-3260-GP-5YR-HA2,"GlobalProtect subscription 5 year prepaid for device in an HA pair, PA-3260",22300.0000
Palo Alto Networks,PAN-PA-3260-GP-5YR-HA2-R,"GlobalProtect subscription 5 year prepaid renewal for device in an HA pair, PA-3260",22300.0000
Palo Alto Networks,PAN-PA-3260-GP-5YR-R,"GlobalProtect subscription 5-year prepaid renewal, PA-3260",28800.0000
Palo Alto Networks,PAN-PA-3260-GP-HA2,"GlobalProtect subscription for device in an HA pair year 1, PA-3260",5050.0000
Palo Alto Networks,PAN-PA-3260-GP-HA2-R,"GlobalProtect subscription for device in an HA pair renewal, PA-3260",5050.0000
Palo Alto Networks,PAN-PA-3260-GP-R,"GlobalProtect subscription renewal, PA-3260",7200.0000
Palo Alto Networks,PAN-PA-3260-LAB,Palo Alto Networks PA-3260 Lab Unit with redundant AC power supplies,14400.0000
Palo Alto Networks,PAN-PA-3260-NFR,Palo Alto Networks PA-3260 NFR Unit with redundant AC power supplies,14400.0000
Palo Alto Networks,PAN-PA-3260-OSS,On-Site Spare Palo Alto Networks PA-3260 with redundant AC power supplies,13500.0000
Palo Alto Networks,PAN-PA-3260-TP,"Threat prevention subscription year 1, PA-3260",7200.0000
Palo Alto Networks,PAN-PA-3260-TP-3YR,"Threat prevention subscription 3-year prepaid, PA-3260",17275.0000
Palo Alto Networks,PAN-PA-3260-TP-3YR-HA2,"Threat prevention subscription 3 year prepaid for device in an HA pair, PA-3260",13400.0000
Palo Alto Networks,PAN-PA-3260-TP-3YR-HA2-R,"Threat prevention subscription 3 year prepaid renewal for device in an HA pair, PA-3260",13400.0000
Palo Alto Networks,PAN-PA-3260-TP-3YR-R,"Threat prevention subscription 3-year prepaid renewal, PA-3260",17275.0000
Palo Alto Networks,PAN-PA-3260-TP-5YR,"Threat prevention subscription 5-year prepaid, PA-3260",28800.0000
Palo Alto Networks,PAN-PA-3260-TP-5YR-HA2,"Threat prevention subscription 5 year prepaid for device in an HA pair, PA-3260",22300.0000
Palo Alto Networks,PAN-PA-3260-TP-5YR-HA2-R,"Threat prevention subscription 5 year prepaid renewal for device in an HA pair, PA-3260",22300.0000
Palo Alto Networks,PAN-PA-3260-TP-5YR-R,"Threat prevention subscription 5-year prepaid renewal, PA-3260",28800.0000
Palo Alto Networks,PAN-PA-3260-TP-HA2,"Threat prevention subscription for device in an HA pair year 1, PA-3260",5050.0000
Palo Alto Networks,PAN-PA-3260-TP-HA2-R,"Threat prevention subscription for device in an HA pair renewal, PA-3260",5050.0000
Palo Alto Networks,PAN-PA-3260-TP-R,"Threat prevention subscription renewal, PA-3260",7200.0000
Palo Alto Networks,PAN-PA-3260-URL2,"BrightCloud URL filtering subscription year 1, PA-3260",7200.0000
Palo Alto Networks,PAN-PA-3260-URL2-3YR,"BrightCloud URL filtering subscription 3-year prepaid, PA-3260",17275.0000
Palo Alto Networks,PAN-PA-3260-URL2-3YR-HA2,"BrightCloud URL filtering subscription 3 year prepaid for device in an HA pair, PA-3260",13400.0000
Palo Alto Networks,PAN-PA-3260-URL2-3YR-HA2-R,"BrightCloud URL filtering subscription 3 year prepaid renewal for device in an HA pair, PA-3260",13400.0000
Palo Alto Networks,PAN-PA-3260-URL2-3YR-R,"BrightCloud URL filtering subscription 3-year prepaid renewal, PA-3260",17275.0000
Palo Alto Networks,PAN-PA-3260-URL2-HA2,"BrightCloud URL filtering subscription for device in an HA pair year 1, PA-3260",5050.0000
Palo Alto Networks,PAN-PA-3260-URL2-HA2-R,"BrightCloud URL filtering subscription for device in an HA pair renewal, PA-3260",5050.0000
Palo Alto Networks,PAN-PA-3260-URL2-R,"BrightCloud URL filtering subscription renewal, PA-3260",7200.0000
Palo Alto Networks,PAN-PA-3260-URL4,"PANDB URL filtering subscription year 1, PA-3260",7200.0000
Palo Alto Networks,PAN-PA-3260-URL4-3YR,"PANDB URL filtering subscription 3-year prepaid, PA-3260",17275.0000
Palo Alto Networks,PAN-PA-3260-URL4-3YR-HA2,"PANDB URL filtering subscription 3 year prepaid for device in an HA pair, PA-3260",13400.0000
Palo Alto Networks,PAN-PA-3260-URL4-3YR-HA2-R,"PANDB URL filtering subscription 3 year prepaid renewal for device in an HA pair, PA-3260",13400.0000
Palo Alto Networks,PAN-PA-3260-URL4-3YR-R,"PANDB URL filtering subscription 3-year prepaid renewal, PA-3260",17275.0000
Palo Alto Networks,PAN-PA-3260-URL4-5YR,"PANDB URL filtering subscription 5-year prepaid, PA-3260",28800.0000
Palo Alto Networks,PAN-PA-3260-URL4-5YR-HA2,"PANDB URL filtering subscription 5 year prepaid for device in an HA pair, PA-3260",22300.0000
Palo Alto Networks,PAN-PA-3260-URL4-5YR-HA2-R,"PANDB URL filtering subscription 5 year prepaid renewal for device in an HA pair, PA-3260",22300.0000
Palo Alto Networks,PAN-PA-3260-URL4-5YR-R,"PANDB URL filtering subscription 5-year prepaid renewal, PA-3260",28800.0000
Palo Alto Networks,PAN-PA-3260-URL4-HA2,"PANDB URL filtering subscription for device in an HA pair year 1, PA-3260",5050.0000
Palo Alto Networks,PAN-PA-3260-URL4-HA2-R,"PANDB URL filtering subscription for device in an HA pair renewal, PA-3260",5050.0000
Palo Alto Networks,PAN-PA-3260-URL4-R,"PANDB URL filtering subscription renewal, PA-3260",7200.0000
Palo Alto Networks,PAN-PA-3260-USG-BND-LAB3,"PA-3260 Lab Unit First Year Service Bundle (Threat Prevention, BrightCloud URL Filtering, GlobalProtect, WildFire, US Government
standard support)",3600.0000
Palo Alto Networks,PAN-PA-3260-USG-BND-LAB3-R,"PA-3260 Lab Unit Renewal Service Bundle (Threat Prevention, BrightCloud URL Filtering, GlobalProtect, WildFire, US Government
standard support)",3600.0000
Palo Alto Networks,PAN-PA-3260-USG-BND-LAB4,"PA-3260 Lab Unit First Year Service Bundle (Threat Prevention, PANDB URL Filtering, GlobalProtect, WildFire, US Government standard
support)",3600.0000
Palo Alto Networks,PAN-PA-3260-USG-BND-LAB4-R,"PA-3260 Lab Unit Renewal Service Bundle (Threat Prevention, PANDB URL Filtering, GlobalProtect, WildFire, US Government standard
support)",3600.0000
Palo Alto Networks,PAN-PA-3260-USG-BND-NFR3,"PA-3260 NFR First Year Service Bundle (Threat Prevention, PANDB and BrightCloud URL Filtering, GlobalProtect, WildFire, US
Government standard support)",3600.0000
Palo Alto Networks,PAN-PA-3260-USG-BND-NFR3-R,"PA-3260 NFR Renewal Service Bundle (Threat Prevention, PANDB and BrightCloud URL Filtering, GlobalProtect, WildFire, US
Government standard support)",3600.0000
,,,
Palo Alto Networks,PAN-PA-3260-USG-BND-NFR4,"PA-3260 NFR First Year Service Bundle (Threat Prevention, PANDB URL Filtering, GlobalProtect, WildFire, US Government standard
support)",3600.0000
Palo Alto Networks,PAN-PA-3260-USG-BND-NFR4-R,"PA-3260 NFR Renewal Service Bundle (Threat Prevention, PANDB URL Filtering, GlobalProtect, WildFire, US Government standard
support)",3600.0000
Palo Alto Networks,PAN-PA-3260-VSYS-5,Virtual systems upgrade - Additional 5 virtual systems (1 to 6) for PA-3260,7500.0000
Palo Alto Networks,PAN-PA-3260-WF,"WildFire subscription year 1, PA-3260",7200.0000
Palo Alto Networks,PAN-PA-3260-WF-3YR,"WildFire subscription 3-year prepaid, PA-3260",17275.0000
Palo Alto Networks,PAN-PA-3260-WF-3YR-HA2,"WildFire subscription 3 year prepaid for device in an HA pair, PA-3260",13400.0000
Palo Alto Networks,PAN-PA-3260-WF-3YR-HA2-R,"WildFire subscription 3 year prepaid renewal for device in an HA pair, PA-3260",13400.0000
Palo Alto Networks,PAN-PA-3260-WF-3YR-R,"WildFire subscription 3-year prepaid renewal, PA-3260",17275.0000
Palo Alto Networks,PAN-PA-3260-WF-5YR,"WildFire subscription 5-year prepaid, PA-3260",28800.0000
Palo Alto Networks,PAN-PA-3260-WF-5YR-HA2,"WildFire subscription 5 year prepaid for device in an HA pair, PA-3260",22300.0000
Palo Alto Networks,PAN-PA-3260-WF-5YR-HA2-R,"WildFire subscription 5 year prepaid renewal for device in an HA pair, PA-3260",22300.0000
Palo Alto Networks,PAN-PA-3260-WF-5YR-R,"WildFire subscription 5-year prepaid renewal, PA-3260",28800.0000
Palo Alto Networks,PAN-PA-3260-WF-HA2,"WildFire subscription for device in an HA pair year 1, PA-3260",5050.0000
Palo Alto Networks,PAN-PA-3260-WF-HA2-R,"WildFire subscription for device in an HA pair renewal, PA-3260",5050.0000
Palo Alto Networks,PAN-PA-3260-WF-R,"WildFire subscription renewal, PA-3260",7200.0000
Palo Alto Networks,PAN-PA-5280-AC,Palo Alto Networks PA-5280 with redundant AC power supplies,200000.0000
Palo Alto Networks,PAN-PA-5280-AC-LAB,Palo Alto Networks PA-5280 Lab Unit with redundant AC power supplies,80000.0000
Palo Alto Networks,PAN-PA-5280-AC-NFR,Palo Alto Networks PA-5280 NFR Unit with redundant AC power supplies,80000.0000
Palo Alto Networks,PAN-PA-5280-AC-OSS,On-Site Spare Palo Alto Networks PA-5280 with redundant AC power supplies,75000.0000
Palo Alto Networks,PAN-PA-5280-BND-LAB3,"PA-5280 Lab Unit First Year Service Bundle (Threat Prevention, BrightCloud URL Filtering, GlobalProtect, WildFire, Standard Support)",17600.0000
Palo Alto Networks,PAN-PA-5280-BND-LAB3-R,"PA-5280 Lab Unit Renewal Service Bundle (Threat Prevention, BrightCloud URL Filtering, GlobalProtect, WildFire, Standard Support)",17600.0000
Palo Alto Networks,PAN-PA-5280-BND-LAB4,"PA-5280 Lab Unit First Year Service Bundle (Threat Prevention, PANDB URL Filtering, GlobalProtect, WildFire, Standard Support)",17600.0000
Palo Alto Networks,PAN-PA-5280-BND-LAB4-R,"PA-5280 Lab Unit Renewal Service Bundle (Threat Prevention, PANDB URL Filtering, GlobalProtect, WildFire, Standard Support)",17600.0000
Palo Alto Networks,PAN-PA-5280-BND-NFR3,"PA-5280 NFR First Year Service Bundle (Threat Prevention, PANDB and BrightCloud URL Filtering, GlobalProtect, WildFire, Standard
Support)",17600.0000
Palo Alto Networks,PAN-PA-5280-BND-NFR3-R,"PA-5280 NFR Renewal Service Bundle (Threat Prevention, PANDB and BrightCloud URL Filtering, GlobalProtect, WildFire, Standard
Support)",17600.0000
Palo Alto Networks,PAN-PA-5280-BND-NFR4,"PA-5280 NFR First Year Service Bundle (Threat Prevention, PANDB URL Filtering, GlobalProtect, WildFire, Standard Support)",17600.0000
Palo Alto Networks,PAN-PA-5280-BND-NFR4-R,"PA-5280 NFR Renewal Service Bundle (Threat Prevention, PANDB URL Filtering, GlobalProtect, WildFire, Standard Support)",17600.0000
Palo Alto Networks,PAN-PA-5280-DC,Palo Alto Networks PA-5280 with redundant DC power supplies,200000.0000
Palo Alto Networks,PAN-PA-5280-DC-LAB,Palo Alto Networks PA-5280 Lab Unit with redundant DC power supplies,80000.0000
Palo Alto Networks,PAN-PA-5280-DC-NFR,Palo Alto Networks PA-5280 NFR Unit with redundant DC power supplies,80000.0000
Palo Alto Networks,PAN-PA-5280-DC-OSS,Palo Alto Networks PA-5280 with redundant DC power supplies,75000.0000
Palo Alto Networks,PAN-PA-5280-GP,"GlobalProtect subscription year 1, PA-5280",40000.0000
Palo Alto Networks,PAN-PA-5280-GP-3YR,"GlobalProtect subscription 3-year prepaid, PA-5280",96000.0000
Palo Alto Networks,PAN-PA-5280-GP-3YR-HA2,"GlobalProtect subscription 3 year prepaid for device in an HA pair, PA-5280",74000.0000
Palo Alto Networks,PAN-PA-5280-GP-3YR-HA2-R,"GlobalProtect subscription 3 year prepaid renewal for device in an HA pair, PA-5280",74000.0000
Palo Alto Networks,PAN-PA-5280-GP-3YR-R,"GlobalProtect subscription 3-year prepaid renewal, PA-5280",96000.0000
Palo Alto Networks,PAN-PA-5280-GP-5YR,"GlobalProtect subscription 5-year prepaid, PA-5280",160000.0000
Palo Alto Networks,PAN-PA-5280-GP-5YR-HA2,"GlobalProtect subscription 5 year prepaid for device in an HA pair, PA-5280",123200.0000
Palo Alto Networks,PAN-PA-5280-GP-5YR-HA2-R,"GlobalProtect subscription 5 year prepaid renewal for device in an HA pair, PA-5280",123200.0000
Palo Alto Networks,PAN-PA-5280-GP-5YR-R,"GlobalProtect subscription 5-year prepaid renewal, PA-5280",160000.0000
Palo Alto Networks,PAN-PA-5280-GP-HA2,"GlobalProtect subscription for device in an HA pair year 1, PA-5280",28000.0000
Palo Alto Networks,PAN-PA-5280-GP-HA2-R,"GlobalProtect subscription for device in an HA pair renewal, PA-5280",28000.0000
Palo Alto Networks,PAN-PA-5280-GP-R,"GlobalProtect subscription renewal, PA-5280",40000.0000
Palo Alto Networks,PAN-PA-5280-TP,"Threat prevention subscription year 1, PA-5280",40000.0000
Palo Alto Networks,PAN-PA-5280-TP-3YR,"Threat prevention subscription 3-year prepaid, PA-5280",96000.0000
Palo Alto Networks,PAN-PA-5280-TP-3YR-HA2,"Threat prevention subscription 3 year prepaid for device in an HA pair, PA-5280",74000.0000
Palo Alto Networks,PAN-PA-5280-TP-3YR-HA2-R,"Threat prevention subscription 3 year prepaid renewal for device in an HA pair, PA-5280",74000.0000
Palo Alto Networks,PAN-PA-5280-TP-3YR-R,"Threat prevention subscription 3-year prepaid renewal, PA-5280",96000.0000
Palo Alto Networks,PAN-PA-5280-TP-5YR,"Threat prevention subscription 5-year prepaid, PA-5280",160000.0000
Palo Alto Networks,PAN-PA-5280-TP-5YR-HA2,"Threat prevention subscription 5 year prepaid for device in an HA pair, PA-5280",123200.0000
Palo Alto Networks,PAN-PA-5280-TP-5YR-HA2-R,"Threat prevention subscription 5 year prepaid renewal for device in an HA pair, PA-5280",123200.0000
Palo Alto Networks,PAN-PA-5280-TP-5YR-R,"Threat prevention subscription 5-year prepaid renewal, PA-5280",160000.0000
Palo Alto Networks,PAN-PA-5280-TP-HA2,"Threat prevention subscription for device in an HA pair year 1, PA-5280",28000.0000
Palo Alto Networks,PAN-PA-5280-TP-HA2-R,"Threat prevention subscription for device in an HA pair renewal, PA-5280",28000.0000
Palo Alto Networks,PAN-PA-5280-TP-R,"Threat prevention subscription renewal, PA-5280",40000.0000
Palo Alto Networks,PAN-PA-5280-URL2,"BrightCloud URL filtering subscription year 1, PA-5280",40000.0000
Palo Alto Networks,PAN-PA-5280-URL2-3YR,"BrightCloud URL filtering subscription 3-year prepaid, PA-5280",96000.0000
Palo Alto Networks,PAN-PA-5280-URL2-3YR-HA2,"BrightCloud URL filtering subscription 3 year prepaid for device in an HA pair, PA-5280",74000.0000
Palo Alto Networks,PAN-PA-5280-URL2-3YR-HA2-R,"BrightCloud URL filtering subscription 3 year prepaid renewal for device in an HA pair, PA-5280",74000.0000
Palo Alto Networks,PAN-PA-5280-URL2-3YR-R,"BrightCloud URL filtering subscription 3-year prepaid renewal, PA-5280",96000.0000
Palo Alto Networks,PAN-PA-5280-URL2-HA2,"BrightCloud URL filtering subscription for device in an HA pair year 1, PA-5280",28000.0000
Palo Alto Networks,PAN-PA-5280-URL2-HA2-R,"BrightCloud URL filtering subscription for device in an HA pair renewal, PA-5280",28000.0000
Palo Alto Networks,PAN-PA-5280-URL2-R,"BrightCloud URL filtering subscription renewal, PA-5280",40000.0000
Palo Alto Networks,PAN-PA-5280-URL4,"PANDB URL filtering subscription year 1, PA-5280",40000.0000
Palo Alto Networks,PAN-PA-5280-URL4-3YR,"PANDB URL filtering subscription 3-year prepaid, PA-5280",96000.0000
Palo Alto Networks,PAN-PA-5280-URL4-3YR-HA2,"PANDB URL filtering subscription 3 year prepaid for device in an HA pair, PA-5280",74000.0000
Palo Alto Networks,PAN-PA-5280-URL4-3YR-HA2-R,"PANDB URL filtering subscription 3 year prepaid renewal for device in an HA pair, PA-5280",74000.0000
Palo Alto Networks,PAN-PA-5280-URL4-3YR-R,"PANDB URL filtering subscription 3-year prepaid renewal, PA-5280",96000.0000
Palo Alto Networks,PAN-PA-5280-URL4-5YR,"PANDB URL filtering subscription 5-year prepaid, PA-5280",160000.0000
Palo Alto Networks,PAN-PA-5280-URL4-5YR-HA2,"PANDB URL filtering subscription 5 year prepaid for device in an HA pair, PA-5280",123200.0000
Palo Alto Networks,PAN-PA-5280-URL4-5YR-HA2-R,"PANDB URL filtering subscription 5 year prepaid renewal for device in an HA pair, PA-5280",123200.0000
Palo Alto Networks,PAN-PA-5280-URL4-5YR-R,"PANDB URL filtering subscription 5-year prepaid renewal, PA-5280",160000.0000
Palo Alto Networks,PAN-PA-5280-URL4-HA2,"PANDB URL filtering subscription for device in an HA pair year 1, PA-5280",28000.0000
Palo Alto Networks,PAN-PA-5280-URL4-HA2-R,"PANDB URL filtering subscription for device in an HA pair renewal, PA-5280",28000.0000
Palo Alto Networks,PAN-PA-5280-URL4-R,"PANDB URL filtering subscription renewal, PA-5280",40000.0000
Palo Alto Networks,PAN-PA-5280-USG-BND-LAB3,"PA-5280 Lab Unit First Year Service Bundle (Threat Prevention, BrightCloud URL Filtering, GlobalProtect, WildFire, US Government
standard support)",21100.0000
Palo Alto Networks,PAN-PA-5280-USG-BND-LAB3-R,"PA-5280 Lab Unit Renewal Service Bundle (Threat Prevention, BrightCloud URL Filtering, GlobalProtect, WildFire, US Government
standard support)",21100.0000
Palo Alto Networks,PAN-PA-5280-USG-BND-LAB4,"PA-5280 Lab Unit First Year Service Bundle (Threat Prevention, PANDB URL Filtering, GlobalProtect, WildFire, US Government standard
support)",21100.0000
Palo Alto Networks,PAN-PA-5280-USG-BND-LAB4-R,"PA-5280 Lab Unit Renewal Service Bundle (Threat Prevention, PANDB URL Filtering, GlobalProtect, WildFire, US Government standard
support)",21100.0000
Palo Alto Networks,PAN-PA-5280-USG-BND-NFR3,"PA-5280 NFR First Year Service Bundle (Threat Prevention, PANDB and BrightCloud URL Filtering, GlobalProtect, WildFire, US
Government standard support)",21100.0000
,,,
Palo Alto Networks,PAN-PA-5280-USG-BND-NFR3-R,"PA-5280 NFR Renewal Service Bundle (Threat Prevention, PANDB and BrightCloud URL Filtering, GlobalProtect, WildFire, US
Government standard support)",21100.0000
Palo Alto Networks,PAN-PA-5280-USG-BND-NFR4,"PA-5280 NFR First Year Service Bundle (Threat Prevention, PANDB URL Filtering, GlobalProtect, WildFire, US Government standard
support)",21100.0000
Palo Alto Networks,PAN-PA-5280-USG-BND-NFR4-R,"PA-5280 NFR Renewal Service Bundle (Threat Prevention, PANDB URL Filtering, GlobalProtect, WildFire, US Government standard
support)",21100.0000
Palo Alto Networks,PAN-PA-5280-VSYS-100,Virtual systems upgrade - Additional 100 virtual systems for PA-5280 (max 225 per device),90000.0000
Palo Alto Networks,PAN-PA-5280-VSYS-200,Virtual systems upgrade - Additional 200 virtual systems for PA-5280 (max 225 per device),131500.0000
Palo Alto Networks,PAN-PA-5280-VSYS-50,Virtual systems upgrade - Additional 50 virtual systems for PA-5280 (max 225 per device),62500.0000
Palo Alto Networks,PAN-PA-5280-WF,"WildFire subscription year 1, PA-5280",40000.0000
Palo Alto Networks,PAN-PA-5280-WF-3YR,"WildFire subscription 3-year prepaid, PA-5280",96000.0000
Palo Alto Networks,PAN-PA-5280-WF-3YR-HA2,"WildFire subscription 3 year prepaid for device in an HA pair, PA-5280",74000.0000
Palo Alto Networks,PAN-PA-5280-WF-3YR-HA2-R,"WildFire subscription 3 year prepaid renewal for device in an HA pair, PA-5280",74000.0000
Palo Alto Networks,PAN-PA-5280-WF-3YR-R,"WildFire subscription 3-year prepaid renewal, PA-5280",96000.0000
Palo Alto Networks,PAN-PA-5280-WF-5YR,"WildFire subscription 5-year prepaid, PA-5280",160000.0000
Palo Alto Networks,PAN-PA-5280-WF-5YR-HA2,"WildFire subscription 5 year prepaid for device in an HA pair, PA-5280",123200.0000
Palo Alto Networks,PAN-PA-5280-WF-5YR-HA2-R,"WildFire subscription 5 year prepaid renewal for device in an HA pair, PA-5280",123200.0000
Palo Alto Networks,PAN-PA-5280-WF-5YR-R,"WildFire subscription 5-year prepaid renewal, PA-5280",160000.0000
Palo Alto Networks,PAN-PA-5280-WF-HA2,"WildFire subscription for device in an HA pair year 1, PA-5280",28000.0000
Palo Alto Networks,PAN-PA-5280-WF-HA2-R,"WildFire subscription for device in an HA pair renewal, PA-5280",28000.0000
Palo Alto Networks,PAN-PA-5280-WF-R,"WildFire subscription renewal, PA-5280",40000.0000
Palo Alto Networks,PAN-PA-ACT-220R,"Secondary Market Activation, PA-220R",400.0000
Palo Alto Networks,PAN-PA-ACT-3220,"Secondary Market Activation, PA-3220",2500.0000
Palo Alto Networks,PAN-PA-ACT-3250,"Secondary Market Activation, PA-3250",3500.0000
Palo Alto Networks,PAN-PA-ACT-3260,"Secondary Market Activation, PA-3260",5000.0000
Palo Alto Networks,PAN-PA-ACT-5280,"Secondary Market Activation, PA-5280",28000.0000
Palo Alto Networks,PAN-PA-ACT-M-200,"Secondary Market Activation, M-200",3200.0000
Palo Alto Networks,PAN-PA-ACT-M-600,"Secondary Market Activation, M-600",6300.0000
Palo Alto Networks,PAN-PWR-650W-AC,650W AC power supply for PA-3200 Series,1500.0000
Palo Alto Networks,PAN-PWR-650W-DC,650W DC power supply for PA-3200 Series,1500.0000
Palo Alto Networks,PAN-PWR-750W-AC,M-200 and M-600 750 Watt AC power supply,1500.0000
Palo Alto Networks,PAN-SVC-4HR-220R,"4-Hour Premium support year 1, PA-220R",600.0000
Palo Alto Networks,PAN-SVC-4HR-220R-3YR,"4-Hour Premium support 3-year prepaid, PA-220R",1450.0000
Palo Alto Networks,PAN-SVC-4HR-220R-3YR-R,"4-Hour Premium support 3-year prepaid renewal, PA-220R",1450.0000
Palo Alto Networks,PAN-SVC-4HR-220R-5YR,"4-Hour Premium support 5 year prepaid, PA-220R",2425.0000
Palo Alto Networks,PAN-SVC-4HR-220R-5YR-R,"4-Hour Premium support 5 year prepaid renewal, PA-220R",2425.0000
Palo Alto Networks,PAN-SVC-4HR-220R-R,"4-Hour Premium support renewal, PA-220R",600.0000
Palo Alto Networks,PAN-SVC-4HR-3220,"4-Hour Premium support year 1, PA-3220",3775.0000
Palo Alto Networks,PAN-SVC-4HR-3220-3YR,"4-Hour Premium support 3-year prepaid, PA-3220",9075.0000
Palo Alto Networks,PAN-SVC-4HR-3220-3YR-R,"4-Hour Premium support 3-year prepaid renewal, PA-3220",9075.0000
Palo Alto Networks,PAN-SVC-4HR-3220-5YR,"4-Hour Premium support 5 year prepaid, PA-3220",15125.0000
Palo Alto Networks,PAN-SVC-4HR-3220-5YR-R,"4-Hour Premium support 5 year prepaid renewal, PA-3220",15125.0000
Palo Alto Networks,PAN-SVC-4HR-3220-R,"4-Hour Premium support renewal, PA-3220",3775.0000
Palo Alto Networks,PAN-SVC-4HR-3250,"4-Hour Premium support year 1, PA-3250",5250.0000
Palo Alto Networks,PAN-SVC-4HR-3250-3YR,"4-Hour Premium support 3-year prepaid, PA-3250",12600.0000
Palo Alto Networks,PAN-SVC-4HR-3250-3YR-R,"4-Hour Premium support 3-year prepaid renewal, PA-3250",12600.0000
Palo Alto Networks,PAN-SVC-4HR-3250-5YR,"4-Hour Premium support 5 year prepaid, PA-3250",21000.0000
Palo Alto Networks,PAN-SVC-4HR-3250-5YR-R,"4-Hour Premium support 5 year prepaid renewal, PA-3250",21000.0000
Palo Alto Networks,PAN-SVC-4HR-3250-R,"4-Hour Premium support renewal, PA-3250",5250.0000
Palo Alto Networks,PAN-SVC-4HR-3260,"4-Hour Premium support year 1, PA-3260",7550.0000
Palo Alto Networks,PAN-SVC-4HR-3260-3YR,"4-Hour Premium support 3-year prepaid, PA-3260",18150.0000
Palo Alto Networks,PAN-SVC-4HR-3260-3YR-R,"4-Hour Premium support 3-year prepaid renewal, PA-3260",18150.0000
Palo Alto Networks,PAN-SVC-4HR-3260-5YR,"4-Hour Premium support 5 year prepaid, PA-3260",30250.0000
Palo Alto Networks,PAN-SVC-4HR-3260-5YR-R,"4-Hour Premium support 5 year prepaid renewal, PA-3260",30250.0000
Palo Alto Networks,PAN-SVC-4HR-3260-R,"4-Hour Premium support renewal, PA-3260",7550.0000
Palo Alto Networks,PAN-SVC-4HR-5280,"4-Hour Premium support year 1, PA-5280",42000.0000
Palo Alto Networks,PAN-SVC-4HR-5280-3YR,"4-Hour Premium support 3-year prepaid, PA-5280",100800.0000
Palo Alto Networks,PAN-SVC-4HR-5280-3YR-R,"4-Hour Premium support 3-year prepaid renewal, PA-5280",100800.0000
Palo Alto Networks,PAN-SVC-4HR-5280-5YR,"4-Hour Premium support 5 year prepaid, PA-5280",168000.0000
Palo Alto Networks,PAN-SVC-4HR-5280-5YR-R,"4-Hour Premium support 5 year prepaid renewal, PA-5280",168000.0000
Palo Alto Networks,PAN-SVC-4HR-5280-R,"4-Hour Premium support renewal, PA-5280",42000.0000
Palo Alto Networks,PAN-SVC-4HRUSG-220R,"For US Government accounts only. 4-Hour Premium support year 1, PA-220R",675.0000
Palo Alto Networks,PAN-SVC-4HRUSG-220R-3YR,"For US Government accounts only. 4-Hour Premium support 3-year prepaid, PA-220R",1650.0000
Palo Alto Networks,PAN-SVC-4HRUSG-220R-3YR-R,"For US Government accounts only. 4-Hour Premium support 3-year prepaid renewal, PA-220R",1650.0000
Palo Alto Networks,PAN-SVC-4HRUSG-220R-5YR,"For US Government accounts only. 4-Hour Premium support 5 year prepaid, PA-220R",2750.0000
Palo Alto Networks,PAN-SVC-4HRUSG-220R-5YR-R,"For US Government accounts only. 4-Hour Premium support 5 year prepaid renewal, PA-220R",2750.0000
Palo Alto Networks,PAN-SVC-4HRUSG-220R-R,"For US Government accounts only. 4-Hour Premium support renewal, PA-220R",675.0000
Palo Alto Networks,PAN-SVC-4HRUSG-3220,"For US Government accounts only. 4-Hour Premium support year 1, PA-3220",4250.0000
Palo Alto Networks,PAN-SVC-4HRUSG-3220-3YR,"For US Government accounts only. 4-Hour Premium support 3-year prepaid, PA-3220",10200.0000
Palo Alto Networks,PAN-SVC-4HRUSG-3220-3YR-R,"For US Government accounts only. 4-Hour Premium support 3-year prepaid renewal, PA-3220",10200.0000
Palo Alto Networks,PAN-SVC-4HRUSG-3220-5YR,"For US Government accounts only. 4-Hour Premium support 5 year prepaid, PA-3220",17000.0000
Palo Alto Networks,PAN-SVC-4HRUSG-3220-5YR-R,"For US Government accounts only. 4-Hour Premium support 5 year prepaid renewal, PA-3220",17000.0000
Palo Alto Networks,PAN-SVC-4HRUSG-3220-R,"For US Government accounts only. 4-Hour Premium support renewal, PA-3220",4250.0000
Palo Alto Networks,PAN-SVC-4HRUSG-3250,"For US Government accounts only. 4-Hour Premium support year 1, PA-3250",5900.0000
Palo Alto Networks,PAN-SVC-4HRUSG-3250-3YR,"For US Government accounts only. 4-Hour Premium support 3-year prepaid, PA-3250",14175.0000
Palo Alto Networks,PAN-SVC-4HRUSG-3250-3YR-R,"For US Government accounts only. 4-Hour Premium support 3-year prepaid renewal, PA-3250",14175.0000
Palo Alto Networks,PAN-SVC-4HRUSG-3250-5YR,"For US Government accounts only. 4-Hour Premium support 5 year prepaid, PA-3250",23625.0000
Palo Alto Networks,PAN-SVC-4HRUSG-3250-5YR-R,"For US Government accounts only. 4-Hour Premium support 5 year prepaid renewal, PA-3250",23625.0000
Palo Alto Networks,PAN-SVC-4HRUSG-3250-R,"For US Government accounts only. 4-Hour Premium support renewal, PA-3250",5900.0000
Palo Alto Networks,PAN-SVC-4HRUSG-3260,"For US Government accounts only. 4-Hour Premium support year 1, PA-3260",8500.0000
Palo Alto Networks,PAN-SVC-4HRUSG-3260-3YR,"For US Government accounts only. 4-Hour Premium support 3-year prepaid, PA-3260",20400.0000
Palo Alto Networks,PAN-SVC-4HRUSG-3260-3YR-R,"For US Government accounts only. 4-Hour Premium support 3-year prepaid renewal, PA-3260",20400.0000
Palo Alto Networks,PAN-SVC-4HRUSG-3260-5YR,"For US Government accounts only. 4-Hour Premium support 5 year prepaid, PA-3260",34025.0000
Palo Alto Networks,PAN-SVC-4HRUSG-3260-5YR-R,"For US Government accounts only. 4-Hour Premium support 5 year prepaid renewal, PA-3260",34025.0000
Palo Alto Networks,PAN-SVC-4HRUSG-3260-R,"For US Government accounts only. 4-Hour Premium support renewal, PA-3260",8500.0000
Palo Alto Networks,PAN-SVC-4HRUSG-5280,"For US Government accounts only. 4-Hour Premium support year 1, PA-5280",47250.0000
Palo Alto Networks,PAN-SVC-4HRUSG-5280-3YR,"For US Government accounts only. 4-Hour Premium support 3-year prepaid, PA-5280",113400.0000
Palo Alto Networks,PAN-SVC-4HRUSG-5280-3YR-R,"For US Government accounts only. 4-Hour Premium support 3-year prepaid renewal, PA-5280",113400.0000
Palo Alto Networks,PAN-SVC-4HRUSG-5280-5YR,"For US Government accounts only. 4-Hour Premium support 5 year prepaid, PA-5280",189000.0000
Palo Alto Networks,PAN-SVC-4HRUSG-5280-5YR-R,"For US Government accounts only. 4-Hour Premium support 5 year prepaid renewal, PA-5280",189000.0000
Palo Alto Networks,PAN-SVC-4HRUSG-5280-R,"For US Government accounts only. 4-Hour Premium support renewal, PA-5280",47250.0000
Palo Alto Networks,PAN-SVC-B4HR-220R,"Partner enabled 4-Hour Premium support year 1, PA-220R",600.0000
Palo Alto Networks,PAN-SVC-B4HR-220R-3YR,"Partner enabled 4-Hour Premium support 3-year prepaid, PA-220R",1450.0000
Palo Alto Networks,PAN-SVC-B4HR-220R-3YR-R,"Partner enabled 4-Hour Premium support 3-year prepaid renewal, PA-220R",1450.0000
Palo Alto Networks,PAN-SVC-B4HR-220R-5YR,"Partner enabled 4-Hour Premium support 5 year prepaid, PA-220R",2425.0000
Palo Alto Networks,PAN-SVC-B4HR-220R-5YR-R,"Partner enabled 4-Hour Premium support 5 year prepaid renewal, PA-220R",2425.0000
,,,
Palo Alto Networks,PAN-SVC-B4HR-220R-R,"Partner enabled 4-Hour Premium support renewal, PA-220R",600.0000
Palo Alto Networks,PAN-SVC-B4HR-3220,"Partner enabled 4-Hour Premium support year 1, PA-3220",3775.0000
Palo Alto Networks,PAN-SVC-B4HR-3220-3YR,"Partner enabled 4-Hour Premium support 3-year prepaid, PA-3220",9075.0000
Palo Alto Networks,PAN-SVC-B4HR-3220-3YR-R,"Partner enabled 4-Hour Premium support 3-year prepaid renewal, PA-3220",9075.0000
Palo Alto Networks,PAN-SVC-B4HR-3220-5YR,"Partner enabled 4-Hour Premium support 5 year prepaid, PA-3220",15125.0000
Palo Alto Networks,PAN-SVC-B4HR-3220-5YR-R,"Partner enabled 4-Hour Premium support 5 year prepaid renewal, PA-3220",15125.0000
Palo Alto Networks,PAN-SVC-B4HR-3220-R,"Partner enabled 4-Hour Premium support renewal, PA-3220",3775.0000
Palo Alto Networks,PAN-SVC-B4HR-3250,"Partner enabled 4-Hour Premium support year 1, PA-3250",5250.0000
Palo Alto Networks,PAN-SVC-B4HR-3250-3YR,"Partner enabled 4-Hour Premium support 3-year prepaid, PA-3250",12600.0000
Palo Alto Networks,PAN-SVC-B4HR-3250-3YR-R,"Partner enabled 4-Hour Premium support 3-year prepaid renewal, PA-3250",12600.0000
Palo Alto Networks,PAN-SVC-B4HR-3250-5YR,"Partner enabled 4-Hour Premium support 5 year prepaid, PA-3250",21000.0000
Palo Alto Networks,PAN-SVC-B4HR-3250-5YR-R,"Partner enabled 4-Hour Premium support 5 year prepaid renewal, PA-3250",21000.0000
Palo Alto Networks,PAN-SVC-B4HR-3250-R,"Partner enabled 4-Hour Premium support renewal, PA-3250",5250.0000
Palo Alto Networks,PAN-SVC-B4HR-3260,"Partner enabled 4-Hour Premium support year 1, PA-3260",7550.0000
Palo Alto Networks,PAN-SVC-B4HR-3260-3YR,"Partner enabled 4-Hour Premium support 3-year prepaid, PA-3260",18150.0000
Palo Alto Networks,PAN-SVC-B4HR-3260-3YR-R,"Partner enabled 4-Hour Premium support 3-year prepaid renewal, PA-3260",18150.0000
Palo Alto Networks,PAN-SVC-B4HR-3260-5YR,"Partner enabled 4-Hour Premium support 5 year prepaid, PA-3260",30250.0000
Palo Alto Networks,PAN-SVC-B4HR-3260-5YR-R,"Partner enabled 4-Hour Premium support 5 year prepaid renewal, PA-3260",30250.0000
Palo Alto Networks,PAN-SVC-B4HR-3260-R,"Partner enabled 4-Hour Premium support renewal, PA-3260",7550.0000
Palo Alto Networks,PAN-SVC-B4HR-5280,"Partner enabled 4-Hour Premium support year 1, PA-5280",42000.0000
Palo Alto Networks,PAN-SVC-B4HR-5280-3YR,"Partner enabled 4-Hour Premium support 3-year prepaid, PA-5280",100800.0000
Palo Alto Networks,PAN-SVC-B4HR-5280-3YR-R,"Partner enabled 4-Hour Premium support 3-year prepaid renewal, PA-5280",100800.0000
Palo Alto Networks,PAN-SVC-B4HR-5280-5YR,"Partner enabled 4-Hour Premium support 5 year prepaid, PA-5280",168000.0000
Palo Alto Networks,PAN-SVC-B4HR-5280-5YR-R,"Partner enabled 4-Hour Premium support 5 year prepaid renewal, PA-5280",168000.0000
Palo Alto Networks,PAN-SVC-B4HR-5280-R,"Partner enabled 4-Hour Premium support renewal, PA-5280",42000.0000
Palo Alto Networks,PAN-SVC-B4HRUSG-220R,"For US Government accounts only. Partner enabled 4-Hour Premium support year 1, PA-220R",675.0000
Palo Alto Networks,PAN-SVC-B4HRUSG-220R-3YR,"For US Government accounts only. Partner enabled 4-Hour Premium support 3-year prepaid, PA-220R",1650.0000
Palo Alto Networks,PAN-SVC-B4HRUSG-220R-3YR-R,"For US Government accounts only. Partner enabled 4-Hour Premium support 3-year prepaid renewal, PA-220R",1650.0000
Palo Alto Networks,PAN-SVC-B4HRUSG-220R-5YR,"For US Government accounts only. Partner enabled 4-Hour Premium support 5 year prepaid, PA-220R",2750.0000
Palo Alto Networks,PAN-SVC-B4HRUSG-220R-5YR-R,"For US Government accounts only. Partner enabled 4-Hour Premium support 5 year prepaid renewal, PA-220R",2750.0000
Palo Alto Networks,PAN-SVC-B4HRUSG-220R-R,"For US Government accounts only. Partner enabled 4-Hour Premium support renewal, PA-220R",675.0000
Palo Alto Networks,PAN-SVC-B4HRUSG-3220,"For US Government accounts only. Partner enabled 4-Hour Premium support year 1, PA-3220",4250.0000
Palo Alto Networks,PAN-SVC-B4HRUSG-3220-3YR,"For US Government accounts only. Partner enabled 4-Hour Premium support 3-year prepaid, PA-3220",10200.0000
Palo Alto Networks,PAN-SVC-B4HRUSG-3220-3YR-R,"For US Government accounts only. Partner enabled 4-Hour Premium support 3-year prepaid renewal, PA-3220",10200.0000
Palo Alto Networks,PAN-SVC-B4HRUSG-3220-5YR,"For US Government accounts only. Partner enabled 4-Hour Premium support 5 year prepaid, PA-3220",17000.0000
Palo Alto Networks,PAN-SVC-B4HRUSG-3220-5YR-R,"For US Government accounts only. Partner enabled 4-Hour Premium support 5 year prepaid renewal, PA-3220",17000.0000
Palo Alto Networks,PAN-SVC-B4HRUSG-3220-R,"For US Government accounts only. Partner enabled 4-Hour Premium support renewal, PA-3220",4250.0000
Palo Alto Networks,PAN-SVC-B4HRUSG-3250,"For US Government accounts only. Partner enabled 4-Hour Premium support year 1, PA-3250",5900.0000
Palo Alto Networks,PAN-SVC-B4HRUSG-3250-3YR,"For US Government accounts only. Partner enabled 4-Hour Premium support 3-year prepaid, PA-3250",14175.0000
Palo Alto Networks,PAN-SVC-B4HRUSG-3250-3YR-R,"For US Government accounts only. Partner enabled 4-Hour Premium support 3-year prepaid renewal, PA-3250",14175.0000
Palo Alto Networks,PAN-SVC-B4HRUSG-3250-5YR,"For US Government accounts only. Partner enabled 4-Hour Premium support 5 year prepaid, PA-3250",23625.0000
Palo Alto Networks,PAN-SVC-B4HRUSG-3250-5YR-R,"For US Government accounts only. Partner enabled 4-Hour Premium support 5 year prepaid renewal, PA-3250",23625.0000
Palo Alto Networks,PAN-SVC-B4HRUSG-3250-R,"For US Government accounts only. Partner enabled 4-Hour Premium support renewal, PA-3250",5900.0000
Palo Alto Networks,PAN-SVC-B4HRUSG-3260,"For US Government accounts only. Partner enabled 4-Hour Premium support year 1, PA-3260",8500.0000
Palo Alto Networks,PAN-SVC-B4HRUSG-3260-3YR,"For US Government accounts only. Partner enabled 4-Hour Premium support 3-year prepaid, PA-3260",20400.0000
Palo Alto Networks,PAN-SVC-B4HRUSG-3260-3YR-R,"For US Government accounts only. Partner enabled 4-Hour Premium support 3-year prepaid renewal, PA-3260",20400.0000
Palo Alto Networks,PAN-SVC-B4HRUSG-3260-5YR,"For US Government accounts only. Partner enabled 4-Hour Premium support 5 year prepaid, PA-3260",34025.0000
Palo Alto Networks,PAN-SVC-B4HRUSG-3260-5YR-R,"For US Government accounts only. Partner enabled 4-Hour Premium support 5 year prepaid renewal, PA-3260",34025.0000
Palo Alto Networks,PAN-SVC-B4HRUSG-3260-R,"For US Government accounts only. Partner enabled 4-Hour Premium support renewal, PA-3260",8500.0000
Palo Alto Networks,PAN-SVC-B4HRUSG-5280,"For US Government accounts only. Partner enabled 4-Hour Premium support year 1, PA-5280",47250.0000
Palo Alto Networks,PAN-SVC-B4HRUSG-5280-3YR,"For US Government accounts only. Partner enabled 4-Hour Premium support 3-year prepaid, PA-5280",113400.0000
Palo Alto Networks,PAN-SVC-B4HRUSG-5280-3YR-R,"For US Government accounts only. Partner enabled 4-Hour Premium support 3-year prepaid renewal, PA-5280",113400.0000
Palo Alto Networks,PAN-SVC-B4HRUSG-5280-5YR,"For US Government accounts only. Partner enabled 4-Hour Premium support 5 year prepaid, PA-5280",189000.0000
Palo Alto Networks,PAN-SVC-B4HRUSG-5280-5YR-R,"For US Government accounts only. Partner enabled 4-Hour Premium support 5 year prepaid renewal, PA-5280",189000.0000
Palo Alto Networks,PAN-SVC-B4HRUSG-5280-R,"For US Government accounts only. Partner enabled 4-Hour Premium support renewal, PA-5280",47250.0000
Palo Alto Networks,PAN-SVC-BKLN-220R,"Partner enabled premium support year 1, PA-220R",475.0000
Palo Alto Networks,PAN-SVC-BKLN-220R-3YR,"Partner enabled premium support 3-year prepaid, PA-220R",1125.0000
Palo Alto Networks,PAN-SVC-BKLN-220R-3YR-R,"Partner enabled premium support 3-year prepaid renewal, PA-220R",1125.0000
Palo Alto Networks,PAN-SVC-BKLN-220R-5YR,"Partner enabled premium support 5 year prepaid, PA-220R",1850.0000
Palo Alto Networks,PAN-SVC-BKLN-220R-5YR-R,"Partner enabled premium support 5 year prepaid renewal, PA-220R",1850.0000
Palo Alto Networks,PAN-SVC-BKLN-220R-R,"Partner enabled premium support renewal, PA-220R",475.0000
Palo Alto Networks,PAN-SVC-BKLN-3220,"Partner enabled premium support year 1, PA-3220",2875.0000
Palo Alto Networks,PAN-SVC-BKLN-3220-3YR,"Partner enabled premium support 3-year prepaid, PA-3220",6900.0000
Palo Alto Networks,PAN-SVC-BKLN-3220-3YR-R,"Partner enabled premium support 3-year prepaid renewal, PA-3220",6900.0000
Palo Alto Networks,PAN-SVC-BKLN-3220-5YR,"Partner enabled premium support 5 year prepaid, PA-3220",11525.0000
Palo Alto Networks,PAN-SVC-BKLN-3220-5YR-R,"Partner enabled premium support 5 year prepaid renewal, PA-3220",11525.0000
Palo Alto Networks,PAN-SVC-BKLN-3220-R,"Partner enabled premium support renewal, PA-3220",2875.0000
Palo Alto Networks,PAN-SVC-BKLN-3250,"Partner enabled premium support year 1, PA-3250",4000.0000
Palo Alto Networks,PAN-SVC-BKLN-3250-3YR,"Partner enabled premium support 3-year prepaid, PA-3250",9600.0000
Palo Alto Networks,PAN-SVC-BKLN-3250-3YR-R,"Partner enabled premium support 3-year prepaid renewal, PA-3250",9600.0000
Palo Alto Networks,PAN-SVC-BKLN-3250-5YR,"Partner enabled premium support 5 year prepaid, PA-3250",16000.0000
Palo Alto Networks,PAN-SVC-BKLN-3250-5YR-R,"Partner enabled premium support 5 year prepaid renewal, PA-3250",16000.0000
Palo Alto Networks,PAN-SVC-BKLN-3250-R,"Partner enabled premium support renewal, PA-3250",4000.0000
Palo Alto Networks,PAN-SVC-BKLN-3260,"Partner enabled premium support year 1, PA-3260",5750.0000
Palo Alto Networks,PAN-SVC-BKLN-3260-3YR,"Partner enabled premium support 3-year prepaid, PA-3260",13825.0000
Palo Alto Networks,PAN-SVC-BKLN-3260-3YR-R,"Partner enabled premium support 3-year prepaid renewal, PA-3260",13825.0000
Palo Alto Networks,PAN-SVC-BKLN-3260-5YR,"Partner enabled premium support 5 year prepaid, PA-3260",23050.0000
Palo Alto Networks,PAN-SVC-BKLN-3260-5YR-R,"Partner enabled premium support 5 year prepaid renewal, PA-3260",23050.0000
Palo Alto Networks,PAN-SVC-BKLN-3260-R,"Partner enabled premium support renewal, PA-3260",5750.0000
Palo Alto Networks,PAN-SVC-BKLN-5280,"Partner enabled premium support year 1, PA-5280",32000.0000
Palo Alto Networks,PAN-SVC-BKLN-5280-3YR,"Partner enabled premium support 3-year prepaid, PA-5280",76800.0000
Palo Alto Networks,PAN-SVC-BKLN-5280-3YR-R,"Partner enabled premium support 3-year prepaid renewal, PA-5280",76800.0000
Palo Alto Networks,PAN-SVC-BKLN-5280-5YR,"Partner enabled premium support 5 year prepaid, PA-5280",128000.0000
Palo Alto Networks,PAN-SVC-BKLN-5280-5YR-R,"Partner enabled premium support 5 year prepaid renewal, PA-5280",128000.0000
Palo Alto Networks,PAN-SVC-BKLN-5280-R,"Partner enabled premium support renewal, PA-5280",32000.0000
Palo Alto Networks,PAN-SVC-BKLNUSG-220R,"For US Government accounts only. Partner enabled premium support year 1, PA-220R",525.0000
Palo Alto Networks,PAN-SVC-BKLNUSG-220R-3YR,"For US Government accounts only. Partner enabled premium support 3-year prepaid, PA-220R",1250.0000
Palo Alto Networks,PAN-SVC-BKLNUSG-220R-3YR-R,"For US Government accounts only. Partner enabled premium support 3-year prepaid renewal, PA-220R",1250.0000
Palo Alto Networks,PAN-SVC-BKLNUSG-220R-5YR,"For US Government accounts only. Partner enabled premium support 5 year prepaid, PA-220R",2100.0000
Palo Alto Networks,PAN-SVC-BKLNUSG-220R-5YR-R,"For US Government accounts only. Partner enabled premium support 5 year prepaid renewal, PA-220R",2100.0000
Palo Alto Networks,PAN-SVC-BKLNUSG-220R-R,"For US Government accounts only. Partner enabled premium support renewal, PA-220R",525.0000
Palo Alto Networks,PAN-SVC-BKLNUSG-3220,"For US Government accounts only. Partner enabled premium support year 1, PA-3220",3250.0000
Palo Alto Networks,PAN-SVC-BKLNUSG-3220-3YR,"For US Government accounts only. Partner enabled premium support 3-year prepaid, PA-3220",7775.0000
Palo Alto Networks,PAN-SVC-BKLNUSG-3220-3YR-R,"For US Government accounts only. Partner enabled premium support 3-year prepaid renewal, PA-3220",7775.0000
Palo Alto Networks,PAN-SVC-BKLNUSG-3220-5YR,"For US Government accounts only. Partner enabled premium support 5 year prepaid, PA-3220",12950.0000
Palo Alto Networks,PAN-SVC-BKLNUSG-3220-5YR-R,"For US Government accounts only. Partner enabled premium support 5 year prepaid renewal, PA-3220",12950.0000
,,,
Palo Alto Networks,PAN-SVC-BKLNUSG-3220-R,"For US Government accounts only. Partner enabled premium support renewal, PA-3220",3250.0000
Palo Alto Networks,PAN-SVC-BKLNUSG-3250,"For US Government accounts only. Partner enabled premium support year 1, PA-3250",4500.0000
Palo Alto Networks,PAN-SVC-BKLNUSG-3250-3YR,"For US Government accounts only. Partner enabled premium support 3-year prepaid, PA-3250",10800.0000
Palo Alto Networks,PAN-SVC-BKLNUSG-3250-3YR-R,"For US Government accounts only. Partner enabled premium support 3-year prepaid renewal, PA-3250",10800.0000
Palo Alto Networks,PAN-SVC-BKLNUSG-3250-5YR,"For US Government accounts only. Partner enabled premium support 5 year prepaid, PA-3250",18000.0000
Palo Alto Networks,PAN-SVC-BKLNUSG-3250-5YR-R,"For US Government accounts only. Partner enabled premium support 5 year prepaid renewal, PA-3250",18000.0000
Palo Alto Networks,PAN-SVC-BKLNUSG-3250-R,"For US Government accounts only. Partner enabled premium support renewal, PA-3250",4500.0000
Palo Alto Networks,PAN-SVC-BKLNUSG-3260,"For US Government accounts only. Partner enabled premium support year 1, PA-3260",6475.0000
Palo Alto Networks,PAN-SVC-BKLNUSG-3260-3YR,"For US Government accounts only. Partner enabled premium support 3-year prepaid, PA-3260",15550.0000
Palo Alto Networks,PAN-SVC-BKLNUSG-3260-3YR-R,"For US Government accounts only. Partner enabled premium support 3-year prepaid renewal, PA-3260",15550.0000
Palo Alto Networks,PAN-SVC-BKLNUSG-3260-5YR,"For US Government accounts only. Partner enabled premium support 5 year prepaid, PA-3260",25925.0000
Palo Alto Networks,PAN-SVC-BKLNUSG-3260-5YR-R,"For US Government accounts only. Partner enabled premium support 5 year prepaid renewal, PA-3260",25925.0000
Palo Alto Networks,PAN-SVC-BKLNUSG-3260-R,"For US Government accounts only. Partner enabled premium support renewal, PA-3260",6475.0000
Palo Alto Networks,PAN-SVC-BKLNUSG-5280,"For US Government accounts only. Partner enabled premium support year 1, PA-5280",36000.0000
Palo Alto Networks,PAN-SVC-BKLNUSG-5280-3YR,"For US Government accounts only. Partner enabled premium support 3-year prepaid, PA-5280",86400.0000
Palo Alto Networks,PAN-SVC-BKLNUSG-5280-3YR-R,"For US Government accounts only. Partner enabled premium support 3-year prepaid renewal, PA-5280",86400.0000
Palo Alto Networks,PAN-SVC-BKLNUSG-5280-5YR,"For US Government accounts only. Partner enabled premium support 5 year prepaid, PA-5280",144000.0000
Palo Alto Networks,PAN-SVC-BKLNUSG-5280-5YR-R,"For US Government accounts only. Partner enabled premium support 5 year prepaid renewal, PA-5280",144000.0000
Palo Alto Networks,PAN-SVC-BKLNUSG-5280-R,"For US Government accounts only. Partner enabled premium support renewal, PA-5280",36000.0000
Palo Alto Networks,PAN-SVC-NFR-220R,PA-220R NFR First Year Standard Support,190.0000
Palo Alto Networks,PAN-SVC-NFR-220R-R,PA-220R NFR Standard Support Renewal,190.0000
Palo Alto Networks,PAN-SVC-NFR-3220,PA-3220 NFR First Year Standard Support,900.0000
Palo Alto Networks,PAN-SVC-NFR-3220-R,PA-3220 NFR Standard Support Renewal,900.0000
Palo Alto Networks,PAN-SVC-NFR-3250,PA-3250 NFR First Year Standard Support,1200.0000
Palo Alto Networks,PAN-SVC-NFR-3250-R,PA-3250 NFR Standard Support Renewal,1200.0000
Palo Alto Networks,PAN-SVC-NFR-3260,PA-3260 NFR First Year Standard Support,1700.0000
Palo Alto Networks,PAN-SVC-NFR-3260-R,PA-3260 NFR Standard Support Renewal,1700.0000
Palo Alto Networks,PAN-SVC-NFR-5280,PA-5280 NFR First Year Standard Support,12800.0000
Palo Alto Networks,PAN-SVC-NFR-5280-R,PA-5280 NFR Standard Support Renewal,12800.0000
Palo Alto Networks,PAN-SVC-PREM-220R,"Premium support year 1, PA-220R",475.0000
Palo Alto Networks,PAN-SVC-PREM-220R-3YR,"Premium support 3-year prepaid, PA-220R",1125.0000
Palo Alto Networks,PAN-SVC-PREM-220R-3YR-R,"Premium support 3-year prepaid renewal, PA-220R",1125.0000
Palo Alto Networks,PAN-SVC-PREM-220R-5YR,"Premium support 5 year prepaid, PA-220R",1850.0000
Palo Alto Networks,PAN-SVC-PREM-220R-5YR-R,"Premium support 5 year prepaid renewal, PA-220R",1850.0000
Palo Alto Networks,PAN-SVC-PREM-220R-R,"Premium support renewal, PA-220R",475.0000
Palo Alto Networks,PAN-SVC-PREM-3220,"Premium support year 1, PA-3220",2875.0000
Palo Alto Networks,PAN-SVC-PREM-3220-3YR,"Premium support 3-year prepaid, PA-3220",6900.0000
Palo Alto Networks,PAN-SVC-PREM-3220-3YR-R,"Premium support 3-year prepaid renewal, PA-3220",6900.0000
Palo Alto Networks,PAN-SVC-PREM-3220-5YR,"Premium support 5 year prepaid, PA-3220",11525.0000
Palo Alto Networks,PAN-SVC-PREM-3220-5YR-R,"Premium support 5 year prepaid renewal, PA-3220",11525.0000
Palo Alto Networks,PAN-SVC-PREM-3220-R,"Premium support renewal, PA-3220",2875.0000
Palo Alto Networks,PAN-SVC-PREM-3250,"Premium support year 1, PA-3250",4000.0000
Palo Alto Networks,PAN-SVC-PREM-3250-3YR,"Premium support 3-year prepaid, PA-3250",9600.0000
Palo Alto Networks,PAN-SVC-PREM-3250-3YR-R,"Premium support 3-year prepaid renewal, PA-3250",9600.0000
Palo Alto Networks,PAN-SVC-PREM-3250-5YR,"Premium support 5 year prepaid, PA-3250",16000.0000
Palo Alto Networks,PAN-SVC-PREM-3250-5YR-R,"Premium support 5 year prepaid renewal, PA-3250",16000.0000
Palo Alto Networks,PAN-SVC-PREM-3250-R,"Premium support renewal, PA-3250",4000.0000
Palo Alto Networks,PAN-SVC-PREM-3260,"Premium support year 1, PA-3260",5750.0000
Palo Alto Networks,PAN-SVC-PREM-3260-3YR,"Premium support 3-year prepaid, PA-3260",13825.0000
Palo Alto Networks,PAN-SVC-PREM-3260-3YR-R,"Premium support 3-year prepaid renewal, PA-3260",13825.0000
Palo Alto Networks,PAN-SVC-PREM-3260-5YR,"Premium support 5 year prepaid, PA-3260",23050.0000
Palo Alto Networks,PAN-SVC-PREM-3260-5YR-R,"Premium support 5 year prepaid renewal, PA-3260",23050.0000
Palo Alto Networks,PAN-SVC-PREM-3260-R,"Premium support renewal, PA-3260",5750.0000
Palo Alto Networks,PAN-SVC-PREM-5280,"Premium support year 1, PA-5280",32000.0000
Palo Alto Networks,PAN-SVC-PREM-5280-3YR,"Premium support 3-year prepaid, PA-5280",76800.0000
Palo Alto Networks,PAN-SVC-PREM-5280-3YR-R,"Premium support 3-year prepaid renewal, PA-5280",76800.0000
Palo Alto Networks,PAN-SVC-PREM-5280-5YR,"Premium support 5 year prepaid, PA-5280",128000.0000
Palo Alto Networks,PAN-SVC-PREM-5280-5YR-R,"Premium support 5 year prepaid renewal, PA-5280",128000.0000
Palo Alto Networks,PAN-SVC-PREM-5280-R,"Premium support renewal, PA-5280",32000.0000
Palo Alto Networks,PAN-SVC-PREMUSG-220R,"For US Government accounts only. Premium support year 1, PA-220R",525.0000
Palo Alto Networks,PAN-SVC-PREMUSG-220R-3YR,"For US Government accounts only. Premium support 3-year prepaid, PA-220R",1250.0000
Palo Alto Networks,PAN-SVC-PREMUSG-220R-3YR-R,"For US Government accounts only. Premium support 3-year prepaid renewal, PA-220R",1250.0000
Palo Alto Networks,PAN-SVC-PREMUSG-220R-5YR,"For US Government accounts only. Premium support 5 year prepaid, PA-220R",2100.0000
Palo Alto Networks,PAN-SVC-PREMUSG-220R-5YR-R,"For US Government accounts only. Premium support 5 year prepaid renewal, PA-220R",2100.0000
Palo Alto Networks,PAN-SVC-PREMUSG-220R-R,"For US Government accounts only. Premium support renewal, PA-220R",525.0000
Palo Alto Networks,PAN-SVC-PREMUSG-3220,"For US Government accounts only. Premium support year 1, PA-3220",3250.0000
Palo Alto Networks,PAN-SVC-PREMUSG-3220-3YR,"For US Government accounts only. Premium support 3-year prepaid, PA-3220",7775.0000
Palo Alto Networks,PAN-SVC-PREMUSG-3220-3YR-R,"For US Government accounts only. Premium support 3-year prepaid renewal, PA-3220",7775.0000
Palo Alto Networks,PAN-SVC-PREMUSG-3220-5YR,"For US Government accounts only. Premium support 5 year prepaid, PA-3220",12950.0000
Palo Alto Networks,PAN-SVC-PREMUSG-3220-5YR-R,"For US Government accounts only. Premium support 5 year prepaid renewal, PA-3220",12950.0000
Palo Alto Networks,PAN-SVC-PREMUSG-3220-R,"For US Government accounts only. Premium support renewal, PA-3220",3250.0000
Palo Alto Networks,PAN-SVC-PREMUSG-3250,"For US Government accounts only. Premium support year 1, PA-3250",4500.0000
Palo Alto Networks,PAN-SVC-PREMUSG-3250-3YR,"For US Government accounts only. Premium support 3-year prepaid, PA-3250",10800.0000
Palo Alto Networks,PAN-SVC-PREMUSG-3250-3YR-R,"For US Government accounts only. Premium support 3-year prepaid renewal, PA-3250",10800.0000
Palo Alto Networks,PAN-SVC-PREMUSG-3250-5YR,"For US Government accounts only. Premium support 5 year prepaid, PA-3250",18000.0000
Palo Alto Networks,PAN-SVC-PREMUSG-3250-5YR-R,"For US Government accounts only. Premium support 5 year prepaid renewal, PA-3250",18000.0000
Palo Alto Networks,PAN-SVC-PREMUSG-3250-R,"For US Government accounts only. Premium support renewal, PA-3250",4500.0000
Palo Alto Networks,PAN-SVC-PREMUSG-3260,"For US Government accounts only. Premium support year 1, PA-3260",6475.0000
Palo Alto Networks,PAN-SVC-PREMUSG-3260-3YR,"For US Government accounts only. Premium support 3-year prepaid, PA-3260",15550.0000
Palo Alto Networks,PAN-SVC-PREMUSG-3260-3YR-R,"For US Government accounts only. Premium support 3-year prepaid renewal, PA-3260",15550.0000
Palo Alto Networks,PAN-SVC-PREMUSG-3260-5YR,"For US Government accounts only. Premium support 5 year prepaid, PA-3260",25925.0000
Palo Alto Networks,PAN-SVC-PREMUSG-3260-5YR-R,"For US Government accounts only. Premium support 5 year prepaid renewal, PA-3260",25925.0000
Palo Alto Networks,PAN-SVC-PREMUSG-3260-R,"For US Government accounts only. Premium support renewal, PA-3260",6475.0000
Palo Alto Networks,PAN-SVC-PREMUSG-5280,"For US Government accounts only. Premium support year 1, PA-5280",36000.0000
Palo Alto Networks,PAN-SVC-PREMUSG-5280-3YR,"For US Government accounts only. Premium support 3-year prepaid, PA-5280",86400.0000
Palo Alto Networks,PAN-SVC-PREMUSG-5280-3YR-R,"For US Government accounts only. Premium support 3-year prepaid renewal, PA-5280",86400.0000
Palo Alto Networks,PAN-SVC-PREMUSG-5280-5YR,"For US Government accounts only. Premium support 5 year prepaid, PA-5280",144000.0000
Palo Alto Networks,PAN-SVC-PREMUSG-5280-5YR-R,"For US Government accounts only. Premium support 5 year prepaid renewal, PA-5280",144000.0000
Palo Alto Networks,PAN-SVC-PREMUSG-5280-R,"For US Government accounts only. Premium support renewal, PA-5280",36000.0000
Palo Alto Networks,PAN-SVC-STND-3220,"Standard support year 1, PA-3220",2150.0000
Palo Alto Networks,PAN-SVC-STND-3220-3YR,"Standard support 3-year prepaid, PA-3220",5175.0000
Palo Alto Networks,PAN-SVC-STND-3220-3YR-R,"Standard support 3-year prepaid renewal, PA-3220",5175.0000
Palo Alto Networks,PAN-SVC-STND-3220-R,"Standard support renewal, PA-3220",2150.0000
Palo Alto Networks,PAN-SVC-STND-3250,"Standard support year 1, PA-3250",3000.0000
Palo Alto Networks,PAN-SVC-STND-3250-3YR,"Standard support 3-year prepaid, PA-3250",7200.0000
Palo Alto Networks,PAN-SVC-STND-3250-3YR-R,"Standard support 3-year prepaid renewal, PA-3250",7200.0000
,,,
Palo Alto Networks,PAN-SVC-STND-3250-R,"Standard support renewal, PA-3250",3000.0000
Palo Alto Networks,PAN-SVC-STND-3260,"Standard support year 1, PA-3260",4325.0000
Palo Alto Networks,PAN-SVC-STND-3260-3YR,"Standard support 3-year prepaid, PA-3260",10375.0000
Palo Alto Networks,PAN-SVC-STND-3260-3YR-R,"Standard support 3-year prepaid renewal, PA-3260",10375.0000
Palo Alto Networks,PAN-SVC-STND-3260-R,"Standard support renewal, PA-3260",4325.0000
Palo Alto Networks,PAN-SVC-STND-5280,"Standard support year 1, PA-5280",24000.0000
Palo Alto Networks,PAN-SVC-STND-5280-3YR,"Standard support 3-year prepaid, PA-5280",57600.0000
Palo Alto Networks,PAN-SVC-STND-5280-3YR-R,"Standard support 3-year prepaid renewal, PA-5280",57600.0000
Palo Alto Networks,PAN-SVC-STND-5280-R,"Standard support renewal, PA-5280",24000.0000
Palo Alto Networks,PAN-CONSULTANCY-SOW,Professional Services - Outsourced,8000.0000
Palo Alto Networks,CREDIT,Customer Credit,100000.0000
Palo Alto Networks,PAN-FIPS-KIT-220,FIPS hardware kit for the PA-220,1500.0000
Palo Alto Networks,PAN-FIPS-KIT-5200,FIPS hardware kit for the PA-5200 Series,2500.0000
Palo Alto Networks,PAN-FIPS-KIT-800,FIPS hardware kit for the PA-800 Series,2500.0000
Palo Alto Networks,PAN-PA-3200-ACC,PA-3200 Series Accessory Kit,50.0000
Palo Alto Networks,PAN-SVC-4HR-M-200-P-100-3Y-R,"4-Hour Premium support 3-year renewal, Panorama M-200 100 devices",23940.0000
Palo Alto Networks,PAN-SVC-4HR-M-200-P-1K-3Y-R,"4-Hour Premium support 3-year renewal, Panorama M-200 1000 devices",49140.0000
Palo Alto Networks,PAN-SVC-4HR-M-200-P-25-3Y-R,"4-Hour Premium support 3-year renewal, Panorama M-200 25 devices or log collector",16380.0000
Palo Alto Networks,PAN-SVC-4HR-M-600-P-100-3Y-R,"4-Hour Premium support 3-year renewal, Panorama M-600 100 devices",35280.0000
Palo Alto Networks,PAN-SVC-4HR-M-600-P-1K-3Y-R,"4-Hour Premium support 3-year renewal, Panorama M-600 1K devices",60480.0000
Palo Alto Networks,PAN-SVC-4HR-M-600-P-25-3Y-R,"4-Hour Premium support 3-year renewal, Panorama M-600 25 devices, PAN-DB Private Cloud or log collector",27720.0000
Palo Alto Networks,PAN-SVC-4HR-M-200-P-100-3Y,"4-Hour Premium support 3-year , Panorama M-200 100 devices",23940.0000
Palo Alto Networks,PAN-SVC-4HR-M-200-P-1K-3Y,"4-Hour Premium support 3-year , Panorama M-200 1000 devices",49140.0000
Palo Alto Networks,PAN-SVC-4HR-M-200-P-25-3Y,"4-Hour Premium support 3-year , Panorama M-200 25 devices or log collector",16380.0000
Palo Alto Networks,PAN-SVC-4HR-M-600-P-100-3Y,"4-Hour Premium support 3-year , Panorama M-600 100 devices",35280.0000
Palo Alto Networks,PAN-SVC-4HR-M-600-P-1K-3Y,"4-Hour Premium support 3-year , Panorama M-600 1K devices",60480.0000
Palo Alto Networks,PAN-SVC-4HR-M-600-P-25-3Y,"4-Hour Premium support 3-year , Panorama M-600 25 devices, PAN-DB Private Cloud or log collector",27720.0000
Palo Alto Networks,PAN-SVC-4HR-M-200-P-100-5Y-R,"4-Hour Premium support 5-year renewal, Panorama M-200 100 devices",39900.0000
Palo Alto Networks,PAN-SVC-4HR-M-200-P-1K-5Y-R,"4-Hour Premium support 5-year renewal, Panorama M-200 1000 devices",81900.0000
Palo Alto Networks,PAN-SVC-4HR-M-200-P-25-5Y-R,"4-Hour Premium support 5-year renewal, Panorama M-200 25 devices or log collector",27300.0000
Palo Alto Networks,PAN-SVC-4HR-M-600-P-100-5Y-R,"4-Hour Premium support 5-year renewal, Panorama M-600 100 devices",58800.0000
Palo Alto Networks,PAN-SVC-4HR-M-600-P-1K-5Y-R,"4-Hour Premium support 5-year renewal, Panorama M-600 1K devices",100800.0000
Palo Alto Networks,PAN-SVC-4HR-M-600-P-25-5Y-R,"4-Hour Premium support 5-year renewal, Panorama M-600 25 devices, PAN-DB Private Cloud or log collector",46200.0000
Palo Alto Networks,PAN-SVC-4HR-M-200-P-100-5Y,"4-Hour Premium support 5-year , Panorama M-200 100 devices",39900.0000
Palo Alto Networks,PAN-SVC-4HR-M-200-P-1K-5Y,"4-Hour Premium support 5-year , Panorama M-200 1000 devices",81900.0000
Palo Alto Networks,PAN-SVC-4HR-M-200-P-25-5Y,"4-Hour Premium support 5-year , Panorama M-200 25 devices or log collector",27300.0000
Palo Alto Networks,PAN-SVC-4HR-M-600-P-100-5Y,"4-Hour Premium support 5-year , Panorama M-600 100 devices",58800.0000
Palo Alto Networks,PAN-SVC-4HR-M-600-P-1K-5Y,"4-Hour Premium support 5-year , Panorama M-600 1K devices",100800.0000
Palo Alto Networks,PAN-SVC-4HR-M-600-P-25-5Y,"4-Hour Premium support 5-year , Panorama M-600 25 devices, PAN-DB Private Cloud or log collector",46200.0000
Palo Alto Networks,PAN-SVC-4HR-M-200-P-100-R,"4-Hour Premium support renewal, Panorama M-200 100 devices",9980.0000
Palo Alto Networks,PAN-SVC-4HR-M-200-P-1K-R,"4-Hour Premium support renewal, Panorama M-200 1000 devices",20480.0000
Palo Alto Networks,PAN-SVC-4HR-M-200-P-25-R,"4-Hour Premium support renewal, Panorama M-200 25 devices or log collector",6830.0000
Palo Alto Networks,PAN-SVC-4HR-M-600-P-100-R,"4-Hour Premium support renewal, Panorama M-600 100 devices",14700.0000
Palo Alto Networks,PAN-SVC-4HR-M-600-P-1K-R,"4-Hour Premium support renewal, Panorama M-600 1K devices",25200.0000
Palo Alto Networks,PAN-SVC-4HR-M-600-P-25-R,"4-Hour Premium support renewal, Panorama M-600 25 devices, PAN-DB Private Cloud or log collector",11550.0000
Palo Alto Networks,PAN-SVC-4HR-M-200-P-100,"4-Hour Premium support year 1, Panorama M-200 100 devices",9980.0000
Palo Alto Networks,PAN-SVC-4HR-M-200-P-1K,"4-Hour Premium support year 1, Panorama M-200 1000 devices",20480.0000
Palo Alto Networks,PAN-SVC-4HR-M-200-P-25,"4-Hour Premium support year 1, Panorama M-200 25 devices or log collector",6830.0000
Palo Alto Networks,PAN-SVC-4HR-M-600-P-100,"4-Hour Premium support, Panorama M-600 100 devices",14700.0000
Palo Alto Networks,PAN-SVC-4HR-M-600-P-1K,"4-Hour Premium support, Panorama M-600 1K devices",25200.0000
Palo Alto Networks,PAN-SVC-4HR-M-600-P-25,"4-Hour Premium support, Panorama M-600 25 devices, PAN-DB Private Cloud or log collector",11550.0000
Palo Alto Networks,PAN-SVC-4HRUSG-M-200-P-100-3YR-R,"For US Government accounts only. 4-Hour Premium support 3-year renewal, Panorama M-200 100 devices",26220.0000
Palo Alto Networks,PAN-SVC-4HRUSG-M-200-P-1K-3YR-R,"For US Government accounts only. 4-Hour Premium support 3-year renewal, Panorama M-200 1000 devices",53820.0000
Palo Alto Networks,PAN-SVC-4HRUSG-M-200-P-25-3YR-R,"For US Government accounts only. 4-Hour Premium support 3-year renewal, Panorama M-200 25 devices or log collector",17940.0000
Palo Alto Networks,PAN-SVC-4HRUSG-M-600-P-100-3YR-R,"For US Government accounts only. 4-Hour Premium support 3-year renewal, Panorama M-600 100 devices",38640.0000
Palo Alto Networks,PAN-SVC-4HRUSG-M-600-P-1K-3YR-R,"For US Government accounts only. 4-Hour Premium support 3-year renewal, Panorama M-600 1000 devices",66240.0000
Palo Alto Networks,PAN-SVC-4HRUSG-M-600-P-25-3YR-R,"For US Government accounts only. 4-Hour Premium support 3-year renewal, Panorama M-600 25 devices or log collector",30360.0000
Palo Alto Networks,PAN-SVC-4HRUSG-M-200-P-100-3YR,"For US Government accounts only. 4-Hour Premium support 3-year , Panorama M-200 100 devices",26220.0000
Palo Alto Networks,PAN-SVC-4HRUSG-M-200-P-1K-3YR,"For US Government accounts only. 4-Hour Premium support 3-year , Panorama M-200 1000 devices",53820.0000
Palo Alto Networks,PAN-SVC-4HRUSG-M-200-P-25-3YR,"For US Government accounts only. 4-Hour Premium support 3-year , Panorama M-200 25 devices or log collector",17940.0000
Palo Alto Networks,PAN-SVC-4HRUSG-M-600-P-100-3YR,"For US Government accounts only. 4-Hour Premium support 3-year , Panorama M-600 100 devices",38640.0000
Palo Alto Networks,PAN-SVC-4HRUSG-M-600-P-1K-3YR,"For US Government accounts only. 4-Hour Premium support 3-year , Panorama M-600 1000 devices",66240.0000
Palo Alto Networks,PAN-SVC-4HRUSG-M-600-P-25-3YR,"For US Government accounts only. 4-Hour Premium support 3-year , Panorama M-600 25 devices or log collector",30360.0000
Palo Alto Networks,PAN-SVC-4HRUSG-M-200-P-100-5YR-R,"For US Government accounts only. 4-Hour Premium support 5-year renewal, Panorama M-200 100 devices",43700.0000
Palo Alto Networks,PAN-SVC-4HRUSG-M-200-P-1K-5YR-R,"For US Government accounts only. 4-Hour Premium support 5-year renewal, Panorama M-200 1000 devices",89700.0000
Palo Alto Networks,PAN-SVC-4HRUSG-M-200-P-25-5YR-R,"For US Government accounts only. 4-Hour Premium support 5-year renewal, Panorama M-200 25 devices or log collector",29900.0000
Palo Alto Networks,PAN-SVC-4HRUSG-M-600-P-100-5YR-R,"For US Government accounts only. 4-Hour Premium support 5-year renewal, Panorama M-600 100 devices",64400.0000
Palo Alto Networks,PAN-SVC-4HRUSG-M-600-P-1K-5YR-R,"For US Government accounts only. 4-Hour Premium support 5-year renewal, Panorama M-600 1000 devices",110400.0000
Palo Alto Networks,PAN-SVC-4HRUSG-M-600-P-25-5YR-R,"For US Government accounts only. 4-Hour Premium support 5-year renewal, Panorama M-600 25 devices or log collector",50600.0000
Palo Alto Networks,PAN-SVC-4HRUSG-M-200-P-100-5YR,"For US Government accounts only. 4-Hour Premium support 5-year , Panorama M-200 100 devices",43700.0000
Palo Alto Networks,PAN-SVC-4HRUSG-M-200-P-1K-5YR,"For US Government accounts only. 4-Hour Premium support 5-year , Panorama M-200 1000 devices",89700.0000
Palo Alto Networks,PAN-SVC-4HRUSG-M-200-P-25-5YR,"For US Government accounts only. 4-Hour Premium support 5-year , Panorama M-200 25 devices or log collector",29900.0000
Palo Alto Networks,PAN-SVC-4HRUSG-M-600-P-100-5YR,"For US Government accounts only. 4-Hour Premium support 5-year , Panorama M-600 100 devices",64400.0000
Palo Alto Networks,PAN-SVC-4HRUSG-M-600-P-1K-5YR,"For US Government accounts only. 4-Hour Premium support 5-year , Panorama M-600 1000 devices",110400.0000
Palo Alto Networks,PAN-SVC-4HRUSG-M-600-P-25-5YR,"For US Government accounts only. 4-Hour Premium support 5-year , Panorama M-600 25 devices or log collector",50600.0000
Palo Alto Networks,PAN-SVC-4HRUSG-M-200-P-100-R,"For US Government accounts only. 4-Hour Premium support renewal, Panorama M-200 100 devices",10930.0000
Palo Alto Networks,PAN-SVC-4HRUSG-M-200-P-1K-R,"For US Government accounts only. 4-Hour Premium support renewal, Panorama M-200 1000 devices",22430.0000
Palo Alto Networks,PAN-SVC-4HRUSG-M-200-P-25-R,"For US Government accounts only. 4-Hour Premium support renewal, Panorama M-200 25 devices or log collector",7480.0000
Palo Alto Networks,PAN-SVC-4HRUSG-M-600-P-100-R,"For US Government accounts only. 4-Hour Premium support renewal, Panorama M-600 100 devices",16100.0000
Palo Alto Networks,PAN-SVC-4HRUSG-M-600-P-1K-R,"For US Government accounts only. 4-Hour Premium support renewal, Panorama M-600 1000 devices",27600.0000
Palo Alto Networks,PAN-SVC-4HRUSG-M-600-P-25-R,"For US Government accounts only. 4-Hour Premium support renewal, Panorama M-600 25 devices or log collector",12650.0000
Palo Alto Networks,PAN-SVC-4HRUSG-M-200-P-100,"For US Government accounts only. 4-Hour Premium support year 1, Panorama M-200 100 devices",10930.0000
Palo Alto Networks,PAN-SVC-4HRUSG-M-200-P-1K,"For US Government accounts only. 4-Hour Premium support year 1, Panorama M-200 1000 devices",22430.0000
Palo Alto Networks,PAN-SVC-4HRUSG-M-200-P-25,"For US Government accounts only. 4-Hour Premium support year 1, Panorama M-200 25 devices or log collector",7480.0000
Palo Alto Networks,PAN-SVC-4HRUSG-M-600-P-100,"For US Government accounts only. 4-Hour Premium support year 1, Panorama M-600 100 devices",16100.0000
Palo Alto Networks,PAN-SVC-4HRUSG-M-600-P-1K,"For US Government accounts only. 4-Hour Premium support year 1, Panorama M-600 1000 devices",27600.0000
Palo Alto Networks,PAN-SVC-4HRUSG-M-600-P-25,"For US Government accounts only. 4-Hour Premium support year 1, Panorama M-600 25 devices or log collector",12650.0000
Palo Alto Networks,PAN-SVC-PREMUSG-M-200-P-100-3YR-R,"For US Government accounts only. Premium support 3-year renewal, Panorama M-200 100 devices",20520.0000
Palo Alto Networks,PAN-SVC-PREMUSG-M-200-P-1K-3YR-R,"For US Government accounts only. Premium support 3-year renewal, Panorama M-200 1000 devices",42120.0000
Palo Alto Networks,PAN-SVC-PREMUSG-M-200-P-25-3YR-R,"For US Government accounts only. Premium support 3-year renewal, Panorama M-200 25 devices or log collector",14040.0000
Palo Alto Networks,PAN-SVC-PREMUSG-M-600-P-100-3YR-R,"For US Government accounts only. Premium support 3-year renewal, Panorama M-600 100 devices",30240.0000
Palo Alto Networks,PAN-SVC-PREMUSG-M-600-P-1K-3YR-R,"For US Government accounts only. Premium support 3-year renewal, Panorama M-600 1000 devices",51840.0000
,,,
Palo Alto Networks,PAN-SVC-PREMUSG-M-600-P-25-3YR-R,"For US Government accounts only. Premium support 3-year renewal, Panorama M-600 25 devices or log collector",23760.0000
Palo Alto Networks,PAN-SVC-PREMUSG-M-200-P-100-3YR,"For US Government accounts only. Premium support 3-year , Panorama M-200 100 devices",20520.0000
Palo Alto Networks,PAN-SVC-PREMUSG-M-200-P-1K-3YR,"For US Government accounts only. Premium support 3-year , Panorama M-200 1000 devices",42120.0000
Palo Alto Networks,PAN-SVC-PREMUSG-M-200-P-25-3YR,"For US Government accounts only. Premium support 3-year , Panorama M-200 25 devices or log collector",14040.0000
Palo Alto Networks,PAN-SVC-PREMUSG-M-600-P-100-3YR,"For US Government accounts only. Premium support 3-year , Panorama M-600 100 devices",30240.0000
Palo Alto Networks,PAN-SVC-PREMUSG-M-600-P-1K-3YR,"For US Government accounts only. Premium support 3-year , Panorama M-600 1000 devices",51840.0000
Palo Alto Networks,PAN-SVC-PREMUSG-M-600-P-25-3YR,"For US Government accounts only. Premium support 3-year , Panorama M-600 25 devices or log collector",23760.0000
Palo Alto Networks,PAN-SVC-PREMUSG-M-200-P-100-5YR-R,"For US Government accounts only. Premium support 5-year renewal, Panorama M-200 100 devices",34200.0000
Palo Alto Networks,PAN-SVC-PREMUSG-M-200-P-1K-5YR-R,"For US Government accounts only. Premium support 5-year renewal, Panorama M-200 1000 devices",70200.0000
Palo Alto Networks,PAN-SVC-PREMUSG-M-200-P-25-5YR-R,"For US Government accounts only. Premium support 5-year renewal, Panorama M-200 25 devices or log collector",23400.0000
Palo Alto Networks,PAN-SVC-PREMUSG-M-600-P-100-5YR-R,"For US Government accounts only. Premium support 5-year renewal, Panorama M-600 100 devices",50400.0000
Palo Alto Networks,PAN-SVC-PREMUSG-M-600-P-1K-5YR-R,"For US Government accounts only. Premium support 5-year renewal, Panorama M-600 1000 devices",86400.0000
Palo Alto Networks,PAN-SVC-PREMUSG-M-600-P-25-5YR-R,"For US Government accounts only. Premium support 5-year renewal, Panorama M-600 25 devices or log collector",39600.0000
Palo Alto Networks,PAN-SVC-PREMUSG-M-200-P-100-5YR,"For US Government accounts only. Premium support 5-year , Panorama M-200 100 devices",34200.0000
Palo Alto Networks,PAN-SVC-PREMUSG-M-200-P-1K-5YR,"For US Government accounts only. Premium support 5-year , Panorama M-200 1000 devices",70200.0000
Palo Alto Networks,PAN-SVC-PREMUSG-M-200-P-25-5YR,"For US Government accounts only. Premium support 5-year , Panorama M-200 25 devices or log collector",23400.0000
Palo Alto Networks,PAN-SVC-PREMUSG-M-600-P-100-5YR,"For US Government accounts only. Premium support 5-year , Panorama M-600 100 devices",50400.0000
Palo Alto Networks,PAN-SVC-PREMUSG-M-600-P-1K-5YR,"For US Government accounts only. Premium support 5-year , Panorama M-600 1000 devices",86400.0000
Palo Alto Networks,PAN-SVC-PREMUSG-M-600-P-25-5YR,"For US Government accounts only. Premium support 5-year , Panorama M-600 25 devices or log collector",39600.0000
Palo Alto Networks,PAN-SVC-PREMUSG-M-200-P-100-R,"For US Government accounts only. Premium support renewal, Panorama M-200 100 devices",8550.0000
Palo Alto Networks,PAN-SVC-PREMUSG-M-200-P-1K-R,"For US Government accounts only. Premium support renewal, Panorama M-200 1000 devices",17550.0000
Palo Alto Networks,PAN-SVC-PREMUSG-M-200-P-25-R,"For US Government accounts only. Premium support renewal, Panorama M-200 25 devices or log collector",5850.0000
Palo Alto Networks,PAN-SVC-PREMUSG-M-600-P-100-R,"For US Government accounts only. Premium support renewal, Panorama M-600 100 devices",12600.0000
Palo Alto Networks,PAN-SVC-PREMUSG-M-600-P-1K-R,"For US Government accounts only. Premium support renewal, Panorama M-600 1000 devices",21600.0000
Palo Alto Networks,PAN-SVC-PREMUSG-M-600-P-25-R,"For US Government accounts only. Premium support renewal, Panorama M-600 25 devices or log collector",9900.0000
Palo Alto Networks,PAN-SVC-PREMUSG-M-200-P-100,"For US Government accounts only. Premium support year 1, Panorama M-200 100 devices",8550.0000
Palo Alto Networks,PAN-SVC-PREMUSG-M-200-P-1K,"For US Government accounts only. Premium support year 1, Panorama M-200 1000 devices",17550.0000
Palo Alto Networks,PAN-SVC-PREMUSG-M-200-P-25,"For US Government accounts only. Premium support year 1, Panorama M-200 25 devices or log collector",5850.0000
Palo Alto Networks,PAN-SVC-PREMUSG-M-600-P-100,"For US Government accounts only. Premium support year 1, Panorama M-600 100 devices",12600.0000
Palo Alto Networks,PAN-SVC-PREMUSG-M-600-P-1K,"For US Government accounts only. Premium support year 1, Panorama M-600 1000 devices",21600.0000
Palo Alto Networks,PAN-SVC-PREMUSG-M-600-P-25,"For US Government accounts only. Premium support year 1, Panorama M-600 25 devices or log collector",9900.0000
Palo Alto Networks,PAN-SVC-PREM-M-200-P-100-3Y-R,"Premium support 3-year renewal, Panorama M-200 100 devices",18050.0000
Palo Alto Networks,PAN-SVC-PREM-M-200-P-1K-3Y-R,"Premium support 3-year renewal, Panorama M-200 1000 devices",37050.0000
Palo Alto Networks,PAN-SVC-PREM-M-200-P-25-3Y-R,"Premium support 3-year renewal, Panorama M-200 25 devices or log collector",12350.0000
Palo Alto Networks,PAN-SVC-PREM-M-600-P-100-3Y-R,"Premium support 3-year renewal, Panorama M-600 100 devices",26600.0000
Palo Alto Networks,PAN-SVC-PREM-M-600-P-1K-3Y-R,"Premium support 3-year renewal, Panorama M-600 1K devices",45600.0000
Palo Alto Networks,PAN-SVC-PREM-M-600-P-25-3Y-R,"Premium support 3-year renewal, Panorama M-600 25 devices, PAN-DB Private Cloud or log collector",20900.0000
Palo Alto Networks,PAN-SVC-PREM-M-200-P-100-3Y,"Premium support 3-year , Panorama M-200 100 devices",18050.0000
Palo Alto Networks,PAN-SVC-PREM-M-200-P-1K-3Y,"Premium support 3-year , Panorama M-200 1000 devices",37050.0000
Palo Alto Networks,PAN-SVC-PREM-M-200-P-25-3Y,"Premium support 3-year , Panorama M-200 25 devices or log collector",12350.0000
Palo Alto Networks,PAN-SVC-PREM-M-600-P-100-3Y,"Premium support 3-year , Panorama M-600 100 devices",26600.0000
Palo Alto Networks,PAN-SVC-PREM-M-600-P-1K-3Y,"Premium support 3-year , Panorama M-600 1K devices",45600.0000
Palo Alto Networks,PAN-SVC-PREM-M-600-P-25-3Y,"Premium support 3-year , Panorama M-600 25 devices, PAN-DB Private Cloud or log collector",20900.0000
Palo Alto Networks,PAN-SVC-PREM-M-200-P-100-5Y-R,"Premium support 5-year renewal, Panorama M-200 100 devices",30400.0000
Palo Alto Networks,PAN-SVC-PREM-M-200-P-1K-5Y-R,"Premium support 5-year renewal, Panorama M-200 1000 devices",62400.0000
Palo Alto Networks,PAN-SVC-PREM-M-200-P-25-5Y-R,"Premium support 5-year renewal, Panorama M-200 25 devices or log collector",20800.0000
Palo Alto Networks,PAN-SVC-PREM-M-600-P-100-5Y-R,"Premium support 5-year renewal, Panorama M-600 100 devices",44800.0000
Palo Alto Networks,PAN-SVC-PREM-M-600-P-1K-5Y-R,"Premium support 5-year renewal, Panorama M-600 1K devices",76800.0000
Palo Alto Networks,PAN-SVC-PREM-M-600-P-25-5Y-R,"Premium support 5-year renewal, Panorama M-600 25 devices, PAN-DB Private Cloud or log collector",35200.0000
Palo Alto Networks,PAN-SVC-PREM-M-200-P-100-5Y,"Premium support 5-year , Panorama M-200 100 devices",30400.0000
Palo Alto Networks,PAN-SVC-PREM-M-200-P-1K-5Y,"Premium support 5-year , Panorama M-200 1000 devices",62400.0000
Palo Alto Networks,PAN-SVC-PREM-M-200-P-25-5Y,"Premium support 5-year , Panorama M-200 25 devices or log collector",20800.0000
Palo Alto Networks,PAN-SVC-PREM-M-600-P-100-5Y,"Premium support 5-year , Panorama M-600 100 devices",44800.0000
Palo Alto Networks,PAN-SVC-PREM-M-600-P-1K-5Y,"Premium support 5-year , Panorama M-600 1K devices",76800.0000
Palo Alto Networks,PAN-SVC-PREM-M-600-P-25-5Y,"Premium support 5-year , Panorama M-600 25 devices, PAN-DB Private Cloud or log collector",35200.0000
Palo Alto Networks,PAN-SVC-PREM-M-200-P-100-R,"Premium support renewal, Panorama M-200 100 devices",7600.0000
Palo Alto Networks,PAN-SVC-PREM-M-200-P-1K-R,"Premium support renewal, Panorama M-200 1000 devices",15600.0000
Palo Alto Networks,PAN-SVC-PREM-M-200-P-25-R,"Premium support renewal, Panorama M-200 25 devices or log collector",5200.0000
Palo Alto Networks,PAN-SVC-PREM-M-600-P-100-R,"Premium support renewal, Panorama M-600 100 devices",11200.0000
Palo Alto Networks,PAN-SVC-PREM-M-600-P-1K-R,"Premium support renewal, Panorama M-600 1K devices",19200.0000
Palo Alto Networks,PAN-SVC-PREM-M-600-P-25-R,"Premium support renewal, Panorama M-600 25 devices, PAN-DB Private Cloud or log collector",8800.0000
Palo Alto Networks,PAN-SVC-PREM-M-200-P-100,"Premium support year 1, Panorama M-200 100 devices",7600.0000
Palo Alto Networks,PAN-SVC-PREM-M-200-P-1K,"Premium support year 1, Panorama M-200 1000 devices",15600.0000
Palo Alto Networks,PAN-SVC-PREM-M-200-P-25,"Premium support year 1, Panorama M-200 25 devices or log collector",5200.0000
Palo Alto Networks,PAN-SVC-PREM-M-600-P-100,"Premium support, Panorama M-600 100 devices",11200.0000
Palo Alto Networks,PAN-SVC-PREM-M-600-P-1K,"Premium support, Panorama M-600 1K devices",19200.0000
Palo Alto Networks,PAN-SVC-PREM-M-600-P-25,"Premium support, Panorama M-600 25 devices, PAN-DB Private Cloud or log collector",8800.0000
Palo Alto Networks,PAN-GPCS-USER-A-BKLN-1YR-R,"GlobalProtect cloud service for mobile users, tier A, 1-year Renewal, TP, URL, WF, GP, includes Premium Partner support, per user",150.0000
Palo Alto Networks,PAN-GPCS-USER-A-BKLNUSG-1YR-R,"GlobalProtect cloud service for mobile users, tier A, 1-year Renewal, TP, URL, WF, GP, includes Premium Partner US Government
Premium support, per user",168.7500
Palo Alto Networks,PAN-GPCS-USER-A-BKLN-1YR,"GlobalProtect cloud service for mobile users, tier A, 1-year, TP, URL, WF, GP, includes Premium Partner support, per user",150.0000
Palo Alto Networks,PAN-GPCS-USER-A-BKLNUSG-1YR,"GlobalProtect cloud service for mobile users, tier A, 1-year, TP, URL, WF, GP, includes Premium Partner US Government Premium
support, per user",168.7500
Palo Alto Networks,PAN-GPCS-USER-A-BKLN-3YR-R,"GlobalProtect cloud service for mobile users, tier A, 3-year Renewal, TP, URL, WF, GP, includes Premium Partner support, per user",450.0000
Palo Alto Networks,PAN-GPCS-USER-A-BKLNUSG-3YR-R,"GlobalProtect cloud service for mobile users, tier A, 3-year Renewal, TP, URL, WF, GP, includes Premium Partner US Government
Premium support, per user",506.2500
Palo Alto Networks,PAN-GPCS-USER-A-BKLN-3YR,"GlobalProtect cloud service for mobile users, tier A, 3-year, TP, URL, WF, GP, includes Premium Partner support, per user",450.0000
Palo Alto Networks,PAN-GPCS-USER-A-BKLNUSG-3YR,"GlobalProtect cloud service for mobile users, tier A, 3-year, TP, URL, WF, GP, includes Premium Partner US Government Premium
support, per user",506.2500
Palo Alto Networks,PAN-GPCS-USER-B-BKLN-1YR-R,"GlobalProtect cloud service for mobile users, tier B, 1-year Renewal, TP, URL, WF, GP, includes Premium Partner support, per user",100.0000
Palo Alto Networks,PAN-GPCS-USER-B-BKLNUSG-1YR-R,"GlobalProtect cloud service for mobile users, tier B, 1-year Renewal, TP, URL, WF, GP, includes Premium Partner US Government
Premium support, per user",112.5000
Palo Alto Networks,PAN-GPCS-USER-B-BKLN-1YR,"GlobalProtect cloud service for mobile users, tier B, 1-year, TP, URL, WF, GP, includes Premium Partner support, per user",100.0000
Palo Alto Networks,PAN-GPCS-USER-B-BKLNUSG-1YR,"GlobalProtect cloud service for mobile users, tier B, 1-year, TP, URL, WF, GP, includes Premium Partner US Government Premium
support, per user",112.5000
Palo Alto Networks,PAN-GPCS-USER-B-BKLN-3YR-R,"GlobalProtect cloud service for mobile users, tier B, 3-year Renewal, TP, URL, WF, GP, includes Premium Partner support, per user",300.0000
Palo Alto Networks,PAN-GPCS-USER-B-BKLNUSG-3YR-R,"GlobalProtect cloud service for mobile users, tier B, 3-year Renewal, TP, URL, WF, GP, includes Premium Partner US Government
Premium support, per user",337.5000
,,,
Palo Alto Networks,PAN-GPCS-USER-B-BKLN-3YR,"GlobalProtect cloud service for mobile users, tier B, 3-year, TP, URL, WF, GP, includes Premium Partner support, per user",300.0000
Palo Alto Networks,PAN-GPCS-USER-B-BKLNUSG-3YR,"GlobalProtect cloud service for mobile users, tier B, 3-year, TP, URL, WF, GP, includes Premium Partner US Government Premium
support, per user",337.5000
Palo Alto Networks,PAN-GPCS-USER-C-BKLN-1YR-R,"GlobalProtect cloud service for mobile users, tier C, 1-year Renewal, TP, URL, WF, GP, includes Premium Partner support, per user",88.0000
Palo Alto Networks,PAN-GPCS-USER-C-BKLNUSG-1YR-R,"GlobalProtect cloud service for mobile users, tier C, 1-year Renewal, TP, URL, WF, GP, includes Premium Partner US Government
Premium support, per user",99.0000
Palo Alto Networks,PAN-GPCS-USER-C-BKLN-1YR,"GlobalProtect cloud service for mobile users, tier C, 1-year, TP, URL, WF, GP, includes Premium Partner support, per user",88.0000
Palo Alto Networks,PAN-GPCS-USER-C-BKLNUSG-1YR,"GlobalProtect cloud service for mobile users, tier C, 1-year, TP, URL, WF, GP, includes Premium Partner US Government Premium
support, per user",99.0000
Palo Alto Networks,PAN-GPCS-USER-C-BKLN-3YR-R,"GlobalProtect cloud service for mobile users, tier C, 3-year Renewal, TP, URL, WF, GP, includes Premium Partner support, per user",264.0000
Palo Alto Networks,PAN-GPCS-USER-C-BKLNUSG-3YR-R,"GlobalProtect cloud service for mobile users, tier C, 3-year Renewal, TP, URL, WF, GP, includes Premium Partner US Government
Premium support, per user",297.0000
Palo Alto Networks,PAN-GPCS-USER-C-BKLN-3YR,"GlobalProtect cloud service for mobile users, tier C, 3-year, TP, URL, WF, GP, includes Premium Partner support, per user",264.0000
Palo Alto Networks,PAN-GPCS-USER-C-BKLNUSG-3YR,"GlobalProtect cloud service for mobile users, tier C, 3-year, TP, URL, WF, GP, includes Premium Partner US Government Premium
support, per user",297.0000
Palo Alto Networks,PAN-GPCS-USER-D-BKLN-1YR-R,"GlobalProtect cloud service for mobile users, tier D, 1-year Renewal, TP, URL, WF, GP, includes Premium Partner support, per user",85.0000
Palo Alto Networks,PAN-GPCS-USER-D-BKLNUSG-1YR-R,"GlobalProtect cloud service for mobile users, tier D, 1-year Renewal, TP, URL, WF, GP, includes Premium Partner US Government
Premium support, per user",95.6300
Palo Alto Networks,PAN-GPCS-USER-D-BKLN-1YR,"GlobalProtect cloud service for mobile users, tier D, 1-year, TP, URL, WF, GP, includes Premium Partner support, per user",85.0000
Palo Alto Networks,PAN-GPCS-USER-D-BKLNUSG-1YR,"GlobalProtect cloud service for mobile users, tier D, 1-year, TP, URL, WF, GP, includes Premium Partner US Government Premium
support, per user",95.6300
Palo Alto Networks,PAN-GPCS-USER-D-BKLN-3YR-R,"GlobalProtect cloud service for mobile users, tier D, 3-year Renewal, TP, URL, WF, GP, includes Premium Partner support, per user",255.0000
Palo Alto Networks,PAN-GPCS-USER-D-BKLNUSG-3YR-R,"GlobalProtect cloud service for mobile users, tier D, 3-year Renewal, TP, URL, WF, GP, includes Premium Partner US Government
Premium support, per user",286.8900
Palo Alto Networks,PAN-GPCS-USER-D-BKLN-3YR,"GlobalProtect cloud service for mobile users, tier D, 3-year, TP, URL, WF, GP, includes Premium Partner support, per user",255.0000
Palo Alto Networks,PAN-GPCS-USER-D-BKLNUSG-3YR,"GlobalProtect cloud service for mobile users, tier D, 3-year, TP, URL, WF, GP, includes Premium Partner US Government Premium
support, per user",286.8900
Palo Alto Networks,PAN-GPCS-USER-E-BKLN-1YR-R,"GlobalProtect cloud service for mobile users, tier E, 1-year Renewal, TP, URL, WF, GP, includes Premium Partner support, per user",80.0000
Palo Alto Networks,PAN-GPCS-USER-E-BKLNUSG-1YR-R,"GlobalProtect cloud service for mobile users, tier E, 1-year Renewal, TP, URL, WF, GP, includes Premium Partner US Government
Premium support, per user",90.0000
Palo Alto Networks,PAN-GPCS-USER-E-BKLN-1YR,"GlobalProtect cloud service for mobile users, tier E, 1-year, TP, URL, WF, GP, includes Premium Partner support, per user",80.0000
Palo Alto Networks,PAN-GPCS-USER-E-BKLNUSG-1YR,"GlobalProtect cloud service for mobile users, tier E, 1-year, TP, URL, WF, GP, includes Premium Partner US Government Premium
support, per user",90.0000
Palo Alto Networks,PAN-GPCS-USER-E-BKLN-3YR-R,"GlobalProtect cloud service for mobile users, tier E, 3-year Renewal, TP, URL, WF, GP, includes Premium Partner support, per user",240.0000
Palo Alto Networks,PAN-GPCS-USER-E-BKLNUSG-3YR-R,"GlobalProtect cloud service for mobile users, tier E, 3-year Renewal, TP, URL, WF, GP, includes Premium Partner US Government
Premium support, per user",270.0000
Palo Alto Networks,PAN-GPCS-USER-E-BKLN-3YR,"GlobalProtect cloud service for mobile users, tier E, 3-year, TP, URL, WF, GP, includes Premium Partner support, per user",240.0000
Palo Alto Networks,PAN-GPCS-USER-E-BKLNUSG-3YR,"GlobalProtect cloud service for mobile users, tier E, 3-year, TP, URL, WF, GP, includes Premium Partner US Government Premium
support, per user",270.0000
Palo Alto Networks,PAN-GPCS-USER-F-BKLN-1YR-R,"GlobalProtect cloud service for mobile users, tier F, 1-year Renewal, TP, URL, WF, GP, includes Premium Partner support, per user",73.0000
Palo Alto Networks,PAN-GPCS-USER-F-BKLNUSG-1YR-R,"GlobalProtect cloud service for mobile users, tier F, 1-year Renewal, TP, URL, WF, GP, includes Premium Partner US Government
Premium support, per user",82.1300
Palo Alto Networks,PAN-GPCS-USER-F-BKLN-1YR,"GlobalProtect cloud service for mobile users, tier F, 1-year, TP, URL, WF, GP, includes Premium Partner support, per user",73.0000
Palo Alto Networks,PAN-GPCS-USER-F-BKLNUSG-1YR,"GlobalProtect cloud service for mobile users, tier F, 1-year, TP, URL, WF, GP, includes Premium Partner US Government Premium
support, per user",82.1300
Palo Alto Networks,PAN-GPCS-USER-F-BKLN-3YR-R,"GlobalProtect cloud service for mobile users, tier F, 3-year Renewal, TP, URL, WF, GP, includes Premium Partner support, per user",219.0000
Palo Alto Networks,PAN-GPCS-USER-F-BKLNUSG-3YR-R,"GlobalProtect cloud service for mobile users, tier F, 3-year Renewal, TP, URL, WF, GP, includes Premium Partner US Government
Premium support, per user",246.3900
Palo Alto Networks,PAN-GPCS-USER-F-BKLN-3YR,"GlobalProtect cloud service for mobile users, tier F, 3-year, TP, URL, WF, GP, includes Premium Partner support, per user",219.0000
Palo Alto Networks,PAN-GPCS-USER-F-BKLNUSG-3YR,"GlobalProtect cloud service for mobile users, tier F, 3-year, TP, URL, WF, GP, includes Premium Partner US Government Premium
support, per user",246.3900
Palo Alto Networks,PAN-GPCS-NET-A-BKLN-1YR-R,"GlobalProtect cloud service for remote networks, tier A, 1-year Renewal, TP, URL, WF, GP, includes Premium Partner support, per
Mbps",140.0000
Palo Alto Networks,PAN-GPCS-NET-A-BKLNUSG-1YR-R,"GlobalProtect cloud service for remote networks, tier A, 1-year Renewal, TP, URL, WF, GP, includes Premium Partner US Government
Premium support, per Mbps",157.5000
Palo Alto Networks,PAN-GPCS-NET-A-BKLN-1YR,"GlobalProtect cloud service for remote networks, tier A, 1-year, TP, URL, WF, GP, includes Premium Partner support, per Mbps",140.0000
Palo Alto Networks,PAN-GPCS-NET-A-BKLNUSG-1YR,"GlobalProtect cloud service for remote networks, tier A, 1-year, TP, URL, WF, GP, includes Premium Partner US Government Premium
support, per Mbps",157.5000
Palo Alto Networks,PAN-GPCS-NET-A-BKLN-3YR-R,"GlobalProtect cloud service for remote networks, tier A, 3-year Renewal, TP, URL, WF, GP, includes Premium Partner support, per
Mbps",420.0000
Palo Alto Networks,PAN-GPCS-NET-A-BKLNUSG-3YR-R,"GlobalProtect cloud service for remote networks, tier A, 3-year Renewal, TP, URL, WF, GP, includes Premium Partner US Government
Premium support, per Mbps",472.5000
Palo Alto Networks,PAN-GPCS-NET-A-BKLN-3YR,"GlobalProtect cloud service for remote networks, tier A, 3-year, TP, URL, WF, GP, includes Premium Partner support, per Mbps",420.0000
Palo Alto Networks,PAN-GPCS-NET-A-BKLNUSG-3YR,"GlobalProtect cloud service for remote networks, tier A, 3-year, TP, URL, WF, GP, includes Premium Partner US Government Premium
support, per Mbps",472.5000
Palo Alto Networks,PAN-GPCS-NET-B-BKLN-1YR-R,"GlobalProtect cloud service for remote networks, tier B, 1-year Renewal, TP, URL, WF, GP, includes Premium Partner support, per
Mbps",120.0000
Palo Alto Networks,PAN-GPCS-NET-B-BKLNUSG-1YR-R,"GlobalProtect cloud service for remote networks, tier B, 1-year Renewal, TP, URL, WF, GP, includes Premium Partner US Government
Premium support, per Mbps",135.0000
Palo Alto Networks,PAN-GPCS-NET-B-BKLN-1YR,"GlobalProtect cloud service for remote networks, tier B, 1-year, TP, URL, WF, GP, includes Premium Partner support, per Mbps",120.0000
Palo Alto Networks,PAN-GPCS-NET-B-BKLNUSG-1YR,"GlobalProtect cloud service for remote networks, tier B, 1-year, TP, URL, WF, GP, includes Premium Partner US Government Premium
support, per Mbps",135.0000
Palo Alto Networks,PAN-GPCS-NET-B-BKLN-3YR-R,"GlobalProtect cloud service for remote networks, tier B, 3-year Renewal, TP, URL, WF, GP, includes Premium Partner support, per
Mbps",360.0000
,,,
Palo Alto Networks,PAN-GPCS-NET-B-BKLNUSG-3YR-R,"GlobalProtect cloud service for remote networks, tier B, 3-year Renewal, TP, URL, WF, GP, includes Premium Partner US Government
Premium support, per Mbps",405.0000
Palo Alto Networks,PAN-GPCS-NET-B-BKLN-3YR,"GlobalProtect cloud service for remote networks, tier B, 3-year, TP, URL, WF, GP, includes Premium Partner support, per Mbps",360.0000
Palo Alto Networks,PAN-GPCS-NET-B-BKLNUSG-3YR,"GlobalProtect cloud service for remote networks, tier B, 3-year, TP, URL, WF, GP, includes Premium Partner US Government Premium
support, per Mbps",405.0000
Palo Alto Networks,PAN-GPCS-NET-C-BKLN-1YR-R,"GlobalProtect cloud service for remote networks, tier C, 1-year Renewal, TP, URL, WF, GP, includes Premium Partner support, per
Mbps",90.0000
Palo Alto Networks,PAN-GPCS-NET-C-BKLNUSG-1YR-R,"GlobalProtect cloud service for remote networks, tier C, 1-year Renewal, TP, URL, WF, GP, includes Premium Partner US Government
Premium support, per Mbps",101.2500
Palo Alto Networks,PAN-GPCS-NET-C-BKLN-1YR,"GlobalProtect cloud service for remote networks, tier C, 1-year, TP, URL, WF, GP, includes Premium Partner support, per Mbps",90.0000
Palo Alto Networks,PAN-GPCS-NET-C-BKLNUSG-1YR,"GlobalProtect cloud service for remote networks, tier C, 1-year, TP, URL, WF, GP, includes Premium Partner US Government Premium
support, per Mbps",101.2500
Palo Alto Networks,PAN-GPCS-NET-C-BKLN-3YR-R,"GlobalProtect cloud service for remote networks, tier C, 3-year Renewal, TP, URL, WF, GP, includes Premium Partner support, per
Mbps",270.0000
Palo Alto Networks,PAN-GPCS-NET-C-BKLNUSG-3YR-R,"GlobalProtect cloud service for remote networks, tier C, 3-year Renewal, TP, URL, WF, GP, includes Premium Partner US Government
Premium support, per Mbps",303.7500
Palo Alto Networks,PAN-GPCS-NET-C-BKLN-3YR,"GlobalProtect cloud service for remote networks, tier C, 3-year, TP, URL, WF, GP, includes Premium Partner support, per Mbps",270.0000
Palo Alto Networks,PAN-GPCS-NET-C-BKLNUSG-3YR,"GlobalProtect cloud service for remote networks, tier C, 3-year, TP, URL, WF, GP, includes Premium Partner US Government Premium
support, per Mbps",303.7500
Palo Alto Networks,PAN-GPCS-NET-D-BKLN-1YR-R,"GlobalProtect cloud service for remote networks, tier D, 1-year Renewal, TP, URL, WF, GP, includes Premium Partner support, per
Mbps",80.0000
Palo Alto Networks,PAN-GPCS-NET-D-BKLNUSG-1YR-R,"GlobalProtect cloud service for remote networks, tier D, 1-year Renewal, TP, URL, WF, GP, includes Premium Partner US Government
Premium support, per Mbps",90.0000
Palo Alto Networks,PAN-GPCS-NET-D-BKLN-1YR,"GlobalProtect cloud service for remote networks, tier D, 1-year, TP, URL, WF, GP, includes Premium Partner support, per Mbps",80.0000
Palo Alto Networks,PAN-GPCS-NET-D-BKLNUSG-1YR,"GlobalProtect cloud service for remote networks, tier D, 1-year, TP, URL, WF, GP, includes Premium Partner US Government Premium
support, per Mbps",90.0000
Palo Alto Networks,PAN-GPCS-NET-D-BKLN-3YR-R,"GlobalProtect cloud service for remote networks, tier D, 3-year Renewal, TP, URL, WF, GP, includes Premium Partner support, per
Mbps",240.0000
Palo Alto Networks,PAN-GPCS-NET-D-BKLNUSG-3YR-R,"GlobalProtect cloud service for remote networks, tier D, 3-year Renewal, TP, URL, WF, GP, includes Premium Partner US Government
Premium support, per Mbps",270.0000
Palo Alto Networks,PAN-GPCS-NET-D-BKLN-3YR,"GlobalProtect cloud service for remote networks, tier D, 3-year, TP, URL, WF, GP, includes Premium Partner support, per Mbps",240.0000
Palo Alto Networks,PAN-GPCS-NET-D-BKLNUSG-3YR,"GlobalProtect cloud service for remote networks, tier D, 3-year, TP, URL, WF, GP, includes Premium Partner US Government Premium
support, per Mbps",270.0000
Palo Alto Networks,PAN-LGS-1TB-BKLN-1YR-R,"Logging Service with 1TB of storage, 1-year renewal, includes Partner Premium Support",2000.0000
Palo Alto Networks,PAN-LGS-1TB-BKLNUSG-1YR-R,"Logging Service with 1TB of storage, 1-year renewal, includes Partner Premium US Government Premium Support",2250.0000
Palo Alto Networks,PAN-LGS-1TB-BKLN-1YR,"Logging Service with 1TB of storage, 1-year, includes Partner Premium Support",2000.0000
Palo Alto Networks,PAN-LGS-1TB-BKLNUSG-1YR,"Logging Service with 1TB of storage, 1-year, includes Partner Premium US Government Premium Support",2250.0000
Palo Alto Networks,PAN-LGS-1TB-BKLN-3YR-R,"Logging Service with 1TB of storage, 3-year renewal, includes Partner Premium Support",6000.0000
Palo Alto Networks,PAN-LGS-1TB-BKLNUSG-3YR-R,"Logging Service with 1TB of storage, 3-year renewal, includes Partner Premium US Government Premium Support",6750.0000
Palo Alto Networks,PAN-LGS-1TB-BKLN-3YR,"Logging Service with 1TB of storage, 3-year, includes Partner Premium Support",6000.0000
Palo Alto Networks,PAN-LGS-1TB-BKLNUSG-3YR,"Logging Service with 1TB of storage, 3-year, includes Partner Premium US Government Premium Support",6750.0000
Palo Alto Networks,PAN-MGFR-10-BKLN-1YR-R,"Magnifier analyzes up to 10TB of Logging Service, 1-year renewal, includes Partner Premium Support",75000.0000
Palo Alto Networks,PAN-MGFR-10-BKLNUSG-1YR-R,"Magnifier analyzes up to 10TB of Logging Service, 1-year renewal, includes Partner Premium US Government Premium Support",84375.0000
Palo Alto Networks,PAN-MGFR-10-BKLN-1YR,"Magnifier analyzes up to 10TB of Logging Service, 1-year, includes Partner Premium Support",75000.0000
Palo Alto Networks,PAN-MGFR-10-BKLNUSG-1YR,"Magnifier analyzes up to 10TB of Logging Service, 1-year, includes Partner Premium US Government Premium Support",84375.0000
Palo Alto Networks,PAN-MGFR-10-BKLN-3YR-R,"Magnifier analyzes up to 10TB of Logging Service, 3-year renewal, includes Partner Premium Support",225000.0000
Palo Alto Networks,PAN-MGFR-10-BKLNUSG-3YR-R,"Magnifier analyzes up to 10TB of Logging Service, 3-year renewal, includes Partner Premium US Government Premium Support",253125.0000
Palo Alto Networks,PAN-MGFR-10-BKLN-3YR,"Magnifier analyzes up to 10TB of Logging Service, 3-year, includes Partner Premium Support",225000.0000
Palo Alto Networks,PAN-MGFR-10-BKLNUSG-3YR,"Magnifier analyzes up to 10TB of Logging Service, 3-year, includes Partner Premium US Government Premium Support",253125.0000
Palo Alto Networks,PAN-MGFR-25-BKLN-1YR-R,"Magnifier analyzes up to 25TB of Logging Service, 1-year renewal, includes Partner Premium Support",145000.0000
Palo Alto Networks,PAN-MGFR-25-BKLNUSG-1YR-R,"Magnifier analyzes up to 25TB of Logging Service, 1-year renewal, includes Partner Premium US Government Premium Support",163125.0000
Palo Alto Networks,PAN-MGFR-25-BKLN-1YR,"Magnifier analyzes up to 25TB of Logging Service, 1-year, includes Partner Premium Support",145000.0000
Palo Alto Networks,PAN-MGFR-25-BKLNUSG-1YR,"Magnifier analyzes up to 25TB of Logging Service, 1-year, includes Partner Premium US Government Premium Support",163125.0000
Palo Alto Networks,PAN-MGFR-25-BKLN-3YR-R,"Magnifier analyzes up to 25TB of Logging Service, 3-year renewal, includes Partner Premium Support",435000.0000
Palo Alto Networks,PAN-MGFR-25-BKLNUSG-3YR-R,"Magnifier analyzes up to 25TB of Logging Service, 3-year renewal, includes Partner Premium US Government Premium Support",489375.0000
Palo Alto Networks,PAN-MGFR-25-BKLN-3YR,"Magnifier analyzes up to 25TB of Logging Service, 3-year, includes Partner Premium Support",435000.0000
Palo Alto Networks,PAN-MGFR-25-BKLNUSG-3YR,"Magnifier analyzes up to 25TB of Logging Service, 3-year, includes Partner Premium US Government Premium Support",489375.0000
Palo Alto Networks,PAN-MGFR-50-BKLN-1YR-R,"Magnifier analyzes up to 50TB of Logging Service, 1-year renewal, includes Partner Premium Support",260000.0000
Palo Alto Networks,PAN-MGFR-50-BKLNUSG-1YR-R,"Magnifier analyzes up to 50TB of Logging Service, 1-year renewal, includes Partner Premium US Government Premium Support",292500.0000
Palo Alto Networks,PAN-MGFR-50-BKLN-1YR,"Magnifier analyzes up to 50TB of Logging Service, 1-year, includes Partner Premium Support",260000.0000
Palo Alto Networks,PAN-MGFR-50-BKLNUSG-1YR,"Magnifier analyzes up to 50TB of Logging Service, 1-year, includes Partner Premium US Government Premium Support",292500.0000
Palo Alto Networks,PAN-MGFR-50-BKLN-3YR-R,"Magnifier analyzes up to 50TB of Logging Service, 3-year renewal, includes Partner Premium Support",780000.0000
Palo Alto Networks,PAN-MGFR-50-BKLNUSG-3YR-R,"Magnifier analyzes up to 50TB of Logging Service, 3-year renewal, includes Partner Premium US Government Premium Support",877500.0000
Palo Alto Networks,PAN-MGFR-50-BKLN-3YR,"Magnifier analyzes up to 50TB of Logging Service, 3-year, includes Partner Premium Support",780000.0000
Palo Alto Networks,PAN-MGFR-50-BKLNUSG-3YR,"Magnifier analyzes up to 50TB of Logging Service, 3-year, includes Partner Premium US Government Premium Support",877500.0000
Palo Alto Networks,PAN-MGFR-5-BKLN-1YR-R,"Magnifier analyzes up to 5TB of Logging Service, 1-year renewal, includes Partner Premium Support",45000.0000
Palo Alto Networks,PAN-MGFR-5-BKLNUSG-1YR-R,"Magnifier analyzes up to 5TB of Logging Service, 1-year renewal, includes Partner Premium US Government Premium Support",50625.0000
Palo Alto Networks,PAN-MGFR-5-BKLN-1YR,"Magnifier analyzes up to 5TB of Logging Service, 1-year, includes Partner Premium Support",45000.0000
Palo Alto Networks,PAN-MGFR-5-BKLNUSG-1YR,"Magnifier analyzes up to 5TB of Logging Service, 1-year, includes Partner Premium US Government Premium Support",50625.0000
Palo Alto Networks,PAN-MGFR-5-BKLN-3YR-R,"Magnifier analyzes up to 5TB of Logging Service, 3-year renewal, includes Partner Premium Support",135000.0000
Palo Alto Networks,PAN-MGFR-5-BKLNUSG-3YR-R,"Magnifier analyzes up to 5TB of Logging Service, 3-year renewal, includes Partner Premium US Government Premium Support",151875.0000
Palo Alto Networks,PAN-MGFR-5-BKLN-3YR,"Magnifier analyzes up to 5TB of Logging Service, 3-year, includes Partner Premium Support",135000.0000
Palo Alto Networks,PAN-MGFR-5-BKLNUSG-3YR,"Magnifier analyzes up to 5TB of Logging Service, 3-year, includes Partner Premium US Government Premium Support",151875.0000
Palo Alto Networks,PAN-TRAPS-A-BKLN-1YR-R,"Traps Advanced Endpoint Protection for agents, tier A, 1-year renewal, includes Premium Partner Support",40.0000
Palo Alto Networks,PAN-TRAPS-A-BKLNUSG-1YR-R,"Traps Advanced Endpoint Protection for agents, tier A, 1-year renewal, includes Premium Partner US Government Premium Support",41.0000
Palo Alto Networks,PAN-TRAPS-A-BKLN-1YR,"Traps Advanced Endpoint Protection for agents, tier A, 1-year, includes Premium Partner Support",40.0000
Palo Alto Networks,PAN-TRAPS-A-BKLNUSG-1YR,"Traps Advanced Endpoint Protection for agents, tier A, 1-year, includes Premium Partner US Government Premium Support",41.0000
Palo Alto Networks,PAN-TRAPS-A-BKLN-3YR-R,"Traps Advanced Endpoint Protection for agents, tier A, 3-year renewal, includes Premium Partner Support",96.0000
Palo Alto Networks,PAN-TRAPS-A-BKLNUSG-3YR-R,"Traps Advanced Endpoint Protection for agents, tier A, 3-year renewal, includes Premium Partner US Government Premium Support",98.4000
,,,
Palo Alto Networks,PAN-TRAPS-A-BKLN-3YR,"Traps Advanced Endpoint Protection for agents, tier A, 3-year , includes Premium Partner Support",96.0000
Palo Alto Networks,PAN-TRAPS-A-BKLNUSG-3YR,"Traps Advanced Endpoint Protection for agents, tier A, 3-year , includes Premium Partner US Government Premium Support",98.4000
Palo Alto Networks,PAN-TRAPS-A-BKLN-5YR-R,"Traps Advanced Endpoint Protection for agents, tier A, 5-year renewal, includes Premium Partner Support",160.0000
Palo Alto Networks,PAN-TRAPS-A-BKLNUSG-5YR-R,"Traps Advanced Endpoint Protection for agents, tier A, 5-year renewal, includes Premium Partner US Government Premium Support",164.0000
Palo Alto Networks,PAN-TRAPS-A-BKLN-5YR,"Traps Advanced Endpoint Protection for agents, tier A, 5-year , includes Premium Partner Support",160.0000
Palo Alto Networks,PAN-TRAPS-A-BKLNUSG-5YR,"Traps Advanced Endpoint Protection for agents, tier A, 5-year , includes Premium Partner US Government Premium Support",164.0000
Palo Alto Networks,PAN-TRAPS-B-BKLN-1YR-R,"Traps Advanced Endpoint Protection for agents, tier B, 1-year renewal, includes Premium Partner Support",34.0000
Palo Alto Networks,PAN-TRAPS-B-BKLNUSG-1YR-R,"Traps Advanced Endpoint Protection for agents, tier B, 1-year renewal, includes Premium Partner US Government Premium Support",35.0000
Palo Alto Networks,PAN-TRAPS-B-BKLN-1YR,"Traps Advanced Endpoint Protection for agents, tier B, 1-year, includes Premium Partner Support",34.0000
Palo Alto Networks,PAN-TRAPS-B-BKLNUSG-1YR,"Traps Advanced Endpoint Protection for agents, tier B, 1-year, includes Premium Partner US Government Premium Support",35.0000
Palo Alto Networks,PAN-TRAPS-B-BKLN-3YR-R,"Traps Advanced Endpoint Protection for agents, tier B, 3-year renewal, includes Premium Partner Support",81.5999
Palo Alto Networks,PAN-TRAPS-B-BKLNUSG-3YR-R,"Traps Advanced Endpoint Protection for agents, tier B, 3-year renewal, includes Premium Partner US Government Premium Support",84.0000
Palo Alto Networks,PAN-TRAPS-B-BKLN-3YR,"Traps Advanced Endpoint Protection for agents, tier B, 3-year , includes Premium Partner Support",81.5999
Palo Alto Networks,PAN-TRAPS-B-BKLNUSG-3YR,"Traps Advanced Endpoint Protection for agents, tier B, 3-year , includes Premium Partner US Government Premium Support",84.0000
Palo Alto Networks,PAN-TRAPS-B-BKLN-5YR-R,"Traps Advanced Endpoint Protection for agents, tier B, 5-year renewal, includes Premium Partner Support",136.0000
Palo Alto Networks,PAN-TRAPS-B-BKLNUSG-5YR-R,"Traps Advanced Endpoint Protection for agents, tier B, 5-year renewal, includes Premium Partner US Government Premium Support",140.0000
Palo Alto Networks,PAN-TRAPS-B-BKLN-5YR,"Traps Advanced Endpoint Protection for agents, tier B, 5-year , includes Premium Partner Support",136.0000
Palo Alto Networks,PAN-TRAPS-B-BKLNUSG-5YR,"Traps Advanced Endpoint Protection for agents, tier B, 5-year , includes Premium Partner US Government Premium Support",140.0000
Palo Alto Networks,PAN-TRAPS-C-BKLN-1YR-R,"Traps Advanced Endpoint Protection for agents, tier C, 1-year renewal, includes Premium Partner Support",27.0000
Palo Alto Networks,PAN-TRAPS-C-BKLNUSG-1YR-R,"Traps Advanced Endpoint Protection for agents, tier C, 1-year renewal, includes Premium Partner US Government Premium Support",28.0000
Palo Alto Networks,PAN-TRAPS-C-BKLN-1YR,"Traps Advanced Endpoint Protection for agents, tier C, 1-year, includes Premium Partner Support",27.0000
Palo Alto Networks,PAN-TRAPS-C-BKLNUSG-1YR,"Traps Advanced Endpoint Protection for agents, tier C, 1-year, includes Premium Partner US Government Premium Support",28.0000
Palo Alto Networks,PAN-TRAPS-C-BKLN-3YR-R,"Traps Advanced Endpoint Protection for agents, tier C, 3-year renewal, includes Premium Partner Support",64.8000
Palo Alto Networks,PAN-TRAPS-C-BKLNUSG-3YR-R,"Traps Advanced Endpoint Protection for agents, tier C, 3-year renewal, includes Premium Partner US Government Premium Support",67.2000
Palo Alto Networks,PAN-TRAPS-C-BKLN-3YR,"Traps Advanced Endpoint Protection for agents, tier C, 3-year , includes Premium Partner Support",64.8000
Palo Alto Networks,PAN-TRAPS-C-BKLNUSG-3YR,"Traps Advanced Endpoint Protection for agents, tier C, 3-year , includes Premium Partner US Government Premium Support",67.2000
Palo Alto Networks,PAN-TRAPS-C-BKLN-5YR-R,"Traps Advanced Endpoint Protection for agents, tier C, 5-year renewal, includes Premium Partner Support",108.0000
Palo Alto Networks,PAN-TRAPS-C-BKLNUSG-5YR-R,"Traps Advanced Endpoint Protection for agents, tier C, 5-year renewal, includes Premium Partner US Government Premium Support",112.0000
Palo Alto Networks,PAN-TRAPS-C-BKLN-5YR,"Traps Advanced Endpoint Protection for agents, tier C, 5-year , includes Premium Partner Support",108.0000
Palo Alto Networks,PAN-TRAPS-C-BKLNUSG-5YR,"Traps Advanced Endpoint Protection for agents, tier C, 5-year , includes Premium Partner US Government Premium Support",112.0000
Palo Alto Networks,PAN-TRAPS-D-BKLN-1YR-R,"Traps Advanced Endpoint Protection for agents, tier D, 1-year renewal, includes Premium Partner Support",22.0000
Palo Alto Networks,PAN-TRAPS-D-BKLNUSG-1YR-R,"Traps Advanced Endpoint Protection for agents, tier D, 1-year renewal, includes Premium Partner US Government Premium Support",23.0000
Palo Alto Networks,PAN-TRAPS-D-BKLN-1YR,"Traps Advanced Endpoint Protection for agents, tier D, 1-year, includes Premium Partner Support",22.0000
Palo Alto Networks,PAN-TRAPS-D-BKLNUSG-1YR,"Traps Advanced Endpoint Protection for agents, tier D, 1-year, includes Premium Partner US Government Premium Support",23.0000
Palo Alto Networks,PAN-TRAPS-D-BKLN-3YR-R,"Traps Advanced Endpoint Protection for agents, tier D, 3-year renewal, includes Premium Partner Support",52.8000
Palo Alto Networks,PAN-TRAPS-D-BKLNUSG-3YR-R,"Traps Advanced Endpoint Protection for agents, tier D, 3-year renewal, includes Premium Partner US Government Premium Support",55.2000
Palo Alto Networks,PAN-TRAPS-D-BKLN-3YR,"Traps Advanced Endpoint Protection for agents, tier D, 3-year , includes Premium Partner Support",52.8000
Palo Alto Networks,PAN-TRAPS-D-BKLNUSG-3YR,"Traps Advanced Endpoint Protection for agents, tier D, 3-year , includes Premium Partner US Government Premium Support",55.2000
Palo Alto Networks,PAN-TRAPS-D-BKLN-5YR-R,"Traps Advanced Endpoint Protection for agents, tier D, 5-year renewal, includes Premium Partner Support",88.0000
Palo Alto Networks,PAN-TRAPS-D-BKLNUSG-5YR-R,"Traps Advanced Endpoint Protection for agents, tier D, 5-year renewal, includes Premium Partner US Government Premium Support",92.0000
Palo Alto Networks,PAN-TRAPS-D-BKLN-5YR,"Traps Advanced Endpoint Protection for agents, tier D, 5-year , includes Premium Partner Support",88.0000
Palo Alto Networks,PAN-TRAPS-D-BKLNUSG-5YR,"Traps Advanced Endpoint Protection for agents, tier D, 5-year , includes Premium Partner US Government Premium Support",92.0000
Palo Alto Networks,PAN-TRAPS-E-BKLN-1YR-R,"Traps Advanced Endpoint Protection for agents, tier E, 1-year renewal, includes Premium Partner Support",19.0000
Palo Alto Networks,PAN-TRAPS-E-BKLNUSG-1YR-R,"Traps Advanced Endpoint Protection for agents, tier E, 1-year renewal, includes Premium Partner US Government Premium Support",20.0000
Palo Alto Networks,PAN-TRAPS-E-BKLN-1YR,"Traps Advanced Endpoint Protection for agents, tier E, 1-year, includes Premium Partner Support",19.0000
Palo Alto Networks,PAN-TRAPS-E-BKLNUSG-1YR,"Traps Advanced Endpoint Protection for agents, tier E, 1-year, includes Premium Partner US Government Premium Support",20.0000
Palo Alto Networks,PAN-TRAPS-E-BKLN-3YR-R,"Traps Advanced Endpoint Protection for agents, tier E, 3-year renewal, includes Premium Partner Support",45.6000
Palo Alto Networks,PAN-TRAPS-E-BKLNUSG-3YR-R,"Traps Advanced Endpoint Protection for agents, tier E, 3-year renewal, includes Premium Partner US Government Premium Support",48.0000
Palo Alto Networks,PAN-TRAPS-E-BKLN-3YR,"Traps Advanced Endpoint Protection for agents, tier E, 3-year , includes Premium Partner Support",45.6000
Palo Alto Networks,PAN-TRAPS-E-BKLNUSG-3YR,"Traps Advanced Endpoint Protection for agents, tier E, 3-year , includes Premium Partner US Government Premium Support",48.0000
Palo Alto Networks,PAN-TRAPS-E-BKLN-5YR-R,"Traps Advanced Endpoint Protection for agents, tier E, 5-year renewal, includes Premium Partner Support",76.0000
Palo Alto Networks,PAN-TRAPS-E-BKLNUSG-5YR-R,"Traps Advanced Endpoint Protection for agents, tier E, 5-year renewal, includes Premium Partner US Government Premium Support",80.0000
Palo Alto Networks,PAN-TRAPS-E-BKLN-5YR,"Traps Advanced Endpoint Protection for agents, tier E, 5-year , includes Premium Partner Support",76.0000
Palo Alto Networks,PAN-TRAPS-E-BKLNUSG-5YR,"Traps Advanced Endpoint Protection for agents, tier E, 5-year , includes Premium Partner US Government Premium Support",80.0000
Palo Alto Networks,PAN-TRAPS-F-BKLN-1YR-R,"Traps Advanced Endpoint Protection for agents, tier F, 1-year renewal, includes Premium Partner Support",14.0000
Palo Alto Networks,PAN-TRAPS-F-BKLNUSG-1YR-R,"Traps Advanced Endpoint Protection for agents, tier F, 1-year renewal, includes Premium Partner US Government Premium Support",15.0000
Palo Alto Networks,PAN-TRAPS-F-BKLN-1YR,"Traps Advanced Endpoint Protection for agents, tier F, 1-year, includes Premium Partner Support",14.0000
Palo Alto Networks,PAN-TRAPS-F-BKLNUSG-1YR,"Traps Advanced Endpoint Protection for agents, tier F, 1-year, includes Premium Partner US Government Premium Support",15.0000
Palo Alto Networks,PAN-TRAPS-F-BKLN-3YR-R,"Traps Advanced Endpoint Protection for agents, tier F, 3-year renewal, includes Premium Partner Support",33.6000
Palo Alto Networks,PAN-TRAPS-F-BKLNUSG-3YR-R,"Traps Advanced Endpoint Protection for agents, tier F, 3-year renewal, includes Premium Partner US Government Premium Support",36.0000
Palo Alto Networks,PAN-TRAPS-F-BKLN-3YR,"Traps Advanced Endpoint Protection for agents, tier F, 3-year , includes Premium Partner Support",33.6000
Palo Alto Networks,PAN-TRAPS-F-BKLNUSG-3YR,"Traps Advanced Endpoint Protection for agents, tier F, 3-year , includes Premium Partner US Government Premium Support",36.0000
Palo Alto Networks,PAN-TRAPS-F-BKLN-5YR-R,"Traps Advanced Endpoint Protection for agents, tier F, 5-year renewal, includes Premium Partner Support",56.0000
,,,
Palo Alto Networks,PAN-TRAPS-F-BKLNUSG-5YR-R,"Traps Advanced Endpoint Protection for agents, tier F, 5-year renewal, includes Premium Partner US Government Premium Support",60.0000
Palo Alto Networks,PAN-TRAPS-F-BKLN-5YR,"Traps Advanced Endpoint Protection for agents, tier F, 5-year , includes Premium Partner Support",56.0000
Palo Alto Networks,PAN-TRAPS-F-BKLNUSG-5YR,"Traps Advanced Endpoint Protection for agents, tier F, 5-year , includes Premium Partner US Government Premium Support",60.0000
Palo Alto Networks,PAN-M-200,"Palo Alto Networks M-200, 16TB RAID storage (4 8TB RAID certified drives preinstalled). Rack mount rails included.",22500.0000
Palo Alto Networks,PAN-M-200-OSS,"Palo Alto Networks M-200, 16TB RAID storage (4 8TB RAID certified drives preinstalled) On-Site Spare",8440.0000
Palo Alto Networks,PAN-M-600,Palo Alto Networks M-600 chassis with 16TB storage (4x8TB RAID certified drives) and 4 post rack mount rails,45000.0000
Palo Alto Networks,PAN-M-600-OSS,"Palo Alto Networks M-600, 16TB RAID storage (4 8TB RAID certified drives preinstalled) On-Site Spare",16900.0000
Palo Alto Networks,PAN-M-200-P-100,"Panorama central management software license, 100 devices for the M-200",25000.0000
Palo Alto Networks,PAN-M-600-P-100,"Panorama central management software license, 100 devices for the M-600",25000.0000
Palo Alto Networks,PAN-M-200-P-1K,"Panorama central management software license, 1000 devices for the M-200",75000.0000
Palo Alto Networks,PAN-M-600-P-1K,"Panorama central management software license, 1000 devices for the M-600",75000.0000
Palo Alto Networks,PAN-M-200-P-25,"Panorama central management software license, 25 devices or log collector for the M-200",10000.0000
Palo Alto Networks,PAN-M-600-P-25,"Panorama central management software license, 25 devices or log collector for the M-600",10000.0000
Palo Alto Networks,PAN-M-200-P-UPG-1K,"Panorama license upgrade, 100 to 1K devices for the M-200",50000.0000
Palo Alto Networks,PAN-M-600-P-UPG-1K,"Panorama license upgrade, 100 to 1K devices for the M-600",50000.0000
Palo Alto Networks,PAN-M-200-P-UPG-100,"Panorama license upgrade, 25 to 100 devices for the M-200",15000.0000
Palo Alto Networks,PAN-M-600-P-UPG-100,"Panorama license upgrade, 25 to 100 devices for the M-600",15000.0000
Palo Alto Networks,PAN-APERTURE-SAAS-ALLAPP-1YR,"Aperture SaaS security service for All SaaS applications, 1-user, 1-year, includes premium support",36.0000
Palo Alto Networks,PAN-APERTURE-SAAS-ALLAPP-3YR,"Aperture SaaS security service for All SaaS applications, 1-user, 3-year, includes premium support",108.0000
Palo Alto Networks,PAN-APERTURE-SAAS-ALLAPP-BKLN-1YR,"Aperture SaaS security service for All SaaS application, 1-user, 1-year, includes Premium Partner Support",36.0000
Palo Alto Networks,PAN-APERTURE-SAAS-ALLAPP-BKLN-3YR,"Aperture SaaS security service for All SaaS application, 1-user, 3-year, includes Premium Partner Support",108.0000
Palo Alto Networks,PAN-APERTURE-SAAS-ALLAPP-USG-1YR,"Aperture SaaS security service for All SaaS application, 1-user, 1-year, includes US Government Premium Support",41.0000
Palo Alto Networks,PAN-APERTURE-SAAS-ALLAPP-USG-3YR,"Aperture SaaS security service for All SaaS application, 1-user, 3-year, includes US Government Premium Support",122.0000
Palo Alto Networks,PAN-EVIDENT-COMPLIANCE-1YR,"Evident Public Cloud Compliance Reporting for 1 account, 1-year, includes Premium Support",8000.0000
Palo Alto Networks,PAN-EVIDENT-COMPLIANCE-3YR,"Evident Public Cloud Compliance Reporting for 1 account, 3-year, includes Premium Support",24000.0000
Palo Alto Networks,PAN-EVIDENT-COMPLIANCE-USG-1YR,"Evident Public Cloud Compliance Reporting for 1 account, 1-year, includes US Government Premium Support",9000.0000
Palo Alto Networks,PAN-EVIDENT-COMPLIANCE-USG-3YR,"Evident Public Cloud Compliance Reporting for 1 account, 3-year, includes US Government Premium Support",27000.0000
Palo Alto Networks,PAN-EVIDENT-MONITORING-1YR,"Evident Public Cloud Continuous Monitoring for 1 account, 1-year, includes Premium Support",8000.0000
Palo Alto Networks,PAN-EVIDENT-MONITORING-3YR,"Evident Public Cloud Continuous Monitoring for 1 account, 3-year, includes Premium Support",24000.0000
Palo Alto Networks,PAN-EVIDENT-MONITORING-USG-1YR,"Evident Public Cloud Continuous Monitoring for 1 account, 1-year, includes US Government Premium Support",9000.0000
Palo Alto Networks,PAN-EVIDENT-MONITORING-USG-3YR,"Evident Public Cloud Continuous Monitoring for 1 account, 3-year, includes US Government Premium Support",27000.0000
Palo Alto Networks,PAN-EVIDENT-STORAGE-1YR,"Evident Public Cloud Storage Security for 1 account, 1-year, up to 1 TB of data scanning, includes Premium Support",14000.0000
Palo Alto Networks,PAN-EVIDENT-STORAGE-3YR,"Evident Public Cloud Storage Security for 1 account, 3-year, up to 3 TB of data scanning, includes Premium Support",42000.0000
Palo Alto Networks,PAN-EVIDENT-STORAGE-BKLN-1YR,"Evident Public Cloud Storage Security for 1 account, 1-year, up to 1 TB of data scanning, includes Premium Partner Support",14000.0000
Palo Alto Networks,PAN-EVIDENT-STORAGE-BKLN-3YR,"Evident Public Cloud Storage Security for 1 account, 3-year, up to 3 TB of data scanning, includes Premium Partner Support",42000.0000
Palo Alto Networks,PAN-EVIDENT-STORAGE-USG-1YR,"Evident Public Cloud Storage Security for 1 account, 1-year, up to 1 TB of data scanning, includes US Government Premium Support",15750.0000
Palo Alto Networks,PAN-EVIDENT-STORAGE-USG-3YR,"Evident Public Cloud Storage Security for 1 account, 3-year, up to 3 TB of data scanning, includes US Government Premium Support",47250.0000
Palo Alto Networks,PAN-IGNITE-2019-100BND,Palo Alto Networks Ignite USA Conference 2019 100 Bundle Package,106500.0000
Palo Alto Networks,PAN-IGNITE-2019-10BND,Palo Alto Networks Ignite USA Conference 2019 10 Bundle Package,10950.0000
Palo Alto Networks,PAN-IGNITE-2019-1TIX,Palo Alto Networks Ignite USA Conference 2019 1 Ticket,1345.0000
Palo Alto Networks,PAN-IGNITE-2019-200BND,Palo Alto Networks Ignite USA Conference 2019 200 Bundle Package,210000.0000
Palo Alto Networks,PAN-IGNITE-2019-20BND,Palo Alto Networks Ignite USA Conference 2019 20 Bundle Package,21800.0000
Palo Alto Networks,PAN-IGNITE-2019-30BND,Palo Alto Networks Ignite USA Conference 2019 30 Bundle Package,32550.0000
Palo Alto Networks,PAN-IGNITE-2019-50BND,Palo Alto Networks Ignite USA Conference 2019 50 Bundle Package,54000.0000
Palo Alto Networks,PAN-M-200-LAB,"Palo Alto Networks M-200 Lab unit, 16TB RAID storage (4 8TB RAID certified drives preinstalled)",9000.0000
Palo Alto Networks,PAN-M-200-NFR,"Palo Alto Networks M-200 NFR unit, 16TB RAID storage (4 8TB RAID certified drives preinstalled)",9000.0000
Palo Alto Networks,PAN-M-200-P-LAB,"Panorama Lab license, with unlimited devices or log collector for the M-200",3000.0000
Palo Alto Networks,PAN-M-600-LAB,"Palo Alto Networks M-600 Lab unit, 16TB RAID storage (4 8TB RAID certified drives preinstalled)",18000.0000
Palo Alto Networks,PAN-M-600-NFR,"Palo Alto Networks M-600 NFR unit, 16TB RAID storage (4 8TB RAID certified drives preinstalled)",18000.0000
Palo Alto Networks,PAN-M-600-P-LAB,"Panorama Lab license, with unlimited devices or log collector for the M-600",3000.0000
Palo Alto Networks,PAN-SFP-100BASE-FX,"SFP form factor, 100BASE-FX 100Mbps transceiver, 2Km reach, 62.5µ/125µ MMF, duplex LC, IEEE 802.3 clause 38 1000BASE-LX
compliant",225.0000
Palo Alto Networks,PAN-SVC-LAB-M-200-P-25,M-200 Lab First Year Standard Support,820.0000
Palo Alto Networks,PAN-SVC-LAB-M-200-P-25-R,M-200 Lab Standard Support Renewal,820.0000
Palo Alto Networks,PAN-SVC-LAB-M-600-P-25,M-600 Lab First Year Standard Support,1380.0000
Palo Alto Networks,PAN-SVC-LAB-M-600-P-25-R,M-600 Lab Standard Support Renewal,1380.0000
Palo Alto Networks,PAN-SVC-LAB-USG-M-200-P-25,For US Government Only. M-200 Lab First Year US Government Standard Support,1110.0000
Palo Alto Networks,PAN-SVC-LAB-USG-M-200-P-25-R,For US Government Only. M-200 Lab US Government Standard Support Renewal,1110.0000
Palo Alto Networks,PAN-SVC-LABUSG-M-600-P-25,For US Government Only. M-600 Lab First Year USGStandard Support,1870.0000
Palo Alto Networks,PAN-SVC-LABUSG-M-600-P-25-R,For US Government Only. M-600 Lab USG Standard Support Renewal,1870.0000
Palo Alto Networks,PAN-SVC-NFR-M-200-P-25,M-200 NFR First Year Standard Support,820.0000
Palo Alto Networks,PAN-SVC-NFR-M-200-P-25-R,M-200 NFR Standard Support Renewal,820.0000
Palo Alto Networks,PAN-SVC-NFR-M-600-P-25,M-600 NFR First Year Standard Support,1380.0000
Palo Alto Networks,PAN-SVC-NFR-M-600-P-25-R,M-600 NFR Standard Support Renewal,1380.0000
Palo Alto Networks,PAN-SVC-NFR-USG-M-200-P-25,For US Government Only. For M-200 NFR First Year US Government Standard Support,1110.0000
Palo Alto Networks,PAN-SVC-NFR-USG-M-200-P-25-R,For US Government Only. M-200 NFR US Governement Standard Support Renewal,1110.0000
Palo Alto Networks,PAN-SVC-NFRUSG-M-600-P-25,For US Government Only. M-600 NFR First Year USG Standard Support,1870.0000
Palo Alto Networks,PAN-SVC-NFRUSG-M-600-P-25-R,For US Government Only. M-600 NFR Standard USG Support Renewal,1870.0000
Palo Alto Networks,PAN-PRA-M-MIG-25,"Panorama license migration from M-series to VM Panorma, 25 devices",0.0000
Palo Alto Networks,PAN-PRA-M-MIG-100,"Panorama license migration from M-series to VM Panorma, 100 devices",0.0000
Palo Alto Networks,PAN-PRA-M-MIG-1000,"Panorama license migration from M-series to VM Panorma, 1000 devices",0.0000
Palo Alto Networks,PAN-M-200-P-MIG-25,"Panorama license migration from VM to M-200, 25 devices or log collector",0.0000
Palo Alto Networks,PAN-M-200-P-MIG-100,"Panorama license migration from VM to M-200, 100 devices",0.0000
Palo Alto Networks,PAN-M-200-P-MIG-1K,"Panorama license migration from VM to M-200, 1K devices",0.0000
Palo Alto Networks,PAN-M-200-P-MIG-M100-M200-25,"Panorama license migration from M-100 to M-200, 25 devices or log collector",0.0000
Palo Alto Networks,PAN-M-200-P-MIG-M100-M200-100,"Panorama license migration from M-100 to M-200, 100 devices",0.0000
Palo Alto Networks,PAN-M-200-P-MIG-M100-M200-1K,"Panorama license migration from M-100 to M-200, 1K devices",0.0000
Palo Alto Networks,PAN-M-600-P-MIG-25,"Panorama license migration from PRA-25 to M-500, 25 devices or log collector",0.0000
Palo Alto Networks,PAN-M-600-P-MIG-100,"Panorama license migration from PRA-100 to M-500, 100 devices",0.0000
Palo Alto Networks,PAN-M-600-P-MIG-1K,"Panorama license migration from PRA-1K to M-500, 1K devices",0.0000
Palo Alto Networks,PAN-M-600-P-MIG-M100-M600-25,"Panorama license migration from M-100 to M-600, 25 devices or log collector",0.0000
Palo Alto Networks,PAN-M-600-P-MIG-M100-M600-100,"Panorama license migration from M-100 to M-600, 100 devices",0.0000
Palo Alto Networks,PAN-M-600-P-MIG-M100-M600-1K,"Panorama license migration from M-100 to M-600, 1K devices",0.0000
Palo Alto Networks,PAN-M-600-P-MIG-M200-M600-25,"Panorama license migration from M-200 to M-600, 25 devices or log collector",0.0000
Palo Alto Networks,PAN-M-600-P-MIG-M200-M600-100,"Panorama license migration from M-200 to M-600, 100 devices",0.0000
Palo Alto Networks,PAN-M-600-P-MIG-M200-M600-1K,"Panorama license migration from M-200 to M-600, 1K devices",0.0000
Palo Alto Networks,PAN-M-600-P-MIG-M500-M600-25,"Panorama license migration from M-500 to M-600, 25 devices or log collector",0.0000
Palo Alto Networks,PAN-M-600-P-MIG-M500-M600-100,"Panorama license migration from M-500 to M-600, 100 devices",0.0000
Palo Alto Networks,PAN-M-600-P-MIG-M500-M600-1K,"Panorama license migration from M-500 to M-600, 1K devices",0.0000
Palo Alto Networks,PAN-PWR-CORD-JP-250V-15A,"Power cord for Japan with IEC-60320 C13 and NEMA L6-20P cord ends, PSE approved, 15A, 250V max, 8ft",0.0000
,,,
Palo Alto Networks,PAN-CONSULT-CSS-TMS-MIGRATE,"SOW-based, migration of agents from Palo Alto Networks on-premises Endpoint Security Manager environment to the Traps
Management cloud-based security infrastructure",6000.0000
Palo Alto Networks,PAN-CONSULT-VM-ACCEL,"Deployment of VM-Series in 1 Cloud Platform: 4 on public Clouds, 10 on private Clouds. Integration to Panorama. Apply up to 30 NAT
and 30 security policies. Knowledge Transfer on how to manage/operate/expand. Threat review and recommendation.",39950.0000
Palo Alto Networks,PAN-CONSULT-APERTURE-ACCEL,"SOW-based design, documentation and implementation of SaaS policies and operational procedures for up to 4 SaaS applications and
review of 5% of active risks, up to 500 active risks.",19735.0000
Palo Alto Networks,PAN-TRAPS-ELA-D-1YR,"Enterprise License Agreement, Traps tier D, 1-year, includes Premium Support",22.0000
Palo Alto Networks,PAN-TRAPS-ELA-D-3YR,"Enterprise License Agreement, Traps tier D, 3-year, includes Premium Support",52.8000
Palo Alto Networks,PAN-TRAPS-ELA-D-5YR,"Enterprise License Agreement, Traps tier D, 5-year, includes Premium Support",88.0000
Palo Alto Networks,PAN-TRAPS-ELA-D-USG-1YR,"Enterprise License Agreement, Traps tier D, 1-year, includes US Government Premium Support",23.0000
Palo Alto Networks,PAN-TRAPS-ELA-D-USG-3YR,"Enterprise License Agreement, Traps tier D, 3-year, includes US Government Premium Support",55.2000
Palo Alto Networks,PAN-TRAPS-ELA-D-USG-5YR,"Enterprise License Agreement, Traps tier D, 5-year, includes US Government Premium Support",92.0000
Palo Alto Networks,PAN-TRAPS-ELA-E-1YR,"Enterprise License Agreement, Traps tier E, 1-year, includes Premium Support",19.0000
Palo Alto Networks,PAN-TRAPS-ELA-E-3YR,"Enterprise License Agreement, Traps tier E, 3-year, includes Premium Support",46.0000
Palo Alto Networks,PAN-TRAPS-ELA-E-5YR,"Enterprise License Agreement, Traps tier E, 5-year, includes Premium Support",76.0000
Palo Alto Networks,PAN-TRAPS-ELA-E-USG-1YR,"Enterprise License Agreement, Traps tier E, 1-year, includes US Government Premium Support",20.0000
Palo Alto Networks,PAN-TRAPS-ELA-E-USG-3YR,"Enterprise License Agreement, Traps tier E, 3-year, includes US Government Premium Support",48.0000
Palo Alto Networks,PAN-TRAPS-ELA-E-USG-5YR,"Enterprise License Agreement, Traps tier E, 5-year, includes US Government Premium Support",80.0000
Palo Alto Networks,PAN-TRAPS-ELA-F-1YR,"Enterprise License Agreement, Traps tier F, 1-year, includes Premium Support",14.0000
Palo Alto Networks,PAN-TRAPS-ELA-F-3YR,"Enterprise License Agreement, Traps tier F, 3-year, includes Premium Support",34.0000
Palo Alto Networks,PAN-TRAPS-ELA-F-5YR,"Enterprise License Agreement, Traps tier F, 5-year, includes Premium Support",56.0000
Palo Alto Networks,PAN-TRAPS-ELA-F-USG-1YR,"Enterprise License Agreement, Traps tier F, 1-year, includes US Government Premium Support",15.0000
Palo Alto Networks,PAN-TRAPS-ELA-F-USG-3YR,"Enterprise License Agreement, Traps tier F, 3-year, includes US Government Premium Support",36.0000
Palo Alto Networks,PAN-TRAPS-ELA-F-USG-5YR,"Enterprise License Agreement, Traps tier F, 5-year, includes US Government Premium Support",60.0000
Palo Alto Networks,PAN-EVIDENT-ELA-1YR,"Evident Enterprise License Agreement for 1 cloud account, 1-year, includes Monitoring, Compliance, Storage Security & Premium
Support",14000.0000
Palo Alto Networks,PAN-EVIDENT-ELA-3YR,"Evident Enterprise License Agreement for 1 cloud account, 3-year, includes Monitoring, Compliance, Storage Security & Premium
Support",42000.0000
Palo Alto Networks,PAN-EVIDENT-ELA-USG-1YR,"Evident Enterprise License Agreement for 1 cloud account, 1-year, includes Monitoring, Compliance, Storage Security & US
Government Premium Support",15750.0000
Palo Alto Networks,PAN-EVIDENT-ELA-USG-3YR,"Evident Enterprise License Agreement for 1 cloud account, 3-year, includes Monitoring, Compliance, Storage Security & US
Government Premium Support",47250.0000
